test,observations,estimate,standard_error,test_statistic,p_value,event_count,q_value_bh_fdr,development_extreme_threshold
spot_to_futures_flow_regression,35038,0.37217593493889106,0.013328957836084615,27.922358185523215,1.4283357650840939e-171,,1.4283357650840939e-171,1.9674847106132738
extreme_event_direction_concordance,3164,0.7762326169405815,,,2.7747555183496033e-224,3164.0,5.549511036699207e-224,1.9674847106132738
