horizon_minutes,repetitions,mean_beta_difference,ci_lower_95,ci_upper_95,one_sided_p_value
15,499,0.004968340851665147,-0.012952695746460968,0.022530427404713456,0.286
30,499,-0.0030625760168382157,-0.018556570761591177,0.013739089388313983,0.632
60,499,-0.014566446989492493,-0.03060155020671856,0.002337778706800901,0.948
