direction,horizon_minutes,observations,standardized_beta,standard_error_hac,t_stat_hac,p_value_hac,ci_lower_95,ci_upper_95,first_half_beta,second_half_beta,q_value_bh_fdr
major_to_alt,15,35039,0.001272374300923521,0.006652701618263943,0.1912567816705349,0.8483244192372281,-0.011766681270765144,0.014311429872612184,0.017982551448817316,-0.015353079117216256,0.8483244192372282
alt_to_major,15,35039,-0.003138520439004897,0.006078959533545646,-0.5162923723518039,0.6056502228052331,-0.01505306218823077,0.008776021310220976,-0.0028864049885279075,-0.005549611220117295,0.7267802673662797
major_to_alt,30,35038,-0.019956812194936807,0.006087056825137003,-3.2785651207531865,0.0010433628778369229,-0.03188722434405406,-0.008026400045819554,-0.016376845921460895,-0.026131653983220406,0.006260177267021537
alt_to_major,30,35038,-0.01679868762941574,0.006038100394988086,-2.7821146603258637,0.005400595617274685,-0.028633146938629464,-0.004964228320202019,-0.020844512412016743,-0.01601102749385257,0.01080119123454937
major_to_alt,60,35036,-0.019499513303715937,0.006679517354274143,-2.9192997442005946,0.003508187153579966,-0.03259112675220353,-0.006407899855228348,-0.010594235745740083,-0.030874379502864237,0.010524561460739898
alt_to_major,60,35036,-0.004866912298762257,0.005799614059806896,-0.8391786502642394,0.4013690659999146,-0.0162339469802159,0.006500122382691386,-0.005431892323567729,-0.007007346715676207,0.6020535989998719
