metric,observed,null_mean,null_std,null_p95,null_p99,empirical_p_value,observed_minus_null_mean,observed_to_null_mean_ratio,q_value_bh_fdr,above_null_p95,effect_size_pass,gate_pass
mean_pairwise_correlation,0.11856765809671137,0.0020984837947623904,0.0018662204481844197,0.005693842033034074,0.007296592919818797,0.002,0.11646917430194897,56.50158385432597,0.002,True,True,True
extreme_alignment_rate,0.24220890410958903,0.12801865145816746,0.0022816759912689887,0.13190924657534248,0.13410616438356163,0.002,0.11419025265142158,1.8919813742041753,0.002,True,True,True
