horizon_minutes,result_type,cost_bps,capacity_quote,event_count,mean_net_return,median_net_return,win_rate,t_stat
1,midpoint,4,0,9896,-0.0003855181048028539,-0.0003855697408613631,0.041936135812449475,-164.39287728010436
1,midpoint,8,0,9896,-0.000785518104802854,-0.0007855697408613631,0.0050525464834276475,-334.9611335898012
1,midpoint,12,0,9896,-0.0011855181048028535,-0.001185569740861363,0.0012126111560226355,-505.52938989949774
1,top10_sweep,4,10000,8870,-0.0006720178391552143,-0.0006680583178997775,0.009808342728297632,-256.8199773829309
1,top10_sweep,8,10000,8870,-0.0010720178391552145,-0.0010680583178997775,0.0016910935738444193,-409.6849535304549
1,top10_sweep,12,10000,8870,-0.0014720178391552138,-0.0014680583178997774,0.00045095828635851183,-562.5499296779784
1,top10_sweep,4,50000,1459,-0.0009961340634870224,-0.0009981673288428524,0.0027416038382453737,-137.8426177353524
1,top10_sweep,8,50000,1459,-0.0013961340634870223,-0.0013981673288428523,0.0013708019191226869,-193.1936483999707
1,top10_sweep,12,50000,1459,-0.0017961340634870223,-0.0017981673288428523,0.0,-248.54467906458896
1,top10_sweep,4,100000,177,-0.0013831280091801082,-0.001347353620978586,0.0,-55.72463856196282
1,top10_sweep,8,100000,177,-0.0017831280091801082,-0.001747353620978586,0.0,-71.8401790447256
1,top10_sweep,12,100000,177,-0.002183128009180108,-0.0021473536209785857,0.0,-87.95571952748838
1,bootstrap_draw,8,10000,8870,-0.0010824426098751355,,,
1,bootstrap_draw,8,10000,8870,-0.0010709016412760342,,,
1,bootstrap_draw,8,10000,8870,-0.0010673052649050432,,,
1,bootstrap_draw,8,10000,8870,-0.001062676918879848,,,
1,bootstrap_draw,8,10000,8870,-0.0010698197715693961,,,
1,bootstrap_draw,8,10000,8870,-0.001065854805166486,,,
1,bootstrap_draw,8,10000,8870,-0.0010623541216165395,,,
1,bootstrap_draw,8,10000,8870,-0.001075792286256655,,,
1,bootstrap_draw,8,10000,8870,-0.0010734215016881957,,,
1,bootstrap_draw,8,10000,8870,-0.001074777127020601,,,
1,bootstrap_draw,8,10000,8870,-0.0010720704015802394,,,
1,bootstrap_draw,8,10000,8870,-0.0010747477342730371,,,
1,bootstrap_draw,8,10000,8870,-0.0010723026260133484,,,
1,bootstrap_draw,8,10000,8870,-0.0010749643738018893,,,
1,bootstrap_draw,8,10000,8870,-0.0010746675979279746,,,
1,bootstrap_draw,8,10000,8870,-0.0010742501519062704,,,
1,bootstrap_draw,8,10000,8870,-0.0010730817112741904,,,
1,bootstrap_draw,8,10000,8870,-0.001064583011672423,,,
1,bootstrap_draw,8,10000,8870,-0.0010717049049031925,,,
1,bootstrap_draw,8,10000,8870,-0.0010752521158598064,,,
1,bootstrap_draw,8,10000,8870,-0.001065135035931405,,,
1,bootstrap_draw,8,10000,8870,-0.0010667812661061917,,,
1,bootstrap_draw,8,10000,8870,-0.0010685812007185432,,,
1,bootstrap_draw,8,10000,8870,-0.001069260234610412,,,
1,bootstrap_draw,8,10000,8870,-0.0010692454700659282,,,
1,bootstrap_draw,8,10000,8870,-0.0010734923302569838,,,
1,bootstrap_draw,8,10000,8870,-0.0010730451981127286,,,
1,bootstrap_draw,8,10000,8870,-0.0010765336165416029,,,
1,bootstrap_draw,8,10000,8870,-0.0010770502524868751,,,
1,bootstrap_draw,8,10000,8870,-0.0010724273839434275,,,
1,bootstrap_draw,8,10000,8870,-0.0010752041581050882,,,
1,bootstrap_draw,8,10000,8870,-0.001075793187838416,,,
1,bootstrap_draw,8,10000,8870,-0.0010695287333571915,,,
1,bootstrap_draw,8,10000,8870,-0.0010662516022312222,,,
1,bootstrap_draw,8,10000,8870,-0.0010676809755546524,,,
1,bootstrap_draw,8,10000,8870,-0.0010745928510630626,,,
1,bootstrap_draw,8,10000,8870,-0.001074550903703737,,,
1,bootstrap_draw,8,10000,8870,-0.0010708788077455178,,,
1,bootstrap_draw,8,10000,8870,-0.0010757832234753546,,,
1,bootstrap_draw,8,10000,8870,-0.001074226814230629,,,
1,bootstrap_draw,8,10000,8870,-0.0010738602622188708,,,
1,bootstrap_draw,8,10000,8870,-0.001063029409345886,,,
1,bootstrap_draw,8,10000,8870,-0.0010629619580704022,,,
1,bootstrap_draw,8,10000,8870,-0.0010721565961218235,,,
1,bootstrap_draw,8,10000,8870,-0.0010812665311580923,,,
1,bootstrap_draw,8,10000,8870,-0.001076704977724297,,,
1,bootstrap_draw,8,10000,8870,-0.0010723200175448624,,,
1,bootstrap_draw,8,10000,8870,-0.0010709383187802151,,,
1,bootstrap_draw,8,10000,8870,-0.001076766374096406,,,
1,bootstrap_draw,8,10000,8870,-0.0010633964321383718,,,
1,bootstrap_draw,8,10000,8870,-0.001074491913058333,,,
1,bootstrap_draw,8,10000,8870,-0.001073844821522412,,,
1,bootstrap_draw,8,10000,8870,-0.00107032291736789,,,
1,bootstrap_draw,8,10000,8870,-0.0010750400462179383,,,
1,bootstrap_draw,8,10000,8870,-0.0010710071004816212,,,
1,bootstrap_draw,8,10000,8870,-0.0010698792106772388,,,
1,bootstrap_draw,8,10000,8870,-0.001072899857052001,,,
1,bootstrap_draw,8,10000,8870,-0.0010777561892188197,,,
1,bootstrap_draw,8,10000,8870,-0.0010802217278707705,,,
1,bootstrap_draw,8,10000,8870,-0.0010751047059776877,,,
1,bootstrap_draw,8,10000,8870,-0.0010756239232386792,,,
1,bootstrap_draw,8,10000,8870,-0.0010673412776528324,,,
1,bootstrap_draw,8,10000,8870,-0.0010725174970277508,,,
1,bootstrap_draw,8,10000,8870,-0.0010724669096682368,,,
1,bootstrap_draw,8,10000,8870,-0.0010791434550282768,,,
1,bootstrap_draw,8,10000,8870,-0.0010810279751853429,,,
1,bootstrap_draw,8,10000,8870,-0.001068604530984652,,,
1,bootstrap_draw,8,10000,8870,-0.0010733202678140418,,,
1,bootstrap_draw,8,10000,8870,-0.0010775169359552533,,,
1,bootstrap_draw,8,10000,8870,-0.001073644479643908,,,
1,bootstrap_draw,8,10000,8870,-0.0010686222659764665,,,
1,bootstrap_draw,8,10000,8870,-0.0010633015790256954,,,
1,bootstrap_draw,8,10000,8870,-0.0010685271203451164,,,
1,bootstrap_draw,8,10000,8870,-0.0010801315811567354,,,
1,bootstrap_draw,8,10000,8870,-0.0010730418057455823,,,
1,bootstrap_draw,8,10000,8870,-0.001068341611711487,,,
1,bootstrap_draw,8,10000,8870,-0.0010662531217932466,,,
1,bootstrap_draw,8,10000,8870,-0.0010747631756401186,,,
1,bootstrap_draw,8,10000,8870,-0.001074157711523623,,,
1,bootstrap_draw,8,10000,8870,-0.0010710999952951558,,,
1,bootstrap_draw,8,10000,8870,-0.001065351183353566,,,
1,bootstrap_draw,8,10000,8870,-0.0010757979181172089,,,
1,bootstrap_draw,8,10000,8870,-0.0010697712670874417,,,
1,bootstrap_draw,8,10000,8870,-0.0010693290461143928,,,
1,bootstrap_draw,8,10000,8870,-0.0010791666497935988,,,
1,bootstrap_draw,8,10000,8870,-0.0010689209605197919,,,
1,bootstrap_draw,8,10000,8870,-0.001074339078463612,,,
1,bootstrap_draw,8,10000,8870,-0.0010691198059871192,,,
1,bootstrap_draw,8,10000,8870,-0.0010728877972445068,,,
1,bootstrap_draw,8,10000,8870,-0.0010756310760880153,,,
1,bootstrap_draw,8,10000,8870,-0.0010712196676713785,,,
1,bootstrap_draw,8,10000,8870,-0.001072874341924625,,,
1,bootstrap_draw,8,10000,8870,-0.0010726096833622895,,,
1,bootstrap_draw,8,10000,8870,-0.001073228671233609,,,
1,bootstrap_draw,8,10000,8870,-0.0010695475214195312,,,
1,bootstrap_draw,8,10000,8870,-0.0010701474280848957,,,
1,bootstrap_draw,8,10000,8870,-0.001080633850067796,,,
1,bootstrap_draw,8,10000,8870,-0.0010676533559166974,,,
1,bootstrap_draw,8,10000,8870,-0.0010638370578486256,,,
1,bootstrap_draw,8,10000,8870,-0.0010747978596464345,,,
1,bootstrap_draw,8,10000,8870,-0.001064852845058642,,,
1,bootstrap_draw,8,10000,8870,-0.0010725757505657117,,,
1,bootstrap_draw,8,10000,8870,-0.0010806343481397883,,,
1,bootstrap_draw,8,10000,8870,-0.0010717988505323979,,,
1,bootstrap_draw,8,10000,8870,-0.0010658665229860615,,,
1,bootstrap_draw,8,10000,8870,-0.0010708826460688217,,,
1,bootstrap_draw,8,10000,8870,-0.0010767416592371796,,,
1,bootstrap_draw,8,10000,8870,-0.0010735021096640567,,,
1,bootstrap_draw,8,10000,8870,-0.001071084462107779,,,
1,bootstrap_draw,8,10000,8870,-0.0010690626935196353,,,
1,bootstrap_draw,8,10000,8870,-0.0010714024725829961,,,
1,bootstrap_draw,8,10000,8870,-0.0010780254841865613,,,
1,bootstrap_draw,8,10000,8870,-0.001074636885436388,,,
1,bootstrap_draw,8,10000,8870,-0.0010652557999510303,,,
1,bootstrap_draw,8,10000,8870,-0.0010753064039957891,,,
1,bootstrap_draw,8,10000,8870,-0.0010705823365659106,,,
1,bootstrap_draw,8,10000,8870,-0.001071462397742822,,,
1,bootstrap_draw,8,10000,8870,-0.0010703879112395843,,,
1,bootstrap_draw,8,10000,8870,-0.0010627459019307717,,,
1,bootstrap_draw,8,10000,8870,-0.0010664467034766768,,,
1,bootstrap_draw,8,10000,8870,-0.0010750505896781517,,,
1,bootstrap_draw,8,10000,8870,-0.001076060013539935,,,
1,bootstrap_draw,8,10000,8870,-0.0010676773749460126,,,
1,bootstrap_draw,8,10000,8870,-0.0010681345218754039,,,
1,bootstrap_draw,8,10000,8870,-0.0010703417361637903,,,
1,bootstrap_draw,8,10000,8870,-0.0010696488145771755,,,
1,bootstrap_draw,8,10000,8870,-0.0010713156243836901,,,
1,bootstrap_draw,8,10000,8870,-0.001064295352720728,,,
1,bootstrap_draw,8,10000,8870,-0.0010712224948886675,,,
1,bootstrap_draw,8,10000,8870,-0.0010687685647253744,,,
1,bootstrap_draw,8,10000,8870,-0.0010668541795450083,,,
1,bootstrap_draw,8,10000,8870,-0.001067394140529081,,,
1,bootstrap_draw,8,10000,8870,-0.0010700559919314255,,,
1,bootstrap_draw,8,10000,8870,-0.0010831826531123025,,,
1,bootstrap_draw,8,10000,8870,-0.0010744813123894747,,,
1,bootstrap_draw,8,10000,8870,-0.0010631657151361057,,,
1,bootstrap_draw,8,10000,8870,-0.0010769520790631457,,,
1,bootstrap_draw,8,10000,8870,-0.001077257553298181,,,
1,bootstrap_draw,8,10000,8870,-0.001076591360997279,,,
1,bootstrap_draw,8,10000,8870,-0.0010741678316338842,,,
1,bootstrap_draw,8,10000,8870,-0.0010707139393343302,,,
1,bootstrap_draw,8,10000,8870,-0.0010774936993021879,,,
1,bootstrap_draw,8,10000,8870,-0.0010687066250410558,,,
1,bootstrap_draw,8,10000,8870,-0.0010663406452121535,,,
1,bootstrap_draw,8,10000,8870,-0.0010696106507705877,,,
1,bootstrap_draw,8,10000,8870,-0.0010696683352122713,,,
1,bootstrap_draw,8,10000,8870,-0.0010815012514676088,,,
1,bootstrap_draw,8,10000,8870,-0.0010619811637112369,,,
1,bootstrap_draw,8,10000,8870,-0.0010684107525980467,,,
1,bootstrap_draw,8,10000,8870,-0.0010721023015589817,,,
1,bootstrap_draw,8,10000,8870,-0.0010679872960103803,,,
1,bootstrap_draw,8,10000,8870,-0.0010737843914834166,,,
1,bootstrap_draw,8,10000,8870,-0.0010785886603350773,,,
1,bootstrap_draw,8,10000,8870,-0.0010673145739591033,,,
1,bootstrap_draw,8,10000,8870,-0.0010769977557171452,,,
1,bootstrap_draw,8,10000,8870,-0.0010766582417981476,,,
1,bootstrap_draw,8,10000,8870,-0.0010644588177845264,,,
1,bootstrap_draw,8,10000,8870,-0.0010645327071995918,,,
1,bootstrap_draw,8,10000,8870,-0.0010648994019999505,,,
1,bootstrap_draw,8,10000,8870,-0.0010686426133146936,,,
1,bootstrap_draw,8,10000,8870,-0.0010670184050596858,,,
1,bootstrap_draw,8,10000,8870,-0.001073510236008363,,,
1,bootstrap_draw,8,10000,8870,-0.001065325433434229,,,
1,bootstrap_draw,8,10000,8870,-0.0010720252395421748,,,
1,bootstrap_draw,8,10000,8870,-0.0010720884815483523,,,
1,bootstrap_draw,8,10000,8870,-0.0010697928370274274,,,
1,bootstrap_draw,8,10000,8870,-0.0010768701866409771,,,
1,bootstrap_draw,8,10000,8870,-0.0010707085478027492,,,
1,bootstrap_draw,8,10000,8870,-0.0010756892981872075,,,
1,bootstrap_draw,8,10000,8870,-0.001066011094425457,,,
1,bootstrap_draw,8,10000,8870,-0.0010739192353812217,,,
1,bootstrap_draw,8,10000,8870,-0.0010719516796039016,,,
1,bootstrap_draw,8,10000,8870,-0.0010612987608601997,,,
1,bootstrap_draw,8,10000,8870,-0.0010688180001154845,,,
1,bootstrap_draw,8,10000,8870,-0.0010693331817702685,,,
1,bootstrap_draw,8,10000,8870,-0.0010686630119332659,,,
1,bootstrap_draw,8,10000,8870,-0.0010594021149602677,,,
1,bootstrap_draw,8,10000,8870,-0.0010639388960105827,,,
1,bootstrap_draw,8,10000,8870,-0.001065164051510991,,,
1,bootstrap_draw,8,10000,8870,-0.0010663707396802546,,,
1,bootstrap_draw,8,10000,8870,-0.0010675439011284711,,,
1,bootstrap_draw,8,10000,8870,-0.0010738134798252506,,,
1,bootstrap_draw,8,10000,8870,-0.0010700756434870713,,,
1,bootstrap_draw,8,10000,8870,-0.0010730425589348827,,,
1,bootstrap_draw,8,10000,8870,-0.0010805357068430126,,,
1,bootstrap_draw,8,10000,8870,-0.0010685823104281847,,,
1,bootstrap_draw,8,10000,8870,-0.0010642287470980932,,,
1,bootstrap_draw,8,10000,8870,-0.0010659367516842396,,,
1,bootstrap_draw,8,10000,8870,-0.0010733718166138456,,,
1,bootstrap_draw,8,10000,8870,-0.0010736234618195643,,,
1,bootstrap_draw,8,10000,8870,-0.0010730643014114827,,,
1,bootstrap_draw,8,10000,8870,-0.0010709641787412859,,,
1,bootstrap_draw,8,10000,8870,-0.0010732831859448441,,,
1,bootstrap_draw,8,10000,8870,-0.0010664323160376533,,,
1,bootstrap_draw,8,10000,8870,-0.0010750246310944442,,,
1,bootstrap_draw,8,10000,8870,-0.0010704320458264694,,,
1,bootstrap_draw,8,10000,8870,-0.0010735502581922143,,,
1,bootstrap_draw,8,10000,8870,-0.001071261061704435,,,
1,bootstrap_draw,8,10000,8870,-0.0010805502690348285,,,
1,bootstrap_draw,8,10000,8870,-0.001064139383616662,,,
1,bootstrap_draw,8,10000,8870,-0.0010679600110672968,,,
1,bootstrap_draw,8,10000,8870,-0.0010697831887092196,,,
1,bootstrap_draw,8,10000,8870,-0.0010743767908744152,,,
1,bootstrap_draw,8,10000,8870,-0.001074047238358657,,,
1,bootstrap_draw,8,10000,8870,-0.0010774351180193927,,,
1,bootstrap_draw,8,10000,8870,-0.0010732621696399984,,,
1,bootstrap_draw,8,10000,8870,-0.0010770628220776752,,,
1,bootstrap_draw,8,10000,8870,-0.001063961206625712,,,
1,bootstrap_draw,8,10000,8870,-0.001081726334228115,,,
1,bootstrap_draw,8,10000,8870,-0.0010690888900498868,,,
1,bootstrap_draw,8,10000,8870,-0.001072463163579579,,,
1,bootstrap_draw,8,10000,8870,-0.0010750808120780244,,,
1,bootstrap_draw,8,10000,8870,-0.0010690303226659256,,,
1,bootstrap_draw,8,10000,8870,-0.001079139030237546,,,
1,bootstrap_draw,8,10000,8870,-0.0010662539981005955,,,
1,bootstrap_draw,8,10000,8870,-0.0010657198784173982,,,
1,bootstrap_draw,8,10000,8870,-0.001076919291432316,,,
1,bootstrap_draw,8,10000,8870,-0.0010713106249289053,,,
1,bootstrap_draw,8,10000,8870,-0.0010679121626942353,,,
1,bootstrap_draw,8,10000,8870,-0.0010768191459834783,,,
1,bootstrap_draw,8,10000,8870,-0.0010721869773512272,,,
1,bootstrap_draw,8,10000,8870,-0.0010682006117212512,,,
1,bootstrap_draw,8,10000,8870,-0.0010705831591920525,,,
1,bootstrap_draw,8,10000,8870,-0.0010752923505102717,,,
1,bootstrap_draw,8,10000,8870,-0.001063265274298535,,,
1,bootstrap_draw,8,10000,8870,-0.0010713097652660377,,,
1,bootstrap_draw,8,10000,8870,-0.001075841500668032,,,
1,bootstrap_draw,8,10000,8870,-0.0010836992287348733,,,
1,bootstrap_draw,8,10000,8870,-0.0010727058898569995,,,
1,bootstrap_draw,8,10000,8870,-0.0010667157457307278,,,
1,bootstrap_draw,8,10000,8870,-0.0010691440721990676,,,
1,bootstrap_draw,8,10000,8870,-0.0010753109386120831,,,
1,bootstrap_draw,8,10000,8870,-0.0010702242416585825,,,
1,bootstrap_draw,8,10000,8870,-0.001076145401942782,,,
1,bootstrap_draw,8,10000,8870,-0.0010727928657422571,,,
1,bootstrap_draw,8,10000,8870,-0.001070071448818116,,,
1,bootstrap_draw,8,10000,8870,-0.0010618309702457305,,,
1,bootstrap_draw,8,10000,8870,-0.0010715822465254823,,,
1,bootstrap_draw,8,10000,8870,-0.0010770747755216076,,,
1,bootstrap_draw,8,10000,8870,-0.0010730612017841436,,,
1,bootstrap_draw,8,10000,8870,-0.0010757990299141078,,,
1,bootstrap_draw,8,10000,8870,-0.0010698033167314993,,,
1,bootstrap_draw,8,10000,8870,-0.0010760541136109027,,,
1,bootstrap_draw,8,10000,8870,-0.0010754500368064207,,,
1,bootstrap_draw,8,10000,8870,-0.0010828063882279543,,,
1,bootstrap_draw,8,10000,8870,-0.0010713436864742281,,,
1,bootstrap_draw,8,10000,8870,-0.0010722765706982862,,,
1,bootstrap_draw,8,10000,8870,-0.0010706903620310007,,,
1,bootstrap_draw,8,10000,8870,-0.0010737863422806393,,,
1,bootstrap_draw,8,10000,8870,-0.001074970123626616,,,
1,bootstrap_draw,8,10000,8870,-0.0010716987949552768,,,
1,bootstrap_draw,8,10000,8870,-0.0010718323785166774,,,
1,bootstrap_draw,8,10000,8870,-0.0010743749152275282,,,
1,bootstrap_draw,8,10000,8870,-0.0010752445949901086,,,
1,bootstrap_draw,8,10000,8870,-0.0010648896904720845,,,
1,bootstrap_draw,8,10000,8870,-0.0010762280265768501,,,
1,bootstrap_draw,8,10000,8870,-0.001074271119700112,,,
1,bootstrap_draw,8,10000,8870,-0.0010718886063124423,,,
1,bootstrap_draw,8,10000,8870,-0.0010766860299127594,,,
1,bootstrap_draw,8,10000,8870,-0.001066234313438389,,,
1,bootstrap_draw,8,10000,8870,-0.0010701728073192185,,,
1,bootstrap_draw,8,10000,8870,-0.0010690111833025825,,,
1,bootstrap_draw,8,10000,8870,-0.001073768630977864,,,
1,bootstrap_draw,8,10000,8870,-0.0010719736499910499,,,
1,bootstrap_draw,8,10000,8870,-0.0010666749483249371,,,
1,bootstrap_draw,8,10000,8870,-0.0010620875370758382,,,
1,bootstrap_draw,8,10000,8870,-0.0010686493435590192,,,
1,bootstrap_draw,8,10000,8870,-0.0010746539228962647,,,
1,bootstrap_draw,8,10000,8870,-0.0010734105944124233,,,
1,bootstrap_draw,8,10000,8870,-0.001069366712235936,,,
1,bootstrap_draw,8,10000,8870,-0.0010785213940968572,,,
1,bootstrap_draw,8,10000,8870,-0.0010745688532793139,,,
1,bootstrap_draw,8,10000,8870,-0.0010705903427629384,,,
1,bootstrap_draw,8,10000,8870,-0.0010739156647760263,,,
1,bootstrap_draw,8,10000,8870,-0.001074659926798386,,,
1,bootstrap_draw,8,10000,8870,-0.0010786985793293689,,,
1,bootstrap_draw,8,10000,8870,-0.001082420150076723,,,
1,bootstrap_draw,8,10000,8870,-0.0010637715871582984,,,
1,bootstrap_draw,8,10000,8870,-0.0010770675982893969,,,
1,bootstrap_draw,8,10000,8870,-0.0010730128244064864,,,
1,bootstrap_draw,8,10000,8870,-0.0010690407709399775,,,
1,bootstrap_draw,8,10000,8870,-0.001070458012909848,,,
1,bootstrap_draw,8,10000,8870,-0.0010666810572972831,,,
1,bootstrap_draw,8,10000,8870,-0.0010811417130534141,,,
1,bootstrap_draw,8,10000,8870,-0.0010721500036529183,,,
1,bootstrap_draw,8,10000,8870,-0.001071164520643214,,,
1,bootstrap_draw,8,10000,8870,-0.0010713362035850063,,,
1,bootstrap_draw,8,10000,8870,-0.0010731297479394948,,,
1,bootstrap_draw,8,10000,8870,-0.001071253964110081,,,
1,bootstrap_draw,8,10000,8870,-0.001076780149393732,,,
1,bootstrap_draw,8,10000,8870,-0.0010780863766682454,,,
1,bootstrap_draw,8,10000,8870,-0.0010725409958439475,,,
1,bootstrap_draw,8,10000,8870,-0.0010712383209093867,,,
1,bootstrap_draw,8,10000,8870,-0.001070277582193253,,,
1,bootstrap_draw,8,10000,8870,-0.001075856212059424,,,
1,bootstrap_draw,8,10000,8870,-0.001069983467780392,,,
1,bootstrap_draw,8,10000,8870,-0.001070580080666054,,,
1,bootstrap_draw,8,10000,8870,-0.0010756580013220344,,,
1,bootstrap_draw,8,10000,8870,-0.0010735919566292628,,,
1,bootstrap_draw,8,10000,8870,-0.0010739294770169222,,,
1,bootstrap_draw,8,10000,8870,-0.0010733011370270642,,,
1,bootstrap_draw,8,10000,8870,-0.0010777721075659868,,,
1,bootstrap_draw,8,10000,8870,-0.0010689760874335742,,,
1,bootstrap_draw,8,10000,8870,-0.0010727720043853623,,,
1,bootstrap_draw,8,10000,8870,-0.0010758623672785343,,,
1,bootstrap_draw,8,10000,8870,-0.001069947918632073,,,
1,bootstrap_draw,8,10000,8870,-0.001072579980514579,,,
1,bootstrap_draw,8,10000,8870,-0.0010742324094586378,,,
1,bootstrap_draw,8,10000,8870,-0.0010656805343484252,,,
1,bootstrap_draw,8,10000,8870,-0.0010802446063505565,,,
1,bootstrap_draw,8,10000,8870,-0.0010750674646315863,,,
1,bootstrap_draw,8,10000,8870,-0.001063939121768153,,,
1,bootstrap_draw,8,10000,8870,-0.0010733462721980484,,,
1,bootstrap_draw,8,10000,8870,-0.0010670621405548658,,,
1,bootstrap_draw,8,10000,8870,-0.0010728107799179106,,,
1,bootstrap_draw,8,10000,8870,-0.0010727806529031699,,,
1,bootstrap_draw,8,10000,8870,-0.0010679747020915962,,,
1,bootstrap_draw,8,10000,8870,-0.0010747712114192824,,,
1,bootstrap_draw,8,10000,8870,-0.0010743518437805748,,,
1,bootstrap_draw,8,10000,8870,-0.001073003688080066,,,
1,bootstrap_draw,8,10000,8870,-0.0010766859002618837,,,
1,bootstrap_draw,8,10000,8870,-0.0010744150788863788,,,
1,bootstrap_draw,8,10000,8870,-0.0010705414945193794,,,
1,bootstrap_draw,8,10000,8870,-0.0010692704394364586,,,
1,bootstrap_draw,8,10000,8870,-0.0010741898519814764,,,
1,bootstrap_draw,8,10000,8870,-0.0010735427095894014,,,
1,bootstrap_draw,8,10000,8870,-0.0010723746730542719,,,
1,bootstrap_draw,8,10000,8870,-0.0010720568690485406,,,
1,bootstrap_draw,8,10000,8870,-0.0010718046029654618,,,
1,bootstrap_draw,8,10000,8870,-0.001072007143885187,,,
1,bootstrap_draw,8,10000,8870,-0.0010665630719071573,,,
1,bootstrap_draw,8,10000,8870,-0.0010676227194923232,,,
1,bootstrap_draw,8,10000,8870,-0.0010680987884685985,,,
1,bootstrap_draw,8,10000,8870,-0.0010697169068524723,,,
1,bootstrap_draw,8,10000,8870,-0.0010731637117421013,,,
1,bootstrap_draw,8,10000,8870,-0.0010744519839406001,,,
1,bootstrap_draw,8,10000,8870,-0.0010714703120492238,,,
1,bootstrap_draw,8,10000,8870,-0.0010789131313414854,,,
1,bootstrap_draw,8,10000,8870,-0.001079622057218263,,,
1,bootstrap_draw,8,10000,8870,-0.0010668296365859628,,,
1,bootstrap_draw,8,10000,8870,-0.0010764745124658532,,,
1,bootstrap_draw,8,10000,8870,-0.0010680438111249763,,,
1,bootstrap_draw,8,10000,8870,-0.0010666431984425598,,,
1,bootstrap_draw,8,10000,8870,-0.0010626171389739219,,,
1,bootstrap_draw,8,10000,8870,-0.0010696413954844246,,,
1,bootstrap_draw,8,10000,8870,-0.0010783367564927032,,,
1,bootstrap_draw,8,10000,8870,-0.001071823764780007,,,
1,bootstrap_draw,8,10000,8870,-0.0010754069016745786,,,
1,bootstrap_draw,8,10000,8870,-0.0010728003352078724,,,
1,bootstrap_draw,8,10000,8870,-0.0010710126105321607,,,
1,bootstrap_draw,8,10000,8870,-0.00107507237824104,,,
1,bootstrap_draw,8,10000,8870,-0.0010765321110808264,,,
1,bootstrap_draw,8,10000,8870,-0.0010722629459159168,,,
1,bootstrap_draw,8,10000,8870,-0.0010655367892231378,,,
1,bootstrap_draw,8,10000,8870,-0.0010712138007726046,,,
1,bootstrap_draw,8,10000,8870,-0.0010715739689011112,,,
1,bootstrap_draw,8,10000,8870,-0.0010761116690861479,,,
1,bootstrap_draw,8,10000,8870,-0.0010760841557162315,,,
1,bootstrap_draw,8,10000,8870,-0.0010756689593599143,,,
1,bootstrap_draw,8,10000,8870,-0.001075090569442269,,,
1,bootstrap_draw,8,10000,8870,-0.001064770217191498,,,
1,bootstrap_draw,8,10000,8870,-0.0010715254196241592,,,
1,bootstrap_draw,8,10000,8870,-0.0010762528024636409,,,
1,bootstrap_draw,8,10000,8870,-0.0010691980988599527,,,
1,bootstrap_draw,8,10000,8870,-0.0010738642497939651,,,
1,bootstrap_draw,8,10000,8870,-0.0010736542434282574,,,
1,bootstrap_draw,8,10000,8870,-0.001066815456814116,,,
1,bootstrap_draw,8,10000,8870,-0.0010659414375072675,,,
1,bootstrap_draw,8,10000,8870,-0.0010718840173113908,,,
1,bootstrap_draw,8,10000,8870,-0.0010711741829338643,,,
1,bootstrap_draw,8,10000,8870,-0.0010739672783008714,,,
1,bootstrap_draw,8,10000,8870,-0.0010745086540736683,,,
1,bootstrap_draw,8,10000,8870,-0.001075243353698818,,,
1,bootstrap_draw,8,10000,8870,-0.0010717072295501789,,,
1,bootstrap_draw,8,10000,8870,-0.0010759011826393038,,,
1,bootstrap_draw,8,10000,8870,-0.0010783873632208081,,,
1,bootstrap_draw,8,10000,8870,-0.001078624749731037,,,
1,bootstrap_draw,8,10000,8870,-0.001074443707688252,,,
1,bootstrap_draw,8,10000,8870,-0.0010718332824092719,,,
1,bootstrap_draw,8,10000,8870,-0.00107708907737902,,,
1,bootstrap_draw,8,10000,8870,-0.001071130555246287,,,
1,bootstrap_draw,8,10000,8870,-0.001061924988021923,,,
1,bootstrap_draw,8,10000,8870,-0.0010673401173870248,,,
1,bootstrap_draw,8,10000,8870,-0.001068864063745939,,,
1,bootstrap_draw,8,10000,8870,-0.001069003355830975,,,
1,bootstrap_draw,8,10000,8870,-0.0010697727660502504,,,
1,bootstrap_draw,8,10000,8870,-0.0010692075385259972,,,
1,bootstrap_draw,8,10000,8870,-0.0010705772680916525,,,
1,bootstrap_draw,8,10000,8870,-0.0010706896912890188,,,
1,bootstrap_draw,8,10000,8870,-0.0010744694528729045,,,
1,bootstrap_draw,8,10000,8870,-0.001069784677388981,,,
1,bootstrap_draw,8,10000,8870,-0.0010725864888038077,,,
1,bootstrap_draw,8,10000,8870,-0.001069238270230434,,,
1,bootstrap_draw,8,10000,8870,-0.001076792485885898,,,
1,bootstrap_draw,8,10000,8870,-0.0010737527955262424,,,
1,bootstrap_draw,8,10000,8870,-0.0010680668350385684,,,
1,bootstrap_draw,8,10000,8870,-0.0010800871516107242,,,
1,bootstrap_draw,8,10000,8870,-0.0010865006849136443,,,
1,bootstrap_draw,8,10000,8870,-0.0010751757582487859,,,
1,bootstrap_draw,8,10000,8870,-0.0010643405321918101,,,
1,bootstrap_draw,8,10000,8870,-0.0010713991073965663,,,
1,bootstrap_draw,8,10000,8870,-0.0010660849359492974,,,
1,bootstrap_draw,8,10000,8870,-0.0010728613261332136,,,
1,bootstrap_draw,8,10000,8870,-0.0010625342792331962,,,
1,bootstrap_draw,8,10000,8870,-0.0010720745474849583,,,
1,bootstrap_draw,8,10000,8870,-0.0010745130975245674,,,
1,bootstrap_draw,8,10000,8870,-0.0010690466041908468,,,
1,bootstrap_draw,8,10000,8870,-0.001076556793874248,,,
1,bootstrap_draw,8,10000,8870,-0.001076315311626594,,,
1,bootstrap_draw,8,10000,8870,-0.0010622977277037569,,,
1,bootstrap_draw,8,10000,8870,-0.0010749773897654126,,,
1,bootstrap_draw,8,10000,8870,-0.0010717130138042346,,,
1,bootstrap_draw,8,10000,8870,-0.0010732043440056177,,,
1,bootstrap_draw,8,10000,8870,-0.0010703127681598555,,,
1,bootstrap_draw,8,10000,8870,-0.0010804819885426068,,,
1,bootstrap_draw,8,10000,8870,-0.0010593527666837555,,,
1,bootstrap_draw,8,10000,8870,-0.0010674723185398046,,,
1,bootstrap_draw,8,10000,8870,-0.0010750930315223369,,,
1,bootstrap_draw,8,10000,8870,-0.0010726506332161944,,,
1,bootstrap_draw,8,10000,8870,-0.001077449527310476,,,
1,bootstrap_draw,8,10000,8870,-0.0010670503225593939,,,
1,bootstrap_draw,8,10000,8870,-0.0010746150073069598,,,
1,bootstrap_draw,8,10000,8870,-0.001070236409567786,,,
1,bootstrap_draw,8,10000,8870,-0.0010798745168810622,,,
1,bootstrap_draw,8,10000,8870,-0.0010687639236173847,,,
1,bootstrap_draw,8,10000,8870,-0.0010670787344373176,,,
1,bootstrap_draw,8,10000,8870,-0.0010646122330957757,,,
1,bootstrap_draw,8,10000,8870,-0.0010645748013978027,,,
1,bootstrap_draw,8,10000,8870,-0.00107517536604179,,,
1,bootstrap_draw,8,10000,8870,-0.0010836846484114685,,,
1,bootstrap_draw,8,10000,8870,-0.0010696618546279803,,,
1,bootstrap_draw,8,10000,8870,-0.0010760353033170994,,,
1,bootstrap_draw,8,10000,8870,-0.0010723036680119185,,,
1,bootstrap_draw,8,10000,8870,-0.00107136841821123,,,
1,bootstrap_draw,8,10000,8870,-0.0010785747518273455,,,
1,bootstrap_draw,8,10000,8870,-0.0010733604110915718,,,
1,bootstrap_draw,8,10000,8870,-0.0010842739377258208,,,
1,bootstrap_draw,8,10000,8870,-0.0010658497578107833,,,
1,bootstrap_draw,8,10000,8870,-0.001068465815530456,,,
1,bootstrap_draw,8,10000,8870,-0.0010725770214598427,,,
1,bootstrap_draw,8,10000,8870,-0.001071142688228829,,,
1,bootstrap_draw,8,10000,8870,-0.0010692164761886547,,,
1,bootstrap_draw,8,10000,8870,-0.001068651742119858,,,
1,bootstrap_draw,8,10000,8870,-0.0010690956990349674,,,
1,bootstrap_draw,8,10000,8870,-0.0010683388654130078,,,
1,bootstrap_draw,8,10000,8870,-0.0010757070175938714,,,
1,bootstrap_draw,8,10000,8870,-0.001064409238229737,,,
1,bootstrap_draw,8,10000,8870,-0.0010739424437985763,,,
1,bootstrap_draw,8,10000,8870,-0.0010801282553374513,,,
1,bootstrap_draw,8,10000,8870,-0.0010764829418101968,,,
1,bootstrap_draw,8,10000,8870,-0.001073906147494604,,,
1,bootstrap_draw,8,10000,8870,-0.0010719041232486427,,,
1,bootstrap_draw,8,10000,8870,-0.001072599307501376,,,
1,bootstrap_draw,8,10000,8870,-0.0010774791326994208,,,
1,bootstrap_draw,8,10000,8870,-0.0010761271459540588,,,
1,bootstrap_draw,8,10000,8870,-0.0010741753957764937,,,
1,bootstrap_draw,8,10000,8870,-0.0010684359532669397,,,
1,bootstrap_draw,8,10000,8870,-0.0010724360030590263,,,
1,bootstrap_draw,8,10000,8870,-0.001067080134555261,,,
1,bootstrap_draw,8,10000,8870,-0.0010770107800307715,,,
1,bootstrap_draw,8,10000,8870,-0.0010758566041612332,,,
1,bootstrap_draw,8,10000,8870,-0.001072557076641094,,,
1,bootstrap_draw,8,10000,8870,-0.0010677949280518079,,,
1,bootstrap_draw,8,10000,8870,-0.0010655393321280524,,,
1,bootstrap_draw,8,10000,8870,-0.0010725771507094626,,,
1,bootstrap_draw,8,10000,8870,-0.0010739583160111598,,,
1,bootstrap_draw,8,10000,8870,-0.0010627245381518494,,,
1,bootstrap_draw,8,10000,8870,-0.0010695948561670738,,,
1,bootstrap_draw,8,10000,8870,-0.0010764182791331742,,,
1,bootstrap_draw,8,10000,8870,-0.0010649610547916707,,,
1,bootstrap_draw,8,10000,8870,-0.0010688744013346789,,,
1,bootstrap_draw,8,10000,8870,-0.0010688622084828446,,,
1,bootstrap_draw,8,10000,8870,-0.0010697281052007468,,,
1,bootstrap_draw,8,10000,8870,-0.0010708648792009455,,,
1,bootstrap_draw,8,10000,8870,-0.0010692130434080793,,,
1,bootstrap_draw,8,10000,8870,-0.0010710622310775243,,,
1,bootstrap_draw,8,10000,8870,-0.0010753229901983253,,,
1,bootstrap_draw,8,10000,8870,-0.0010663328392342423,,,
1,bootstrap_draw,8,10000,8870,-0.0010655415367698884,,,
1,bootstrap_draw,8,10000,8870,-0.001069641734409307,,,
1,bootstrap_draw,8,10000,8870,-0.0010643431025072452,,,
1,bootstrap_draw,8,10000,8870,-0.0010736448896270826,,,
1,bootstrap_draw,8,10000,8870,-0.0010796390588395152,,,
1,bootstrap_draw,8,10000,8870,-0.0010721502072380757,,,
1,bootstrap_draw,8,10000,8870,-0.0010768633526369413,,,
1,bootstrap_draw,8,10000,8870,-0.00106799404906416,,,
1,bootstrap_draw,8,10000,8870,-0.0010721430324364426,,,
1,bootstrap_draw,8,10000,8870,-0.0010732249643720649,,,
1,bootstrap_draw,8,10000,8870,-0.0010779867897548808,,,
1,bootstrap_draw,8,10000,8870,-0.0010650758770566107,,,
1,bootstrap_draw,8,10000,8870,-0.001072241179260651,,,
1,bootstrap_draw,8,10000,8870,-0.0010754278231109643,,,
1,bootstrap_draw,8,10000,8870,-0.0010675590060861054,,,
1,bootstrap_draw,8,10000,8870,-0.0010716638047203655,,,
1,bootstrap_draw,8,10000,8870,-0.001077146083123322,,,
1,bootstrap_draw,8,10000,8870,-0.0010739895829298262,,,
1,bootstrap_draw,8,10000,8870,-0.0010727620971250752,,,
1,bootstrap_draw,8,10000,8870,-0.0010786461624899312,,,
1,bootstrap_draw,8,10000,8870,-0.0010699057078908997,,,
5,midpoint,4,0,9896,-0.00037624999953157485,-0.00037336824534213686,0.17016976556184316,-75.97343706176555
5,midpoint,8,0,9896,-0.0007762499995315749,-0.0007733682453421369,0.04830234438156831,-156.74253968645797
5,midpoint,12,0,9896,-0.0011762499995315746,-0.0011733682453421367,0.015258690379951496,-237.51164231115027
5,top10_sweep,4,10000,8937,-0.0006602555561226619,-0.0006555565951163074,0.06814367237327962,-125.5374579846914
5,top10_sweep,8,10000,8937,-0.001060255556122662,-0.0010555565951163074,0.019917198164932304,-201.59131732479767
5,top10_sweep,12,10000,8937,-0.0014602555561226615,-0.0014555565951163074,0.006154190444220655,-277.64517666490383
5,top10_sweep,4,50000,1476,-0.0010081084358700514,-0.0009889484302418757,0.02168021680216802,-80.02802983128728
5,top10_sweep,8,50000,1476,-0.0014081084358700514,-0.0013889484302418756,0.008807588075880758,-111.78176860928643
5,top10_sweep,12,50000,1476,-0.0018081084358700513,-0.0017889484302418756,0.0027100271002710027,-143.5355073872856
5,top10_sweep,4,100000,191,-0.0013723300702761748,-0.0013546955697655734,0.005235602094240838,-36.14688811045309
5,top10_sweep,8,100000,191,-0.0017723300702761743,-0.0017546955697655734,0.0,-46.682804765891134
5,top10_sweep,12,100000,191,-0.0021723300702761743,-0.002154695569765573,0.0,-57.21872142132921
5,bootstrap_draw,8,10000,8937,-0.0010555487379187653,,,
5,bootstrap_draw,8,10000,8937,-0.0010543874470195945,,,
5,bootstrap_draw,8,10000,8937,-0.0010692512514520775,,,
5,bootstrap_draw,8,10000,8937,-0.001067256761331415,,,
5,bootstrap_draw,8,10000,8937,-0.0010539208115171966,,,
5,bootstrap_draw,8,10000,8937,-0.001054043350426649,,,
5,bootstrap_draw,8,10000,8937,-0.001060875616441426,,,
5,bootstrap_draw,8,10000,8937,-0.0010635481921292148,,,
5,bootstrap_draw,8,10000,8937,-0.0010559609936888685,,,
5,bootstrap_draw,8,10000,8937,-0.0010633691496473626,,,
5,bootstrap_draw,8,10000,8937,-0.0010497326547117126,,,
5,bootstrap_draw,8,10000,8937,-0.0010579919698408891,,,
5,bootstrap_draw,8,10000,8937,-0.0010541929540536842,,,
5,bootstrap_draw,8,10000,8937,-0.0010562912723128587,,,
5,bootstrap_draw,8,10000,8937,-0.001046416742227239,,,
5,bootstrap_draw,8,10000,8937,-0.0010463630152465625,,,
5,bootstrap_draw,8,10000,8937,-0.0010568030288584424,,,
5,bootstrap_draw,8,10000,8937,-0.0010611327888394608,,,
5,bootstrap_draw,8,10000,8937,-0.0010596405288319005,,,
5,bootstrap_draw,8,10000,8937,-0.0010608958663126293,,,
5,bootstrap_draw,8,10000,8937,-0.0010704997637553592,,,
5,bootstrap_draw,8,10000,8937,-0.0010588322755624505,,,
5,bootstrap_draw,8,10000,8937,-0.001061031486970863,,,
5,bootstrap_draw,8,10000,8937,-0.0010590152455898989,,,
5,bootstrap_draw,8,10000,8937,-0.001063237329199638,,,
5,bootstrap_draw,8,10000,8937,-0.0010712041452061235,,,
5,bootstrap_draw,8,10000,8937,-0.0010586070294111825,,,
5,bootstrap_draw,8,10000,8937,-0.0010551381709084351,,,
5,bootstrap_draw,8,10000,8937,-0.0010704551895865204,,,
5,bootstrap_draw,8,10000,8937,-0.0010664539541281426,,,
5,bootstrap_draw,8,10000,8937,-0.0010684752542576546,,,
5,bootstrap_draw,8,10000,8937,-0.0010722827216778478,,,
5,bootstrap_draw,8,10000,8937,-0.001048134728573418,,,
5,bootstrap_draw,8,10000,8937,-0.0010646378032660394,,,
5,bootstrap_draw,8,10000,8937,-0.0010614138404150349,,,
5,bootstrap_draw,8,10000,8937,-0.0010615227726574635,,,
5,bootstrap_draw,8,10000,8937,-0.001053713857863315,,,
5,bootstrap_draw,8,10000,8937,-0.0010498582715692607,,,
5,bootstrap_draw,8,10000,8937,-0.0010539013529262983,,,
5,bootstrap_draw,8,10000,8937,-0.0010582396016195412,,,
5,bootstrap_draw,8,10000,8937,-0.0010606971318187703,,,
5,bootstrap_draw,8,10000,8937,-0.0010674654741230272,,,
5,bootstrap_draw,8,10000,8937,-0.0010565152525869063,,,
5,bootstrap_draw,8,10000,8937,-0.0010577903277343452,,,
5,bootstrap_draw,8,10000,8937,-0.001067465498461749,,,
5,bootstrap_draw,8,10000,8937,-0.0010529799411199614,,,
5,bootstrap_draw,8,10000,8937,-0.001063544819111462,,,
5,bootstrap_draw,8,10000,8937,-0.0010564219052225177,,,
5,bootstrap_draw,8,10000,8937,-0.0010664683460404622,,,
5,bootstrap_draw,8,10000,8937,-0.001067314178886782,,,
5,bootstrap_draw,8,10000,8937,-0.0010642488231816668,,,
5,bootstrap_draw,8,10000,8937,-0.0010553471478533891,,,
5,bootstrap_draw,8,10000,8937,-0.0010578475990267071,,,
5,bootstrap_draw,8,10000,8937,-0.0010527679841346054,,,
5,bootstrap_draw,8,10000,8937,-0.001052999902916536,,,
5,bootstrap_draw,8,10000,8937,-0.0010676382385178245,,,
5,bootstrap_draw,8,10000,8937,-0.0010648158845635945,,,
5,bootstrap_draw,8,10000,8937,-0.0010617985632081178,,,
5,bootstrap_draw,8,10000,8937,-0.0010531544609431037,,,
5,bootstrap_draw,8,10000,8937,-0.001062055981727319,,,
5,bootstrap_draw,8,10000,8937,-0.001049783196509678,,,
5,bootstrap_draw,8,10000,8937,-0.0010663485141099395,,,
5,bootstrap_draw,8,10000,8937,-0.001065315819078001,,,
5,bootstrap_draw,8,10000,8937,-0.0010682139349546924,,,
5,bootstrap_draw,8,10000,8937,-0.0010652030002445492,,,
5,bootstrap_draw,8,10000,8937,-0.0010523235553621937,,,
5,bootstrap_draw,8,10000,8937,-0.0010612883118886725,,,
5,bootstrap_draw,8,10000,8937,-0.0010578378154866435,,,
5,bootstrap_draw,8,10000,8937,-0.0010386652605123504,,,
5,bootstrap_draw,8,10000,8937,-0.0010600844993693009,,,
5,bootstrap_draw,8,10000,8937,-0.0010606890927243706,,,
5,bootstrap_draw,8,10000,8937,-0.0010546141189804817,,,
5,bootstrap_draw,8,10000,8937,-0.0010586052329427306,,,
5,bootstrap_draw,8,10000,8937,-0.0010634480149932601,,,
5,bootstrap_draw,8,10000,8937,-0.0010588664718681456,,,
5,bootstrap_draw,8,10000,8937,-0.001045440842462162,,,
5,bootstrap_draw,8,10000,8937,-0.0010510777614765405,,,
5,bootstrap_draw,8,10000,8937,-0.0010648223081099774,,,
5,bootstrap_draw,8,10000,8937,-0.0010633907868050998,,,
5,bootstrap_draw,8,10000,8937,-0.0010572002273535632,,,
5,bootstrap_draw,8,10000,8937,-0.001066117251373083,,,
5,bootstrap_draw,8,10000,8937,-0.0010678922544635706,,,
5,bootstrap_draw,8,10000,8937,-0.0010639395740800687,,,
5,bootstrap_draw,8,10000,8937,-0.0010630782723308656,,,
5,bootstrap_draw,8,10000,8937,-0.0010567595880447084,,,
5,bootstrap_draw,8,10000,8937,-0.0010663303109239312,,,
5,bootstrap_draw,8,10000,8937,-0.0010606055047140417,,,
5,bootstrap_draw,8,10000,8937,-0.0010596405199185205,,,
5,bootstrap_draw,8,10000,8937,-0.0010566460342559428,,,
5,bootstrap_draw,8,10000,8937,-0.0010668076967605706,,,
5,bootstrap_draw,8,10000,8937,-0.0010583852159243587,,,
5,bootstrap_draw,8,10000,8937,-0.0010661060146915516,,,
5,bootstrap_draw,8,10000,8937,-0.0010677492883480982,,,
5,bootstrap_draw,8,10000,8937,-0.0010583235755155965,,,
5,bootstrap_draw,8,10000,8937,-0.0010606540442371448,,,
5,bootstrap_draw,8,10000,8937,-0.0010809967228149824,,,
5,bootstrap_draw,8,10000,8937,-0.0010658151125499346,,,
5,bootstrap_draw,8,10000,8937,-0.0010487723739713314,,,
5,bootstrap_draw,8,10000,8937,-0.0010687215072158268,,,
5,bootstrap_draw,8,10000,8937,-0.0010593981198328106,,,
5,bootstrap_draw,8,10000,8937,-0.0010565968833694602,,,
5,bootstrap_draw,8,10000,8937,-0.001052297042941663,,,
5,bootstrap_draw,8,10000,8937,-0.0010563583592824645,,,
5,bootstrap_draw,8,10000,8937,-0.0010551081793019374,,,
5,bootstrap_draw,8,10000,8937,-0.0010515143788192363,,,
5,bootstrap_draw,8,10000,8937,-0.0010526524329886,,,
5,bootstrap_draw,8,10000,8937,-0.0010627259380388905,,,
5,bootstrap_draw,8,10000,8937,-0.0010504759913172392,,,
5,bootstrap_draw,8,10000,8937,-0.0010517800912251427,,,
5,bootstrap_draw,8,10000,8937,-0.0010619560783018647,,,
5,bootstrap_draw,8,10000,8937,-0.0010523073185444598,,,
5,bootstrap_draw,8,10000,8937,-0.0010533883914948413,,,
5,bootstrap_draw,8,10000,8937,-0.001061493708194681,,,
5,bootstrap_draw,8,10000,8937,-0.0010672653568333335,,,
5,bootstrap_draw,8,10000,8937,-0.0010657159761545516,,,
5,bootstrap_draw,8,10000,8937,-0.001059038265565649,,,
5,bootstrap_draw,8,10000,8937,-0.0010521676928071239,,,
5,bootstrap_draw,8,10000,8937,-0.0010609018464426707,,,
5,bootstrap_draw,8,10000,8937,-0.0010664009997558145,,,
5,bootstrap_draw,8,10000,8937,-0.001055993425655982,,,
5,bootstrap_draw,8,10000,8937,-0.0010699685896644112,,,
5,bootstrap_draw,8,10000,8937,-0.0010574005587501184,,,
5,bootstrap_draw,8,10000,8937,-0.0010732785143467835,,,
5,bootstrap_draw,8,10000,8937,-0.001040246938153722,,,
5,bootstrap_draw,8,10000,8937,-0.0010665197770703709,,,
5,bootstrap_draw,8,10000,8937,-0.001069172211660109,,,
5,bootstrap_draw,8,10000,8937,-0.001056444110236598,,,
5,bootstrap_draw,8,10000,8937,-0.00106726616498557,,,
5,bootstrap_draw,8,10000,8937,-0.001071081397941395,,,
5,bootstrap_draw,8,10000,8937,-0.001060640972236671,,,
5,bootstrap_draw,8,10000,8937,-0.001066613380525229,,,
5,bootstrap_draw,8,10000,8937,-0.001057873013719901,,,
5,bootstrap_draw,8,10000,8937,-0.0010579327787376821,,,
5,bootstrap_draw,8,10000,8937,-0.0010560406775582602,,,
5,bootstrap_draw,8,10000,8937,-0.0010635013310624699,,,
5,bootstrap_draw,8,10000,8937,-0.0010495093009828052,,,
5,bootstrap_draw,8,10000,8937,-0.001062364641004532,,,
5,bootstrap_draw,8,10000,8937,-0.0010624659179999686,,,
5,bootstrap_draw,8,10000,8937,-0.0010627332954172787,,,
5,bootstrap_draw,8,10000,8937,-0.001061611416855705,,,
5,bootstrap_draw,8,10000,8937,-0.0010636372343956317,,,
5,bootstrap_draw,8,10000,8937,-0.0010649532480115152,,,
5,bootstrap_draw,8,10000,8937,-0.0010628980171622426,,,
5,bootstrap_draw,8,10000,8937,-0.0010580211313565924,,,
5,bootstrap_draw,8,10000,8937,-0.0010484269482667478,,,
5,bootstrap_draw,8,10000,8937,-0.0010635432619326565,,,
5,bootstrap_draw,8,10000,8937,-0.0010597950695581003,,,
5,bootstrap_draw,8,10000,8937,-0.0010584534964062206,,,
5,bootstrap_draw,8,10000,8937,-0.0010638294768129026,,,
5,bootstrap_draw,8,10000,8937,-0.0010568019974229294,,,
5,bootstrap_draw,8,10000,8937,-0.0010602477214522374,,,
5,bootstrap_draw,8,10000,8937,-0.0010599271198770222,,,
5,bootstrap_draw,8,10000,8937,-0.0010664962027543256,,,
5,bootstrap_draw,8,10000,8937,-0.0010593156494084302,,,
5,bootstrap_draw,8,10000,8937,-0.00106656739605945,,,
5,bootstrap_draw,8,10000,8937,-0.0010603967691421225,,,
5,bootstrap_draw,8,10000,8937,-0.0010530330257774601,,,
5,bootstrap_draw,8,10000,8937,-0.0010662320995299562,,,
5,bootstrap_draw,8,10000,8937,-0.001068244710453267,,,
5,bootstrap_draw,8,10000,8937,-0.0010628512904818706,,,
5,bootstrap_draw,8,10000,8937,-0.001045792109464373,,,
5,bootstrap_draw,8,10000,8937,-0.0010606334288086245,,,
5,bootstrap_draw,8,10000,8937,-0.0010598993124527833,,,
5,bootstrap_draw,8,10000,8937,-0.0010407144203948453,,,
5,bootstrap_draw,8,10000,8937,-0.001071545623462874,,,
5,bootstrap_draw,8,10000,8937,-0.0010633875749610894,,,
5,bootstrap_draw,8,10000,8937,-0.0010679758149933773,,,
5,bootstrap_draw,8,10000,8937,-0.0010700360920538239,,,
5,bootstrap_draw,8,10000,8937,-0.001060884442229379,,,
5,bootstrap_draw,8,10000,8937,-0.0010463758932286132,,,
5,bootstrap_draw,8,10000,8937,-0.0010504205932625338,,,
5,bootstrap_draw,8,10000,8937,-0.0010617184916368303,,,
5,bootstrap_draw,8,10000,8937,-0.0010476999797783308,,,
5,bootstrap_draw,8,10000,8937,-0.0010713670419723576,,,
5,bootstrap_draw,8,10000,8937,-0.0010507937962918577,,,
5,bootstrap_draw,8,10000,8937,-0.0010465724783326794,,,
5,bootstrap_draw,8,10000,8937,-0.0010605807206477515,,,
5,bootstrap_draw,8,10000,8937,-0.001048964969208302,,,
5,bootstrap_draw,8,10000,8937,-0.001068508537964947,,,
5,bootstrap_draw,8,10000,8937,-0.001056974871536731,,,
5,bootstrap_draw,8,10000,8937,-0.0010526424481972247,,,
5,bootstrap_draw,8,10000,8937,-0.0010530351620994618,,,
5,bootstrap_draw,8,10000,8937,-0.0010661286871575949,,,
5,bootstrap_draw,8,10000,8937,-0.0010653573637281527,,,
5,bootstrap_draw,8,10000,8937,-0.0010516779716375163,,,
5,bootstrap_draw,8,10000,8937,-0.0010617690693453994,,,
5,bootstrap_draw,8,10000,8937,-0.001069769068677983,,,
5,bootstrap_draw,8,10000,8937,-0.001065369718003174,,,
5,bootstrap_draw,8,10000,8937,-0.001061642155483385,,,
5,bootstrap_draw,8,10000,8937,-0.0010647163186120728,,,
5,bootstrap_draw,8,10000,8937,-0.0010677821328736372,,,
5,bootstrap_draw,8,10000,8937,-0.0010620386208529467,,,
5,bootstrap_draw,8,10000,8937,-0.0010710194014788034,,,
5,bootstrap_draw,8,10000,8937,-0.001064070872280533,,,
5,bootstrap_draw,8,10000,8937,-0.0010643433435975963,,,
5,bootstrap_draw,8,10000,8937,-0.0010588703568777038,,,
5,bootstrap_draw,8,10000,8937,-0.0010608198435480675,,,
5,bootstrap_draw,8,10000,8937,-0.001050685334187513,,,
5,bootstrap_draw,8,10000,8937,-0.0010384955598916634,,,
5,bootstrap_draw,8,10000,8937,-0.0010670353534917387,,,
5,bootstrap_draw,8,10000,8937,-0.001043861594855077,,,
5,bootstrap_draw,8,10000,8937,-0.0010577730267274338,,,
5,bootstrap_draw,8,10000,8937,-0.0010646036224295245,,,
5,bootstrap_draw,8,10000,8937,-0.001054260097916894,,,
5,bootstrap_draw,8,10000,8937,-0.0010598747417309932,,,
5,bootstrap_draw,8,10000,8937,-0.0010566132001616436,,,
5,bootstrap_draw,8,10000,8937,-0.0010514714281557147,,,
5,bootstrap_draw,8,10000,8937,-0.0010563973298527564,,,
5,bootstrap_draw,8,10000,8937,-0.0010514021468782087,,,
5,bootstrap_draw,8,10000,8937,-0.0010763948254155678,,,
5,bootstrap_draw,8,10000,8937,-0.0010575567518580997,,,
5,bootstrap_draw,8,10000,8937,-0.0010609191798829304,,,
5,bootstrap_draw,8,10000,8937,-0.0010545514939638255,,,
5,bootstrap_draw,8,10000,8937,-0.0010714379519302863,,,
5,bootstrap_draw,8,10000,8937,-0.0010663445229938274,,,
5,bootstrap_draw,8,10000,8937,-0.001057886939491997,,,
5,bootstrap_draw,8,10000,8937,-0.001056238265042773,,,
5,bootstrap_draw,8,10000,8937,-0.0010599923523881454,,,
5,bootstrap_draw,8,10000,8937,-0.0010788951656883895,,,
5,bootstrap_draw,8,10000,8937,-0.001068401842105523,,,
5,bootstrap_draw,8,10000,8937,-0.0010579127944563972,,,
5,bootstrap_draw,8,10000,8937,-0.001060846600036069,,,
5,bootstrap_draw,8,10000,8937,-0.0010578682941488383,,,
5,bootstrap_draw,8,10000,8937,-0.0010501953479019588,,,
5,bootstrap_draw,8,10000,8937,-0.0010420041221362206,,,
5,bootstrap_draw,8,10000,8937,-0.0010536874515762282,,,
5,bootstrap_draw,8,10000,8937,-0.0010592466848224284,,,
5,bootstrap_draw,8,10000,8937,-0.001053345952178719,,,
5,bootstrap_draw,8,10000,8937,-0.0010660181848032313,,,
5,bootstrap_draw,8,10000,8937,-0.0010629002719931488,,,
5,bootstrap_draw,8,10000,8937,-0.0010618685840288675,,,
5,bootstrap_draw,8,10000,8937,-0.0010652509159633527,,,
5,bootstrap_draw,8,10000,8937,-0.0010607945137140803,,,
5,bootstrap_draw,8,10000,8937,-0.0010589149116146017,,,
5,bootstrap_draw,8,10000,8937,-0.0010626284014430385,,,
5,bootstrap_draw,8,10000,8937,-0.0010612748484811643,,,
5,bootstrap_draw,8,10000,8937,-0.0010621193149188265,,,
5,bootstrap_draw,8,10000,8937,-0.0010622385994128528,,,
5,bootstrap_draw,8,10000,8937,-0.001061581789216858,,,
5,bootstrap_draw,8,10000,8937,-0.0010628406727781086,,,
5,bootstrap_draw,8,10000,8937,-0.001059809351154011,,,
5,bootstrap_draw,8,10000,8937,-0.0010664447470999947,,,
5,bootstrap_draw,8,10000,8937,-0.00106178759406493,,,
5,bootstrap_draw,8,10000,8937,-0.001067397972030442,,,
5,bootstrap_draw,8,10000,8937,-0.0010533384789699967,,,
5,bootstrap_draw,8,10000,8937,-0.0010582956033278355,,,
5,bootstrap_draw,8,10000,8937,-0.0010566357360014735,,,
5,bootstrap_draw,8,10000,8937,-0.0010693644692867613,,,
5,bootstrap_draw,8,10000,8937,-0.001061889181459601,,,
5,bootstrap_draw,8,10000,8937,-0.0010599410004130893,,,
5,bootstrap_draw,8,10000,8937,-0.001059790450274518,,,
5,bootstrap_draw,8,10000,8937,-0.0010584069759231607,,,
5,bootstrap_draw,8,10000,8937,-0.001056098283502076,,,
5,bootstrap_draw,8,10000,8937,-0.0010607657034328467,,,
5,bootstrap_draw,8,10000,8937,-0.001053603057922009,,,
5,bootstrap_draw,8,10000,8937,-0.0010571249043936765,,,
5,bootstrap_draw,8,10000,8937,-0.0010698355023465301,,,
5,bootstrap_draw,8,10000,8937,-0.0010653605154600562,,,
5,bootstrap_draw,8,10000,8937,-0.0010665655520047024,,,
5,bootstrap_draw,8,10000,8937,-0.0010525542717535771,,,
5,bootstrap_draw,8,10000,8937,-0.0010556166425504576,,,
5,bootstrap_draw,8,10000,8937,-0.0010549347281706913,,,
5,bootstrap_draw,8,10000,8937,-0.0010699641862655005,,,
5,bootstrap_draw,8,10000,8937,-0.00106159647278008,,,
5,bootstrap_draw,8,10000,8937,-0.001060064600121889,,,
5,bootstrap_draw,8,10000,8937,-0.001049474059828679,,,
5,bootstrap_draw,8,10000,8937,-0.0010612092958605277,,,
5,bootstrap_draw,8,10000,8937,-0.001063935657932083,,,
5,bootstrap_draw,8,10000,8937,-0.0010629581639764255,,,
5,bootstrap_draw,8,10000,8937,-0.0010516524391136818,,,
5,bootstrap_draw,8,10000,8937,-0.0010707220835863055,,,
5,bootstrap_draw,8,10000,8937,-0.0010459479640843306,,,
5,bootstrap_draw,8,10000,8937,-0.0010555638820761203,,,
5,bootstrap_draw,8,10000,8937,-0.0010560740670447037,,,
5,bootstrap_draw,8,10000,8937,-0.0010712974069980396,,,
5,bootstrap_draw,8,10000,8937,-0.0010522498659854625,,,
5,bootstrap_draw,8,10000,8937,-0.0010637801442966684,,,
5,bootstrap_draw,8,10000,8937,-0.0010477223251892324,,,
5,bootstrap_draw,8,10000,8937,-0.001064482583105267,,,
5,bootstrap_draw,8,10000,8937,-0.0010567046159948017,,,
5,bootstrap_draw,8,10000,8937,-0.0010664849641585528,,,
5,bootstrap_draw,8,10000,8937,-0.001059049324117921,,,
5,bootstrap_draw,8,10000,8937,-0.0010637973089073893,,,
5,bootstrap_draw,8,10000,8937,-0.0010596513773849488,,,
5,bootstrap_draw,8,10000,8937,-0.0010774272056099593,,,
5,bootstrap_draw,8,10000,8937,-0.001054379828760851,,,
5,bootstrap_draw,8,10000,8937,-0.0010576343672806594,,,
5,bootstrap_draw,8,10000,8937,-0.0010503426235829556,,,
5,bootstrap_draw,8,10000,8937,-0.0010685245655818333,,,
5,bootstrap_draw,8,10000,8937,-0.001055872017849053,,,
5,bootstrap_draw,8,10000,8937,-0.0010567119620645137,,,
5,bootstrap_draw,8,10000,8937,-0.001054374266600194,,,
5,bootstrap_draw,8,10000,8937,-0.0010574250048897532,,,
5,bootstrap_draw,8,10000,8937,-0.0010692053017082126,,,
5,bootstrap_draw,8,10000,8937,-0.0010622949917160425,,,
5,bootstrap_draw,8,10000,8937,-0.0010575175931379966,,,
5,bootstrap_draw,8,10000,8937,-0.0010659042094985267,,,
5,bootstrap_draw,8,10000,8937,-0.001062198134293331,,,
5,bootstrap_draw,8,10000,8937,-0.00105271527726854,,,
5,bootstrap_draw,8,10000,8937,-0.0010696276181154608,,,
5,bootstrap_draw,8,10000,8937,-0.001059394115598139,,,
5,bootstrap_draw,8,10000,8937,-0.0010639225085281726,,,
5,bootstrap_draw,8,10000,8937,-0.0010779211405421865,,,
5,bootstrap_draw,8,10000,8937,-0.0010586951643632519,,,
5,bootstrap_draw,8,10000,8937,-0.0010635806763466837,,,
5,bootstrap_draw,8,10000,8937,-0.0010597356925203093,,,
5,bootstrap_draw,8,10000,8937,-0.0010612207698934282,,,
5,bootstrap_draw,8,10000,8937,-0.0010728432736316058,,,
5,bootstrap_draw,8,10000,8937,-0.00105685876397584,,,
5,bootstrap_draw,8,10000,8937,-0.0010647518842116076,,,
5,bootstrap_draw,8,10000,8937,-0.0010713827065417197,,,
5,bootstrap_draw,8,10000,8937,-0.0010515280057093413,,,
5,bootstrap_draw,8,10000,8937,-0.0010557300038147143,,,
5,bootstrap_draw,8,10000,8937,-0.0010692638205313948,,,
5,bootstrap_draw,8,10000,8937,-0.0010508826393191843,,,
5,bootstrap_draw,8,10000,8937,-0.0010622733480714769,,,
5,bootstrap_draw,8,10000,8937,-0.0010670147063204774,,,
5,bootstrap_draw,8,10000,8937,-0.0010545559917759348,,,
5,bootstrap_draw,8,10000,8937,-0.0010669859882220102,,,
5,bootstrap_draw,8,10000,8937,-0.001057138390773077,,,
5,bootstrap_draw,8,10000,8937,-0.0010629253290946265,,,
5,bootstrap_draw,8,10000,8937,-0.0010646728449223565,,,
5,bootstrap_draw,8,10000,8937,-0.0010600395197113372,,,
5,bootstrap_draw,8,10000,8937,-0.0010588283137233797,,,
5,bootstrap_draw,8,10000,8937,-0.001063132953157134,,,
5,bootstrap_draw,8,10000,8937,-0.001062916836569986,,,
5,bootstrap_draw,8,10000,8937,-0.0010455135252820326,,,
5,bootstrap_draw,8,10000,8937,-0.0010568952815358218,,,
5,bootstrap_draw,8,10000,8937,-0.0010682837393560215,,,
5,bootstrap_draw,8,10000,8937,-0.0010583289336025135,,,
5,bootstrap_draw,8,10000,8937,-0.0010673405515224783,,,
5,bootstrap_draw,8,10000,8937,-0.0010497399906729858,,,
5,bootstrap_draw,8,10000,8937,-0.001058651798754021,,,
5,bootstrap_draw,8,10000,8937,-0.00104316144211484,,,
5,bootstrap_draw,8,10000,8937,-0.0010654177310389968,,,
5,bootstrap_draw,8,10000,8937,-0.001063802686089182,,,
5,bootstrap_draw,8,10000,8937,-0.0010702011784325773,,,
5,bootstrap_draw,8,10000,8937,-0.0010506325200716126,,,
5,bootstrap_draw,8,10000,8937,-0.0010491318358095863,,,
5,bootstrap_draw,8,10000,8937,-0.0010619644133445137,,,
5,bootstrap_draw,8,10000,8937,-0.0010657259720077545,,,
5,bootstrap_draw,8,10000,8937,-0.0010538939765984588,,,
5,bootstrap_draw,8,10000,8937,-0.0010603391444636255,,,
5,bootstrap_draw,8,10000,8937,-0.0010603712874623396,,,
5,bootstrap_draw,8,10000,8937,-0.0010572883219268103,,,
5,bootstrap_draw,8,10000,8937,-0.0010541557095070121,,,
5,bootstrap_draw,8,10000,8937,-0.0010622706178184025,,,
5,bootstrap_draw,8,10000,8937,-0.0010580898202273783,,,
5,bootstrap_draw,8,10000,8937,-0.001062857053271502,,,
5,bootstrap_draw,8,10000,8937,-0.0010596063010634002,,,
5,bootstrap_draw,8,10000,8937,-0.0010571757971312914,,,
5,bootstrap_draw,8,10000,8937,-0.0010667157282365637,,,
5,bootstrap_draw,8,10000,8937,-0.0010614581524329809,,,
5,bootstrap_draw,8,10000,8937,-0.0010541538814317626,,,
5,bootstrap_draw,8,10000,8937,-0.0010497197110544802,,,
5,bootstrap_draw,8,10000,8937,-0.0010631730541148952,,,
5,bootstrap_draw,8,10000,8937,-0.0010508046539147275,,,
5,bootstrap_draw,8,10000,8937,-0.0010589202996185377,,,
5,bootstrap_draw,8,10000,8937,-0.0010569827192090453,,,
5,bootstrap_draw,8,10000,8937,-0.0010555607849255884,,,
5,bootstrap_draw,8,10000,8937,-0.0010625084293728478,,,
5,bootstrap_draw,8,10000,8937,-0.0010678071327384223,,,
5,bootstrap_draw,8,10000,8937,-0.0010680492815955517,,,
5,bootstrap_draw,8,10000,8937,-0.001064323164889519,,,
5,bootstrap_draw,8,10000,8937,-0.0010533097677303427,,,
5,bootstrap_draw,8,10000,8937,-0.0010649008654775415,,,
5,bootstrap_draw,8,10000,8937,-0.0010756348580578576,,,
5,bootstrap_draw,8,10000,8937,-0.0010575041336750666,,,
5,bootstrap_draw,8,10000,8937,-0.0010564313239556364,,,
5,bootstrap_draw,8,10000,8937,-0.0010655733362180991,,,
5,bootstrap_draw,8,10000,8937,-0.0010455578147484346,,,
5,bootstrap_draw,8,10000,8937,-0.0010678610478606545,,,
5,bootstrap_draw,8,10000,8937,-0.0010587415038703367,,,
5,bootstrap_draw,8,10000,8937,-0.0010716948489481945,,,
5,bootstrap_draw,8,10000,8937,-0.0010571216937116138,,,
5,bootstrap_draw,8,10000,8937,-0.0010657793082861136,,,
5,bootstrap_draw,8,10000,8937,-0.001066689358319103,,,
5,bootstrap_draw,8,10000,8937,-0.0010594957079287,,,
5,bootstrap_draw,8,10000,8937,-0.0010507421236164336,,,
5,bootstrap_draw,8,10000,8937,-0.0010550891571804014,,,
5,bootstrap_draw,8,10000,8937,-0.001048947002933491,,,
5,bootstrap_draw,8,10000,8937,-0.0010523974243757841,,,
5,bootstrap_draw,8,10000,8937,-0.00105510773383092,,,
5,bootstrap_draw,8,10000,8937,-0.0010713282810386078,,,
5,bootstrap_draw,8,10000,8937,-0.0010650272868239303,,,
5,bootstrap_draw,8,10000,8937,-0.0010556318871562894,,,
5,bootstrap_draw,8,10000,8937,-0.0010563605744066636,,,
5,bootstrap_draw,8,10000,8937,-0.0010651783795219375,,,
5,bootstrap_draw,8,10000,8937,-0.001067417769780945,,,
5,bootstrap_draw,8,10000,8937,-0.0010615117127409466,,,
5,bootstrap_draw,8,10000,8937,-0.0010563234308764741,,,
5,bootstrap_draw,8,10000,8937,-0.0010638396130169393,,,
5,bootstrap_draw,8,10000,8937,-0.0010583606473899883,,,
5,bootstrap_draw,8,10000,8937,-0.0010527770838194294,,,
5,bootstrap_draw,8,10000,8937,-0.0010587468227832041,,,
5,bootstrap_draw,8,10000,8937,-0.0010532623683731917,,,
5,bootstrap_draw,8,10000,8937,-0.0010698111278714148,,,
5,bootstrap_draw,8,10000,8937,-0.0010530972521674274,,,
5,bootstrap_draw,8,10000,8937,-0.0010658296558772036,,,
5,bootstrap_draw,8,10000,8937,-0.0010602654218877026,,,
5,bootstrap_draw,8,10000,8937,-0.001053445193664499,,,
5,bootstrap_draw,8,10000,8937,-0.0010634141353243157,,,
5,bootstrap_draw,8,10000,8937,-0.0010586626094078737,,,
5,bootstrap_draw,8,10000,8937,-0.0010613286495750863,,,
5,bootstrap_draw,8,10000,8937,-0.0010708040654679864,,,
5,bootstrap_draw,8,10000,8937,-0.0010567868730615856,,,
5,bootstrap_draw,8,10000,8937,-0.0010666488018716814,,,
5,bootstrap_draw,8,10000,8937,-0.0010654801614594668,,,
5,bootstrap_draw,8,10000,8937,-0.00106393949065278,,,
5,bootstrap_draw,8,10000,8937,-0.0010539451759224246,,,
5,bootstrap_draw,8,10000,8937,-0.001062540820510836,,,
5,bootstrap_draw,8,10000,8937,-0.0010738862432075615,,,
5,bootstrap_draw,8,10000,8937,-0.0010549817580536775,,,
5,bootstrap_draw,8,10000,8937,-0.0010542074711021288,,,
5,bootstrap_draw,8,10000,8937,-0.0010643849457824318,,,
5,bootstrap_draw,8,10000,8937,-0.001061220180699715,,,
5,bootstrap_draw,8,10000,8937,-0.001054992297757652,,,
5,bootstrap_draw,8,10000,8937,-0.001053247854214224,,,
5,bootstrap_draw,8,10000,8937,-0.001069591235751696,,,
5,bootstrap_draw,8,10000,8937,-0.0010536659064310269,,,
5,bootstrap_draw,8,10000,8937,-0.0010528209239009335,,,
5,bootstrap_draw,8,10000,8937,-0.0010574611997837694,,,
5,bootstrap_draw,8,10000,8937,-0.0010636018960675762,,,
5,bootstrap_draw,8,10000,8937,-0.0010570763673346517,,,
5,bootstrap_draw,8,10000,8937,-0.0010661759262569047,,,
5,bootstrap_draw,8,10000,8937,-0.0010632742775856306,,,
5,bootstrap_draw,8,10000,8937,-0.0010587887320847036,,,
5,bootstrap_draw,8,10000,8937,-0.0010561745699074541,,,
5,bootstrap_draw,8,10000,8937,-0.0010616669679455967,,,
5,bootstrap_draw,8,10000,8937,-0.0010594679509415156,,,
5,bootstrap_draw,8,10000,8937,-0.0010620635568596426,,,
5,bootstrap_draw,8,10000,8937,-0.0010614607606391749,,,
5,bootstrap_draw,8,10000,8937,-0.0010710085404888846,,,
5,bootstrap_draw,8,10000,8937,-0.0010553245387335667,,,
5,bootstrap_draw,8,10000,8937,-0.001073277048508042,,,
5,bootstrap_draw,8,10000,8937,-0.0010573662752411575,,,
5,bootstrap_draw,8,10000,8937,-0.0010550833042057962,,,
5,bootstrap_draw,8,10000,8937,-0.0010530766988798915,,,
5,bootstrap_draw,8,10000,8937,-0.0010709011763007919,,,
5,bootstrap_draw,8,10000,8937,-0.0010516313921559843,,,
5,bootstrap_draw,8,10000,8937,-0.0010435972111268504,,,
5,bootstrap_draw,8,10000,8937,-0.0010691058942569709,,,
5,bootstrap_draw,8,10000,8937,-0.0010548259243144092,,,
5,bootstrap_draw,8,10000,8937,-0.0010563875598889388,,,
5,bootstrap_draw,8,10000,8937,-0.001069840796909252,,,
5,bootstrap_draw,8,10000,8937,-0.0010551598068016857,,,
5,bootstrap_draw,8,10000,8937,-0.001064901524710996,,,
5,bootstrap_draw,8,10000,8937,-0.0010631366019612052,,,
5,bootstrap_draw,8,10000,8937,-0.0010683909654457062,,,
5,bootstrap_draw,8,10000,8937,-0.0010484889523892397,,,
5,bootstrap_draw,8,10000,8937,-0.0010609645098355086,,,
5,bootstrap_draw,8,10000,8937,-0.0010666573175308707,,,
5,bootstrap_draw,8,10000,8937,-0.001058318059114879,,,
5,bootstrap_draw,8,10000,8937,-0.0010652227116932104,,,
5,bootstrap_draw,8,10000,8937,-0.001057850963417844,,,
5,bootstrap_draw,8,10000,8937,-0.0010525451449130002,,,
5,bootstrap_draw,8,10000,8937,-0.0010587008582681745,,,
5,bootstrap_draw,8,10000,8937,-0.0010618942643299827,,,
5,bootstrap_draw,8,10000,8937,-0.001072921698480895,,,
5,bootstrap_draw,8,10000,8937,-0.0010532222235382846,,,
5,bootstrap_draw,8,10000,8937,-0.0010571171256854171,,,
5,bootstrap_draw,8,10000,8937,-0.0010559252091167921,,,
5,bootstrap_draw,8,10000,8937,-0.0010602638945659596,,,
5,bootstrap_draw,8,10000,8937,-0.0010650620841456267,,,
5,bootstrap_draw,8,10000,8937,-0.0010666388975819068,,,
5,bootstrap_draw,8,10000,8937,-0.0010519338092393254,,,
5,bootstrap_draw,8,10000,8937,-0.0010428275616062895,,,
5,bootstrap_draw,8,10000,8937,-0.0010592712603934113,,,
5,bootstrap_draw,8,10000,8937,-0.0010599195722585388,,,
5,bootstrap_draw,8,10000,8937,-0.0010585370051148372,,,
5,bootstrap_draw,8,10000,8937,-0.0010652167888486248,,,
5,bootstrap_draw,8,10000,8937,-0.0010580028830034064,,,
5,bootstrap_draw,8,10000,8937,-0.0010619228399641383,,,
5,bootstrap_draw,8,10000,8937,-0.001057098153330224,,,
5,bootstrap_draw,8,10000,8937,-0.001062670033459445,,,
5,bootstrap_draw,8,10000,8937,-0.0010544331240615913,,,
5,bootstrap_draw,8,10000,8937,-0.0010536186098014642,,,
5,bootstrap_draw,8,10000,8937,-0.0010603119723010851,,,
5,bootstrap_draw,8,10000,8937,-0.001051098234763019,,,
5,bootstrap_draw,8,10000,8937,-0.0010475531804223404,,,
5,bootstrap_draw,8,10000,8937,-0.0010468350606326526,,,
5,bootstrap_draw,8,10000,8937,-0.0010488665803972611,,,
5,bootstrap_draw,8,10000,8937,-0.0010695327038168923,,,
5,bootstrap_draw,8,10000,8937,-0.001053597635637088,,,
5,bootstrap_draw,8,10000,8937,-0.0010583739502099737,,,
5,bootstrap_draw,8,10000,8937,-0.0010678709131382877,,,
5,bootstrap_draw,8,10000,8937,-0.0010652411060297527,,,
5,bootstrap_draw,8,10000,8937,-0.0010620531091995507,,,
5,bootstrap_draw,8,10000,8937,-0.0010574258165487267,,,
5,bootstrap_draw,8,10000,8937,-0.0010704021327808115,,,
5,bootstrap_draw,8,10000,8937,-0.001065070683443832,,,
5,bootstrap_draw,8,10000,8937,-0.0010553637225531847,,,
5,bootstrap_draw,8,10000,8937,-0.0010584269400455398,,,
5,bootstrap_draw,8,10000,8937,-0.0010722761895596506,,,
5,bootstrap_draw,8,10000,8937,-0.0010646303162425382,,,
5,bootstrap_draw,8,10000,8937,-0.001074046007997715,,,
5,bootstrap_draw,8,10000,8937,-0.0010573268508710315,,,
5,bootstrap_draw,8,10000,8937,-0.0010672501152902763,,,
5,bootstrap_draw,8,10000,8937,-0.0010573232290219767,,,
15,midpoint,4,0,9895,-0.00037063560369375104,-0.00036267638278046876,0.27791814047498736,-43.41863658030828
15,midpoint,8,0,9895,-0.0007706356036937511,-0.0007626763827804688,0.1276402223345124,-90.2772072600795
15,midpoint,12,0,9895,-0.0011706356036937508,-0.0011626763827804686,0.05750378979282466,-137.1357779398507
15,top10_sweep,4,10000,8918,-0.0006517727667445937,-0.0006411070901500861,0.16248037676609106,-71.97502911838363
15,top10_sweep,8,10000,8918,-0.001051772766744594,-0.001041107090150086,0.07008297824624356,-116.14688335394919
15,top10_sweep,12,10000,8918,-0.0014517727667445934,-0.001441107090150086,0.032854900201838975,-160.31873758951468
15,top10_sweep,4,50000,1476,-0.0009738745993754782,-0.0009646972372287256,0.07926829268292683,-48.24721369704016
15,top10_sweep,8,50000,1476,-0.0013738745993754783,-0.0013646972372287256,0.03523035230352303,-68.06381584601495
15,top10_sweep,12,50000,1476,-0.001773874599375478,-0.0017646972372287256,0.01964769647696477,-87.88041799498974
15,top10_sweep,4,100000,200,-0.001380557057880688,-0.00134848353843284,0.03,-25.845199127202292
15,top10_sweep,8,100000,200,-0.0017805570578806878,-0.0017484835384328399,0.01,-33.333538411600315
15,top10_sweep,12,100000,200,-0.0021805570578806877,-0.0021484835384328396,0.005,-40.821877695998346
15,bootstrap_draw,8,10000,8918,-0.0010673644973661937,,,
15,bootstrap_draw,8,10000,8918,-0.001032236192013059,,,
15,bootstrap_draw,8,10000,8918,-0.0010482768258438535,,,
15,bootstrap_draw,8,10000,8918,-0.001056610738500677,,,
15,bootstrap_draw,8,10000,8918,-0.0010374779594490941,,,
15,bootstrap_draw,8,10000,8918,-0.0010439981593785407,,,
15,bootstrap_draw,8,10000,8918,-0.001067700568962598,,,
15,bootstrap_draw,8,10000,8918,-0.0010497615175417468,,,
15,bootstrap_draw,8,10000,8918,-0.0010463333464197123,,,
15,bootstrap_draw,8,10000,8918,-0.0010557531462913028,,,
15,bootstrap_draw,8,10000,8918,-0.0010472824529622242,,,
15,bootstrap_draw,8,10000,8918,-0.0010558292712480762,,,
15,bootstrap_draw,8,10000,8918,-0.0010424393070400907,,,
15,bootstrap_draw,8,10000,8918,-0.0010442366028086908,,,
15,bootstrap_draw,8,10000,8918,-0.0010710304957196794,,,
15,bootstrap_draw,8,10000,8918,-0.001044327899236217,,,
15,bootstrap_draw,8,10000,8918,-0.001059011852657921,,,
15,bootstrap_draw,8,10000,8918,-0.001060741443775754,,,
15,bootstrap_draw,8,10000,8918,-0.0010320202438188306,,,
15,bootstrap_draw,8,10000,8918,-0.0010499493668352927,,,
15,bootstrap_draw,8,10000,8918,-0.0010473412375809408,,,
15,bootstrap_draw,8,10000,8918,-0.0010605268526411105,,,
15,bootstrap_draw,8,10000,8918,-0.0010412266090002332,,,
15,bootstrap_draw,8,10000,8918,-0.0010542759172099518,,,
15,bootstrap_draw,8,10000,8918,-0.0010481013461472685,,,
15,bootstrap_draw,8,10000,8918,-0.0010697111205787329,,,
15,bootstrap_draw,8,10000,8918,-0.0010534505509365178,,,
15,bootstrap_draw,8,10000,8918,-0.0010380906480025789,,,
15,bootstrap_draw,8,10000,8918,-0.0010615812349092483,,,
15,bootstrap_draw,8,10000,8918,-0.0010431739363539509,,,
15,bootstrap_draw,8,10000,8918,-0.001038799649990444,,,
15,bootstrap_draw,8,10000,8918,-0.001037511655872834,,,
15,bootstrap_draw,8,10000,8918,-0.0010610619043147755,,,
15,bootstrap_draw,8,10000,8918,-0.0010367606010458744,,,
15,bootstrap_draw,8,10000,8918,-0.0010465552676508741,,,
15,bootstrap_draw,8,10000,8918,-0.0010565540038596159,,,
15,bootstrap_draw,8,10000,8918,-0.0010573667205924574,,,
15,bootstrap_draw,8,10000,8918,-0.001061279468879956,,,
15,bootstrap_draw,8,10000,8918,-0.001057099747746683,,,
15,bootstrap_draw,8,10000,8918,-0.00106894313033726,,,
15,bootstrap_draw,8,10000,8918,-0.001054386065595261,,,
15,bootstrap_draw,8,10000,8918,-0.0010482163663338843,,,
15,bootstrap_draw,8,10000,8918,-0.0010632662132183052,,,
15,bootstrap_draw,8,10000,8918,-0.0010484866208130704,,,
15,bootstrap_draw,8,10000,8918,-0.0010634389740718521,,,
15,bootstrap_draw,8,10000,8918,-0.0010498506587905305,,,
15,bootstrap_draw,8,10000,8918,-0.0010668676644698548,,,
15,bootstrap_draw,8,10000,8918,-0.0010579236318831575,,,
15,bootstrap_draw,8,10000,8918,-0.0010542636601159913,,,
15,bootstrap_draw,8,10000,8918,-0.0010605735079123354,,,
15,bootstrap_draw,8,10000,8918,-0.001061033369830826,,,
15,bootstrap_draw,8,10000,8918,-0.0010466243878053177,,,
15,bootstrap_draw,8,10000,8918,-0.001039460225220333,,,
15,bootstrap_draw,8,10000,8918,-0.0010578540375313472,,,
15,bootstrap_draw,8,10000,8918,-0.0010578548465774236,,,
15,bootstrap_draw,8,10000,8918,-0.0010468730823778606,,,
15,bootstrap_draw,8,10000,8918,-0.0010687186771932556,,,
15,bootstrap_draw,8,10000,8918,-0.0010488640075900471,,,
15,bootstrap_draw,8,10000,8918,-0.001047592749752359,,,
15,bootstrap_draw,8,10000,8918,-0.0010579755343535213,,,
15,bootstrap_draw,8,10000,8918,-0.0010393096797023692,,,
15,bootstrap_draw,8,10000,8918,-0.0010627219777745293,,,
15,bootstrap_draw,8,10000,8918,-0.0010592571598938504,,,
15,bootstrap_draw,8,10000,8918,-0.0010440248606142055,,,
15,bootstrap_draw,8,10000,8918,-0.0010611147410069916,,,
15,bootstrap_draw,8,10000,8918,-0.0010437256859129069,,,
15,bootstrap_draw,8,10000,8918,-0.0010638456891018996,,,
15,bootstrap_draw,8,10000,8918,-0.0010469407120867703,,,
15,bootstrap_draw,8,10000,8918,-0.0010438814915972358,,,
15,bootstrap_draw,8,10000,8918,-0.0010435755900568063,,,
15,bootstrap_draw,8,10000,8918,-0.0010422996248581587,,,
15,bootstrap_draw,8,10000,8918,-0.0010567313142825477,,,
15,bootstrap_draw,8,10000,8918,-0.0010489406452010733,,,
15,bootstrap_draw,8,10000,8918,-0.0010578624809159261,,,
15,bootstrap_draw,8,10000,8918,-0.001040054635798686,,,
15,bootstrap_draw,8,10000,8918,-0.0010433363353938418,,,
15,bootstrap_draw,8,10000,8918,-0.0010650480066775082,,,
15,bootstrap_draw,8,10000,8918,-0.0010370120146557785,,,
15,bootstrap_draw,8,10000,8918,-0.0010476474028981008,,,
15,bootstrap_draw,8,10000,8918,-0.001049130218423642,,,
15,bootstrap_draw,8,10000,8918,-0.001048966335188382,,,
15,bootstrap_draw,8,10000,8918,-0.0010606654529161416,,,
15,bootstrap_draw,8,10000,8918,-0.0010590676954205776,,,
15,bootstrap_draw,8,10000,8918,-0.001033727088511147,,,
15,bootstrap_draw,8,10000,8918,-0.0010291324810141353,,,
15,bootstrap_draw,8,10000,8918,-0.0010683496143615492,,,
15,bootstrap_draw,8,10000,8918,-0.0010519803503639576,,,
15,bootstrap_draw,8,10000,8918,-0.0010491618841941353,,,
15,bootstrap_draw,8,10000,8918,-0.0010314186479205192,,,
15,bootstrap_draw,8,10000,8918,-0.0010471939514505048,,,
15,bootstrap_draw,8,10000,8918,-0.001014061026494506,,,
15,bootstrap_draw,8,10000,8918,-0.0010577618653101653,,,
15,bootstrap_draw,8,10000,8918,-0.0010415419820897192,,,
15,bootstrap_draw,8,10000,8918,-0.001056833857419207,,,
15,bootstrap_draw,8,10000,8918,-0.0010574497324146112,,,
15,bootstrap_draw,8,10000,8918,-0.0010622273734253202,,,
15,bootstrap_draw,8,10000,8918,-0.0010584578314833495,,,
15,bootstrap_draw,8,10000,8918,-0.0010514469591279161,,,
15,bootstrap_draw,8,10000,8918,-0.001056832672399535,,,
15,bootstrap_draw,8,10000,8918,-0.0010538318357763232,,,
15,bootstrap_draw,8,10000,8918,-0.0010562338036880393,,,
15,bootstrap_draw,8,10000,8918,-0.0010505652574325176,,,
15,bootstrap_draw,8,10000,8918,-0.0010591426008336778,,,
15,bootstrap_draw,8,10000,8918,-0.0010458330329845686,,,
15,bootstrap_draw,8,10000,8918,-0.001042974542062415,,,
15,bootstrap_draw,8,10000,8918,-0.0010600552943335572,,,
15,bootstrap_draw,8,10000,8918,-0.0010342185801110182,,,
15,bootstrap_draw,8,10000,8918,-0.0010471661024248965,,,
15,bootstrap_draw,8,10000,8918,-0.0010464760208693737,,,
15,bootstrap_draw,8,10000,8918,-0.0010598032948195542,,,
15,bootstrap_draw,8,10000,8918,-0.0010683493181000766,,,
15,bootstrap_draw,8,10000,8918,-0.0010393398917283713,,,
15,bootstrap_draw,8,10000,8918,-0.0010417880629634577,,,
15,bootstrap_draw,8,10000,8918,-0.0010557199522454996,,,
15,bootstrap_draw,8,10000,8918,-0.0010532684031956474,,,
15,bootstrap_draw,8,10000,8918,-0.0010664916642382737,,,
15,bootstrap_draw,8,10000,8918,-0.0010561870621492893,,,
15,bootstrap_draw,8,10000,8918,-0.0010503862160479711,,,
15,bootstrap_draw,8,10000,8918,-0.0010582304753328975,,,
15,bootstrap_draw,8,10000,8918,-0.0010506393917719251,,,
15,bootstrap_draw,8,10000,8918,-0.0010566317331165806,,,
15,bootstrap_draw,8,10000,8918,-0.0010453707237871681,,,
15,bootstrap_draw,8,10000,8918,-0.0010440736914166635,,,
15,bootstrap_draw,8,10000,8918,-0.0010494252226418393,,,
15,bootstrap_draw,8,10000,8918,-0.0010379950250067988,,,
15,bootstrap_draw,8,10000,8918,-0.0010659538168728913,,,
15,bootstrap_draw,8,10000,8918,-0.0010638824146101766,,,
15,bootstrap_draw,8,10000,8918,-0.0010718693344223395,,,
15,bootstrap_draw,8,10000,8918,-0.0010455732108497833,,,
15,bootstrap_draw,8,10000,8918,-0.0010369037399597207,,,
15,bootstrap_draw,8,10000,8918,-0.0010591000688603535,,,
15,bootstrap_draw,8,10000,8918,-0.0010529114622089804,,,
15,bootstrap_draw,8,10000,8918,-0.001066853397828192,,,
15,bootstrap_draw,8,10000,8918,-0.001014823345281645,,,
15,bootstrap_draw,8,10000,8918,-0.001058519264524045,,,
15,bootstrap_draw,8,10000,8918,-0.001045031888956526,,,
15,bootstrap_draw,8,10000,8918,-0.0010578682266886344,,,
15,bootstrap_draw,8,10000,8918,-0.0010463058970040075,,,
15,bootstrap_draw,8,10000,8918,-0.0010744784080711234,,,
15,bootstrap_draw,8,10000,8918,-0.001046454970640992,,,
15,bootstrap_draw,8,10000,8918,-0.0010629028345780984,,,
15,bootstrap_draw,8,10000,8918,-0.0010436735540681535,,,
15,bootstrap_draw,8,10000,8918,-0.0010636923633257367,,,
15,bootstrap_draw,8,10000,8918,-0.001041278120223286,,,
15,bootstrap_draw,8,10000,8918,-0.0010506791242444952,,,
15,bootstrap_draw,8,10000,8918,-0.0010456046732629691,,,
15,bootstrap_draw,8,10000,8918,-0.0010498053639085543,,,
15,bootstrap_draw,8,10000,8918,-0.0010687878981834264,,,
15,bootstrap_draw,8,10000,8918,-0.0010548037803604596,,,
15,bootstrap_draw,8,10000,8918,-0.0010474705484214877,,,
15,bootstrap_draw,8,10000,8918,-0.0010724217900825847,,,
15,bootstrap_draw,8,10000,8918,-0.0010530549919519226,,,
15,bootstrap_draw,8,10000,8918,-0.0010373002341498704,,,
15,bootstrap_draw,8,10000,8918,-0.001059306962399558,,,
15,bootstrap_draw,8,10000,8918,-0.0010525745825284668,,,
15,bootstrap_draw,8,10000,8918,-0.0010427650635760706,,,
15,bootstrap_draw,8,10000,8918,-0.0010457669518193918,,,
15,bootstrap_draw,8,10000,8918,-0.001046080333254476,,,
15,bootstrap_draw,8,10000,8918,-0.0010572426628536625,,,
15,bootstrap_draw,8,10000,8918,-0.0010554687874400417,,,
15,bootstrap_draw,8,10000,8918,-0.0010661052563756322,,,
15,bootstrap_draw,8,10000,8918,-0.0010440219097078618,,,
15,bootstrap_draw,8,10000,8918,-0.0010433270145725898,,,
15,bootstrap_draw,8,10000,8918,-0.001042525158371852,,,
15,bootstrap_draw,8,10000,8918,-0.0010559567244276778,,,
15,bootstrap_draw,8,10000,8918,-0.0010458813705040023,,,
15,bootstrap_draw,8,10000,8918,-0.0010450741369750563,,,
15,bootstrap_draw,8,10000,8918,-0.0010260737083865224,,,
15,bootstrap_draw,8,10000,8918,-0.0010740761437715758,,,
15,bootstrap_draw,8,10000,8918,-0.001048830542516723,,,
15,bootstrap_draw,8,10000,8918,-0.0010522902741166183,,,
15,bootstrap_draw,8,10000,8918,-0.0010517909788756716,,,
15,bootstrap_draw,8,10000,8918,-0.0010578151979450715,,,
15,bootstrap_draw,8,10000,8918,-0.0010627272957366902,,,
15,bootstrap_draw,8,10000,8918,-0.0010490607044031986,,,
15,bootstrap_draw,8,10000,8918,-0.0010448771124961708,,,
15,bootstrap_draw,8,10000,8918,-0.0010516058245849907,,,
15,bootstrap_draw,8,10000,8918,-0.001053640378980829,,,
15,bootstrap_draw,8,10000,8918,-0.0010535834023696047,,,
15,bootstrap_draw,8,10000,8918,-0.0010603524898105047,,,
15,bootstrap_draw,8,10000,8918,-0.0010554531540790666,,,
15,bootstrap_draw,8,10000,8918,-0.0010525858254411583,,,
15,bootstrap_draw,8,10000,8918,-0.0010536623938666016,,,
15,bootstrap_draw,8,10000,8918,-0.0010576243668495668,,,
15,bootstrap_draw,8,10000,8918,-0.0010530513259735764,,,
15,bootstrap_draw,8,10000,8918,-0.0010601248805149806,,,
15,bootstrap_draw,8,10000,8918,-0.0010569210996254973,,,
15,bootstrap_draw,8,10000,8918,-0.0010510375529335524,,,
15,bootstrap_draw,8,10000,8918,-0.00104502550048483,,,
15,bootstrap_draw,8,10000,8918,-0.001051049745135801,,,
15,bootstrap_draw,8,10000,8918,-0.0010542353007020817,,,
15,bootstrap_draw,8,10000,8918,-0.00104877760804332,,,
15,bootstrap_draw,8,10000,8918,-0.0010623558767093313,,,
15,bootstrap_draw,8,10000,8918,-0.0010662260281091905,,,
15,bootstrap_draw,8,10000,8918,-0.0010504507597192214,,,
15,bootstrap_draw,8,10000,8918,-0.001024685250902143,,,
15,bootstrap_draw,8,10000,8918,-0.0010535763524847641,,,
15,bootstrap_draw,8,10000,8918,-0.001059515910402261,,,
15,bootstrap_draw,8,10000,8918,-0.0010476798576756214,,,
15,bootstrap_draw,8,10000,8918,-0.0010430558107611349,,,
15,bootstrap_draw,8,10000,8918,-0.0010589950983032781,,,
15,bootstrap_draw,8,10000,8918,-0.0010603868520504664,,,
15,bootstrap_draw,8,10000,8918,-0.001041472373525415,,,
15,bootstrap_draw,8,10000,8918,-0.0010425675277766575,,,
15,bootstrap_draw,8,10000,8918,-0.0010622954558671186,,,
15,bootstrap_draw,8,10000,8918,-0.0010435455069273316,,,
15,bootstrap_draw,8,10000,8918,-0.0010544661927463358,,,
15,bootstrap_draw,8,10000,8918,-0.001054381499747251,,,
15,bootstrap_draw,8,10000,8918,-0.0010505646155518787,,,
15,bootstrap_draw,8,10000,8918,-0.001043385655481838,,,
15,bootstrap_draw,8,10000,8918,-0.0010598389708212721,,,
15,bootstrap_draw,8,10000,8918,-0.001055009265825469,,,
15,bootstrap_draw,8,10000,8918,-0.0010570667103083293,,,
15,bootstrap_draw,8,10000,8918,-0.0010580765937845114,,,
15,bootstrap_draw,8,10000,8918,-0.0010586881131385288,,,
15,bootstrap_draw,8,10000,8918,-0.0010458964930216827,,,
15,bootstrap_draw,8,10000,8918,-0.0010516085980540612,,,
15,bootstrap_draw,8,10000,8918,-0.001052336646058623,,,
15,bootstrap_draw,8,10000,8918,-0.0010272990018203932,,,
15,bootstrap_draw,8,10000,8918,-0.0010495756749625423,,,
15,bootstrap_draw,8,10000,8918,-0.0010502510631581598,,,
15,bootstrap_draw,8,10000,8918,-0.0010511810899986491,,,
15,bootstrap_draw,8,10000,8918,-0.0010442992648478915,,,
15,bootstrap_draw,8,10000,8918,-0.0010389878808832736,,,
15,bootstrap_draw,8,10000,8918,-0.0010515560095114133,,,
15,bootstrap_draw,8,10000,8918,-0.0010385668458405678,,,
15,bootstrap_draw,8,10000,8918,-0.0010396620641259327,,,
15,bootstrap_draw,8,10000,8918,-0.0010488645071761499,,,
15,bootstrap_draw,8,10000,8918,-0.0010468863025371678,,,
15,bootstrap_draw,8,10000,8918,-0.0010538866629885904,,,
15,bootstrap_draw,8,10000,8918,-0.001067851223454525,,,
15,bootstrap_draw,8,10000,8918,-0.0010544333558497865,,,
15,bootstrap_draw,8,10000,8918,-0.0010515129200334998,,,
15,bootstrap_draw,8,10000,8918,-0.001035355478001764,,,
15,bootstrap_draw,8,10000,8918,-0.0010738918471027777,,,
15,bootstrap_draw,8,10000,8918,-0.001045877277881101,,,
15,bootstrap_draw,8,10000,8918,-0.001035296978461731,,,
15,bootstrap_draw,8,10000,8918,-0.001032703321220946,,,
15,bootstrap_draw,8,10000,8918,-0.0010433511043300757,,,
15,bootstrap_draw,8,10000,8918,-0.0010420452291061222,,,
15,bootstrap_draw,8,10000,8918,-0.0010519090922545698,,,
15,bootstrap_draw,8,10000,8918,-0.0010501151150278676,,,
15,bootstrap_draw,8,10000,8918,-0.001065124300010605,,,
15,bootstrap_draw,8,10000,8918,-0.0010612053946832674,,,
15,bootstrap_draw,8,10000,8918,-0.0010494478995446278,,,
15,bootstrap_draw,8,10000,8918,-0.0010402196726053143,,,
15,bootstrap_draw,8,10000,8918,-0.0010518271274462785,,,
15,bootstrap_draw,8,10000,8918,-0.0010617399683206007,,,
15,bootstrap_draw,8,10000,8918,-0.001050963429117394,,,
15,bootstrap_draw,8,10000,8918,-0.0010479483469051781,,,
15,bootstrap_draw,8,10000,8918,-0.0010424115963165676,,,
15,bootstrap_draw,8,10000,8918,-0.0010626752377827944,,,
15,bootstrap_draw,8,10000,8918,-0.0010530355866359008,,,
15,bootstrap_draw,8,10000,8918,-0.0010723033850918654,,,
15,bootstrap_draw,8,10000,8918,-0.0010561555840701417,,,
15,bootstrap_draw,8,10000,8918,-0.001049543282715188,,,
15,bootstrap_draw,8,10000,8918,-0.0010611147067564124,,,
15,bootstrap_draw,8,10000,8918,-0.0010459772016672632,,,
15,bootstrap_draw,8,10000,8918,-0.001055836042617025,,,
15,bootstrap_draw,8,10000,8918,-0.0010439746754247329,,,
15,bootstrap_draw,8,10000,8918,-0.0010624364816110145,,,
15,bootstrap_draw,8,10000,8918,-0.0010418593210700592,,,
15,bootstrap_draw,8,10000,8918,-0.0010567130476010819,,,
15,bootstrap_draw,8,10000,8918,-0.0010399172191771877,,,
15,bootstrap_draw,8,10000,8918,-0.0010672687781972906,,,
15,bootstrap_draw,8,10000,8918,-0.0010544133674550203,,,
15,bootstrap_draw,8,10000,8918,-0.0010445295614913742,,,
15,bootstrap_draw,8,10000,8918,-0.001057665608330244,,,
15,bootstrap_draw,8,10000,8918,-0.0010557381034980483,,,
15,bootstrap_draw,8,10000,8918,-0.0010455327908419317,,,
15,bootstrap_draw,8,10000,8918,-0.0010545405223266193,,,
15,bootstrap_draw,8,10000,8918,-0.0010461694559964667,,,
15,bootstrap_draw,8,10000,8918,-0.0010511522692121644,,,
15,bootstrap_draw,8,10000,8918,-0.0010448533758401375,,,
15,bootstrap_draw,8,10000,8918,-0.0010673751365064656,,,
15,bootstrap_draw,8,10000,8918,-0.001042703020261358,,,
15,bootstrap_draw,8,10000,8918,-0.0010413696144873287,,,
15,bootstrap_draw,8,10000,8918,-0.0010476289354516021,,,
15,bootstrap_draw,8,10000,8918,-0.0010320663352270834,,,
15,bootstrap_draw,8,10000,8918,-0.0010511584242473054,,,
15,bootstrap_draw,8,10000,8918,-0.0010394709977498905,,,
15,bootstrap_draw,8,10000,8918,-0.0010648926291490209,,,
15,bootstrap_draw,8,10000,8918,-0.0010584344650931997,,,
15,bootstrap_draw,8,10000,8918,-0.0010588839247494925,,,
15,bootstrap_draw,8,10000,8918,-0.00105945214661645,,,
15,bootstrap_draw,8,10000,8918,-0.001063235294516431,,,
15,bootstrap_draw,8,10000,8918,-0.001056175563399169,,,
15,bootstrap_draw,8,10000,8918,-0.0010349644638040735,,,
15,bootstrap_draw,8,10000,8918,-0.0010609821280686024,,,
15,bootstrap_draw,8,10000,8918,-0.0010410005930685385,,,
15,bootstrap_draw,8,10000,8918,-0.0010647432521319808,,,
15,bootstrap_draw,8,10000,8918,-0.0010492596203686391,,,
15,bootstrap_draw,8,10000,8918,-0.0010498727280980153,,,
15,bootstrap_draw,8,10000,8918,-0.0010469887359878165,,,
15,bootstrap_draw,8,10000,8918,-0.001061178594804284,,,
15,bootstrap_draw,8,10000,8918,-0.001044246841446476,,,
15,bootstrap_draw,8,10000,8918,-0.0010504444645910505,,,
15,bootstrap_draw,8,10000,8918,-0.00104325885639687,,,
15,bootstrap_draw,8,10000,8918,-0.0010425911749370098,,,
15,bootstrap_draw,8,10000,8918,-0.0010514786896773701,,,
15,bootstrap_draw,8,10000,8918,-0.0010508719474774128,,,
15,bootstrap_draw,8,10000,8918,-0.0010665406188486385,,,
15,bootstrap_draw,8,10000,8918,-0.0010588583257690072,,,
15,bootstrap_draw,8,10000,8918,-0.0010378161345821356,,,
15,bootstrap_draw,8,10000,8918,-0.001072587964418077,,,
15,bootstrap_draw,8,10000,8918,-0.0010680962054590364,,,
15,bootstrap_draw,8,10000,8918,-0.0010479304531173755,,,
15,bootstrap_draw,8,10000,8918,-0.0010618614121459303,,,
15,bootstrap_draw,8,10000,8918,-0.0010519211489586856,,,
15,bootstrap_draw,8,10000,8918,-0.0010610929960606112,,,
15,bootstrap_draw,8,10000,8918,-0.0010455940557228028,,,
15,bootstrap_draw,8,10000,8918,-0.0010483394037020396,,,
15,bootstrap_draw,8,10000,8918,-0.0010368202742792525,,,
15,bootstrap_draw,8,10000,8918,-0.0010377908441379239,,,
15,bootstrap_draw,8,10000,8918,-0.0010472219529227608,,,
15,bootstrap_draw,8,10000,8918,-0.0010572140298011033,,,
15,bootstrap_draw,8,10000,8918,-0.001048856638263935,,,
15,bootstrap_draw,8,10000,8918,-0.0010531303081351825,,,
15,bootstrap_draw,8,10000,8918,-0.0010578058076280328,,,
15,bootstrap_draw,8,10000,8918,-0.0010551504650092554,,,
15,bootstrap_draw,8,10000,8918,-0.00105386990582318,,,
15,bootstrap_draw,8,10000,8918,-0.0010289922714703278,,,
15,bootstrap_draw,8,10000,8918,-0.0010219932652127989,,,
15,bootstrap_draw,8,10000,8918,-0.0010352588719088833,,,
15,bootstrap_draw,8,10000,8918,-0.0010473489244919904,,,
15,bootstrap_draw,8,10000,8918,-0.0010400960228851344,,,
15,bootstrap_draw,8,10000,8918,-0.00106042363419825,,,
15,bootstrap_draw,8,10000,8918,-0.001050000798976361,,,
15,bootstrap_draw,8,10000,8918,-0.0010487503351112723,,,
15,bootstrap_draw,8,10000,8918,-0.001032000114458751,,,
15,bootstrap_draw,8,10000,8918,-0.0010466559266456253,,,
15,bootstrap_draw,8,10000,8918,-0.00105731306087144,,,
15,bootstrap_draw,8,10000,8918,-0.001037243393509842,,,
15,bootstrap_draw,8,10000,8918,-0.0010359430557241615,,,
15,bootstrap_draw,8,10000,8918,-0.0010490399101280997,,,
15,bootstrap_draw,8,10000,8918,-0.001036230375880298,,,
15,bootstrap_draw,8,10000,8918,-0.0010539717325056118,,,
15,bootstrap_draw,8,10000,8918,-0.0010376157307352507,,,
15,bootstrap_draw,8,10000,8918,-0.0010512381139302688,,,
15,bootstrap_draw,8,10000,8918,-0.001075149447596077,,,
15,bootstrap_draw,8,10000,8918,-0.0010657247440881282,,,
15,bootstrap_draw,8,10000,8918,-0.0010545519720589463,,,
15,bootstrap_draw,8,10000,8918,-0.0010580188134511547,,,
15,bootstrap_draw,8,10000,8918,-0.0010538261647671718,,,
15,bootstrap_draw,8,10000,8918,-0.001048129172707477,,,
15,bootstrap_draw,8,10000,8918,-0.0010659004521346702,,,
15,bootstrap_draw,8,10000,8918,-0.0010528188770939906,,,
15,bootstrap_draw,8,10000,8918,-0.0010460318513329297,,,
15,bootstrap_draw,8,10000,8918,-0.0010274493277380918,,,
15,bootstrap_draw,8,10000,8918,-0.0010736594964418794,,,
15,bootstrap_draw,8,10000,8918,-0.0010634074328616293,,,
15,bootstrap_draw,8,10000,8918,-0.0010651459664876783,,,
15,bootstrap_draw,8,10000,8918,-0.001045112709314115,,,
15,bootstrap_draw,8,10000,8918,-0.0010608206659062775,,,
15,bootstrap_draw,8,10000,8918,-0.0010562395356698319,,,
15,bootstrap_draw,8,10000,8918,-0.0010406434175696925,,,
15,bootstrap_draw,8,10000,8918,-0.0010601726709780822,,,
15,bootstrap_draw,8,10000,8918,-0.0010651354903409276,,,
15,bootstrap_draw,8,10000,8918,-0.0010405249341746928,,,
15,bootstrap_draw,8,10000,8918,-0.0010422527470867898,,,
15,bootstrap_draw,8,10000,8918,-0.0010433005660751824,,,
15,bootstrap_draw,8,10000,8918,-0.0010556656642977092,,,
15,bootstrap_draw,8,10000,8918,-0.0010652265893186029,,,
15,bootstrap_draw,8,10000,8918,-0.001051158485583008,,,
15,bootstrap_draw,8,10000,8918,-0.0010644937860304594,,,
15,bootstrap_draw,8,10000,8918,-0.0010745991251910102,,,
15,bootstrap_draw,8,10000,8918,-0.0010659744406957875,,,
15,bootstrap_draw,8,10000,8918,-0.001054155110521081,,,
15,bootstrap_draw,8,10000,8918,-0.0010517689246128787,,,
15,bootstrap_draw,8,10000,8918,-0.0010582422025804206,,,
15,bootstrap_draw,8,10000,8918,-0.0010627333088737382,,,
15,bootstrap_draw,8,10000,8918,-0.0010472379640312425,,,
15,bootstrap_draw,8,10000,8918,-0.001047270607157048,,,
15,bootstrap_draw,8,10000,8918,-0.0010510407773010456,,,
15,bootstrap_draw,8,10000,8918,-0.0010487743056035571,,,
15,bootstrap_draw,8,10000,8918,-0.0010504669046694905,,,
15,bootstrap_draw,8,10000,8918,-0.001053907729896872,,,
15,bootstrap_draw,8,10000,8918,-0.00105871461121543,,,
15,bootstrap_draw,8,10000,8918,-0.001039880553659228,,,
15,bootstrap_draw,8,10000,8918,-0.0010524958307388298,,,
15,bootstrap_draw,8,10000,8918,-0.0010532263659359309,,,
15,bootstrap_draw,8,10000,8918,-0.001045126000105161,,,
15,bootstrap_draw,8,10000,8918,-0.0010409712179675391,,,
15,bootstrap_draw,8,10000,8918,-0.0010633749187955758,,,
15,bootstrap_draw,8,10000,8918,-0.0010698715305783421,,,
15,bootstrap_draw,8,10000,8918,-0.001056182825210376,,,
15,bootstrap_draw,8,10000,8918,-0.0010534628209143237,,,
15,bootstrap_draw,8,10000,8918,-0.0010710645853958833,,,
15,bootstrap_draw,8,10000,8918,-0.0010480634114199373,,,
15,bootstrap_draw,8,10000,8918,-0.001062773885639476,,,
15,bootstrap_draw,8,10000,8918,-0.001064128661482155,,,
15,bootstrap_draw,8,10000,8918,-0.001049915897290742,,,
15,bootstrap_draw,8,10000,8918,-0.0010479032719236954,,,
15,bootstrap_draw,8,10000,8918,-0.0010461426421365819,,,
15,bootstrap_draw,8,10000,8918,-0.001033502597126083,,,
15,bootstrap_draw,8,10000,8918,-0.001044372965935372,,,
15,bootstrap_draw,8,10000,8918,-0.001048811476382633,,,
15,bootstrap_draw,8,10000,8918,-0.0010598216668494952,,,
15,bootstrap_draw,8,10000,8918,-0.0010462593197299223,,,
15,bootstrap_draw,8,10000,8918,-0.0010355434237767054,,,
15,bootstrap_draw,8,10000,8918,-0.00103678294015597,,,
15,bootstrap_draw,8,10000,8918,-0.0010565582507330918,,,
15,bootstrap_draw,8,10000,8918,-0.0010525377548452283,,,
15,bootstrap_draw,8,10000,8918,-0.0010505783112922144,,,
15,bootstrap_draw,8,10000,8918,-0.0010577583661212032,,,
15,bootstrap_draw,8,10000,8918,-0.0010373699097916645,,,
15,bootstrap_draw,8,10000,8918,-0.0010360673203241308,,,
15,bootstrap_draw,8,10000,8918,-0.0010554923689008503,,,
15,bootstrap_draw,8,10000,8918,-0.0010585400877960204,,,
15,bootstrap_draw,8,10000,8918,-0.0010558617580116207,,,
15,bootstrap_draw,8,10000,8918,-0.0010366704717418766,,,
15,bootstrap_draw,8,10000,8918,-0.001045848904588554,,,
15,bootstrap_draw,8,10000,8918,-0.0010432039686528087,,,
15,bootstrap_draw,8,10000,8918,-0.0010554444671789323,,,
15,bootstrap_draw,8,10000,8918,-0.00105649780661202,,,
15,bootstrap_draw,8,10000,8918,-0.001072819834381499,,,
15,bootstrap_draw,8,10000,8918,-0.001059012271367652,,,
15,bootstrap_draw,8,10000,8918,-0.0010476243722105357,,,
15,bootstrap_draw,8,10000,8918,-0.0010605114714172092,,,
15,bootstrap_draw,8,10000,8918,-0.0010634707705504873,,,
15,bootstrap_draw,8,10000,8918,-0.001052919624447435,,,
15,bootstrap_draw,8,10000,8918,-0.0010573994671653302,,,
15,bootstrap_draw,8,10000,8918,-0.001056299401651691,,,
15,bootstrap_draw,8,10000,8918,-0.0010406360789398618,,,
15,bootstrap_draw,8,10000,8918,-0.001049474258768138,,,
15,bootstrap_draw,8,10000,8918,-0.001052369350879586,,,
15,bootstrap_draw,8,10000,8918,-0.0010548823832125347,,,
15,bootstrap_draw,8,10000,8918,-0.001049430689187523,,,
15,bootstrap_draw,8,10000,8918,-0.0010533876951864382,,,
15,bootstrap_draw,8,10000,8918,-0.0010486759626649148,,,
15,bootstrap_draw,8,10000,8918,-0.0010477224636373844,,,
15,bootstrap_draw,8,10000,8918,-0.001057677945191076,,,
15,bootstrap_draw,8,10000,8918,-0.0010408915279513649,,,
15,bootstrap_draw,8,10000,8918,-0.0010659848988721378,,,
15,bootstrap_draw,8,10000,8918,-0.0010577186190705475,,,
15,bootstrap_draw,8,10000,8918,-0.0010542891829817469,,,
15,bootstrap_draw,8,10000,8918,-0.0010576581244587185,,,
15,bootstrap_draw,8,10000,8918,-0.0010397389987627718,,,
15,bootstrap_draw,8,10000,8918,-0.0010449541169397748,,,
15,bootstrap_draw,8,10000,8918,-0.0010507317816391992,,,
15,bootstrap_draw,8,10000,8918,-0.0010425013485142916,,,
15,bootstrap_draw,8,10000,8918,-0.0010623573509380708,,,
15,bootstrap_draw,8,10000,8918,-0.00105407223806801,,,
15,bootstrap_draw,8,10000,8918,-0.0010809238994821278,,,
15,bootstrap_draw,8,10000,8918,-0.001044011058653812,,,
15,bootstrap_draw,8,10000,8918,-0.0010444738649841466,,,
15,bootstrap_draw,8,10000,8918,-0.0010485544403282655,,,
15,bootstrap_draw,8,10000,8918,-0.0010485181595224443,,,
15,bootstrap_draw,8,10000,8918,-0.0010712993263941252,,,
15,bootstrap_draw,8,10000,8918,-0.001056108571557768,,,
15,bootstrap_draw,8,10000,8918,-0.0010378852172393755,,,
15,bootstrap_draw,8,10000,8918,-0.0010464749021543568,,,
15,bootstrap_draw,8,10000,8918,-0.0010322252746124891,,,
15,bootstrap_draw,8,10000,8918,-0.00105942999443474,,,
15,bootstrap_draw,8,10000,8918,-0.0010525803883801737,,,
15,bootstrap_draw,8,10000,8918,-0.0010480531819818738,,,
15,bootstrap_draw,8,10000,8918,-0.0010662503597228192,,,
15,bootstrap_draw,8,10000,8918,-0.001051104530696593,,,
15,bootstrap_draw,8,10000,8918,-0.0010715691135096293,,,
15,bootstrap_draw,8,10000,8918,-0.001058783058421461,,,
15,bootstrap_draw,8,10000,8918,-0.00102842473923887,,,
15,bootstrap_draw,8,10000,8918,-0.0010506558790982583,,,
15,bootstrap_draw,8,10000,8918,-0.0010555993891286548,,,
15,bootstrap_draw,8,10000,8918,-0.00104554803758701,,,
15,bootstrap_draw,8,10000,8918,-0.0010489433566959602,,,
15,bootstrap_draw,8,10000,8918,-0.0010577355642333974,,,
15,bootstrap_draw,8,10000,8918,-0.0010368554400215992,,,
15,bootstrap_draw,8,10000,8918,-0.001044938738131294,,,
15,bootstrap_draw,8,10000,8918,-0.0010420080995905893,,,
15,bootstrap_draw,8,10000,8918,-0.0010289244273543805,,,
15,bootstrap_draw,8,10000,8918,-0.0010667718632010011,,,
15,bootstrap_draw,8,10000,8918,-0.0010516368196134237,,,
15,bootstrap_draw,8,10000,8918,-0.0010499869419410975,,,
15,bootstrap_draw,8,10000,8918,-0.00106140069491717,,,
15,bootstrap_draw,8,10000,8918,-0.0010399331223231423,,,
15,bootstrap_draw,8,10000,8918,-0.0010497720691093003,,,
15,bootstrap_draw,8,10000,8918,-0.001049585752779759,,,
15,bootstrap_draw,8,10000,8918,-0.0010496836721011057,,,
15,bootstrap_draw,8,10000,8918,-0.0010654587066933601,,,
15,bootstrap_draw,8,10000,8918,-0.001055433431252299,,,
15,bootstrap_draw,8,10000,8918,-0.0010701502127169343,,,
15,bootstrap_draw,8,10000,8918,-0.001046414479456793,,,
15,bootstrap_draw,8,10000,8918,-0.0010378920900177386,,,
15,bootstrap_draw,8,10000,8918,-0.001054466583749975,,,
15,bootstrap_draw,8,10000,8918,-0.0010594886340853206,,,
15,bootstrap_draw,8,10000,8918,-0.001042638769466209,,,
15,bootstrap_draw,8,10000,8918,-0.001048277709131897,,,
15,bootstrap_draw,8,10000,8918,-0.0010481920696516346,,,
15,bootstrap_draw,8,10000,8918,-0.0010432762137118161,,,
15,bootstrap_draw,8,10000,8918,-0.0010636598329301107,,,
15,bootstrap_draw,8,10000,8918,-0.0010441683965133504,,,
15,bootstrap_draw,8,10000,8918,-0.0010571213853346126,,,
15,bootstrap_draw,8,10000,8918,-0.0010502544147318492,,,
15,bootstrap_draw,8,10000,8918,-0.0010648705350244899,,,
15,bootstrap_draw,8,10000,8918,-0.0010473353297529707,,,
15,bootstrap_draw,8,10000,8918,-0.001059934596213294,,,
15,bootstrap_draw,8,10000,8918,-0.0010390746711193804,,,
15,bootstrap_draw,8,10000,8918,-0.0010500409752400089,,,
15,bootstrap_draw,8,10000,8918,-0.0010356589999907266,,,
30,midpoint,4,0,9894,-0.0003668850220221551,-0.0003516983498112771,0.3387911865777239,-30.98678244253268
30,midpoint,8,0,9894,-0.0007668850220221552,-0.0007516983498112771,0.2036587831008692,-64.7704264536654
30,midpoint,12,0,9894,-0.0011668850220221548,-0.001151698349811277,0.11360420456842531,-98.5540704647981
30,top10_sweep,4,10000,8906,-0.0006446402694337313,-0.0006329813191056656,0.23658207949696833,-51.97097355454977
30,top10_sweep,8,10000,8906,-0.0010446402694337313,-0.0010329813191056656,0.13316865034807995,-84.2190201124866
30,top10_sweep,12,10000,8906,-0.0014446402694337308,-0.0014329813191056656,0.07388277565686055,-116.46706667042339
30,top10_sweep,4,50000,1449,-0.0009838662364477118,-0.0009385050531911128,0.13112491373360938,-37.091227269209746
30,top10_sweep,8,50000,1449,-0.001383866236447712,-0.0013385050531911128,0.062111801242236024,-52.17101185583368
30,top10_sweep,12,50000,1449,-0.0017838662364477113,-0.0017385050531911128,0.03036576949620428,-67.25079644245758
30,top10_sweep,4,100000,214,-0.0013535821306988314,-0.0012642621108485848,0.07009345794392523,-19.222273163193865
30,top10_sweep,8,100000,214,-0.0017535821306988307,-0.0016642621108485848,0.028037383177570093,-24.90268892142191
30,top10_sweep,12,100000,214,-0.0021535821306988305,-0.0020642621108485845,0.014018691588785047,-30.583104679649963
30,bootstrap_draw,8,10000,8906,-0.0010431803783995943,,,
30,bootstrap_draw,8,10000,8906,-0.0010446555986113708,,,
30,bootstrap_draw,8,10000,8906,-0.0010413652229696166,,,
30,bootstrap_draw,8,10000,8906,-0.0010367997578678313,,,
30,bootstrap_draw,8,10000,8906,-0.0010572262337757343,,,
30,bootstrap_draw,8,10000,8906,-0.0010720770583226987,,,
30,bootstrap_draw,8,10000,8906,-0.0010524196407053902,,,
30,bootstrap_draw,8,10000,8906,-0.0010617214074423054,,,
30,bootstrap_draw,8,10000,8906,-0.0010333432742651455,,,
30,bootstrap_draw,8,10000,8906,-0.0010524773513591941,,,
30,bootstrap_draw,8,10000,8906,-0.0010424118330518274,,,
30,bootstrap_draw,8,10000,8906,-0.001046292238296893,,,
30,bootstrap_draw,8,10000,8906,-0.001064347850678333,,,
30,bootstrap_draw,8,10000,8906,-0.0010614726816189281,,,
30,bootstrap_draw,8,10000,8906,-0.001034612807289862,,,
30,bootstrap_draw,8,10000,8906,-0.0010494202178024448,,,
30,bootstrap_draw,8,10000,8906,-0.0010534802630683545,,,
30,bootstrap_draw,8,10000,8906,-0.0010736166433718884,,,
30,bootstrap_draw,8,10000,8906,-0.001044631846821184,,,
30,bootstrap_draw,8,10000,8906,-0.0010529718288560489,,,
30,bootstrap_draw,8,10000,8906,-0.0010473554162867497,,,
30,bootstrap_draw,8,10000,8906,-0.001032870666113452,,,
30,bootstrap_draw,8,10000,8906,-0.001027557763115666,,,
30,bootstrap_draw,8,10000,8906,-0.0010410208897351856,,,
30,bootstrap_draw,8,10000,8906,-0.0010466364057499504,,,
30,bootstrap_draw,8,10000,8906,-0.0010424458992819249,,,
30,bootstrap_draw,8,10000,8906,-0.0010172986010517219,,,
30,bootstrap_draw,8,10000,8906,-0.0010333153684912342,,,
30,bootstrap_draw,8,10000,8906,-0.001055196253680384,,,
30,bootstrap_draw,8,10000,8906,-0.0010319682719955366,,,
30,bootstrap_draw,8,10000,8906,-0.0010344282406351372,,,
30,bootstrap_draw,8,10000,8906,-0.0010587109424049122,,,
30,bootstrap_draw,8,10000,8906,-0.0010500076970094685,,,
30,bootstrap_draw,8,10000,8906,-0.001039443921520819,,,
30,bootstrap_draw,8,10000,8906,-0.0010485648109824388,,,
30,bootstrap_draw,8,10000,8906,-0.0010284184841604163,,,
30,bootstrap_draw,8,10000,8906,-0.0010516116147109636,,,
30,bootstrap_draw,8,10000,8906,-0.0010455247095165789,,,
30,bootstrap_draw,8,10000,8906,-0.001048604070347121,,,
30,bootstrap_draw,8,10000,8906,-0.0010551951599560554,,,
30,bootstrap_draw,8,10000,8906,-0.0010542380381796902,,,
30,bootstrap_draw,8,10000,8906,-0.0010569183397096114,,,
30,bootstrap_draw,8,10000,8906,-0.001062221874526944,,,
30,bootstrap_draw,8,10000,8906,-0.0010416290894355953,,,
30,bootstrap_draw,8,10000,8906,-0.0010460864243855693,,,
30,bootstrap_draw,8,10000,8906,-0.0010606069515427536,,,
30,bootstrap_draw,8,10000,8906,-0.0010620574428507467,,,
30,bootstrap_draw,8,10000,8906,-0.0010254429604263779,,,
30,bootstrap_draw,8,10000,8906,-0.0010437208300190816,,,
30,bootstrap_draw,8,10000,8906,-0.0010423117297409822,,,
30,bootstrap_draw,8,10000,8906,-0.0010519690960820287,,,
30,bootstrap_draw,8,10000,8906,-0.0010367192546265128,,,
30,bootstrap_draw,8,10000,8906,-0.0010517874876510354,,,
30,bootstrap_draw,8,10000,8906,-0.001049531291131111,,,
30,bootstrap_draw,8,10000,8906,-0.0010213127578081501,,,
30,bootstrap_draw,8,10000,8906,-0.00105736720708067,,,
30,bootstrap_draw,8,10000,8906,-0.001054635382440097,,,
30,bootstrap_draw,8,10000,8906,-0.0010404475711455008,,,
30,bootstrap_draw,8,10000,8906,-0.0010515140573542513,,,
30,bootstrap_draw,8,10000,8906,-0.0010337453668408402,,,
30,bootstrap_draw,8,10000,8906,-0.0010243241946078661,,,
30,bootstrap_draw,8,10000,8906,-0.0010358030817506966,,,
30,bootstrap_draw,8,10000,8906,-0.001031574014137397,,,
30,bootstrap_draw,8,10000,8906,-0.0010343507866344432,,,
30,bootstrap_draw,8,10000,8906,-0.0010266995278067463,,,
30,bootstrap_draw,8,10000,8906,-0.001048220634416075,,,
30,bootstrap_draw,8,10000,8906,-0.0010240758717294783,,,
30,bootstrap_draw,8,10000,8906,-0.0010334690774344555,,,
30,bootstrap_draw,8,10000,8906,-0.0010440323424705101,,,
30,bootstrap_draw,8,10000,8906,-0.001050035994457373,,,
30,bootstrap_draw,8,10000,8906,-0.0010332091474014246,,,
30,bootstrap_draw,8,10000,8906,-0.0010632908684023287,,,
30,bootstrap_draw,8,10000,8906,-0.0010451387653851133,,,
30,bootstrap_draw,8,10000,8906,-0.0010491460760737139,,,
30,bootstrap_draw,8,10000,8906,-0.0010245554422320178,,,
30,bootstrap_draw,8,10000,8906,-0.0010472681233381234,,,
30,bootstrap_draw,8,10000,8906,-0.0010577749604206237,,,
30,bootstrap_draw,8,10000,8906,-0.0010505887676821493,,,
30,bootstrap_draw,8,10000,8906,-0.001033611025255101,,,
30,bootstrap_draw,8,10000,8906,-0.0010544418589277706,,,
30,bootstrap_draw,8,10000,8906,-0.0010492060205931847,,,
30,bootstrap_draw,8,10000,8906,-0.001068372582739424,,,
30,bootstrap_draw,8,10000,8906,-0.0010196964430589203,,,
30,bootstrap_draw,8,10000,8906,-0.0010385026324686154,,,
30,bootstrap_draw,8,10000,8906,-0.0010526146613465644,,,
30,bootstrap_draw,8,10000,8906,-0.0010230695526398039,,,
30,bootstrap_draw,8,10000,8906,-0.0010394289813674548,,,
30,bootstrap_draw,8,10000,8906,-0.0010606418298059674,,,
30,bootstrap_draw,8,10000,8906,-0.001042723115117436,,,
30,bootstrap_draw,8,10000,8906,-0.0010568414740544981,,,
30,bootstrap_draw,8,10000,8906,-0.0010392229028779651,,,
30,bootstrap_draw,8,10000,8906,-0.0010515521070914252,,,
30,bootstrap_draw,8,10000,8906,-0.0010427833931701566,,,
30,bootstrap_draw,8,10000,8906,-0.0010525032422282231,,,
30,bootstrap_draw,8,10000,8906,-0.0010387760575427296,,,
30,bootstrap_draw,8,10000,8906,-0.001057861065642535,,,
30,bootstrap_draw,8,10000,8906,-0.0010476869017176833,,,
30,bootstrap_draw,8,10000,8906,-0.0010129309702788447,,,
30,bootstrap_draw,8,10000,8906,-0.001060990447223359,,,
30,bootstrap_draw,8,10000,8906,-0.0010452897542846623,,,
30,bootstrap_draw,8,10000,8906,-0.0010552567908826424,,,
30,bootstrap_draw,8,10000,8906,-0.001034255655468829,,,
30,bootstrap_draw,8,10000,8906,-0.0010159734417884254,,,
30,bootstrap_draw,8,10000,8906,-0.0010342221094288152,,,
30,bootstrap_draw,8,10000,8906,-0.0010399626877500088,,,
30,bootstrap_draw,8,10000,8906,-0.001025271723739154,,,
30,bootstrap_draw,8,10000,8906,-0.0010369645846786519,,,
30,bootstrap_draw,8,10000,8906,-0.0010509220442336677,,,
30,bootstrap_draw,8,10000,8906,-0.0010602752477057466,,,
30,bootstrap_draw,8,10000,8906,-0.0010696541250437602,,,
30,bootstrap_draw,8,10000,8906,-0.0010603978772760181,,,
30,bootstrap_draw,8,10000,8906,-0.0010201050596665643,,,
30,bootstrap_draw,8,10000,8906,-0.0010447636748706637,,,
30,bootstrap_draw,8,10000,8906,-0.0010490965824291802,,,
30,bootstrap_draw,8,10000,8906,-0.0010336921303836244,,,
30,bootstrap_draw,8,10000,8906,-0.001039335594594466,,,
30,bootstrap_draw,8,10000,8906,-0.0010417228458799073,,,
30,bootstrap_draw,8,10000,8906,-0.0010301343054582165,,,
30,bootstrap_draw,8,10000,8906,-0.0010637981924977843,,,
30,bootstrap_draw,8,10000,8906,-0.0010422664506252034,,,
30,bootstrap_draw,8,10000,8906,-0.0010558984136975912,,,
30,bootstrap_draw,8,10000,8906,-0.001023008737837354,,,
30,bootstrap_draw,8,10000,8906,-0.0010333162384105594,,,
30,bootstrap_draw,8,10000,8906,-0.0010674218526051087,,,
30,bootstrap_draw,8,10000,8906,-0.0010582130390102778,,,
30,bootstrap_draw,8,10000,8906,-0.0010244057076890115,,,
30,bootstrap_draw,8,10000,8906,-0.0010507830979227467,,,
30,bootstrap_draw,8,10000,8906,-0.001064046223515482,,,
30,bootstrap_draw,8,10000,8906,-0.0010323192982476372,,,
30,bootstrap_draw,8,10000,8906,-0.0010513067509340878,,,
30,bootstrap_draw,8,10000,8906,-0.0010564443351217413,,,
30,bootstrap_draw,8,10000,8906,-0.0010495879835176526,,,
30,bootstrap_draw,8,10000,8906,-0.001042821707847373,,,
30,bootstrap_draw,8,10000,8906,-0.0010434390953753135,,,
30,bootstrap_draw,8,10000,8906,-0.0010308310970019384,,,
30,bootstrap_draw,8,10000,8906,-0.001052732817861659,,,
30,bootstrap_draw,8,10000,8906,-0.001039722248326773,,,
30,bootstrap_draw,8,10000,8906,-0.0010359180345513143,,,
30,bootstrap_draw,8,10000,8906,-0.0010383645924454644,,,
30,bootstrap_draw,8,10000,8906,-0.001030562115985673,,,
30,bootstrap_draw,8,10000,8906,-0.0010430692018652016,,,
30,bootstrap_draw,8,10000,8906,-0.001039280347034587,,,
30,bootstrap_draw,8,10000,8906,-0.0010348004533527095,,,
30,bootstrap_draw,8,10000,8906,-0.0010400021668412504,,,
30,bootstrap_draw,8,10000,8906,-0.0010272283114747952,,,
30,bootstrap_draw,8,10000,8906,-0.0010373385316845935,,,
30,bootstrap_draw,8,10000,8906,-0.00103774719304598,,,
30,bootstrap_draw,8,10000,8906,-0.0010097894574280855,,,
30,bootstrap_draw,8,10000,8906,-0.0010285685132154357,,,
30,bootstrap_draw,8,10000,8906,-0.0010625389137222639,,,
30,bootstrap_draw,8,10000,8906,-0.001034750292422532,,,
30,bootstrap_draw,8,10000,8906,-0.0010380922782382345,,,
30,bootstrap_draw,8,10000,8906,-0.0010334303189366253,,,
30,bootstrap_draw,8,10000,8906,-0.001042230316961849,,,
30,bootstrap_draw,8,10000,8906,-0.001039997293780242,,,
30,bootstrap_draw,8,10000,8906,-0.00104953960926064,,,
30,bootstrap_draw,8,10000,8906,-0.001014410761378776,,,
30,bootstrap_draw,8,10000,8906,-0.001051871869218641,,,
30,bootstrap_draw,8,10000,8906,-0.0010247689308638267,,,
30,bootstrap_draw,8,10000,8906,-0.0010657280775435592,,,
30,bootstrap_draw,8,10000,8906,-0.0010446848635361108,,,
30,bootstrap_draw,8,10000,8906,-0.0010257138947284996,,,
30,bootstrap_draw,8,10000,8906,-0.0010330063496552825,,,
30,bootstrap_draw,8,10000,8906,-0.0010506199624078078,,,
30,bootstrap_draw,8,10000,8906,-0.0010397612630820643,,,
30,bootstrap_draw,8,10000,8906,-0.0010383019861948742,,,
30,bootstrap_draw,8,10000,8906,-0.0010465329631599086,,,
30,bootstrap_draw,8,10000,8906,-0.0010336500227970359,,,
30,bootstrap_draw,8,10000,8906,-0.0010179281821601082,,,
30,bootstrap_draw,8,10000,8906,-0.0010419511565038517,,,
30,bootstrap_draw,8,10000,8906,-0.0010602879927152158,,,
30,bootstrap_draw,8,10000,8906,-0.0010402595063063195,,,
30,bootstrap_draw,8,10000,8906,-0.0010552887728019942,,,
30,bootstrap_draw,8,10000,8906,-0.0010736042975491933,,,
30,bootstrap_draw,8,10000,8906,-0.0010603078083528349,,,
30,bootstrap_draw,8,10000,8906,-0.001046574192781299,,,
30,bootstrap_draw,8,10000,8906,-0.0010484892893783966,,,
30,bootstrap_draw,8,10000,8906,-0.001038564648973969,,,
30,bootstrap_draw,8,10000,8906,-0.0010499238960054468,,,
30,bootstrap_draw,8,10000,8906,-0.001053634419253956,,,
30,bootstrap_draw,8,10000,8906,-0.001044850362700719,,,
30,bootstrap_draw,8,10000,8906,-0.0010460905441613442,,,
30,bootstrap_draw,8,10000,8906,-0.0010692594042148477,,,
30,bootstrap_draw,8,10000,8906,-0.0010458413141301993,,,
30,bootstrap_draw,8,10000,8906,-0.0010520762402295403,,,
30,bootstrap_draw,8,10000,8906,-0.0010464775313812006,,,
30,bootstrap_draw,8,10000,8906,-0.001040926511721842,,,
30,bootstrap_draw,8,10000,8906,-0.001037374467369313,,,
30,bootstrap_draw,8,10000,8906,-0.0010318271923325396,,,
30,bootstrap_draw,8,10000,8906,-0.0010695901458381586,,,
30,bootstrap_draw,8,10000,8906,-0.001053640330296314,,,
30,bootstrap_draw,8,10000,8906,-0.001062686081592371,,,
30,bootstrap_draw,8,10000,8906,-0.0010480737515253336,,,
30,bootstrap_draw,8,10000,8906,-0.0010378844674588114,,,
30,bootstrap_draw,8,10000,8906,-0.0010463686803940677,,,
30,bootstrap_draw,8,10000,8906,-0.0010643843953254176,,,
30,bootstrap_draw,8,10000,8906,-0.0010380587114270565,,,
30,bootstrap_draw,8,10000,8906,-0.0010582165468564202,,,
30,bootstrap_draw,8,10000,8906,-0.0010036700424338463,,,
30,bootstrap_draw,8,10000,8906,-0.001029448743206639,,,
30,bootstrap_draw,8,10000,8906,-0.001059486287918911,,,
30,bootstrap_draw,8,10000,8906,-0.0010185015373506232,,,
30,bootstrap_draw,8,10000,8906,-0.001053780476539796,,,
30,bootstrap_draw,8,10000,8906,-0.0010534147638349113,,,
30,bootstrap_draw,8,10000,8906,-0.001061260476043597,,,
30,bootstrap_draw,8,10000,8906,-0.0010515311204591258,,,
30,bootstrap_draw,8,10000,8906,-0.0010485258262140855,,,
30,bootstrap_draw,8,10000,8906,-0.0010522379980004166,,,
30,bootstrap_draw,8,10000,8906,-0.0010165947088330916,,,
30,bootstrap_draw,8,10000,8906,-0.0010323335699139625,,,
30,bootstrap_draw,8,10000,8906,-0.0010575478302517,,,
30,bootstrap_draw,8,10000,8906,-0.0010303461377223454,,,
30,bootstrap_draw,8,10000,8906,-0.0010539849099799286,,,
30,bootstrap_draw,8,10000,8906,-0.0010380121504363835,,,
30,bootstrap_draw,8,10000,8906,-0.001031924091616673,,,
30,bootstrap_draw,8,10000,8906,-0.0010507239963872884,,,
30,bootstrap_draw,8,10000,8906,-0.001035359454976783,,,
30,bootstrap_draw,8,10000,8906,-0.00104787050376314,,,
30,bootstrap_draw,8,10000,8906,-0.0010698622036940974,,,
30,bootstrap_draw,8,10000,8906,-0.001060013231662619,,,
30,bootstrap_draw,8,10000,8906,-0.0010344146120520989,,,
30,bootstrap_draw,8,10000,8906,-0.0010385638965465702,,,
30,bootstrap_draw,8,10000,8906,-0.0010455901228958312,,,
30,bootstrap_draw,8,10000,8906,-0.0010305018649399323,,,
30,bootstrap_draw,8,10000,8906,-0.0010724156976819547,,,
30,bootstrap_draw,8,10000,8906,-0.001039960888569646,,,
30,bootstrap_draw,8,10000,8906,-0.0010366712326395548,,,
30,bootstrap_draw,8,10000,8906,-0.0010335079760089212,,,
30,bootstrap_draw,8,10000,8906,-0.0010407581438929895,,,
30,bootstrap_draw,8,10000,8906,-0.0010497749897290254,,,
30,bootstrap_draw,8,10000,8906,-0.001050224437144667,,,
30,bootstrap_draw,8,10000,8906,-0.001062414700242523,,,
30,bootstrap_draw,8,10000,8906,-0.0010685626648692806,,,
30,bootstrap_draw,8,10000,8906,-0.001040743888546675,,,
30,bootstrap_draw,8,10000,8906,-0.001032454096067636,,,
30,bootstrap_draw,8,10000,8906,-0.001058419480654001,,,
30,bootstrap_draw,8,10000,8906,-0.0010162180231537087,,,
30,bootstrap_draw,8,10000,8906,-0.0010330488090617032,,,
30,bootstrap_draw,8,10000,8906,-0.0010710482443160622,,,
30,bootstrap_draw,8,10000,8906,-0.0010475953637785853,,,
30,bootstrap_draw,8,10000,8906,-0.001026988657729954,,,
30,bootstrap_draw,8,10000,8906,-0.0010786136206301393,,,
30,bootstrap_draw,8,10000,8906,-0.0010342676131781545,,,
30,bootstrap_draw,8,10000,8906,-0.0010558207188650914,,,
30,bootstrap_draw,8,10000,8906,-0.0010318451660683182,,,
30,bootstrap_draw,8,10000,8906,-0.0010538738748563973,,,
30,bootstrap_draw,8,10000,8906,-0.0010204995147672618,,,
30,bootstrap_draw,8,10000,8906,-0.0010432956936457097,,,
30,bootstrap_draw,8,10000,8906,-0.0010577223656399004,,,
30,bootstrap_draw,8,10000,8906,-0.0010484964927511002,,,
30,bootstrap_draw,8,10000,8906,-0.0010517029228602525,,,
30,bootstrap_draw,8,10000,8906,-0.0010314954393799516,,,
30,bootstrap_draw,8,10000,8906,-0.001053226818174779,,,
30,bootstrap_draw,8,10000,8906,-0.0010500836293779261,,,
30,bootstrap_draw,8,10000,8906,-0.0010229927462207602,,,
30,bootstrap_draw,8,10000,8906,-0.0010638994907718592,,,
30,bootstrap_draw,8,10000,8906,-0.0010510465798866436,,,
30,bootstrap_draw,8,10000,8906,-0.0010457336627490523,,,
30,bootstrap_draw,8,10000,8906,-0.0010217612162239478,,,
30,bootstrap_draw,8,10000,8906,-0.00105325076287453,,,
30,bootstrap_draw,8,10000,8906,-0.0010449007437243272,,,
30,bootstrap_draw,8,10000,8906,-0.0010564088439996367,,,
30,bootstrap_draw,8,10000,8906,-0.0010340759735745291,,,
30,bootstrap_draw,8,10000,8906,-0.0010562905871557091,,,
30,bootstrap_draw,8,10000,8906,-0.001031163467241269,,,
30,bootstrap_draw,8,10000,8906,-0.0010271603030882525,,,
30,bootstrap_draw,8,10000,8906,-0.001064856537799792,,,
30,bootstrap_draw,8,10000,8906,-0.0010390917711225536,,,
30,bootstrap_draw,8,10000,8906,-0.001065809956115352,,,
30,bootstrap_draw,8,10000,8906,-0.0010381069580197722,,,
30,bootstrap_draw,8,10000,8906,-0.0010513361166697012,,,
30,bootstrap_draw,8,10000,8906,-0.0010671502317858407,,,
30,bootstrap_draw,8,10000,8906,-0.0010276837400610608,,,
30,bootstrap_draw,8,10000,8906,-0.0010435545920101288,,,
30,bootstrap_draw,8,10000,8906,-0.001052157048956818,,,
30,bootstrap_draw,8,10000,8906,-0.0010628548060163602,,,
30,bootstrap_draw,8,10000,8906,-0.001070005781058539,,,
30,bootstrap_draw,8,10000,8906,-0.0010309785742380687,,,
30,bootstrap_draw,8,10000,8906,-0.0010425066374579876,,,
30,bootstrap_draw,8,10000,8906,-0.0010495807754243207,,,
30,bootstrap_draw,8,10000,8906,-0.0010387331578655154,,,
30,bootstrap_draw,8,10000,8906,-0.0010242283673123245,,,
30,bootstrap_draw,8,10000,8906,-0.0010620093184043422,,,
30,bootstrap_draw,8,10000,8906,-0.0010224447623114997,,,
30,bootstrap_draw,8,10000,8906,-0.0010334966439269882,,,
30,bootstrap_draw,8,10000,8906,-0.0010444536639658416,,,
30,bootstrap_draw,8,10000,8906,-0.0010364390533919856,,,
30,bootstrap_draw,8,10000,8906,-0.0010307075526584534,,,
30,bootstrap_draw,8,10000,8906,-0.0010234497249070043,,,
30,bootstrap_draw,8,10000,8906,-0.001032455929036339,,,
30,bootstrap_draw,8,10000,8906,-0.0010580059202480085,,,
30,bootstrap_draw,8,10000,8906,-0.0010358573691124993,,,
30,bootstrap_draw,8,10000,8906,-0.001050456657917622,,,
30,bootstrap_draw,8,10000,8906,-0.0010218152417756758,,,
30,bootstrap_draw,8,10000,8906,-0.0010670679388932167,,,
30,bootstrap_draw,8,10000,8906,-0.0010540127917645296,,,
30,bootstrap_draw,8,10000,8906,-0.0010396705164172292,,,
30,bootstrap_draw,8,10000,8906,-0.001051583816696659,,,
30,bootstrap_draw,8,10000,8906,-0.0010440546952919054,,,
30,bootstrap_draw,8,10000,8906,-0.001060841968142779,,,
30,bootstrap_draw,8,10000,8906,-0.0010279109090572322,,,
30,bootstrap_draw,8,10000,8906,-0.0010425441120410512,,,
30,bootstrap_draw,8,10000,8906,-0.0010385175771733183,,,
30,bootstrap_draw,8,10000,8906,-0.0010485955626842274,,,
30,bootstrap_draw,8,10000,8906,-0.0010135127221079798,,,
30,bootstrap_draw,8,10000,8906,-0.001038342578963944,,,
30,bootstrap_draw,8,10000,8906,-0.0010427845366826173,,,
30,bootstrap_draw,8,10000,8906,-0.0010383984484356723,,,
30,bootstrap_draw,8,10000,8906,-0.0010462601990855276,,,
30,bootstrap_draw,8,10000,8906,-0.0010464819003944315,,,
30,bootstrap_draw,8,10000,8906,-0.0010701906391511213,,,
30,bootstrap_draw,8,10000,8906,-0.00104246757990282,,,
30,bootstrap_draw,8,10000,8906,-0.0010255671366287908,,,
30,bootstrap_draw,8,10000,8906,-0.0010319700264597815,,,
30,bootstrap_draw,8,10000,8906,-0.0010433176813235516,,,
30,bootstrap_draw,8,10000,8906,-0.0010338795639150114,,,
30,bootstrap_draw,8,10000,8906,-0.0010234514444698313,,,
30,bootstrap_draw,8,10000,8906,-0.0010521813499670106,,,
30,bootstrap_draw,8,10000,8906,-0.001068703011114773,,,
30,bootstrap_draw,8,10000,8906,-0.0010519041256339154,,,
30,bootstrap_draw,8,10000,8906,-0.0010658902816373579,,,
30,bootstrap_draw,8,10000,8906,-0.0010708235994944353,,,
30,bootstrap_draw,8,10000,8906,-0.0010513222782289001,,,
30,bootstrap_draw,8,10000,8906,-0.0010470522439256253,,,
30,bootstrap_draw,8,10000,8906,-0.0010498959079486756,,,
30,bootstrap_draw,8,10000,8906,-0.001017773372653965,,,
30,bootstrap_draw,8,10000,8906,-0.0010444202281354462,,,
30,bootstrap_draw,8,10000,8906,-0.001065314601567676,,,
30,bootstrap_draw,8,10000,8906,-0.0010424998125150259,,,
30,bootstrap_draw,8,10000,8906,-0.0010568434826317501,,,
30,bootstrap_draw,8,10000,8906,-0.0010767217545729262,,,
30,bootstrap_draw,8,10000,8906,-0.0010318093637657207,,,
30,bootstrap_draw,8,10000,8906,-0.0010480370010203719,,,
30,bootstrap_draw,8,10000,8906,-0.0010334807068087908,,,
30,bootstrap_draw,8,10000,8906,-0.0010294567905447779,,,
30,bootstrap_draw,8,10000,8906,-0.001032501007806651,,,
30,bootstrap_draw,8,10000,8906,-0.001041071965715782,,,
30,bootstrap_draw,8,10000,8906,-0.0010356301862542866,,,
30,bootstrap_draw,8,10000,8906,-0.0010750160475731091,,,
30,bootstrap_draw,8,10000,8906,-0.0010599947626482166,,,
30,bootstrap_draw,8,10000,8906,-0.0010254742511941195,,,
30,bootstrap_draw,8,10000,8906,-0.001038710811207356,,,
30,bootstrap_draw,8,10000,8906,-0.0010509608490953276,,,
30,bootstrap_draw,8,10000,8906,-0.0010562894731117826,,,
30,bootstrap_draw,8,10000,8906,-0.00104434994096498,,,
30,bootstrap_draw,8,10000,8906,-0.0010525276126983885,,,
30,bootstrap_draw,8,10000,8906,-0.001031840322387493,,,
30,bootstrap_draw,8,10000,8906,-0.001048564980056034,,,
30,bootstrap_draw,8,10000,8906,-0.001040086580980019,,,
30,bootstrap_draw,8,10000,8906,-0.0010409400369322354,,,
30,bootstrap_draw,8,10000,8906,-0.0010483667651313743,,,
30,bootstrap_draw,8,10000,8906,-0.0010366575350953154,,,
30,bootstrap_draw,8,10000,8906,-0.0010507847863411484,,,
30,bootstrap_draw,8,10000,8906,-0.001053170391427431,,,
30,bootstrap_draw,8,10000,8906,-0.0010413690434021893,,,
30,bootstrap_draw,8,10000,8906,-0.001046164524496947,,,
30,bootstrap_draw,8,10000,8906,-0.0010437508182463758,,,
30,bootstrap_draw,8,10000,8906,-0.001067676991091903,,,
30,bootstrap_draw,8,10000,8906,-0.0010319586906851026,,,
30,bootstrap_draw,8,10000,8906,-0.0010251079526086184,,,
30,bootstrap_draw,8,10000,8906,-0.001068390447117017,,,
30,bootstrap_draw,8,10000,8906,-0.0010635694531747847,,,
30,bootstrap_draw,8,10000,8906,-0.0010654880025448377,,,
30,bootstrap_draw,8,10000,8906,-0.0010414469653931369,,,
30,bootstrap_draw,8,10000,8906,-0.0010564644408059258,,,
30,bootstrap_draw,8,10000,8906,-0.0010288974190685544,,,
30,bootstrap_draw,8,10000,8906,-0.0010404344547371755,,,
30,bootstrap_draw,8,10000,8906,-0.0010596033022093616,,,
30,bootstrap_draw,8,10000,8906,-0.001044399761285449,,,
30,bootstrap_draw,8,10000,8906,-0.0010367987887165491,,,
30,bootstrap_draw,8,10000,8906,-0.00103468526961937,,,
30,bootstrap_draw,8,10000,8906,-0.0010362056282511717,,,
30,bootstrap_draw,8,10000,8906,-0.0010593975595095226,,,
30,bootstrap_draw,8,10000,8906,-0.001031376626564988,,,
30,bootstrap_draw,8,10000,8906,-0.0010364247693586274,,,
30,bootstrap_draw,8,10000,8906,-0.0010049991873393727,,,
30,bootstrap_draw,8,10000,8906,-0.001059332317888783,,,
30,bootstrap_draw,8,10000,8906,-0.0010707854292418776,,,
30,bootstrap_draw,8,10000,8906,-0.0010575118066874177,,,
30,bootstrap_draw,8,10000,8906,-0.0010248236473308294,,,
30,bootstrap_draw,8,10000,8906,-0.0010435653912273034,,,
30,bootstrap_draw,8,10000,8906,-0.0010523403048274453,,,
30,bootstrap_draw,8,10000,8906,-0.0010657798720939058,,,
30,bootstrap_draw,8,10000,8906,-0.0010402502835163913,,,
30,bootstrap_draw,8,10000,8906,-0.0010404898600578178,,,
30,bootstrap_draw,8,10000,8906,-0.001055057246007292,,,
30,bootstrap_draw,8,10000,8906,-0.0010204385637065695,,,
30,bootstrap_draw,8,10000,8906,-0.0010335027555083596,,,
30,bootstrap_draw,8,10000,8906,-0.001063323395666203,,,
30,bootstrap_draw,8,10000,8906,-0.0010387563441627303,,,
30,bootstrap_draw,8,10000,8906,-0.0010545360933580151,,,
30,bootstrap_draw,8,10000,8906,-0.001028902047894053,,,
30,bootstrap_draw,8,10000,8906,-0.0010261214307527254,,,
30,bootstrap_draw,8,10000,8906,-0.0010510312548310025,,,
30,bootstrap_draw,8,10000,8906,-0.001040500735363366,,,
30,bootstrap_draw,8,10000,8906,-0.0010604115232598216,,,
30,bootstrap_draw,8,10000,8906,-0.001061125698200308,,,
30,bootstrap_draw,8,10000,8906,-0.0010355928494746687,,,
30,bootstrap_draw,8,10000,8906,-0.0010436106103342525,,,
30,bootstrap_draw,8,10000,8906,-0.0010392050510830315,,,
30,bootstrap_draw,8,10000,8906,-0.0010313291772761576,,,
30,bootstrap_draw,8,10000,8906,-0.0010661602707511871,,,
30,bootstrap_draw,8,10000,8906,-0.0010512739684443925,,,
30,bootstrap_draw,8,10000,8906,-0.0010365724170948493,,,
30,bootstrap_draw,8,10000,8906,-0.0010568649327609898,,,
30,bootstrap_draw,8,10000,8906,-0.001030750032235569,,,
30,bootstrap_draw,8,10000,8906,-0.001026156019742275,,,
30,bootstrap_draw,8,10000,8906,-0.001052383495884788,,,
30,bootstrap_draw,8,10000,8906,-0.0010617362718614777,,,
30,bootstrap_draw,8,10000,8906,-0.0010575473019677141,,,
30,bootstrap_draw,8,10000,8906,-0.0010329426332962499,,,
30,bootstrap_draw,8,10000,8906,-0.0010441349830117546,,,
30,bootstrap_draw,8,10000,8906,-0.0010121804184218656,,,
30,bootstrap_draw,8,10000,8906,-0.0010563462199413474,,,
30,bootstrap_draw,8,10000,8906,-0.0010722037493930935,,,
30,bootstrap_draw,8,10000,8906,-0.0010320867807561795,,,
30,bootstrap_draw,8,10000,8906,-0.0010302727540122908,,,
30,bootstrap_draw,8,10000,8906,-0.0010627596671378685,,,
30,bootstrap_draw,8,10000,8906,-0.001017551856781671,,,
30,bootstrap_draw,8,10000,8906,-0.0010400824219837048,,,
30,bootstrap_draw,8,10000,8906,-0.0010476628045297035,,,
30,bootstrap_draw,8,10000,8906,-0.0010522397703836763,,,
30,bootstrap_draw,8,10000,8906,-0.001071588564291102,,,
30,bootstrap_draw,8,10000,8906,-0.001062114923102224,,,
30,bootstrap_draw,8,10000,8906,-0.0010596107680876162,,,
30,bootstrap_draw,8,10000,8906,-0.0010702040313841303,,,
30,bootstrap_draw,8,10000,8906,-0.001045946836936305,,,
30,bootstrap_draw,8,10000,8906,-0.0010502932141145704,,,
30,bootstrap_draw,8,10000,8906,-0.0010449367903222052,,,
30,bootstrap_draw,8,10000,8906,-0.001037694271066995,,,
30,bootstrap_draw,8,10000,8906,-0.0010667442738469019,,,
30,bootstrap_draw,8,10000,8906,-0.001055754749490125,,,
30,bootstrap_draw,8,10000,8906,-0.001058645822002441,,,
30,bootstrap_draw,8,10000,8906,-0.0010231833273533196,,,
30,bootstrap_draw,8,10000,8906,-0.0010840567546424613,,,
30,bootstrap_draw,8,10000,8906,-0.0010396261197133292,,,
30,bootstrap_draw,8,10000,8906,-0.0010424861764246876,,,
30,bootstrap_draw,8,10000,8906,-0.0010485683844126755,,,
30,bootstrap_draw,8,10000,8906,-0.0010621612090472518,,,
30,bootstrap_draw,8,10000,8906,-0.0010337962306072256,,,
30,bootstrap_draw,8,10000,8906,-0.0010375507636855045,,,
30,bootstrap_draw,8,10000,8906,-0.0010739143628193944,,,
30,bootstrap_draw,8,10000,8906,-0.0010438799775264514,,,
30,bootstrap_draw,8,10000,8906,-0.001061085960128745,,,
30,bootstrap_draw,8,10000,8906,-0.0010425054992671083,,,
30,bootstrap_draw,8,10000,8906,-0.0010518110169746811,,,
30,bootstrap_draw,8,10000,8906,-0.0010418559805832335,,,
30,bootstrap_draw,8,10000,8906,-0.0010508018785455704,,,
30,bootstrap_draw,8,10000,8906,-0.0010448272854765158,,,
30,bootstrap_draw,8,10000,8906,-0.0010291395649370076,,,
30,bootstrap_draw,8,10000,8906,-0.0010517820777070984,,,
30,bootstrap_draw,8,10000,8906,-0.0010640714777297917,,,
30,bootstrap_draw,8,10000,8906,-0.0010240469446391744,,,
30,bootstrap_draw,8,10000,8906,-0.0010484256754784164,,,
30,bootstrap_draw,8,10000,8906,-0.0010417261970409888,,,
30,bootstrap_draw,8,10000,8906,-0.001046600163132996,,,
30,bootstrap_draw,8,10000,8906,-0.0010628900261557155,,,
30,bootstrap_draw,8,10000,8906,-0.0010204287410307089,,,
30,bootstrap_draw,8,10000,8906,-0.0010435659870201568,,,
30,bootstrap_draw,8,10000,8906,-0.0010404204741136646,,,
30,bootstrap_draw,8,10000,8906,-0.0010647968572062183,,,
30,bootstrap_draw,8,10000,8906,-0.001055664676133579,,,
30,bootstrap_draw,8,10000,8906,-0.001029076921505008,,,
30,bootstrap_draw,8,10000,8906,-0.0010464727329314218,,,
30,bootstrap_draw,8,10000,8906,-0.0010744791375572474,,,
30,bootstrap_draw,8,10000,8906,-0.0010331707824271388,,,
30,bootstrap_draw,8,10000,8906,-0.001043573634963697,,,
30,bootstrap_draw,8,10000,8906,-0.001020765476177327,,,
30,bootstrap_draw,8,10000,8906,-0.0010242523922349598,,,
30,bootstrap_draw,8,10000,8906,-0.0010740121671771084,,,
30,bootstrap_draw,8,10000,8906,-0.0010301422261691229,,,
30,bootstrap_draw,8,10000,8906,-0.001042064868622223,,,
30,bootstrap_draw,8,10000,8906,-0.0010565284824522114,,,
30,bootstrap_draw,8,10000,8906,-0.0010478819997986459,,,
30,bootstrap_draw,8,10000,8906,-0.0010584497965341745,,,
30,bootstrap_draw,8,10000,8906,-0.0010590376562320514,,,
30,bootstrap_draw,8,10000,8906,-0.0010271073767727228,,,
30,bootstrap_draw,8,10000,8906,-0.0010445481726455888,,,
30,bootstrap_draw,8,10000,8906,-0.0010506650539363702,,,
30,bootstrap_draw,8,10000,8906,-0.001054048344409017,,,
30,bootstrap_draw,8,10000,8906,-0.0010306168175646898,,,
30,bootstrap_draw,8,10000,8906,-0.0010473552864715973,,,
30,bootstrap_draw,8,10000,8906,-0.0010436797275768406,,,
30,bootstrap_draw,8,10000,8906,-0.001020232804075534,,,
30,bootstrap_draw,8,10000,8906,-0.0010446914633689488,,,
30,bootstrap_draw,8,10000,8906,-0.0010698940915838727,,,
30,bootstrap_draw,8,10000,8906,-0.0010374623479226842,,,
30,bootstrap_draw,8,10000,8906,-0.0010357835634382995,,,
30,bootstrap_draw,8,10000,8906,-0.0010577572485645833,,,
30,bootstrap_draw,8,10000,8906,-0.001050574899409514,,,
30,bootstrap_draw,8,10000,8906,-0.0010452173900641585,,,
30,bootstrap_draw,8,10000,8906,-0.0010199039687257589,,,
30,bootstrap_draw,8,10000,8906,-0.00105661585618065,,,
30,bootstrap_draw,8,10000,8906,-0.0010782915645972731,,,
30,bootstrap_draw,8,10000,8906,-0.0010582430195199184,,,
30,bootstrap_draw,8,10000,8906,-0.0010458323845440605,,,
30,bootstrap_draw,8,10000,8906,-0.001048561785869285,,,
30,bootstrap_draw,8,10000,8906,-0.0010424484999584467,,,
30,bootstrap_draw,8,10000,8906,-0.001066312143813607,,,
