date,symbol,quality_passed,quality_failures,archive_filename,archive_size_bytes,archive_sha256,raw_rows,snapshots,updates,parse_errors,out_of_order_rows,start_delay_ms,end_early_ms,sample_count,bucket_rows,cache_sha256,completed_at_utc
2025-10-08,ADA-USDT,True,,ADA-USDT-L2orderbook-400lv-2025-10-08.tar.gz,85939721,f0a6c3483c662f64329c3778d2246a4a46920dd39ab4f2645a9f3f1b238cb159,3029644,1440,3028204,0,0,10,125,1440,96,a8811c5147d8d5b6f2b919eb12a7485f3b1cd090c17e80237d33a1af7b4a4371,
2025-10-08,AVAX-USDT,True,,AVAX-USDT-L2orderbook-400lv-2025-10-08.tar.gz,142551883,f156baa57113f5a181cf0073b852e7c08fd55457df2a5436a51d4cc0641a0ef8,4473642,1440,4472202,0,0,13,70,1440,96,18ecb699c93d66180b2ca6da197c83a284b90503534373a4f5aefc3f853a16b7,
2025-10-08,BTC-USDT,True,,BTC-USDT-L2orderbook-400lv-2025-10-08.tar.gz,194620157,394d28d28d226a84beb1a11c09f80bdfc69b7b526da6fb493d1b06d78d54acbf,5285204,1440,5283764,0,0,3,10,1440,96,82518eae429b9ba4a5ca6f491473b2846ece097cabb4275d8be0a96677df3c27,
2025-10-08,DOGE-USDT,True,,DOGE-USDT-L2orderbook-400lv-2025-10-08.tar.gz,306150439,194c3d6300439430209c78fbd11d53d39985e08992c6bbda9282630e50963189,5430744,1440,5429304,0,0,7,14,1440,96,efbc5c72506284647478f2e2519223d1140e87398acfd354f7b93b6567208beb,2026-07-22T08:24:01.796662+00:00
2025-10-08,ETH-USDT,True,,ETH-USDT-L2orderbook-400lv-2025-10-08.tar.gz,224564247,2635d499e4e38a0ffe4cefce901ad407d90dce0bb7f995eb99c25fb9ad4540a1,5240783,1440,5239343,0,0,0,75,1440,96,9f2789d703df152432330eaa58e64f518e946a66dda259b898d785e9b29b1927,2026-07-22T08:23:32.610147+00:00
2025-10-08,SOL-USDT,True,,SOL-USDT-L2orderbook-400lv-2025-10-08.tar.gz,167100522,01d2fe6bfdf75ef1029b3d5f64182efecd301ef99fc8c71c54ede80184bd149f,4444650,1440,4443210,0,0,7,14,1440,96,4fb211a6e03f52fedd415a6e1e9e557079b51cb37b8ee1b4460eb923069c9ea6,
2025-10-08,XRP-USDT,True,,XRP-USDT-L2orderbook-400lv-2025-10-08.tar.gz,129783296,25b9b89599c9b481553dcfed0ca8d7e9d10df28f2faead4bfab9a217f6c3733b,3794040,1440,3792600,0,0,17,74,1440,96,ae812e7e4e6c0c16137ad2b38391857d54d373d1395a6d240629cd7fcc3f7cab,
2025-10-09,ADA-USDT,True,,ADA-USDT-L2orderbook-400lv-2025-10-09.tar.gz,87712658,5e3583b88cd4111c0401212c312cb5abc8cf2ac464b357335ecbdff98a9fed3a,3097150,1444,3095706,0,0,45,20,1440,96,d007a75474af861f3e7f8b28ac72b72521a1ff5f59df214b10c5b35453ae094f,2026-07-22T08:24:15.455408+00:00
2025-10-09,AVAX-USDT,True,,AVAX-USDT-L2orderbook-400lv-2025-10-09.tar.gz,138667358,2f24676bc29a4e63571e764f39bb1efc8c76bffb4d1e71acf56fadc0fab6a688,4455948,1447,4454501,0,0,10,87,1440,96,3c0e97c9460ad541221267f3444dc30e884a8af80bfb381642861396c9334fae,2026-07-22T08:24:36.021413+00:00
2025-10-09,BTC-USDT,True,,BTC-USDT-L2orderbook-400lv-2025-10-09.tar.gz,186761385,271eea64be634dd6a769e7d820879fea1f5de3ef67b5f2ac3c120b785a8221cb,5184958,1442,5183516,0,0,10,17,1440,96,34c8fb1b232ebddd91e6f5aca4b667fdb1b87261d61255d0753db91e7b630c83,2026-07-22T08:25:44.144970+00:00
2025-10-09,DOGE-USDT,True,,DOGE-USDT-L2orderbook-400lv-2025-10-09.tar.gz,312392922,67695f7c607f2d1a3e24293376db21cf4d37d71ad0e9b055ce35c1611c941fda,5555385,1443,5553942,0,0,16,18,1440,96,c8b7136c26bf464603b13230d30e521557cddaaaebe082e4c7655b1b4f743f90,2026-07-22T08:26:47.623112+00:00
2025-10-09,ETH-USDT,True,,ETH-USDT-L2orderbook-400lv-2025-10-09.tar.gz,236032523,9aaca38e642dac28f1bec1896a5822271ca97d939b3b1def9c3b5d95315cb7c6,5262732,1445,5261287,0,0,5,10,1440,96,63212fa1ee4e306785ea29d1f05510b9aaed60c745095c73cb73b02c8669452a,2026-07-22T08:26:17.852638+00:00
2025-10-09,SOL-USDT,True,,SOL-USDT-L2orderbook-400lv-2025-10-09.tar.gz,167232107,096c874fd85ccbd64faf5a62d07abdf7bbaba611a55eb6d684dedba556235ecb,4125093,1441,4123652,0,0,6,140,1440,96,10bba6b5e6cef31095964aeceb31057998b96920d2ae7eda31a04983bf1a827e,2026-07-22T08:25:13.905452+00:00
2025-10-09,XRP-USDT,True,,XRP-USDT-L2orderbook-400lv-2025-10-09.tar.gz,140189699,872478cb0b6aa896e3b302d879a8be28a5c74e22e913ce97ff438f0836c7ae8a,3991906,1442,3990464,0,0,6,18,1440,96,5458407e4029412edec652bdb731b8d5ec1d39c8ce586334103a7f4cb8fbcda2,2026-07-22T08:24:52.860502+00:00
2025-10-10,ADA-USDT,True,,ADA-USDT-L2orderbook-400lv-2025-10-10.tar.gz,150427362,9e43bcaf976c2a2ecf8daa05a8ee0844d7d01dae6252382366df70ca2ff0e003,3922218,1442,3920776,0,0,50,9,1440,96,1a113a49a18fecc82ed97406e427b7c6dc080d0dc684de94df8ba62786dc79d4,2026-07-22T08:27:09.327631+00:00
2025-10-10,AVAX-USDT,True,,AVAX-USDT-L2orderbook-400lv-2025-10-10.tar.gz,188699147,4058c8f2a8b787fdc7eb81bda69a7a34ff0356e2f8af5e2fba16b7d76176fa5f,4905098,1442,4903656,0,0,43,34,1440,96,e6288cdad98b58a6737512a1f1288aa92a75774348706b4fa8a87007df97a832,2026-07-22T08:27:33.819810+00:00
2025-10-10,BTC-USDT,True,,BTC-USDT-L2orderbook-400lv-2025-10-10.tar.gz,279207089,73ce19b57c61aa4e9c1daca5329dee366990b40d23d1d1b6e82b93bb803bfb79,5708006,1442,5706564,0,0,3,4,1440,96,8085314cb0be8bc5cc98bee7f4e1cb2447cbb3b1f411c894d812bfc1695a614f,2026-07-22T08:29:10.823341+00:00
2025-10-10,DOGE-USDT,True,,DOGE-USDT-L2orderbook-400lv-2025-10-10.tar.gz,489357470,1fcd052cd4196c0d183761a6d4786df2b2b07ff59016966afbd0664da04512b6,6531812,1440,6530372,0,0,32,31,1440,96,d9211b54c9351cf9c4816ddb1350d522f00e97928deaafb5279fa12e9ff2e2c1,2026-07-22T08:30:46.522518+00:00
2025-10-10,ETH-USDT,True,,ETH-USDT-L2orderbook-400lv-2025-10-10.tar.gz,356016058,5fd998b5b57ad0cbdf924d039d67c983a263ce5f74ac91ac3b1c8485985c1244,6141039,1440,6139599,0,0,10,19,1440,96,f79d1c178990cceb04c5868d5b4b76e228cd9e845f1a0e39f5e9a9b424437344,2026-07-22T08:30:03.429126+00:00
2025-10-10,SOL-USDT,True,,SOL-USDT-L2orderbook-400lv-2025-10-10.tar.gz,254231723,7fc70eb688e0412e1a16a5b36b1de0020ee46e83433b2ed60c7e05ac4ef687c2,5137636,1442,5136194,0,0,10,20,1440,96,e8eeb3bb59bffedfadf94f6f9480ba444e528e6ed76869f6e711c3a61f293dc3,2026-07-22T08:28:29.384664+00:00
2025-10-10,XRP-USDT,True,,XRP-USDT-L2orderbook-400lv-2025-10-10.tar.gz,228183811,812e1ce912ab9bebbc8ad13d2bcedf01d07a1853ff0dd111ee9cf4a587cce39e,4922958,1445,4921513,0,0,42,11,1440,96,9c93f8e038fb102f791abc20efc90c2a435bbfe0a1194366eb1f0338e05d9710,2026-07-22T08:27:58.885071+00:00
2025-10-11,ADA-USDT,True,,ADA-USDT-L2orderbook-400lv-2025-10-11.tar.gz,165885214,0be0fe9edcbbc74e3be1de5a5d442c4b0c2959dfb59064bfcaa988d766266a0e,4672033,1440,4670593,0,0,1,109,1440,96,ae9211f75ce1bbe0d344654629666d086c25f41b93ca89e384b1290986d12c81,2026-07-22T08:31:09.785450+00:00
2025-10-11,AVAX-USDT,True,,AVAX-USDT-L2orderbook-400lv-2025-10-11.tar.gz,198683606,d052ca0a6e92899cde5ccf278a77644b168c14b3e8fd42f187d5864e50950a1a,5297949,1440,5296509,0,0,6,100,1440,96,883bda9ce1f0f291cf49077f0bde6d5b4f83d7091cb072d4745242d5587d5363,2026-07-22T08:31:37.808719+00:00
2025-10-11,BTC-USDT,True,,BTC-USDT-L2orderbook-400lv-2025-10-11.tar.gz,270267329,2619321232e9d8c1ca69db18034e8988fcfe8e6c8c060a8ac2c4a2887d9ae089,6231997,1440,6230557,0,0,6,10,1440,96,9f9f35aa252a4937127c592bb01f7c4615222ba2159551000b702ef9aae52a6f,2026-07-22T08:32:49.086288+00:00
2025-10-11,DOGE-USDT,True,,DOGE-USDT-L2orderbook-400lv-2025-10-11.tar.gz,578916484,9322ad60c2b713b67bdf86ba1a9d71aeea071335fdd15b96d7c9cdd213d55625,6654228,1440,6652788,0,0,9,17,1440,96,dbfbcd3a77fcdc33bf74c657ecab18a8ae0e95672ab05ebce1f03498f089faff,2026-07-22T08:34:47.338828+00:00
2025-10-11,ETH-USDT,True,,ETH-USDT-L2orderbook-400lv-2025-10-11.tar.gz,317807901,ba6d56383533b61e1dac4ecbc0a4c8f595d5fddca7a995f5f5783eb5c234112c,6587812,1440,6586372,0,0,11,9,1440,96,63d508248d8ac0e9a85cddde903c5feb8bc51f3689b73c94df505cd686e6b2fa,2026-07-22T08:34:00.366272+00:00
2025-10-11,SOL-USDT,True,,SOL-USDT-L2orderbook-400lv-2025-10-11.tar.gz,241139690,1dee70e733b88a823f49dd2143d83d0ab3e58c853c0c60344fe1a5ce14bac6ea,5611523,1440,5610083,0,0,10,18,1440,96,2cf23bc546ee4f6222a6a3fd2d74d2298fadfc99d6b771a746bc2ec7745a4798,2026-07-22T08:32:08.219751+00:00
2025-10-11,XRP-USDT,True,,XRP-USDT-L2orderbook-400lv-2025-10-11.tar.gz,291996242,dec5ea99a0e1edd5cbcce8239d5579fb32fc26075afb90856fb3fc2389c698f3,5986586,1440,5985146,0,0,9,7,1440,96,472552cb2f472616222cac99e0d6766c9fafd7745678902fc634b13c27fc7751,2026-07-22T08:33:19.851593+00:00
2025-10-12,ADA-USDT,True,,ADA-USDT-L2orderbook-400lv-2025-10-12.tar.gz,125901915,57dcdfedf75545a53cdaa743721bc99ca2d54fa0c064301409398a5a17a017ea,3794871,1440,3793431,0,0,21,88,1440,96,689d6862bd8e8aa2cbe79b99b36ca804163e4d950400077c638859869668b628,2026-07-22T08:35:06.111146+00:00
2025-10-12,AVAX-USDT,True,,AVAX-USDT-L2orderbook-400lv-2025-10-12.tar.gz,183941014,8a081c9e4fb4d4ae838c3e01c651178339aa7b381d23ecba70c6227a09bfa401,4717416,1440,4715976,0,0,10,20,1440,96,19020af017f5c3d674a15f002de38cf4cf1842f5257c5ab0d0e0e3527f0bd9f8,2026-07-22T08:35:29.149188+00:00
2025-10-12,BTC-USDT,True,,BTC-USDT-L2orderbook-400lv-2025-10-12.tar.gz,270835450,5fba0fbae45a2a67a6efff9c490bfc851e704a514186b7cf2198b46469294b63,6298783,1440,6297343,0,0,0,10,1440,96,d36d9b5137a851545a88788b18bc153960fd9f33c52b4d7b50ec464a96cea494,2026-07-22T08:37:03.201214+00:00
2025-10-12,DOGE-USDT,True,,DOGE-USDT-L2orderbook-400lv-2025-10-12.tar.gz,435620869,49ea469b628e3eb6a888554c829463638dabebf4168f726ce9ec4b3d4ecb1152,5944032,1440,5942592,0,0,3,27,1440,96,39c12c655969f0d063e881b4fd7d685d601de9261f15a37943fa35c0710bcd43,2026-07-22T08:38:19.241355+00:00
2025-10-12,ETH-USDT,True,,ETH-USDT-L2orderbook-400lv-2025-10-12.tar.gz,311810208,aa7b54a72171c9aae70c88feb79019cae2eab5c050c549abb4f41b53d5fcd0bc,6157618,1440,6156178,0,0,1,38,1440,96,be41586fb9349a13e14322e9090814b2330d972c3360df3198954994238910c3,2026-07-22T08:37:42.163012+00:00
2025-10-12,SOL-USDT,True,,SOL-USDT-L2orderbook-400lv-2025-10-12.tar.gz,216169685,0b85e12129cdec535922ba243a2cfd33aa1cc33b12be500b402e39ba0f9a130d,5025274,1440,5023834,0,0,42,3,1440,96,eb439b96c0790b4cf87f963b5c6715f29269a7ff64b7ce9e548ccfd6384293e6,2026-07-22T08:35:53.696676+00:00
2025-10-12,XRP-USDT,True,,XRP-USDT-L2orderbook-400lv-2025-10-12.tar.gz,250649229,a20e5c56b5d2880aa98256283a9201d0f0cf78d1565a8743179cd7726a6dba3a,5356620,1440,5355180,0,0,3,27,1440,96,83d70248f0752779f814c3587c2b2374ff6c4fd508c0f480d4b435912e388f13,2026-07-22T08:36:22.629392+00:00
2025-10-13,ADA-USDT,True,,ADA-USDT-L2orderbook-400lv-2025-10-13.tar.gz,139065951,003ff46f2e5825e4f5c35c06fc5314fd7a900e048ce0cf00f7076c2832238e15,4100343,1440,4098903,0,0,12,51,1440,96,c8e3e957bcb49416813e78ad8c372415483bfedd4872c94ccc8945942462134f,2026-07-22T08:38:37.913058+00:00
2025-10-13,AVAX-USDT,True,,AVAX-USDT-L2orderbook-400lv-2025-10-13.tar.gz,199033415,4bdedf616f89a96994407fef4b11b44d601a5f958f9938e21fbfd0361be08074,4966950,1440,4965510,0,0,10,124,1440,96,e7d6ab7c2a41c7720f9494e0741562821d620acb0a82c044a54e9ad7e7039a35,2026-07-22T08:39:02.097247+00:00
2025-10-13,BTC-USDT,True,,BTC-USDT-L2orderbook-400lv-2025-10-13.tar.gz,259300681,740d9500fb1dc534d81cd1292b750bbd72493611741162e0fb938adb1ca3388e,6017673,1440,6016233,0,0,0,4,1440,96,85a6a5f6fd8fd5427998ada93c8a26ef6c4e6929e9760da19cbeb66d3405978b,2026-07-22T08:40:32.381167+00:00
2025-10-13,DOGE-USDT,True,,DOGE-USDT-L2orderbook-400lv-2025-10-13.tar.gz,412005775,debc10c618af00e8083f5a81551f934c39aa9c3383ef7ff45cd8de9f3cd13522,5864557,1440,5863117,0,0,3,22,1440,96,68d560807528ffc8e08d83c738c1b85e8f924633e57b033f71acef3c01cbfc53,2026-07-22T08:41:45.880925+00:00
2025-10-13,ETH-USDT,True,,ETH-USDT-L2orderbook-400lv-2025-10-13.tar.gz,307609857,754bd4aa5934caf585e7ca5fe65a749f25ed7de60a7895694eaf7382a46675d6,6121918,1440,6120478,0,0,22,41,1440,96,050eea1e29fb4c18bf358319e36c7f7fef77b7b37708e21f9c2ee1d2c48b80ce,2026-07-22T08:41:10.438245+00:00
2025-10-13,SOL-USDT,True,,SOL-USDT-L2orderbook-400lv-2025-10-13.tar.gz,226248881,ec9b3cf0770b041deb495f3b4c28971d4025d2eb24e0f303681c8bb88d56390c,4996176,1440,4994736,0,0,7,12,1440,96,1cac6ae96f3ca30c0251c3404940bbb6b8cb8b49f63b9887533c3867b5e06106,2026-07-22T08:39:27.184610+00:00
2025-10-13,XRP-USDT,True,,XRP-USDT-L2orderbook-400lv-2025-10-13.tar.gz,255911181,e52c9c330b03995a265a51c5d3245352b2e73be6ee8ae354dabb3c5f5cd88b5a,5205502,1440,5204062,0,0,3,12,1440,96,7921bf48cdedb592a8083849004eb5a2e6a226ec0e4aa2ad34f4cc10affc8f20,2026-07-22T08:39:53.328798+00:00
2025-10-14,ADA-USDT,True,,ADA-USDT-L2orderbook-400lv-2025-10-14.tar.gz,135401565,dd624dec58ee57b1fc0f025d139853615ab6b709b01d337afda9f9274ffb465f,4003251,1442,4001809,0,0,19,67,1440,96,c119fb195994935c33798e5397651a5d6d787f007ea23fc4a205d2db7478bfbd,2026-07-22T08:42:04.093733+00:00
2025-10-14,AVAX-USDT,True,,AVAX-USDT-L2orderbook-400lv-2025-10-14.tar.gz,171416680,fe687a4833f95f2022bc6f173750ddc36fb6cda00aab1fe2f5c715c44b953620,4752225,1440,4750785,0,0,16,9,1440,96,9e5379aec28e33ddce2e81660c68e96048f98ef1282ffd86e330ed0152af3cca,2026-07-22T08:42:25.681305+00:00
2025-10-14,BTC-USDT,True,,BTC-USDT-L2orderbook-400lv-2025-10-14.tar.gz,303024361,fa37bade0335f96eaf86a6bb5429b26b6f92c5192be3aec2057891d7d65f90ff,6428512,1441,6427071,0,0,6,9,1440,96,70c2fee8e3cb510d783eedcaa67e2c03202ecc8499b562229dc1865d18128c69,2026-07-22T08:43:34.595202+00:00
2025-10-14,DOGE-USDT,True,,DOGE-USDT-L2orderbook-400lv-2025-10-14.tar.gz,435520768,3fb06127b833a442c7f7c7056019ac015272aefea29fa80abd16ad8ab34d0516,6016950,1440,6015510,0,0,8,30,1440,96,615136dcf3b8932f10dbc744a2a0fa215d11332dc612807d7fb3b1292d4d58ca,2026-07-22T08:45:30.983561+00:00
2025-10-14,ETH-USDT,True,,ETH-USDT-L2orderbook-400lv-2025-10-14.tar.gz,388270186,3ab62a216b20b1d358d30418a38d4da788eb58f48860ce31f591d9d259bf0483,6787208,1441,6785767,0,0,9,47,1440,96,d0a700e8df61b9474ec489163c15e29a3716306d5b1777b92992d363f69f5cb2,2026-07-22T08:44:53.776022+00:00
2025-10-14,SOL-USDT,True,,SOL-USDT-L2orderbook-400lv-2025-10-14.tar.gz,304875034,cea80972e41de406f84f8bc6a251d9bf6ac31aeaec063c03ec3c13e7b2c8d404,5997575,1442,5996133,0,0,18,13,1440,96,318c618a57e778d122f101c3261328d47caf954513a97e8f87203e19755b6a15,2026-07-22T08:44:06.517411+00:00
2025-10-14,XRP-USDT,True,,XRP-USDT-L2orderbook-400lv-2025-10-14.tar.gz,232594003,4cc4c6a81b586bb431d0794d42dc498644f7ee98ece86314a1543761b747daaa,5136963,1442,5135521,0,0,48,10,1440,96,fb8c4ab6b464251b08c6e6257b0b6186c0eb5135a52db7dc5f65f460af672fa7,2026-07-22T08:42:50.191165+00:00
2025-10-15,ADA-USDT,True,,ADA-USDT-L2orderbook-400lv-2025-10-15.tar.gz,98068934,c91b5309c50c913475756814ff7091b253aedb0b44b12b7a59bc4a200ec7de4f,3326937,1440,3325497,0,0,3,29,1440,96,f47c46d1132e21a3fe895a27e1093888ef8705fd5b45c6e91d886ecdc4721595,2026-07-22T08:45:46.394888+00:00
2025-10-15,AVAX-USDT,True,,AVAX-USDT-L2orderbook-400lv-2025-10-15.tar.gz,159958747,f6ff55dc73f28a9a5ed25e527a54d8df2212d15c4ebcc1ca9cef859003275a0a,4703916,1440,4702476,0,0,11,16,1440,96,c1a85777c8d94f53ec12ff195424c5238927019d574bee78fe6ad3e0478a55c4,2026-07-22T08:46:07.170293+00:00
2025-10-15,BTC-USDT,True,,BTC-USDT-L2orderbook-400lv-2025-10-15.tar.gz,256619490,9bee3be82d5e690f0fe17b6b72dffdea24cbca2b084c174632521a192cb30e8d,6003280,1440,6001840,0,0,11,6,1440,96,0d6c5f10fe288937957378bf73872a54c3d491d6620de4c6711656245dbfc78c,2026-07-22T08:47:07.322528+00:00
2025-10-15,DOGE-USDT,True,,DOGE-USDT-L2orderbook-400lv-2025-10-15.tar.gz,345933240,6021eab507eb8031caa30216892bc091cc764bfa4f95b37b9ed705881c62d067,5704858,1440,5703418,0,0,10,6,1440,96,d6dfdf3c85e5b0a851cbfd63c77f0fc6599e95393cfbec5c01a0cae75d21e859,2026-07-22T08:48:15.567583+00:00
2025-10-15,ETH-USDT,True,,ETH-USDT-L2orderbook-400lv-2025-10-15.tar.gz,349817843,21c062207985ee032eec20c69d14b835dc603fd7ff33c3203bdf7d185f9ed7f5,6545884,1440,6544444,0,0,3,9,1440,96,3f2a3a43aebbd681c2ee107fa1fe73f7d58332571d56acf93ba1d4f2359c78e6,2026-07-22T08:48:58.984552+00:00
2025-10-15,SOL-USDT,True,,SOL-USDT-L2orderbook-400lv-2025-10-15.tar.gz,284695577,7f7d463a80c74198bb2ed49c80d26ad718c2df74fcd99974475d6cabb2a558d4,6003390,1440,6001950,0,0,7,5,1440,96,de3806bf4295068ae43a4745c51bd946a5c8108abe5a32060b9c0e06f488bf61,2026-07-22T08:47:38.144228+00:00
2025-10-15,XRP-USDT,True,,XRP-USDT-L2orderbook-400lv-2025-10-15.tar.gz,187060891,f21011a5ee5b7a3c592992869e83ceaba18eb1fa5ae5f45c55708cdd76d02d13,4570249,1440,4568809,0,0,30,156,1440,96,e790d429629c04d129515590491d8f0959940f9acc72d5066689cbdc0ede4fa4,2026-07-22T08:46:27.982744+00:00
2025-10-16,ADA-USDT,True,,ADA-USDT-L2orderbook-400lv-2025-10-16.tar.gz,116702286,6f7330c4180f0f90e569b8c7fe118dbbe48a62a20052123232f8f9e570480f68,3688205,1440,3686765,0,0,21,196,1440,96,7c101a36d83eef157af8d932929335ac8b75cd6fde15ee4c619192bdf8cb572b,2026-07-22T08:49:16.529255+00:00
2025-10-16,AVAX-USDT,True,,AVAX-USDT-L2orderbook-400lv-2025-10-16.tar.gz,189249829,58b760855b9d816411b71962cbd065b89c4463265d1c47b591974863530fb1ca,4957262,1440,4955822,0,0,54,3,1440,96,6e0ece5dee66953ec1d930cd79cbffb004b7acd1c2518d9da0b0a9f530a24af1,2026-07-22T08:49:41.490516+00:00
2025-10-16,BTC-USDT,True,,BTC-USDT-L2orderbook-400lv-2025-10-16.tar.gz,294301118,b9b1a6bcd8c4d404576ef48e3de363c41f3c598fc87da101462911b4cf98682e,6308467,1440,6307027,0,0,4,63,1440,96,7fe252ae3b8b9e2c3ee05b40d01e8a52d8b670830d0fd2f3036e83d027acc4fb,2026-07-22T08:50:49.039258+00:00
2025-10-16,DOGE-USDT,True,,DOGE-USDT-L2orderbook-400lv-2025-10-16.tar.gz,400258367,7cf7932464686febbe444148d210c8d3d8022c76d57d08474d46d6a2e78ef95d,5917790,1440,5916350,0,0,4,75,1440,96,149b86e8f4230e175c581786dd7c5897cc6eee068a0d95163d34ba5b30da954e,2026-07-22T08:52:42.372612+00:00
2025-10-16,ETH-USDT,True,,ETH-USDT-L2orderbook-400lv-2025-10-16.tar.gz,386582181,058decd975379b52438b8b10cc4085894ebb74fe2ef5a6801c89e057feb71ad3,6782622,1441,6781181,0,0,1,6,1440,96,599c984e0ae8dad0f014a8e363318b1a394b4790f2be465faebd86c169275d6e,2026-07-22T08:52:07.252858+00:00
2025-10-16,SOL-USDT,True,,SOL-USDT-L2orderbook-400lv-2025-10-16.tar.gz,295031598,4215195a5b65217d3e8cb55a594f76362b62a25172dabb88f344b012f856269c,5901583,1441,5900142,0,0,5,71,1440,96,bfe49db0161aa56aa0cc35f7ce79e37d667bc5227517f3c22c4fc3c47dfce576,2026-07-22T08:51:20.132889+00:00
2025-10-16,XRP-USDT,True,,XRP-USDT-L2orderbook-400lv-2025-10-16.tar.gz,230867493,c36b65e5fce5932b08fa03aa46177dfe07ec7ee43ad3bbd319f1c0d80523c20f,4961880,1440,4960440,0,0,24,195,1440,96,9377bef09b9d931894659b4a3f07be92fbde92e7538c048a187306d3c14db5d1,2026-07-22T08:50:05.570884+00:00
2025-10-17,ADA-USDT,True,,ADA-USDT-L2orderbook-400lv-2025-10-17.tar.gz,119641154,2050317203a31b57c42a4a1e19f02281b4c7996ec1f90430ec0c9ab38878f9ae,3818218,1440,3816778,0,0,4,185,1440,96,4c72aa28dd5afbc85aaf963e203aab0eabdb5f1f7bf8bd246230725df04e1feb,2026-07-22T08:52:59.107507+00:00
2025-10-17,AVAX-USDT,True,,AVAX-USDT-L2orderbook-400lv-2025-10-17.tar.gz,202725660,b6b855bdefd92116de474542ec69daa989a56bfbb7a2ae643cecfbd6c0674665,5270835,1440,5269395,0,0,7,280,1440,96,564d284c4629f300eebde2c225a9db58bbddc55436c93e6e1576728912de8a78,2026-07-22T08:53:23.970606+00:00
2025-10-17,BTC-USDT,True,,BTC-USDT-L2orderbook-400lv-2025-10-17.tar.gz,326532497,881c5e0244c8f2047011075418f450ad727658842a4f478ef389684606b893d7,6522628,1440,6521188,0,0,7,40,1440,96,7dc39fed8beeee4b79016d666b83e2fb607daae0b8fba044f9ea5cf3a2c4275c,2026-07-22T08:55:10.983052+00:00
2025-10-17,DOGE-USDT,True,,DOGE-USDT-L2orderbook-400lv-2025-10-17.tar.gz,404144243,31916d911d8f9b013ff9597e5f3f1c5d506c3a64fba55205252839876bd29253,5859772,1440,5858332,0,0,5,22,1440,96,86e6f8142636445727ff5644bf2ed8d59f42057d9ff627b9945fcd2a4f2bccf7,2026-07-22T08:55:46.041967+00:00
2025-10-17,ETH-USDT,True,,ETH-USDT-L2orderbook-400lv-2025-10-17.tar.gz,408212458,329b1aab334d01a561d3ba18eb1ca93c324e0608ff4a4dc2defbe1a162d763af,6838984,1440,6837544,0,0,4,45,1440,96,be144fd4ba207754842f9773801f5acde9f33c4f2914d3743a5fee7463effb7c,2026-07-22T08:56:34.535305+00:00
2025-10-17,SOL-USDT,True,,SOL-USDT-L2orderbook-400lv-2025-10-17.tar.gz,303133487,26a3dc696cb223156ce4592e0ba36cc3cfb41d5deff34b3d0b489fdd9b4aeafc,5826930,1440,5825490,0,0,9,524,1440,96,e2513ccbd3f8622e6eb18dc29fbbbe73d1734f5e6c85739f4419f93418659c46,2026-07-22T08:54:24.393291+00:00
2025-10-17,XRP-USDT,True,,XRP-USDT-L2orderbook-400lv-2025-10-17.tar.gz,255520026,4329b08b83e0f9db1d0fc5bc793dc29ec1bffe8c94e8094cac6214cef6a2092e,5307395,1440,5305955,0,0,35,22,1440,96,62088b80e1296a856fdf0c805a87987a60e24f577222f921c2694b27323fa8dd,2026-07-22T08:53:53.154301+00:00
2025-10-18,ADA-USDT,True,,ADA-USDT-L2orderbook-400lv-2025-10-18.tar.gz,53786500,06adb9490ecb044a95e71496427d615638ec740b85580d6401592a5cdab34603,2177232,1440,2175792,0,0,55,42,1440,96,2221f1b633b0ef3c74875be45fb25b6679e703cf4684936c2028fd1f0fe21ff6,2026-07-22T08:56:43.842101+00:00
2025-10-18,AVAX-USDT,True,,AVAX-USDT-L2orderbook-400lv-2025-10-18.tar.gz,84937272,cf41b81afd55251531217a88f47fa58c86e581f494f57af1fca3685f7f92416f,3305620,1440,3304180,0,0,90,39,1440,96,e2082cebedbf96e0826b9c81d0f20df83a3d591070476c190ddc16fa660603e7,2026-07-22T08:56:58.245166+00:00
2025-10-18,BTC-USDT,True,,BTC-USDT-L2orderbook-400lv-2025-10-18.tar.gz,128968376,599e5343c083598dedcfe0c8696ec899e87ec4be74f1979a09c97284deb25da6,4508726,1440,4507286,0,0,10,29,1440,96,59b21ff3c0b3e49b7108730e254fcfb23a7dd14f5bf74b5c2d2ffdcddb83d601,2026-07-22T08:57:33.860059+00:00
2025-10-18,DOGE-USDT,True,,DOGE-USDT-L2orderbook-400lv-2025-10-18.tar.gz,178039806,f64b0113189a6399f885e29bfbcf715c3833ffd9d9fea1dbf5a1107a42b82698,3865764,1440,3864324,0,0,8,6,1440,96,917b2a446ab34928f20cb2e3cf4536a3c07d74196674eeab5e9bcdc92c32d0f6,2026-07-22T08:58:11.372604+00:00
2025-10-18,ETH-USDT,True,,ETH-USDT-L2orderbook-400lv-2025-10-18.tar.gz,179669805,922e02b3931027f542f3ec7bdf7bb046b42b2c3116603e509315d3c05d998cfd,4977952,1440,4976512,0,0,5,32,1440,96,847b11901f1c0f7daa8b859947485a34f96d6e1a4b9f30baccc2ce1a92101a3f,2026-07-22T08:58:38.638373+00:00
2025-10-18,SOL-USDT,True,,SOL-USDT-L2orderbook-400lv-2025-10-18.tar.gz,136154934,32f7e36e99845e7b24dc45d20291a33bba9f9707d3fa21f3a43853b0564d087f,3918732,1440,3917292,0,0,56,5,1440,96,7f77e7b5e612c65547007270cfe362b0c15fb81240eaed8daa6ae381499096df,2026-07-22T08:57:51.088397+00:00
2025-10-18,XRP-USDT,True,,XRP-USDT-L2orderbook-400lv-2025-10-18.tar.gz,105709623,118a4776e036212e8663f5a06b86e3414f8f45c4b532ab1fb63466b6b30a18e3,3162895,1440,3161455,0,0,18,56,1440,96,4dc106d2c53b6de0f0e09603a3d2e350868a189229f8c338425f87cb44bc9077,2026-07-22T08:57:11.135812+00:00
2025-10-19,ADA-USDT,True,,ADA-USDT-L2orderbook-400lv-2025-10-19.tar.gz,65686323,2f18a48eba780a2f7d56054c2a3fcaaef6e15ed3ea2f0ffdf195529ec9214a78,2470177,1440,2468737,0,0,8,36,1440,96,2ae59f79def200dd3ca2ca4cf242238f337ad58cee1994a179d6eec205d677b0,2026-07-22T08:58:49.418837+00:00
2025-10-19,AVAX-USDT,True,,AVAX-USDT-L2orderbook-400lv-2025-10-19.tar.gz,87848969,8efeb582128e877998b74d020c992dc3e3431b16850fa92116bae290a726d268,3395405,1440,3393965,0,0,11,83,1440,96,2afac4d424b5cbca53b8c299f76beb77c41ad5c1a7f3dc8b16ce857f8e24fea1,2026-07-22T08:59:03.170333+00:00
2025-10-19,BTC-USDT,True,,BTC-USDT-L2orderbook-400lv-2025-10-19.tar.gz,162992044,8acaf325a946d0fa2cf2e3c5ae2ad8bad88fe4c67d9ce26420bd12e14aa814b7,4761753,1440,4760313,0,0,11,3,1440,96,35e373345c00d9edf0122a99b930a4f97b43632dd6e59cc8b43dfec9b1112e78,2026-07-22T09:00:02.317011+00:00
2025-10-19,DOGE-USDT,True,,DOGE-USDT-L2orderbook-400lv-2025-10-19.tar.gz,212920679,0c06584fa004743f9367a81288f9c1e8e1145a0fd4811bf5ba9de877a4ad8e57,4141161,1440,4139721,0,0,4,7,1440,96,f54ed3ca1b471cf1065553bc991cf97877e10f54c4824c436f041d17047543f0,2026-07-22T09:00:23.588016+00:00
2025-10-19,ETH-USDT,True,,ETH-USDT-L2orderbook-400lv-2025-10-19.tar.gz,213183644,fc29a1b6f8423a8072596980636f8691017bf9b98eb1600e9ca991fce54d548d,5272929,1440,5271489,0,0,8,26,1440,96,3d7bad79a348ca7736fcca2c6775d0bdfa0a2bf21100dc9c26ab4b20e77625cb,2026-07-22T09:00:53.133404+00:00
2025-10-19,SOL-USDT,True,,SOL-USDT-L2orderbook-400lv-2025-10-19.tar.gz,153122940,add7592123a6ed3c26dccc3d10047e2e911474c87bd312d3458fc635eb200d6e,4145920,1440,4144480,0,0,35,50,1440,96,62caf60c0c9c4b86f82598186e0f13512565ac7f6f542d7ae57f9cfade148d3d,2026-07-22T08:59:35.453044+00:00
2025-10-19,XRP-USDT,True,,XRP-USDT-L2orderbook-400lv-2025-10-19.tar.gz,116796039,326da6ab9a45921a1f4af6b716e53a958cc12d99353f676be5030cf4308806c7,3231074,1440,3229634,0,0,64,37,1440,96,23c1101425fe8ea919caa6af4f3126a2b8d40874a22e0465d37486c690840191,2026-07-22T08:59:17.060549+00:00
2025-10-20,ADA-USDT,True,,ADA-USDT-L2orderbook-400lv-2025-10-20.tar.gz,77008597,3403e3d983d33cf4f65bd2e41d279c85d5056b751ea9a6abcc178ee69c96bcb3,2896420,1440,2894980,0,0,24,34,1440,96,07df956ed85c1c9e163af3afb0c0464cc5577f6dfa67ff7239a80876355a8ca5,2026-07-22T09:01:05.471816+00:00
2025-10-20,AVAX-USDT,True,,AVAX-USDT-L2orderbook-400lv-2025-10-20.tar.gz,97752071,c07dca87a6a4db3ac7716f019d33bd8d0685d047b5d3442179b23df0f1e96462,3484451,1440,3483011,0,0,7,8,1440,96,e116f91be73537f59213161d42ed7a8a84478acc9b86900df2c2b0485dc3ca70,2026-07-22T09:01:19.848984+00:00
2025-10-20,BTC-USDT,True,,BTC-USDT-L2orderbook-400lv-2025-10-20.tar.gz,231759138,7b41b14bbd8f679f16c1e92871844ca179512a59590c8a294949213bb1e16698,5819262,1440,5817822,0,0,7,8,1440,96,e316d05233b62a8e1d5948e75ac2383279187c24b2309ff2c8cf22d3896785bd,2026-07-22T09:02:34.895157+00:00
2025-10-20,DOGE-USDT,True,,DOGE-USDT-L2orderbook-400lv-2025-10-20.tar.gz,254350319,14c9c5490fd474cc5e5869da12920a5aa2ed5bfbd8789294e3cf68df263913b3,4737822,1440,4736382,0,0,3,20,1440,96,fcc4da6f1e43eb4d19e713e236e53de77b529170af467eef9c8824d574f9a0b4,2026-07-22T09:02:59.233291+00:00
2025-10-20,ETH-USDT,True,,ETH-USDT-L2orderbook-400lv-2025-10-20.tar.gz,264156415,bc6117e5b8399ce5add9b4ef686277ac665597f79dbd47a00ca0468bab8efbe0,5981561,1440,5980121,0,0,14,4,1440,96,7d731377307c23940b4f536b391120697c79ec869b35dfd2162c15671ca33eb4,2026-07-22T09:03:34.122397+00:00
2025-10-20,SOL-USDT,True,,SOL-USDT-L2orderbook-400lv-2025-10-20.tar.gz,184332204,e73108ca966b716643f233ec3f82353b29cf7a915d7edc37f9eedb2062686031,4700432,1440,4698992,0,0,10,38,1440,96,db912d429cc2e561c722f1e81853409c192f93e3cd5707eb14cae514fd9dc013,2026-07-22T09:01:58.341525+00:00
2025-10-20,XRP-USDT,True,,XRP-USDT-L2orderbook-400lv-2025-10-20.tar.gz,151335908,d559f8fb5daafe71984a3665b00419070ffb29fd07cbd01859894c640e686e9a,4011635,1440,4010195,0,0,33,30,1440,96,8ca0c522a6294fe88b11a3481e422200071067b6c3a6b18761a4bf018a8a6af3,2026-07-22T09:01:37.002810+00:00
2025-10-21,ADA-USDT,True,,ADA-USDT-L2orderbook-400lv-2025-10-21.tar.gz,88702981,79e86bcc82a9576420258507d6d5982475589ec14a3268b0fc48cfc68b729c36,3092221,1443,3090778,0,0,136,14,1440,96,0f78ea91b42c3caef6907473c3ce7daeeefeaddfac585bea48aa803a554a0f58,2026-07-22T09:03:48.581892+00:00
2025-10-21,AVAX-USDT,True,,AVAX-USDT-L2orderbook-400lv-2025-10-21.tar.gz,119383334,b664abe54e7dee37fbb209c91da0b5d771c30b38efaf633f8fe69b2deb97f507,3947571,1444,3946127,0,0,32,21,1440,96,840824975ae3f97c33a0eb09eb423adc986f352fee195c526e8ae8af1720fff6,2026-07-22T09:04:05.141742+00:00
2025-10-21,BTC-USDT,True,,BTC-USDT-L2orderbook-400lv-2025-10-21.tar.gz,293403188,03d77ae29485ffe10940da07ed7c94b9f9b3d44cf2fbfb34af3d858785a1900e,6286891,1441,6285450,0,0,2,21,1440,96,5cacfe27e6d6364982e6850d5e60a67c26fd1069192cf861be058a159efd8a27,2026-07-22T09:06:32.660937+00:00
2025-10-21,DOGE-USDT,True,,DOGE-USDT-L2orderbook-400lv-2025-10-21.tar.gz,287239215,609e37a783ca5bde8fff9aa3ae391f47cb1735483d4072b9ba2d0db7087bc455,4932600,1443,4931157,0,0,10,11,1440,96,1a84e959fdc9d67b2ae9ef09ca574def39aa62341ef8913075719f6f847ebcc7,2026-07-22T09:05:13.593380+00:00
2025-10-21,ETH-USDT,True,,ETH-USDT-L2orderbook-400lv-2025-10-21.tar.gz,292849907,9827d81b7ede6919ea811ac5366ead63575679c9faffea0a3b3691f546e473cc,5899417,1443,5897974,0,0,6,4,1440,96,d44af8d80982bc2708435695634b1c42a97c59671b3c157e1c1c2c04dd91d40a,2026-07-22T09:05:50.307150+00:00
2025-10-21,SOL-USDT,True,,SOL-USDT-L2orderbook-400lv-2025-10-21.tar.gz,206044213,d9cc48031824e545c7ed60181baeb18075102d9e57a9dcb59869abee98bdb892,4812853,1444,4811409,0,0,12,27,1440,96,e10bc2591f74fad37ec838284def6954674b01fa2e523fb688fc674b0dec6446,2026-07-22T09:04:46.889474+00:00
2025-10-21,XRP-USDT,True,,XRP-USDT-L2orderbook-400lv-2025-10-21.tar.gz,169087975,533c4a1af4048c2c96e36a7cdd30849b5658d498437d90cb482fa54b513fe70a,4199147,1443,4197704,0,0,10,11,1440,96,f4f730d1016f857e5758741af0cca90981c5e10067d4f37b6bc6a945e38c233d,2026-07-22T09:04:23.992077+00:00
2025-10-22,ADA-USDT,True,,ADA-USDT-L2orderbook-400lv-2025-10-22.tar.gz,86758487,3ebd3569a75cf74128d21d719033cf3e37cdbadc77d2f3ccdd60f890f45192fb,3024913,1440,3023473,0,0,26,5,1440,96,13bc6e20080cb0ac407c8b871272582fa2845d6e201ea2021b8a9c2c0807e722,2026-07-22T09:06:45.728283+00:00
2025-10-22,AVAX-USDT,True,,AVAX-USDT-L2orderbook-400lv-2025-10-22.tar.gz,112041281,dd65fcb91d00f5935109a145a2f0fdc223526b18884f3c5e1815e77246b3b517,3649726,1440,3648286,0,0,9,21,1440,96,a2b6da3ac4f0f6e12faec9133c6a5cfc85f8a7fe3721a9f99360a321ada26ffe,2026-07-22T09:07:02.135616+00:00
2025-10-22,BTC-USDT,True,,BTC-USDT-L2orderbook-400lv-2025-10-22.tar.gz,261409916,211da3aacb626fdc8d0857ea067325a6ab5a2e5fdca8e0e82f98f2d61608bc4c,6169813,1440,6168373,0,0,9,11,1440,96,51e062b0f2bf47b7c3ab15494029d23aa6ab6c7f64281cddf69525097b4ce4ef,2026-07-22T09:08:23.665655+00:00
2025-10-22,DOGE-USDT,True,,DOGE-USDT-L2orderbook-400lv-2025-10-22.tar.gz,285167330,7d1d001d3452aba197ba53f101466ace9b2e7b1ca35ae41d988de3e00f7c5edb,5104413,1440,5102973,0,0,9,9,1440,96,74c559fb7a093f278cb7a0b645d767d5260486a4788fade6c7ad1a3442053bb6,2026-07-22T09:08:51.176477+00:00
2025-10-22,ETH-USDT,True,,ETH-USDT-L2orderbook-400lv-2025-10-22.tar.gz,286894174,9d5e240a8f1d5f7ce44d1a91ace312fb699566d903c44c42eb492f585e96be51,5878304,1440,5876864,0,0,6,15,1440,96,04e3f59192333c208f3c7565bf6468a2e3502841d4d3fcf9c6e9203533523440,2026-07-22T09:09:27.605462+00:00
2025-10-22,SOL-USDT,True,,SOL-USDT-L2orderbook-400lv-2025-10-22.tar.gz,197817694,2c2d32e0ad1ba4d04fc39a9ff714c84b1e37549442dbb98d5ae610a0c27d2c6e,4699597,1440,4698157,0,0,3,47,1440,96,58cd8e5aa80c91a014be285ae5a954e1ec9e192ea2f68fde37c1702121c16427,2026-07-22T09:07:42.279994+00:00
2025-10-22,XRP-USDT,True,,XRP-USDT-L2orderbook-400lv-2025-10-22.tar.gz,155566851,ad38f093fac7ac86002fb0b6184f884f1010d057426f670fdd25d06fc950d90f,4024602,1440,4023162,0,0,49,29,1440,96,7549a0e73d9bd9dc84db0a26a0e1cf7e8ae3cc46656b94e42f3fa5e3234e7abb,2026-07-22T09:07:19.895640+00:00
2025-10-23,ADA-USDT,True,,ADA-USDT-L2orderbook-400lv-2025-10-23.tar.gz,60934000,5d4ba246b4ca0b9a261c94da2a568c10ce487427a809fe4daf4552c8352d24ba,2426763,1440,2425323,0,0,35,180,1440,96,781b52fd9cb8726269bf714599068ce71e18bb966a418982ed315902b69d8ccd,2026-07-22T09:09:37.968999+00:00
2025-10-23,AVAX-USDT,True,,AVAX-USDT-L2orderbook-400lv-2025-10-23.tar.gz,77104064,8ea56092fb4a5534ca992fd90445092999d98efec1a49969c8c0701d69ecf69d,3109940,1440,3108500,0,0,9,53,1440,96,b7ace05de20fde23f23e8e92f9f13afa1cbdb5d9d84c62df833996a386fa49bf,2026-07-22T09:09:50.068503+00:00
2025-10-23,BTC-USDT,True,,BTC-USDT-L2orderbook-400lv-2025-10-23.tar.gz,205290863,50efd6f754fa874e4f799d2f94ae7c69e341b104fbed45ba42c0ab75230f622e,5591058,1440,5589618,0,0,9,3,1440,96,a731815d3d93c3de157b44ec5905a20005292a4407812aa332d08e5a0d2173c2,2026-07-22T09:11:15.657887+00:00
2025-10-23,DOGE-USDT,True,,DOGE-USDT-L2orderbook-400lv-2025-10-23.tar.gz,192478967,53508dd19f6f193f4faada463e85b7b3005a7ad65d3ac2d36f212574bf01c116,4177306,1440,4175866,0,0,1,20,1440,96,770c9ac032ae73706d8f5bbafe51cb7db62ce9087578f6a19f25d5c9387a4bf5,2026-07-22T09:10:41.893031+00:00
2025-10-23,ETH-USDT,True,,ETH-USDT-L2orderbook-400lv-2025-10-23.tar.gz,210824746,bf5d8799422f0f37d4a3dd229897f4823679ed04accb0027dfca658c73475f1f,5187892,1440,5186452,0,0,5,40,1440,96,91f419945d19562d1c14135c63c1ec4609c98c494bec9da864c22aabe9f841b7,2026-07-22T09:11:44.285151+00:00
2025-10-23,SOL-USDT,True,,SOL-USDT-L2orderbook-400lv-2025-10-23.tar.gz,157147612,4bb36f01f1b53835d3ea30ff8095c93be700e3df48d1ae50a8f2a1b41e35e1e8,4196160,1440,4194720,0,0,3,19,1440,96,393d30336659f74091864913bf7f816bbaedfcdf31f31152b215bd7ee945744b,2026-07-22T09:10:21.612932+00:00
2025-10-23,XRP-USDT,True,,XRP-USDT-L2orderbook-400lv-2025-10-23.tar.gz,101745320,37c1507c5bbad90f68b84b4d6032ee3e36cbba156f12b5d2487ab12ca5f64992,3082142,1440,3080702,0,0,1,40,1440,96,8ae003b45f5976032bfeac086cfc2b3b2030428d0a376be261faf22db6f36a29,2026-07-22T09:10:02.720415+00:00
2025-10-24,ADA-USDT,True,,ADA-USDT-L2orderbook-400lv-2025-10-24.tar.gz,58594156,33feb1de9a533e37456a878d60fc26c124be99453e695a05ea5b820cd082462d,2357339,1440,2355899,0,0,30,57,1440,96,f7c71d7ed0c60829be9fd7a0b96a16a89fff520dab94918ada76335d55b53d41,2026-07-22T09:11:54.642569+00:00
2025-10-24,AVAX-USDT,True,,AVAX-USDT-L2orderbook-400lv-2025-10-24.tar.gz,74675706,869701e910e00d69e09f775c8fe9936ecc7cc73e6bcdc57f6a7a6498514a98dd,2821809,1440,2820369,0,0,7,91,1440,96,bd427982d545a555f01265cb904706c5beef8cd77768f103dfefb88241210cfb,2026-07-22T09:12:06.060905+00:00
2025-10-24,BTC-USDT,True,,BTC-USDT-L2orderbook-400lv-2025-10-24.tar.gz,170884947,a9d38fda37a36463c5a9922ece02d9ffb1faf1c6f7ce99d0c89522ee9a994f25,5133928,1440,5132488,0,0,7,71,1440,96,71fce97c4deb44ac5afbc9b54134d949779c45f320fc35be84920d3789686b2f,2026-07-22T09:13:06.098546+00:00
2025-10-24,DOGE-USDT,True,,DOGE-USDT-L2orderbook-400lv-2025-10-24.tar.gz,173843105,d9a75722cb254487be009ee7d2e2b21aa2d5656027b7ad77bf4a8a112628216e,3986104,1440,3984664,0,0,0,113,1440,96,9a15f72201e1aba7ff6695632952c86e25ba7e37ecf29ec52da6dec7bf074f00,2026-07-22T09:13:24.834802+00:00
2025-10-24,ETH-USDT,True,,ETH-USDT-L2orderbook-400lv-2025-10-24.tar.gz,201050273,3edde3f51888c74d2d5b45bcc70da35ccdbfc02bc15565bb25c256601bf8ab6f,5093405,1440,5091965,0,0,10,27,1440,96,f0bb0662152dd08e0b0eb33452ae2ddc79ff0e05010ec2751902a0ea2202e27c,2026-07-22T09:13:52.492307+00:00
2025-10-24,SOL-USDT,True,,SOL-USDT-L2orderbook-400lv-2025-10-24.tar.gz,138221816,db22773b1fd48ffd7fd3143543c4ef667e1eb4ecd410d2ac38935e352a08d7ee,3922296,1440,3920856,0,0,41,100,1440,96,8865c196d58b132b211acf7a422010548c3f6a879a351dbc551e9e534d9f19f2,2026-07-22T09:12:37.527675+00:00
2025-10-24,XRP-USDT,True,,XRP-USDT-L2orderbook-400lv-2025-10-24.tar.gz,118535630,66df34f2ef296ad17a39360fd90c91d5959fd806581ce116bcf83476dc7de1b9,3377429,1440,3375989,0,0,50,103,1440,96,95b5f68df8eec669a6a0b5cf421015759b55a31b049f5bb3db8706102824df10,2026-07-22T09:12:20.320767+00:00
2025-10-25,ADA-USDT,True,,ADA-USDT-L2orderbook-400lv-2025-10-25.tar.gz,42803065,0134c11d79e91fd8ed359f06172a36637365d1daf262ad8687ef380827d566ed,2000985,1440,1999545,0,0,83,78,1440,96,4aaa95ec3285252179a3677f4f827c57c247af989501728aa28149425c154549,2026-07-22T09:14:00.981327+00:00
2025-10-25,AVAX-USDT,True,,AVAX-USDT-L2orderbook-400lv-2025-10-25.tar.gz,53973986,24dc67ccc7d6fc57c358cdcdc1c68daaa2f71384ccd1cd1fbacb150bee086853,2362939,1440,2361499,0,0,29,26,1440,96,f9665b8228f71779b4fad0c97e382a357e10e7d3c3743fd57e513e21b4694b8f,2026-07-22T09:14:09.865293+00:00
2025-10-25,BTC-USDT,True,,BTC-USDT-L2orderbook-400lv-2025-10-25.tar.gz,82904262,5c5877abe6ad7c7a21bd54ce6133d281c383d4e989fac8920a348c67f620def9,3464520,1440,3463080,0,0,9,26,1440,96,ea55cee16efb1bb46d1d191daf2d34b70ac60d22ec67e4a222ba89d07d69bfa2,2026-07-22T09:14:37.779226+00:00
2025-10-25,DOGE-USDT,True,,DOGE-USDT-L2orderbook-400lv-2025-10-25.tar.gz,98801610,32d6b0568bcc6d04cfc22a04a3b1281e5ff8bd6851220e0c91b63e24ffede731,2816433,1440,2814993,0,0,57,74,1440,96,42d574e7634a32676e00ef1df2d3bb2db3fef54fe042bcf87e34199f6cf0b206,2026-07-22T09:14:49.855908+00:00
2025-10-25,ETH-USDT,True,,ETH-USDT-L2orderbook-400lv-2025-10-25.tar.gz,103125083,ddaa54eeeacd4dd7c8b91180c7b7fa8478f9960e88fe55919395307a819575c8,3838173,1440,3836733,0,0,3,8,1440,96,d1e5d478a7a8479deecb088014b4f055fe28455e8e338f3d3432a79a7345d3ec,2026-07-22T09:15:06.667016+00:00
2025-10-25,SOL-USDT,True,,SOL-USDT-L2orderbook-400lv-2025-10-25.tar.gz,77545694,0a32e676897023cd2b428e4350adc5f8f84f1a4ed5098284793955046bd0dff2,2577813,1440,2576373,0,0,90,4,1440,96,10b73238d4b39151a5b1c5b6908a051e1802055d6fe42b5039a8f6fa046bb056,2026-07-22T09:14:21.412413+00:00
2025-10-25,XRP-USDT,True,,XRP-USDT-L2orderbook-400lv-2025-10-25.tar.gz,103534604,7d4a9422131cebfec954b3b00e5b4702de868ddedf2c96bebb4bb608f2b3795a,2935632,1440,2934192,0,0,47,144,1440,96,57921f794308f437b02b8355981354105625fc65311e12e637fe47edd94ceee9,2026-07-22T09:15:19.059736+00:00
2025-10-26,ADA-USDT,True,,ADA-USDT-L2orderbook-400lv-2025-10-26.tar.gz,50691025,0b9f84cc378b45dd3b6c649219aa455fa609d5670495745914a6bec51f6415ce,2099911,1440,2098471,0,0,72,24,1440,96,150826301d3fbd9e7932b156904e539c18019ceef83da5e4a78996bb3c55f9ea,2026-07-22T09:15:28.241156+00:00
2025-10-26,AVAX-USDT,True,,AVAX-USDT-L2orderbook-400lv-2025-10-26.tar.gz,78128260,0f834c6083cd649b65a6070852beb0887e7209a22efeee722051677120a10b80,2826921,1440,2825481,0,0,44,30,1440,96,c65d9486388514022aa10dfa58879739e8b19de3489850d059f9ca70a0c7fd4c,2026-07-22T09:15:39.830765+00:00
2025-10-26,BTC-USDT,True,,BTC-USDT-L2orderbook-400lv-2025-10-26.tar.gz,126213938,127efed65394f6e07d87c8bb31fa8a3c86f35e38424a2c8bbbdf339ba2301d33,4193044,1440,4191604,0,0,4,20,1440,96,0926e6219b827d61fcce69a4508ce24650048fe2ab6a4a16cc78991f8c8e0405,2026-07-22T09:16:25.995191+00:00
2025-10-26,DOGE-USDT,True,,DOGE-USDT-L2orderbook-400lv-2025-10-26.tar.gz,140230602,8c18f041a2f87009bef74b3d63b1e4736835aaf61bbd22fed2ebce4d45e47bde,3153210,1440,3151770,0,0,56,51,1440,96,fb0432fae0b2ebd82c85b4e1a3db5660ac3d4cdf401334dc0662bae10dd99747,2026-07-22T09:16:40.942827+00:00
2025-10-26,ETH-USDT,True,,ETH-USDT-L2orderbook-400lv-2025-10-26.tar.gz,160400234,9f845b1762c7d0450188a8e65ec4376d7ed0974085e1bacb710398cc0f5b4315,4523747,1440,4522307,0,0,52,4,1440,96,f3e2259aaa98ba2cf1bcb427f4f58637cb6cda00c491a571682521174a699fa1,2026-07-22T09:17:04.250591+00:00
2025-10-26,SOL-USDT,True,,SOL-USDT-L2orderbook-400lv-2025-10-26.tar.gz,99853110,cf42dcc264c8fac741d6fcfa6a533e4f11bf5c5e39f992e9a4ac7cac081fb4d7,2935840,1440,2934400,0,0,46,31,1440,96,3a7b478742015e4da323790126bff734c2de912d81c55e75c21c05a09acd6471,2026-07-22T09:16:04.222914+00:00
2025-10-26,XRP-USDT,True,,XRP-USDT-L2orderbook-400lv-2025-10-26.tar.gz,98884345,ef7a1e4c64f0a037adecabd2382f07c10fbf6f8aaf52b48b0b735a8537585e24,2777603,1440,2776163,0,0,6,11,1440,96,ffa46bdc605b3abf4b1e1d92fe06d57e51b868132c96fb473f3e32020375befd,2026-07-22T09:15:51.607420+00:00
2025-10-27,ADA-USDT,False,end_boundary,ADA-USDT-L2orderbook-400lv-2025-10-27.tar.gz,64642612,676f36c85183f3dc69f01c49bca839c051c157a2ea5a57ab8afa479dd07971da,2401918,1440,2400478,0,0,36,2612,1440,96,2fe864a653e3117e6974a7e129052f9da913788a64dff7c12104301c4f006717,2026-07-22T09:17:15.257117+00:00
2025-10-27,AVAX-USDT,False,end_boundary,AVAX-USDT-L2orderbook-400lv-2025-10-27.tar.gz,93583329,cdc31b55d135b5bf1b893de939d92b639bf6c76328499477e45ca26c68e76fa2,3318067,1440,3316627,0,0,10,1966,1440,96,397942093653e226dfb9692a82ab6928ab914d512917eab19f1922b430ac7cdd,2026-07-22T09:17:28.774707+00:00
2025-10-27,BTC-USDT,False,end_boundary,BTC-USDT-L2orderbook-400lv-2025-10-27.tar.gz,183717021,9db28c5299f24df2466831844febca2c22e06de52ed045d3d398bf097c9c3e14,5459714,1440,5458274,0,0,0,2666,1440,96,a7ad1dff77defc213164d4d52b5fa558e03d5c2faea2b6a8c18cfef15d920d0b,2026-07-22T09:18:31.516037+00:00
2025-10-27,DOGE-USDT,False,end_boundary,DOGE-USDT-L2orderbook-400lv-2025-10-27.tar.gz,191972256,28d1754c7691f28cd7d3a61f78afd5fbb2fb90c64b8f46a5c310ae387439aeb8,4138469,1440,4137029,0,0,9,2664,1440,96,a1757adb2694cc60446ca32f6a2a4477b3cc98a916c0663e528bbf118b777f15,2026-07-22T09:18:51.421965+00:00
2025-10-27,ETH-USDT,False,end_boundary,ETH-USDT-L2orderbook-400lv-2025-10-27.tar.gz,250918052,6d56e8eb74132bcde4eb5de06a3a7a46d775024feab6ae338cc3560fc1633780,5940036,1440,5938596,0,0,6,2382,1440,96,d9a30cb70eaf66ba0eb4d5943810ef9db401c93d28d5d917d9d5d9468f25e5f6,2026-07-22T09:19:27.555222+00:00
2025-10-27,SOL-USDT,False,end_boundary,SOL-USDT-L2orderbook-400lv-2025-10-27.tar.gz,143576088,85bbc1b5b236e139f310a319e0683a178390e7c485b2637d423f98d6eb1873fd,3852299,1440,3850859,0,0,9,1959,1440,96,aaaab07fc407eb5775aed06886b7de743f6fd63d8851ac2a5a037eb708ffe24d,2026-07-22T09:18:01.168773+00:00
2025-10-27,XRP-USDT,False,end_boundary,XRP-USDT-L2orderbook-400lv-2025-10-27.tar.gz,130602194,822b84051e090a3b5098f592340c83432408af17379e4858ac7a676b4756b97d,3405903,1440,3404463,0,0,9,1634,1440,96,1fb3ba4b64f7bd24d227870d3702b64ef8ac11dc39ff86d89e719672f726f5d9,2026-07-22T09:17:43.789233+00:00
2025-10-28,ADA-USDT,True,,ADA-USDT-L2orderbook-400lv-2025-10-28.tar.gz,70910490,1ba00e85dc63b390dd681688436cff0bdc91c151c075658034b18ff4605b9dbe,2476590,1440,2475150,0,0,108,114,1440,96,2a460e384ca6d9248d902e55187e66075bed72afd50a6a34520701e9017816a1,2026-07-22T09:19:38.572856+00:00
2025-10-28,AVAX-USDT,True,,AVAX-USDT-L2orderbook-400lv-2025-10-28.tar.gz,96293529,ae5986f2593b224c4464aca428ca15f651a25fd6e35a3583cd241fc1702b89a5,3216624,1440,3215184,0,0,84,47,1440,96,b0294043112fbff0f7ba157df47403463adaf7ed73cf682756f1067eead75dd2,2026-07-22T09:19:51.709384+00:00
2025-10-28,BTC-USDT,True,,BTC-USDT-L2orderbook-400lv-2025-10-28.tar.gz,210637918,bd3e4d9891207d896f6846c1ad1e851d1aa563b5b8d74e48fb9360ba9a59f5ce,5801240,1440,5799800,0,0,54,27,1440,96,4936052f19830d428b3070460c4b5484a7f34307fac6d0c8f42461c21ee9bcbe,2026-07-22T09:21:01.637996+00:00
2025-10-28,DOGE-USDT,True,,DOGE-USDT-L2orderbook-400lv-2025-10-28.tar.gz,217346388,6f4bf92352cdd92c7a0af7a89a3c516e6b98c2285ad096876e8dfd8b0ae7398f,4203676,1440,4202236,0,0,26,43,1440,96,384a87b9b3cbd898ef87e4a9225ce12e05bddc06413cb849e991d106a3c066e2,2026-07-22T09:21:23.215981+00:00
2025-10-28,ETH-USDT,True,,ETH-USDT-L2orderbook-400lv-2025-10-28.tar.gz,272754049,a4da4b45711a11ccae92287814a4bef7db0c5861fc11ade6d9dfc6b3d33e386c,6223533,1440,6222093,0,0,8,4,1440,96,f3a315b958446748ceb5ef27720f67107be43425ceb6417b80eddf173e6b322a,2026-07-22T09:21:59.609729+00:00
2025-10-28,SOL-USDT,True,,SOL-USDT-L2orderbook-400lv-2025-10-28.tar.gz,172345044,0870826821a50778d5a42b907790082f0cb628f2fba8c386fd48e7029a8f1063,4323266,1440,4321826,0,0,51,25,1440,96,6b3e5a84544ea391ecf03bee9a8df6ce70774cbb88357d71bcc1d324c3e59ff6,2026-07-22T09:20:27.657259+00:00
2025-10-28,XRP-USDT,True,,XRP-USDT-L2orderbook-400lv-2025-10-28.tar.gz,144051748,d6a5a5779caa5af70548dc9da5e8e3cf1cf4bdf1bf17b64fb75b7e4ce9bc6046,3463155,1440,3461715,0,0,86,23,1440,96,fdb5a029b5a06edc0c16819d621eb832f5d099086befdfd7d64df23bc5833f08,2026-07-22T09:20:07.714539+00:00
2025-10-29,ADA-USDT,True,,ADA-USDT-L2orderbook-400lv-2025-10-29.tar.gz,69645719,3a00f27ca200efee433f9a856bd5a0e0c7630e36d6da3da15638c152cb91fedc,2387842,1441,2386401,0,0,26,42,1440,96,655a83e60a59bbbef11edcbf5e2081089e6612408f149d31e9aa9decb249a8c1,2026-07-22T09:22:10.800579+00:00
2025-10-29,AVAX-USDT,True,,AVAX-USDT-L2orderbook-400lv-2025-10-29.tar.gz,87816231,195e8973732441a06bf969dc4fcee48768fa1e06de2a944b2aa19a7cc0738cc6,3159245,1442,3157803,0,0,103,50,1440,96,08bfff35889e0566f68f56502426b36771ae0635f7625dc03e2845340e0c7af9,2026-07-22T09:22:23.697587+00:00
2025-10-29,BTC-USDT,True,,BTC-USDT-L2orderbook-400lv-2025-10-29.tar.gz,206779787,57ff4373bd5d6e71199b9a108a28cda0cd95e41731f8089e866619a3aa6a96b1,5376733,1443,5375290,0,0,3,10,1440,96,bc2435e2e6242a6aa7490921b450c5e9b4172f6cb6bddb986c60abbf14a57b9c,2026-07-22T09:23:52.515023+00:00
2025-10-29,DOGE-USDT,True,,DOGE-USDT-L2orderbook-400lv-2025-10-29.tar.gz,203328059,aea9d5f1dba868fac5042d182c141394e69d2e461ee0a2275fab0a7e19c311f0,3974972,1444,3973528,0,0,37,89,1440,96,a74cf4e858b7aa6366903acb0f7e2a2d92077b9620500301eac879aec0ec1f7c,2026-07-22T09:23:19.899505+00:00
2025-10-29,ETH-USDT,True,,ETH-USDT-L2orderbook-400lv-2025-10-29.tar.gz,267992018,a270523776fa6008307d890fdb90145283011238bb6e909025f24817f711c751,6112900,1442,6111458,0,0,6,22,1440,96,23ec12ca309e48baf9277b85f19b4b8e7b321b60b3802940e5fcda39edf10fdc,2026-07-22T09:24:28.356131+00:00
2025-10-29,SOL-USDT,True,,SOL-USDT-L2orderbook-400lv-2025-10-29.tar.gz,177859706,302126324b0aa252cbf648a941e85583c91203ae3b169a0990f3e14ef4def702,4345879,1444,4344435,0,0,35,71,1440,96,614b3a5c01b2445e11e03f0cb0c832b162ec6c5344bde4bd9f2b2c74cd281cbd,2026-07-22T09:22:59.764780+00:00
2025-10-29,XRP-USDT,True,,XRP-USDT-L2orderbook-400lv-2025-10-29.tar.gz,140762012,a7aee3571d3c6471ee27240cc4a2117ceac183904c7dbc52efb48376c0af1a2b,3342614,1443,3341171,0,0,47,39,1440,96,6df370dda3b7c19674916c9c906881cec5b3cf50ac683f2e3c83dfbec7794684,2026-07-22T09:22:39.166795+00:00
2025-10-30,ADA-USDT,True,,ADA-USDT-L2orderbook-400lv-2025-10-30.tar.gz,91165537,10b452d35dd6b607566c5800f7d27a535a7cb2a2ec9c6af2dff91fcb18ad614b,2963898,1440,2962458,0,0,8,5,1440,96,06c24f49790124916da102b85a7554a37284d6693b6b2c4ecdae3ff8cad7528c,2026-07-22T09:24:41.539613+00:00
2025-10-30,AVAX-USDT,True,,AVAX-USDT-L2orderbook-400lv-2025-10-30.tar.gz,133688968,51a5ae1ce80f7e92e25714abffc394273d42ff23609d2e6f0ea8d07c5c011fb1,4016425,1440,4014985,0,0,10,10,1440,96,413733df8d527cfd49688359defe326a5a8a36cafbcc6b56a39c6d0d73fdd40e,2026-07-22T09:24:58.787931+00:00
2025-10-30,BTC-USDT,True,,BTC-USDT-L2orderbook-400lv-2025-10-30.tar.gz,271650913,82c5f0675e7378c8b5f5ea6cc9067e980b0b3c0184f8bdd9c8e88383a5fb30c6,6294626,1440,6293186,0,0,10,10,1440,96,d56ebe7ed8c6db0726e64abed736565c65b4012adab53166a6881bd52b3d30f7,2026-07-22T09:26:23.854239+00:00
2025-10-30,DOGE-USDT,True,,DOGE-USDT-L2orderbook-400lv-2025-10-30.tar.gz,277440322,3ed0ba0ccda9e4fcc4787493629c626ebfa3d546b0bdf7a5c3bab3aa33fe68fa,4922368,1440,4920928,0,0,1,5,1440,96,9f675b848581bddd74a6ab6ddd8c37f3c7247b4cbe3e99f8fef6ecbd6b75851b,2026-07-22T09:26:50.257858+00:00
2025-10-30,ETH-USDT,True,,ETH-USDT-L2orderbook-400lv-2025-10-30.tar.gz,331607996,8338a4bdd3fa2ae6e02248ea687f889b5036c3c3b48ffc644c79f85774c4ffdc,6636309,1440,6634869,0,0,8,5,1440,96,5c93dc1e5f71ad7e149eb582250eb4b85529670967cbf16dea5d93bdad984e0a,2026-07-22T09:27:32.424318+00:00
2025-10-30,SOL-USDT,True,,SOL-USDT-L2orderbook-400lv-2025-10-30.tar.gz,217235141,3e5b128bea0e7807988e9a87bb5630ddeb03c94e9745965a92823d21c3f3c2db,4893301,1440,4891861,0,0,9,8,1440,96,8eb0c37053f6d1161d4e6f11db0560dff30256de79476da5ef6e5b8c4cd91ad0,2026-07-22T09:25:42.012969+00:00
2025-10-30,XRP-USDT,True,,XRP-USDT-L2orderbook-400lv-2025-10-30.tar.gz,179085171,f7dd81950927a08c3d4d51011dc14d3b0f1f5f531c2d0471be750e5f1eb2c931,4091352,1440,4089912,0,0,11,15,1440,96,dfe77e904ee353c8cfc8084db42c09a74df24fd3b4062e2d13ef4fe6d52f603e,2026-07-22T09:25:18.059299+00:00
2025-10-31,ADA-USDT,False,timestamp_order,ADA-USDT-L2orderbook-400lv-2025-10-31.tar.gz,60523152,dcb3f205aa52268cdb37e451664575c55c3b13291adf50d75dc97ee6bacb95f4,2288695,1440,2287255,0,1,5,89,1440,96,040d880cb5c41129a457c8d25d412d0667edb81be039d5457ee41631c2bbb63a,2026-07-22T09:27:43.292203+00:00
2025-10-31,AVAX-USDT,False,timestamp_order,AVAX-USDT-L2orderbook-400lv-2025-10-31.tar.gz,82029699,99c853139b3770ac6ad0232e8c89968474022472be8536c8a39a90c9cd9a84fc,2991939,1440,2990499,0,1,0,403,1440,96,d43158eb283061f8ea80aa1a09d323f72127610bcff4d20283af35f75c27cbe7,2026-07-22T09:27:56.137682+00:00
2025-10-31,BTC-USDT,False,timestamp_order,BTC-USDT-L2orderbook-400lv-2025-10-31.tar.gz,215932778,12a31f0bac3d96719d530126787a42e102b5003a89de8f43091626be76bbb928,5657032,1440,5655592,0,1,0,73,1440,96,a3a36f920055e4522fb287b160b5749c23a2b46b62ea9185f256e02eaa49aeac,2026-07-22T09:29:21.910514+00:00
2025-10-31,DOGE-USDT,False,timestamp_order,DOGE-USDT-L2orderbook-400lv-2025-10-31.tar.gz,175348735,a75bec52953c1a3106dde6634a873acb6991dd112a051a66b0b616f029a17b6d,3930998,1440,3929558,0,1,5,29,1440,96,3965c4d8ce3704b43a73cfd40059960983fc807e188b26b3932e235fcb888490,2026-07-22T09:28:47.868851+00:00
2025-10-31,ETH-USDT,False,timestamp_order,ETH-USDT-L2orderbook-400lv-2025-10-31.tar.gz,253506180,e96430a7b12ac4989f71e6df749e31cf4f56f0910416aeff5e92f220acc2d6ba,6084191,1440,6082751,0,1,5,9,1440,96,5a35f8976b047546a23f736de338c83530d2389f8bd8b2f593fa8babbe9fe2fe,2026-07-22T09:29:56.284674+00:00
2025-10-31,SOL-USDT,False,timestamp_order,SOL-USDT-L2orderbook-400lv-2025-10-31.tar.gz,160403009,da78175113ae7888bb891c8451ee6dbdc91fb9ee282484e34eee1cb64f118daf,4201012,1440,4199572,0,1,2,4,1440,96,fd630300fd210ca3f569fc71eba094c97c917522e70afc4682d72edf26575f8e,2026-07-22T09:28:29.466380+00:00
2025-10-31,XRP-USDT,False,timestamp_order,XRP-USDT-L2orderbook-400lv-2025-10-31.tar.gz,124408381,8987cdfec76a763c5b65d0040555765d98c0f7312d36f926151f90477aa62aba,3315577,1440,3314137,0,1,75,209,1440,96,510248a5c40f09beb0e7a0637184647c170e9235f8c806275a754c243e650d2b,2026-07-22T09:28:10.566127+00:00
2025-11-01,ADA-USDT,True,,ADA-USDT-L2orderbook-400lv-2025-11-01.tar.gz,41748224,9eef6c104ba42a94a83d4377bdccc894dab284bbf45e841e331d6de50f49238c,1648169,1440,1646729,0,0,191,6,1440,96,17b2c500e2894686597aa5a4ba7ecc2e5d42d3c1625c8771d8c1d4f3513e64b2,2026-07-22T09:30:04.220655+00:00
2025-11-01,AVAX-USDT,True,,AVAX-USDT-L2orderbook-400lv-2025-11-01.tar.gz,53517031,d99bb2e4b1b2e0182e5ae6663229b9f63217b2f8ad8ca4ec7079ce58a175d7b1,2116239,1440,2114799,0,0,57,58,1440,96,6a0abe181771da962fde31ea0d0f64c0534d011f64128c5d79c260130fa0aa14,2026-07-22T09:30:12.555100+00:00
2025-11-01,BTC-USDT,True,,BTC-USDT-L2orderbook-400lv-2025-11-01.tar.gz,110305692,3df6590d0acd2952611d7a2dcaf976ce01cbd5958e44f79cf2905cc9ff475a56,4505843,1440,4504403,0,0,27,48,1440,96,8bb5c3f38536fa7e47214afe2e3213395be42d598dbb986f7e7e0e6ae57027e7,2026-07-22T09:31:04.822304+00:00
2025-11-01,DOGE-USDT,True,,DOGE-USDT-L2orderbook-400lv-2025-11-01.tar.gz,96887033,0d804c0bdfcfb73f283c76596a92ef63d80d231f6384798ae13ef393c3e8f521,2625538,1440,2624098,0,0,31,129,1440,96,54a0db06665a81d06e674b8f4aad375d8c8bf915f15f5a8f1e07fc312fced1d5,2026-07-22T09:30:43.599356+00:00
2025-11-01,ETH-USDT,True,,ETH-USDT-L2orderbook-400lv-2025-11-01.tar.gz,122037408,e9d9c9c3d4a2531cbd4b4d9c4cda94d4365540d0a4ccaf779f15ad425633fc30,4463250,1440,4461810,0,0,1,16,1440,96,0c89a7dbb9e1c0a8f13b8a370c5c1fc08d1751d385724b97bbc190288b6cbd3f,2026-07-22T09:31:25.850292+00:00
2025-11-01,SOL-USDT,True,,SOL-USDT-L2orderbook-400lv-2025-11-01.tar.gz,82837323,f3751c408811f60fdf0919de2ee31c9f05bd5aad50178851c98ead9a9316536b,2653296,1440,2651856,0,0,6,2,1440,96,e103e2d6b5b4a7f5e215d4d201eaf417a460760cbcd3cb0b8a1e1db00d1cd2d4,2026-07-22T09:30:32.373713+00:00
2025-11-01,XRP-USDT,True,,XRP-USDT-L2orderbook-400lv-2025-11-01.tar.gz,62702583,671d78d96de74d1023bf4e7edd771dcf4340c1b90c57fcab35110efea669052c,1968530,1440,1967090,0,0,41,9,1440,96,7f7b477fab3cdc6e62a9e4425c99a35d7189a7b605d94c9066fb8e72bd995551,2026-07-22T09:30:20.562410+00:00
2025-11-02,ADA-USDT,True,,ADA-USDT-L2orderbook-400lv-2025-11-02.tar.gz,47901769,3cec171aee35446bce61150ddbe4fcdb36965f15a0501cda582924d485590e23,1894482,1440,1893042,0,0,4,66,1440,96,296b2a89a2032af5e70e4e06265444ee7cb44d4eba221ab68a1818633c0ab2b2,2026-07-22T09:31:34.315319+00:00
2025-11-02,AVAX-USDT,True,,AVAX-USDT-L2orderbook-400lv-2025-11-02.tar.gz,61351597,72ea85122b4b934c73e7aaff205e4c74869bdc431e956125cadf6916f1eb5037,2360343,1440,2358903,0,0,12,38,1440,96,d0207551b7bdb9b294ec14eb9cc626a7099b024b29e196855be76925c3a1bd3d,2026-07-22T09:31:43.734593+00:00
2025-11-02,BTC-USDT,True,,BTC-USDT-L2orderbook-400lv-2025-11-02.tar.gz,142523099,7164e2a4dc308260f2ad354518ddb4cc06b1f68953d5eed0a928bf9b3025cbf2,4788347,1440,4786907,0,0,12,18,1440,96,b73a5205c6dd4d5ccf68ad2e477c7513d40c903b4c70669051eb9a7e96a56837,2026-07-22T09:32:45.773817+00:00
2025-11-02,DOGE-USDT,True,,DOGE-USDT-L2orderbook-400lv-2025-11-02.tar.gz,119236183,6618699d0e81ee48e795e30b7b7cee805620f15c90360d68891f4bee8fbd0de5,2995393,1440,2993953,0,0,31,16,1440,96,a40e37d795d5b7c376e07bb5181e360fb1773c2205eee35c3b631da1af8349dc,2026-07-22T09:32:20.106363+00:00
2025-11-02,ETH-USDT,True,,ETH-USDT-L2orderbook-400lv-2025-11-02.tar.gz,149855611,a3b1a75dc07ec2fdccdbfc1dc2e8986ebe9d3097d8adb15afbc1c49399e6cdce,4771264,1440,4769824,0,0,44,6,1440,96,b79e753ddda0d1998f7e604d812da701a85a3a23d2440198a71589965399dab7,2026-07-22T09:33:08.726372+00:00
2025-11-02,SOL-USDT,True,,SOL-USDT-L2orderbook-400lv-2025-11-02.tar.gz,98349523,92024866dd9ce1ff491d968d890d90e00ccd4bd969bb58765cc571095269f79f,3112027,1440,3110587,0,0,8,2,1440,96,affe8a6b5a5a28865297b53e969a9ebbc9fd4d9c103c29e51e9499be4e4a9c3d,2026-07-22T09:32:06.504548+00:00
2025-11-02,XRP-USDT,True,,XRP-USDT-L2orderbook-400lv-2025-11-02.tar.gz,78399986,f3dae20946da7643a5ae5fbcd58ea969a920fcf57f6e0c46dd5715da1fca2dec,2394652,1440,2393212,0,0,11,26,1440,96,6e40d1cde9836ffeec9da8455f8fa6bd375d45bd5cf773d2c76c394679ce93c9,2026-07-22T09:31:53.597856+00:00
2025-11-03,ADA-USDT,True,,ADA-USDT-L2orderbook-400lv-2025-11-03.tar.gz,93028274,a023ccf6ed72b7d725bb8a3f70e77f96e24ef501998b555869d77331fc896317,3015302,1440,3013862,0,0,14,142,1440,96,3b89ec6351ed79f93a37e8cd5ec97538fe6bc5b52655fbbfb2b491626200815d,2026-07-22T09:33:22.115788+00:00
2025-11-03,AVAX-USDT,True,,AVAX-USDT-L2orderbook-400lv-2025-11-03.tar.gz,109577958,7479ce233689c1739e326f46508e094d27c367b18428d3c0fb751c5a5a1482dd,3463313,1441,3461872,0,0,12,38,1440,96,b4024c85a41db07a253aa26a1b1461d9ee6654a553b81169451f4f052d580bdd,2026-07-22T09:33:37.162011+00:00
2025-11-03,BTC-USDT,True,,BTC-USDT-L2orderbook-400lv-2025-11-03.tar.gz,303964086,77b21d77c658db8606b659637f35fe37cdfaf27e2a672c259036cb6be1ebf3b4,6400993,1440,6399553,0,0,12,8,1440,96,ff482f110540b6a5b523e210272e54e4081c1bdb6b11812d3a0af293ae01e0a8,2026-07-22T09:35:33.060301+00:00
2025-11-03,DOGE-USDT,True,,DOGE-USDT-L2orderbook-400lv-2025-11-03.tar.gz,275965764,1a4ecf03cce3a45a9679df0c03d789a4558439ad8bc86f880b04d5b4b3ed8e78,4812824,1440,4811384,0,0,14,47,1440,96,1a4aea248a54da51ad67c5bc1e1b772e2e47cd793d1c364b72c83ce67b636b3e,2026-07-22T09:34:48.014110+00:00
2025-11-03,ETH-USDT,True,,ETH-USDT-L2orderbook-400lv-2025-11-03.tar.gz,310089386,fa7dcfbaf0a16a31a7e0c25d6c83e899b0135e4ad1743d82e811fe7576542931,6177895,1440,6176455,0,0,4,92,1440,96,d5e7de41666320a25ad575641dc29b1242821a93e46f77045b2a8c0baadada35,2026-07-22T09:36:12.219535+00:00
2025-11-03,SOL-USDT,True,,SOL-USDT-L2orderbook-400lv-2025-11-03.tar.gz,224391844,ef9f3994d71207da58044066030f598582aa91b16836a2d95321ae33a214cb87,5096196,1440,5094756,0,0,8,69,1440,96,f3b95edd85ff1d962e05d09dc7761137e7d700e00b5100b28a8be86660e5385f,2026-07-22T09:34:22.118557+00:00
2025-11-03,XRP-USDT,True,,XRP-USDT-L2orderbook-400lv-2025-11-03.tar.gz,182272517,b8f1c465d16b894036b24b5f30a4f4a6fe953cfdd00b15553989a666451b9cc8,4386089,1440,4384649,0,0,14,27,1440,96,7a303f74a3dff54b11448d8cb07f46547ed7177afec485619472f1c96c8e720d,2026-07-22T09:33:57.204614+00:00
2025-11-04,ADA-USDT,True,,ADA-USDT-L2orderbook-400lv-2025-11-04.tar.gz,134947881,08832860c52aae6a3db1800d2e862eb61600073ca6a842d82e14136325fe9171,3860540,1445,3859095,0,0,8,12,1440,96,f50a58ca0c93b1c4252d6b4c8be3e58f9cef2b27519b6debe9a52a79fe948edb,2026-07-22T09:36:29.922098+00:00
2025-11-04,AVAX-USDT,True,,AVAX-USDT-L2orderbook-400lv-2025-11-04.tar.gz,148226426,923dc831ec875e25875dc79f8043464a2dfe449df33dee335228bfc8ec0204c9,4327441,1442,4325999,0,0,32,6,1440,96,76403c29e5ed6866a16f8ed64d48450181ddb95eee6e400239bb0de7ebae6b11,2026-07-22T09:36:50.975250+00:00
2025-11-04,BTC-USDT,True,,BTC-USDT-L2orderbook-400lv-2025-11-04.tar.gz,408691722,329c111ba8b38b7c11ae1c34c375b706fb26baa8bc4b1e93849e4a997bd1cf89,7062693,1441,7061252,0,0,12,6,1440,96,685a596a7e2dd4ea8c89104ec3e82721be5a28887924e5a82fe243fe03c02260,2026-07-22T09:38:52.701471+00:00
2025-11-04,DOGE-USDT,True,,DOGE-USDT-L2orderbook-400lv-2025-11-04.tar.gz,445359262,06cd89cccf50b5d17311db5d4b3fdd094c6cdf9d12f3a40f544f76d3d614844a,5803353,1442,5801911,0,0,13,9,1440,96,33eb753ca84629ac9022acc5c9610bfaa5378f7baad0ee5fc7576b2f06695de4,2026-07-22T09:39:34.346976+00:00
2025-11-04,ETH-USDT,True,,ETH-USDT-L2orderbook-400lv-2025-11-04.tar.gz,472320321,f3740a7c2aba4951d6bbc69e77b6f86fa303829941414fff508a4aced06b85a0,7203895,1441,7202454,0,0,8,12,1440,96,e3279d37baf2e9dd898c5430050f07bb7cddd7a9f1bad6e069025737d59aabd3,2026-07-22T09:40:29.303716+00:00
2025-11-04,SOL-USDT,True,,SOL-USDT-L2orderbook-400lv-2025-11-04.tar.gz,317348834,3a34ec131640d59bee36bf01801cbb9344f47e65eeb05c38fde6c1c426e5cb99,5998316,1444,5996872,0,0,31,12,1440,96,571d4f11e58e19adf20e16fd7eb3854f13d834bd948bca241021f98f3c7eb2f8,2026-07-22T09:37:56.753706+00:00
2025-11-04,XRP-USDT,True,,XRP-USDT-L2orderbook-400lv-2025-11-04.tar.gz,304598979,a76cd09de0a9d03437a34140da31efb1ebf7efb23d7c4e694ce03d53f6a80a51,5560029,1443,5558586,0,0,3,9,1440,96,f655e28434518695d3034abe7f25d4e133aaa0fbed31f7231ed60fb09f9015b7,2026-07-22T09:37:24.206892+00:00
2025-11-05,ADA-USDT,True,,ADA-USDT-L2orderbook-400lv-2025-11-05.tar.gz,89133490,28ae8be00f7d4daa2913020388f68e44ce401f67d0886ea2a910bc69680e53e3,3038917,1440,3037477,0,0,18,52,1440,96,0a8ee37258f5f55a875d9f723747b8d5668cdaf809110904ca9c64961b4b9502,2026-07-22T09:40:42.492585+00:00
2025-11-05,AVAX-USDT,True,,AVAX-USDT-L2orderbook-400lv-2025-11-05.tar.gz,117129375,8b69f8b4c507c8c82abc000ddf3c39944f4f7806d55ebc5921a2d07007199be5,3923658,1440,3922218,0,0,4,25,1440,96,de527e2743369f9c628541cf2c3339734fe85e3213aed35799c9fda922ca54f8,2026-07-22T09:40:58.902151+00:00
2025-11-05,BTC-USDT,True,,BTC-USDT-L2orderbook-400lv-2025-11-05.tar.gz,321272832,5269e9f11555b7e9b52fc95966756b7641eed0164c1b47dcf1f0a532707a3196,6688675,1440,6687235,0,0,4,15,1440,96,3a14f60cda7550767288f479e3e25bef5184608996c4295ede16f39e89077eb8,2026-07-22T09:43:01.209435+00:00
2025-11-05,DOGE-USDT,True,,DOGE-USDT-L2orderbook-400lv-2025-11-05.tar.gz,300494353,e0cd6e4a4bd7a82e1a21eaf7c2db996cc9734f388dd558ddfbed5787f71dc5ce,4878646,1440,4877206,0,0,1,32,1440,96,6a61646656a6a0c952ced61e3345d415bf4b0cdfcad798813b3745ff93044540,2026-07-22T09:42:14.371543+00:00
2025-11-05,ETH-USDT,True,,ETH-USDT-L2orderbook-400lv-2025-11-05.tar.gz,348929220,bf2f7eaa5e7bbe8aaaa40c999673289a81aef40dd0399ac1350dfa5e6bd9014d,6639871,1440,6638431,0,0,8,2,1440,96,9f7fc0a3b1cd835e3c03af68fc9e21ae22209cf219d99a5782ae7b76bc71abcd,2026-07-22T09:43:47.695715+00:00
2025-11-05,SOL-USDT,True,,SOL-USDT-L2orderbook-400lv-2025-11-05.tar.gz,229151824,0563cbb6c5472b4e0ae1db46bc3c8e1a28b92e2ea1e80572e95ad068ef3dd017,5226164,1440,5224724,0,0,18,17,1440,96,9668794defb9833721a0e9eb7981d5eba18d8ca5a81b9dfe02379888c6cec7d2,2026-07-22T09:41:47.337889+00:00
2025-11-05,XRP-USDT,True,,XRP-USDT-L2orderbook-400lv-2025-11-05.tar.gz,217713158,0a199cd05706c226a6f5222b902c615936f5d27bd2f119037d7645805fd35e1f,4768763,1440,4767323,0,0,1,12,1440,96,d0b85d8ee452ab633ed9fde2e4b9715f7ca542f1bdc4fd724129930b75918fcd,2026-07-22T09:41:21.866671+00:00
2025-11-06,ADA-USDT,True,,ADA-USDT-L2orderbook-400lv-2025-11-06.tar.gz,76012068,98e8d1b6ec062329eafdc08e102e56cc74812421eb90c808fa883aa204db967f,2620928,1440,2619488,0,0,28,28,1440,96,5fc6dabd408fbeca44fbf83ff55558041b1f8878eb926e43066c6a0a5ee75258,2026-07-22T09:43:59.309076+00:00
2025-11-06,AVAX-USDT,True,,AVAX-USDT-L2orderbook-400lv-2025-11-06.tar.gz,107981825,65cc8b677257743ab7d75931bfa6c771d7bc21e39739acef5eeff698843f0199,3635061,1440,3633621,0,0,15,272,1440,96,73b97648e2907b90b096d689d78e3088d2791133e7d50b1a27569349cbd290ed,2026-07-22T09:44:14.420041+00:00
2025-11-06,BTC-USDT,True,,BTC-USDT-L2orderbook-400lv-2025-11-06.tar.gz,287556974,f41fb42640bb969cdece6e6802b48b5dab4d10a65ad90d139a2908dce250e5d8,6318759,1440,6317319,0,0,5,32,1440,96,68832fffd91267a882b36c3c77543284e24f1262d90a53be45a782e9c8eef597,2026-07-22T09:46:06.238583+00:00
2025-11-06,DOGE-USDT,True,,DOGE-USDT-L2orderbook-400lv-2025-11-06.tar.gz,263046778,505b0b6756dc2df95fc11bb8bf8855c31beffcbe4da24dcf6cb96d84485bcc6d,4581648,1440,4580208,0,0,18,19,1440,96,50da6c281d739144caee2695c2400d8a393be45006743734291efa291803f36c,2026-07-22T09:45:23.463302+00:00
2025-11-06,ETH-USDT,True,,ETH-USDT-L2orderbook-400lv-2025-11-06.tar.gz,337505621,a37d4ecaffd591bd0447db8bff59a4dfc4ab957ec6a01a35dfa4d651af7f0bd7,6647828,1440,6646388,0,0,8,18,1440,96,bc0dbb28fe3b5362d7938a35f707c52adcd8fa77e7688f4e2402ca9798885d45,2026-07-22T09:46:49.097630+00:00
2025-11-06,SOL-USDT,True,,SOL-USDT-L2orderbook-400lv-2025-11-06.tar.gz,207488691,b803cb31805454110fd637c5d0f18479cc598350ecf5ea1da08e24edabbbdff1,4927952,1440,4926512,0,0,3,15,1440,96,eebae50f1b40ee9b7264f4109398941c2203367144b0cc186b69a379aacd5e86,2026-07-22T09:44:58.835224+00:00
2025-11-06,XRP-USDT,True,,XRP-USDT-L2orderbook-400lv-2025-11-06.tar.gz,190630740,5e182a5a954f572a868781fb9ba838ac61780ac53b1a8e074441f8fbcdac4532,4558828,1440,4557388,0,0,18,39,1440,96,1a8aca985168bb2e4a90005eb97b12102b5ab110d8cd92d20c756e7e9afede17,2026-07-22T09:44:35.534790+00:00
2025-11-07,ADA-USDT,True,,ADA-USDT-L2orderbook-400lv-2025-11-07.tar.gz,99577526,1f290f0d771972bf8f4f7b198b3119c2adf90830d31799c5033ef7f26f4243d8,3164167,1440,3162727,0,0,202,54,1440,96,5129f5bf37e2a1c0ed44bebe7faa956f58018e36fb3c8fa46a3ef446c3718d2c,2026-07-22T09:47:04.545502+00:00
2025-11-07,AVAX-USDT,True,,AVAX-USDT-L2orderbook-400lv-2025-11-07.tar.gz,144740379,183fc33a6e5f2411221227fc6cd51d1364bc352ea9311756d0f370a785e3293f,4315271,1440,4313831,0,0,28,45,1440,96,55ed044764bee5165e3087e60cf5a302e750036b36f146cbecd301635f460953,2026-07-22T09:47:23.500671+00:00
2025-11-07,BTC-USDT,True,,BTC-USDT-L2orderbook-400lv-2025-11-07.tar.gz,323707904,2b1c0557baf0a6085f46bd74f74dae591f197e2b9ebcf97ad05cbf6c09383bad,6580680,1440,6579240,0,0,8,5,1440,96,7d77f07390c753ca37233ae8bda884d81ad7a3794ee8a27c4ac01f0dac5dedf4,2026-07-22T09:49:00.237726+00:00
2025-11-07,DOGE-USDT,True,,DOGE-USDT-L2orderbook-400lv-2025-11-07.tar.gz,342271294,57441bfb949ed9fbf1b7dc6601002127265682c3e2d5ac54d976f3554328d9c5,5013668,1440,5012228,0,0,91,87,1440,96,60b39266e5037a63127aba6c711d6a405ab1cff35b45de4b8e5202a4e75fcdb0,2026-07-22T09:49:33.312497+00:00
2025-11-07,ETH-USDT,True,,ETH-USDT-L2orderbook-400lv-2025-11-07.tar.gz,398298580,a3a01c29f99a409bb900d161bdf506e0b9a36449b75d183d4c7e228ebc845d04,6970867,1440,6969427,0,0,2,54,1440,96,c9db3b9e5372da2e71f88175bb37f15fddb713e88e94ff5899984643811c4e02,2026-07-22T09:50:22.080138+00:00
2025-11-07,SOL-USDT,True,,SOL-USDT-L2orderbook-400lv-2025-11-07.tar.gz,236314860,90d1cbb3e4cdbbddd1e7adcc7125f98d88f1670bd4acd6efa887f73a0c165dc1,5302597,1440,5301157,0,0,45,44,1440,96,aa3aa8d665b0e28606d42b3f31df2a54f4a49e65f5f601a24a45a5d4666beb82,2026-07-22T09:48:12.954648+00:00
2025-11-07,XRP-USDT,True,,XRP-USDT-L2orderbook-400lv-2025-11-07.tar.gz,219096707,ce74548da328a7ee2d2e48a883a2dd23c80ff711f808c1019c17e9e4bfbf98a6,4825932,1440,4824492,0,0,111,47,1440,96,88e75022f7e964bac717e242bfb3fcd2adf63ab728ea42ed189b7e5885aced58,2026-07-22T09:47:46.906981+00:00
2025-11-08,ADA-USDT,True,,ADA-USDT-L2orderbook-400lv-2025-11-08.tar.gz,70037721,0da6d8beaf0dfdac5649ca967c5e37c0368f36ef2f6741dd5ac85663ba8f0310,2419893,1440,2418453,0,0,16,172,1440,96,e6b6de9028d04bf67f753ad8b987613da40906a8a61c03239881cf6962196389,2026-07-23T13:18:01.996252+00:00
2025-11-08,AVAX-USDT,True,,AVAX-USDT-L2orderbook-400lv-2025-11-08.tar.gz,100551805,13f1d9015ec6933f1a8cc437d47fc7daa52f77f1cc405132bede984a94d18653,3317866,1440,3316426,0,0,55,59,1440,96,1c3f6c6c61b8cbdb99563dd47267072ea4509edef5ae38f59abbdfef2573745c,2026-07-23T13:18:29.178674+00:00
2025-11-08,BTC-USDT,True,,BTC-USDT-L2orderbook-400lv-2025-11-08.tar.gz,195259926,4ff59666ea3c583ae6c24ccff61c17d32d146a50b038efe27fdbc730feb4514f,5505882,1440,5504442,0,0,5,29,1440,96,0ea4bb1052e8c2245ab817cfe62fcb565fd8c25c871faa817bfc172d4a9775e9,2026-07-23T13:19:01.723702+00:00
2025-11-08,DOGE-USDT,True,,DOGE-USDT-L2orderbook-400lv-2025-11-08.tar.gz,254832155,2c58486d7605e5c37bf6bd0e1dcde5126240dec412cfb87ac0d06198790f87a4,4227159,1440,4225719,0,0,3,92,1440,96,841f886ee54af2448745d9d5cbbb9c9623d2f7caddfc108cf40d3ea200ddde78,2026-07-23T13:19:56.993943+00:00
2025-11-08,ETH-USDT,True,,ETH-USDT-L2orderbook-400lv-2025-11-08.tar.gz,235950044,677500a8bd99e5014d5d3ac19c05e2fb6c8efa4d88bb5361c8289c3f680b99d9,5656628,1440,5655188,0,0,6,32,1440,96,c8d1ccbaaec219cc356efea884e3db46aa0b9ca19789157b80132d767d6c51c0,2026-07-23T13:19:33.797923+00:00
2025-11-09,ADA-USDT,True,,ADA-USDT-L2orderbook-400lv-2025-11-09.tar.gz,61644702,3a3e4347f47c35de96408a9723602a87e36c5a9cf934d544840157010aa796e1,2259502,1440,2258062,0,0,8,13,1440,96,5096b15ebc4578ff40a89db9b203d2f8e16b9c1429232c185fafa54309fcff01,2026-07-23T13:20:07.034896+00:00
2025-11-09,AVAX-USDT,True,,AVAX-USDT-L2orderbook-400lv-2025-11-09.tar.gz,88907255,5bfaa99ab55aa98f0774cd86ff0b68fd236ecb1077bf9d05fc15f536bdfa0fae,3159503,1440,3158063,0,0,1,13,1440,96,7c7e128974c32df0604a2f2e816d3ab69c19a05703ae462b6d89001608ff1e84,2026-07-23T13:20:19.875467+00:00
2025-11-09,BTC-USDT,True,,BTC-USDT-L2orderbook-400lv-2025-11-09.tar.gz,204792262,96559b2f914bfc775d76a8c1314e13bc9f9d97fa1197b3699061abebe8bf24c1,5331123,1440,5329683,0,0,11,33,1440,96,3a0811aa8395ea7a923f0ea5a9ebb69d41be48346deac1e0b656a2d978697853,2026-07-23T13:21:42.935758+00:00
2025-11-09,DOGE-USDT,True,,DOGE-USDT-L2orderbook-400lv-2025-11-09.tar.gz,191803976,137223d03af7867b4ea1b6d992b6de17ddb442dc76c8f8b019faa70aff0159c4,3596339,1440,3594899,0,0,18,120,1440,96,f979986303d68bf2937cf4f570c5a0993ad2eef7d8a8ed977f8e86cbac4d1bae,2026-07-23T13:21:09.801001+00:00
2025-11-09,ETH-USDT,True,,ETH-USDT-L2orderbook-400lv-2025-11-09.tar.gz,228820698,cf40c7ed146b8f82b30bbdcfda7b2740a3729a4c304142d1f72c6eae43626546,5527198,1440,5525758,0,0,8,43,1440,96,e23c44a670fd6a0c233577c3598839fead25e2fec36cf0f700fc6b10ce97c90e,2026-07-23T13:22:14.012800+00:00
2025-11-09,SOL-USDT,True,,SOL-USDT-L2orderbook-400lv-2025-11-09.tar.gz,132816588,1c1c9f2433c26e80e88ab6694357646862f7942e994360a036ce28f468590246,3821862,1440,3820422,0,0,8,161,1440,96,4a1db126b90c39c1f0a390602daef29c0b8b225916794d539fa02d04ebbd97ae,2026-07-23T13:20:51.037433+00:00
2025-11-09,XRP-USDT,True,,XRP-USDT-L2orderbook-400lv-2025-11-09.tar.gz,124707184,6b8b4345b2b69faf5110ab40f018e751b678b17fa68f130c2f206ac41af4837b,3431596,1440,3430156,0,0,8,20,1440,96,c2d28eb4101e84bcf9a314ad8c3960863a37cf86e8865d230a2b0b1dbd9c7c49,2026-07-23T13:20:34.557138+00:00
2025-11-10,ADA-USDT,True,,ADA-USDT-L2orderbook-400lv-2025-11-10.tar.gz,75023353,e369112482c140265e671a541ccdce102d5bc32931f84e0456bb4efd2b3d461f,2704501,1440,2703061,0,0,37,40,1440,96,9c86b682235db1de2f4d12fe30be2e771ac054408378ab97fc9d740e3d60b765,2026-07-23T13:22:25.928714+00:00
2025-11-10,AVAX-USDT,True,,AVAX-USDT-L2orderbook-400lv-2025-11-10.tar.gz,104760489,170272328e392613eee6c87be60dc4e7c343d34d9132ad38bb8763f86625fc3e,3490931,1440,3489491,0,0,7,11,1440,96,f5bc7da4c53e093bba06740fa8bdfc87b64c64c5ada70b7d41ba2060ad7204b7,2026-07-23T13:22:40.584226+00:00
2025-11-10,BTC-USDT,True,,BTC-USDT-L2orderbook-400lv-2025-11-10.tar.gz,269108357,8a725ffd510166e2372a07c94f1c193395130e70ff55f1d9e6eb5b98300a3c5b,6155727,1440,6154287,0,0,7,11,1440,96,a35fb894b638e850058b176c8dc4e65ee6a06f3957f18bceeccd81b17d136153,2026-07-23T13:24:28.176558+00:00
2025-11-10,DOGE-USDT,True,,DOGE-USDT-L2orderbook-400lv-2025-11-10.tar.gz,246643878,5b018a4b24359ef28f752d5abf534085be487a7be48bdd3922d9c1f0b2f7fecb,4382974,1440,4381534,0,0,0,8,1440,96,2b0fb70c526eb58ca335b6d2d4c2cc04b6fa825e70f43bfde5c45047c3b18514,2026-07-23T13:23:46.841327+00:00
2025-11-10,ETH-USDT,True,,ETH-USDT-L2orderbook-400lv-2025-11-10.tar.gz,305140688,298254652ae379f500eebf9dfe48018431c5241a40e7afeda37cd91edc307e90,6427072,1440,6425632,0,0,7,10,1440,96,d722b59611ddbc80eadf7614758c71b374f0ce01d04004e67cb9d97a6861662a,2026-07-23T13:25:07.782400+00:00
2025-11-10,SOL-USDT,True,,SOL-USDT-L2orderbook-400lv-2025-11-10.tar.gz,171011646,485e6e58c199eab6d350467355a3cdc53fbc72034af422d1d5f6b476fc82d043,4530969,1440,4529529,0,0,19,10,1440,96,80b0ff6f1c3355f0636b21da64586e47b72bc9e2c5abc81eb086ef098ff3b63d,2026-07-23T13:23:01.035773+00:00
2025-11-10,XRP-USDT,True,,XRP-USDT-L2orderbook-400lv-2025-11-10.tar.gz,205042726,b9a150579b37e44e8dada76e897775d653f75dcb031b5495f22b04e1714f6f55,4731369,1440,4729929,0,0,10,38,1440,96,d11dda425b59d2320d59a7531d174cfa6f11dbe8964b8cba2436cea9673621f4,2026-07-23T13:23:23.529369+00:00
2025-11-11,ADA-USDT,False,timestamp_order,ADA-USDT-L2orderbook-400lv-2025-11-11.tar.gz,73684159,93ed3c01f80534bfefcb8e5a5df67597f13f76abd439a26e8ada1e7334f6730f,2697100,1443,2695657,0,1,10,15,1440,96,d2e744f16660890e58bd7f19010fd322e969f64f945b0f589c5c297b6ae115fd,2026-07-23T13:25:19.324823+00:00
2025-11-11,AVAX-USDT,False,timestamp_order,AVAX-USDT-L2orderbook-400lv-2025-11-11.tar.gz,108402006,3f5064f6aa8a1e1e56e4aad0761670a7739d43d6092e79f2b21f60d91c25b38d,3723380,1441,3721939,0,1,9,32,1440,96,787940cc531b0ed7aeae2c7bb1f25d7c7f8b832f9f9e2918d6f4bd2132836d86,2026-07-23T13:25:34.109014+00:00
2025-11-11,BTC-USDT,False,timestamp_order,BTC-USDT-L2orderbook-400lv-2025-11-11.tar.gz,298234067,1e9da0dbcdfa9a81f55d7950ccc92db886a4aa033fcbe8b6603565e39d54049a,6599171,1442,6597729,0,1,9,12,1440,96,a82e148e0bf22ef7cf4fb5886251f52be68a4039265205023ad8116f811c1e63,2026-07-23T13:27:24.810653+00:00
2025-11-11,DOGE-USDT,False,timestamp_order,DOGE-USDT-L2orderbook-400lv-2025-11-11.tar.gz,256587949,b326a2eef5e9d0714424903d88fbd34f1f150b901ba4c0f88447069acfbaad1e,4505368,1441,4503927,0,1,2,221,1440,96,c8773f70e5d54a5ffd21fa712901376349f0cdb1aa7684376406b8b0869b97af,2026-07-23T13:26:40.081347+00:00
2025-11-11,ETH-USDT,False,timestamp_order,ETH-USDT-L2orderbook-400lv-2025-11-11.tar.gz,324213209,5a45a0a5459acbd0597d2939abc41e3744973ecbfc0be94cf1bcb25122803848,6528344,1443,6526901,0,1,0,5,1440,96,ffe831cf3ffd2df83b1543aa000c2ca1818d3fae6082be8c7751a544a99c1fa9,2026-07-23T13:28:06.017804+00:00
2025-11-11,SOL-USDT,False,timestamp_order,SOL-USDT-L2orderbook-400lv-2025-11-11.tar.gz,183338202,aa0eef94a1e6643ac76020fd3a98d6902ae5d82a8482c28864dcfb3590d05b5c,4775389,1444,4773945,0,1,0,13,1440,96,668cd535ba962e4dcbd6ea4eba9148100a720394c7c856e2137a42e791eff188,2026-07-23T13:26:15.970183+00:00
2025-11-11,XRP-USDT,False,timestamp_order,XRP-USDT-L2orderbook-400lv-2025-11-11.tar.gz,177926322,ac703c66e8ec235f9c1db46f3c01d97091009bbad7c563e3ca1b69c6dfbce194,4621086,1442,4619644,0,1,32,11,1440,96,248022e5d85b0ca7a4e7b3f06a21913481252f835f6ccd3e9b08d0e248ad08e4,2026-07-23T13:25:54.638824+00:00
2025-11-12,ADA-USDT,True,,ADA-USDT-L2orderbook-400lv-2025-11-12.tar.gz,66652288,c9c90aaf42c8c9730cf9429a5def6ffeb3e8f166a22bce664b41daa3a6b488c7,2362536,1440,2361096,0,0,5,19,1440,96,5325edd1c123dd6ea0a21fbfea357a8aabb911c9fe26199e5a77ba0ad7c3aa50,2026-07-23T13:28:16.629734+00:00
2025-11-12,AVAX-USDT,True,,AVAX-USDT-L2orderbook-400lv-2025-11-12.tar.gz,90741759,8b4df833f5df2db0b311a93ae662efeecbed99dbbafad289f58952398114f57d,3163222,1440,3161782,0,0,18,7,1440,96,18667485c51fea8e1500a10446d430f63881d0a0956bc33a2717d660c9d64d82,2026-07-23T13:28:29.525096+00:00
2025-11-12,BTC-USDT,True,,BTC-USDT-L2orderbook-400lv-2025-11-12.tar.gz,294791580,234f9aabe7886bf0b3f973528167c4e5fed46baff883d6c94dc2ed72ecc02dc3,6704058,1440,6702618,0,0,8,17,1440,96,702145b4c8ea822c19f860c4e2afc6cf1b5aa686c91536a031d8504e91af5443,2026-07-23T13:30:12.155846+00:00
2025-11-12,DOGE-USDT,True,,DOGE-USDT-L2orderbook-400lv-2025-11-12.tar.gz,205761975,3775fa8261517ec6a76b0219da9b40df4f4d29f54495ccbbc40fbb23643208d8,4055454,1440,4054014,0,0,49,3,1440,96,dc8a50273c5a8425320516b8944b427c9231413c0977731b92c02643361e2a04,2026-07-23T13:29:28.326141+00:00
2025-11-12,ETH-USDT,True,,ETH-USDT-L2orderbook-400lv-2025-11-12.tar.gz,318907923,2f413d7bc20288f23b643b508cb92632468ac61d8e0f4d2ef2d4bdcae4938dbf,6316688,1440,6315248,0,0,5,9,1440,96,8354b2d801c89c2731f56167e04839273691723dc83df53e49401b71e8a5ed79,2026-07-23T13:30:52.423888+00:00
2025-11-12,SOL-USDT,True,,SOL-USDT-L2orderbook-400lv-2025-11-12.tar.gz,169698954,b5bb3577251ab37236986d0c277fb423322286d7f9d90c1798e4de4c23ed0fd9,4424214,1440,4422774,0,0,17,85,1440,96,fd04b7ce28ade44d1faef22a59b933ce5372b7a9a19846855cbe7b5602ff4c2b,2026-07-23T13:29:07.893916+00:00
2025-11-12,XRP-USDT,True,,XRP-USDT-L2orderbook-400lv-2025-11-12.tar.gz,159484868,3f4ac9c53ef2a873e54205b29aaadea6bfb420341ea0a1f4448c1e8e18650e78,4063302,1440,4061862,0,0,9,103,1440,96,1ccc5335e5a274daf24198b030bdccb9507e12751181bb2d3cda075b3a337373,2026-07-23T13:28:47.949311+00:00
2025-11-13,ADA-USDT,True,,ADA-USDT-L2orderbook-400lv-2025-11-13.tar.gz,87118701,b9b2db9f97d3194a7305e0de03bf918140f4dfb2057d85068600073423ea856f,2928373,1440,2926933,0,0,1,34,1440,96,4199d71086daf5193b87821579649ca85757ea812677b98bdd21ae38bb3c8aed,2026-07-23T13:31:05.351500+00:00
2025-11-13,AVAX-USDT,True,,AVAX-USDT-L2orderbook-400lv-2025-11-13.tar.gz,121546203,b89aa02e5042239c7b3100e8416616976529f0a2587e3a7419221508a700174e,3983056,1440,3981616,0,0,33,64,1440,96,94a41d811b0e931378c586864e7d5bf2bce2378b21e87a2bd151f754268ef90b,2026-07-23T13:31:21.762523+00:00
2025-11-13,BTC-USDT,True,,BTC-USDT-L2orderbook-400lv-2025-11-13.tar.gz,359932129,bec75cecd700d431052a0f960272e5787964f9928ab9d032d13f2ddd23c6b411,6978175,1440,6976735,0,0,3,4,1440,96,43a7d3ee0a8834d569b2b06b84c2794be233161e34f0132ec3cb1555005e2cff,2026-07-23T13:33:31.629630+00:00
2025-11-13,DOGE-USDT,True,,DOGE-USDT-L2orderbook-400lv-2025-11-13.tar.gz,272349364,be16b6cf8d30ac75b64d6909c5e1cff5d1f636c77a36f378b4410926b9519248,4694663,1440,4693223,0,0,17,7,1440,96,9998300fbea9d79e17a0311279f78749fbbc0f31f32bcfde9178864980562668,2026-07-23T13:32:38.250713+00:00
2025-11-13,ETH-USDT,True,,ETH-USDT-L2orderbook-400lv-2025-11-13.tar.gz,402876232,87bace9399460f356e4d0fb2c259250a28304dbf7ad6d66a50836752c590b109,6916672,1440,6915232,0,0,1,4,1440,96,a7c7993aad0a255daa60ddabbfad1b18009498296c421e3f220f81da17fdb8fc,2026-07-23T13:34:20.169260+00:00
2025-11-13,SOL-USDT,True,,SOL-USDT-L2orderbook-400lv-2025-11-13.tar.gz,226211334,f9b3a7661882d00d1173ec2f0a14b618e85c5fe6d04602baa41b287a9d3bb665,5139486,1440,5138046,0,0,15,25,1440,96,af19dac33d8c6988431e39d17cdcb05eda10d2fc4ba1f4944ad5ed2b53d64f3b,2026-07-23T13:31:46.719853+00:00
2025-11-13,XRP-USDT,True,,XRP-USDT-L2orderbook-400lv-2025-11-13.tar.gz,243690218,1d477f54eb82b934e1893c3883a8c23bb0b07671d7a701c3fbdbc8d8a3113da2,5371491,1440,5370051,0,0,37,17,1440,96,a580c5dc16a13766d239738ddb19b1fd71eb3ce18a0634d8d089f2f203a6f734,2026-07-23T13:32:12.770701+00:00
2025-11-14,ADA-USDT,True,,ADA-USDT-L2orderbook-400lv-2025-11-14.tar.gz,97989002,33f82c3558a017d088c6e79e968180e9f332e6793428de6011164c7aa98c35a0,3182864,1440,3181424,0,0,126,117,1440,96,334063aa383676ac24a800db3a04e5bbdd1aab9f0a1320f5f77a02babb85faec,2026-07-23T13:34:34.369116+00:00
2025-11-14,AVAX-USDT,True,,AVAX-USDT-L2orderbook-400lv-2025-11-14.tar.gz,133478113,2368c8345cad0c62571164bda283a094ef0d326f48d732df7cbb54c25576e2f6,3937681,1440,3936241,0,0,16,33,1440,96,48045ce8a164f7fb05a3ead02609c5c9c43bb9db422278714dfa3f442cec228a,2026-07-23T13:34:51.882028+00:00
2025-11-14,BTC-USDT,True,,BTC-USDT-L2orderbook-400lv-2025-11-14.tar.gz,437271704,905ac8eea867020ef7e085a2cabf616a6b878aaf06b009ffe3415305823c5206,7064064,1440,7062624,0,0,6,3,1440,96,5f969030932a63b6326a3e8a718d3feb3b45dd8b9313619f6e105fbad6679aee,2026-07-23T13:38:06.472754+00:00
2025-11-14,DOGE-USDT,True,,DOGE-USDT-L2orderbook-400lv-2025-11-14.tar.gz,326917525,44f37133c3972f800ab76335c4ccdd6ea5a7ac4a823485c40bbf3254c1ae32ee,5162469,1440,5161029,0,0,33,19,1440,96,f9c7b0522297c2597df3fd16af5ec6ca811ad13f3bde8efd58b959d312863745,2026-07-23T13:36:16.574174+00:00
2025-11-14,ETH-USDT,True,,ETH-USDT-L2orderbook-400lv-2025-11-14.tar.gz,430508628,4c96aced5af045a041d91239bf670565e9de77217b3d918db7b879db084e6c08,6951570,1440,6950130,0,0,6,37,1440,96,f42451b984108aa7e8d0b0fc923fdeb3a5e69b62615431fbaa77c1db7c7572f8,2026-07-23T13:37:07.242383+00:00
2025-11-14,SOL-USDT,True,,SOL-USDT-L2orderbook-400lv-2025-11-14.tar.gz,273725083,d0bd9d123d05b767610bd382e8a3ac7ab42064a0e75a5f0d852fc8c39261216e,5599206,1440,5597766,0,0,5,68,1440,96,109b89d5c2dada26f51aaaa9b578d5c9883f03333b70fc245cbbb1cc7cf89746,2026-07-23T13:35:47.498746+00:00
2025-11-14,XRP-USDT,True,,XRP-USDT-L2orderbook-400lv-2025-11-14.tar.gz,257881119,8a261cd68945f2116abc0ea8647346bfa9deb200d826edd5905013c4c76354a1,5416737,1440,5415297,0,0,13,39,1440,96,3bf5469791fb73181cf350a9b0eb72fd8cf1309c4680e29d975686df21a4b025,2026-07-23T13:35:18.636360+00:00
2025-11-15,ADA-USDT,True,,ADA-USDT-L2orderbook-400lv-2025-11-15.tar.gz,49091342,57758ded0b2882109ef871a09d674dd03165b217ad1ca345854b4f87c7343a60,1866911,1440,1865471,0,0,63,822,1440,96,5179492e88c097d9a3fe6022931070ba5e5d248eca8f71575a010f0d22a8bcd5,2026-07-23T13:38:14.976614+00:00
2025-11-15,AVAX-USDT,True,,AVAX-USDT-L2orderbook-400lv-2025-11-15.tar.gz,68354683,a9bf89dfa4f31df731590de70f31bcd6ffe8e49835c686f07890a811cdb665ba,2537149,1440,2535709,0,0,7,117,1440,96,96f082f0c3bdbdabed04021552277988e94d2c4fc08f75afe253e77a4842037e,2026-07-23T13:38:24.907216+00:00
2025-11-15,BTC-USDT,True,,BTC-USDT-L2orderbook-400lv-2025-11-15.tar.gz,208835196,3c03332460ef9f47008f30367f89dab8568d2e3d6a495a726b43fe86762dc6c1,5458977,1440,5457537,0,0,7,77,1440,96,5b6829d5ee67605671351967ddbe571aae3b658cdefb63e96584b430a11e3c40,2026-07-23T13:40:09.074164+00:00
2025-11-15,DOGE-USDT,True,,DOGE-USDT-L2orderbook-400lv-2025-11-15.tar.gz,144503621,a30ff59145c30a19a7030b4cda516e09fc97648234a5bff85736aaa5ad466332,3120169,1440,3118729,0,0,1,68,1440,96,3489425ec9a4d113b124d23c5c7fa7e38bed07b16af536e3f4cec18155f59b56,2026-07-23T13:39:09.575160+00:00
2025-11-15,ETH-USDT,True,,ETH-USDT-L2orderbook-400lv-2025-11-15.tar.gz,183769441,d31f45b79a056bcc2a27ab504f4f9e10660bfba23d275c60a88804140b9c78a6,4869748,1440,4868308,0,0,3,22,1440,96,b262727691dd6da16b860393cf45e4d97495cf4815df4290acea86cb1854ec78,2026-07-23T13:39:35.178008+00:00
2025-11-15,SOL-USDT,True,,SOL-USDT-L2orderbook-400lv-2025-11-15.tar.gz,115663817,c8bb04815f4e7c507a2b4e8df1d0646f3ac451aa0b37910be45bedb7d52e5faa,3474183,1440,3472743,0,0,12,101,1440,96,6acd29b4aa0e079197c18f8ea008870b292e9c692132e5a1bb77963f8fe8fb6a,2026-07-23T13:38:39.457388+00:00
2025-11-15,XRP-USDT,True,,XRP-USDT-L2orderbook-400lv-2025-11-15.tar.gz,127876270,fa87442902d56ce26d7b38592ffbd7f918119636324139898dbefe806f08ff56,3621410,1440,3619970,0,0,11,98,1440,96,680e0415d3a797ed6642359955c9cd68b90b03630283f19ab6f433ca27faa9cc,2026-07-23T13:38:54.817134+00:00
2025-11-16,ADA-USDT,True,,ADA-USDT-L2orderbook-400lv-2025-11-16.tar.gz,69536983,acd7f8c0086976a7092941d9f1772832f72c33603d5f35e7e276602b182f6c34,2359733,1440,2358293,0,0,18,41,1440,96,89503f636e1b97614d61fc497d1be14eedef2ac800b94aba68999004e8555887,2026-07-23T13:40:19.886864+00:00
2025-11-16,AVAX-USDT,True,,AVAX-USDT-L2orderbook-400lv-2025-11-16.tar.gz,91743090,f1de9ef92364ebbf29554023775f88d8eee806c758f92a6604e4dffbdfec309c,3063384,1440,3061944,0,0,23,27,1440,96,39ea86bd74549e8598ca5a9159b6aa161bf355fd32e4af0fb2ecdf0fa129de65,2026-07-23T13:40:32.509090+00:00
2025-11-16,BTC-USDT,True,,BTC-USDT-L2orderbook-400lv-2025-11-16.tar.gz,256275104,e2916e676339559e5d1b9352718018ff5df08ba94eb7fcfa453603378e878020,5754288,1440,5752848,0,0,3,77,1440,96,46b418a3a2db9fd67a2815648761d3838a7f8e4749a40e585eb29274e1a6aa3e,2026-07-23T13:42:10.376052+00:00
2025-11-16,DOGE-USDT,True,,DOGE-USDT-L2orderbook-400lv-2025-11-16.tar.gz,206224474,f4e8a23c237c96ddd9be1562389fdc1f5d5105f5b8804bf102254439d0c0f4b0,3860119,1440,3858679,0,0,42,34,1440,96,93309b0dab83a21826cf452d81fbc2e527d133f4e772cf609dcb2e3493c0ece5,2026-07-23T13:41:31.154578+00:00
2025-11-16,ETH-USDT,True,,ETH-USDT-L2orderbook-400lv-2025-11-16.tar.gz,285170140,941eff4f8dd80b10bc6cf9616b9c3a79879b4859f7832d1255516b6a1248980f,5777886,1440,5776446,0,0,18,41,1440,96,ce0e245b562cefad3808dcec9d1e476a7a7accf6a13738bd2cd166abb0200b63,2026-07-23T13:42:46.552282+00:00
2025-11-16,SOL-USDT,True,,SOL-USDT-L2orderbook-400lv-2025-11-16.tar.gz,161933350,8d2e3cd52a80fd75e79154b7e16902f29074b881b1ed99226d7a3d0718698cfb,4296650,1440,4295210,0,0,49,28,1440,96,d1ac1d46b4a84f683c419521f738598e2c16428f8bf5f32c365501e1ebe43d83,2026-07-23T13:40:51.680592+00:00
2025-11-16,XRP-USDT,True,,XRP-USDT-L2orderbook-400lv-2025-11-16.tar.gz,175232513,78d363378dd29633dea32a8a92e0fbd95492a8a47ddcf62965d4f937e8af4905,4329984,1440,4328544,0,0,2,104,1440,96,3e0950e9ff5687a24787732ad44e80873be90706c40f936f62009a5143796c55,2026-07-23T13:41:11.218245+00:00
2025-11-17,ADA-USDT,True,,ADA-USDT-L2orderbook-400lv-2025-11-17.tar.gz,92762024,ebfd54501935f78c4e73501296d75973c040542b2307011aceea83cbfec409b0,2958902,1440,2957462,0,0,9,12,1440,96,4de772d0a5ba31eb9f8f5a91fc4f96abe694cfa66b9119002f61d31a47f92440,2026-07-23T13:42:59.841225+00:00
2025-11-17,AVAX-USDT,True,,AVAX-USDT-L2orderbook-400lv-2025-11-17.tar.gz,129962050,39566dd3736294b1c4eafe336ae310a08bcb8add565170ba7137a0f24f05bc25,3946040,1440,3944600,0,0,23,3,1440,96,f423f540c9b6a8efc2fb2fe9dc0be1aa4185d211e7c9405f084eca397569dda4,2026-07-23T13:43:17.165674+00:00
2025-11-17,BTC-USDT,True,,BTC-USDT-L2orderbook-400lv-2025-11-17.tar.gz,347364146,f81c6248452f67b6d9a2a16c1e4ed4fdee2a715f180d9c7c37e7c0dfb86c0e52,6462610,1440,6461170,0,0,3,13,1440,96,b16cfd8b3610b531281f56b310196c1b75d8358ddfc650a15f6639509ea293f5,2026-07-23T13:45:19.729041+00:00
2025-11-17,DOGE-USDT,True,,DOGE-USDT-L2orderbook-400lv-2025-11-17.tar.gz,279885178,1372c59172acf0e473e524076359aff6bd59a64046e7b517e2bfa2967f2bbfb6,4562108,1440,4560668,0,0,16,8,1440,96,03ae5a2f9e762ae1157daaff67fb8982eff1db72feeb1f4883f8dcae5cd4483c,2026-07-23T13:44:30.411387+00:00
2025-11-17,ETH-USDT,True,,ETH-USDT-L2orderbook-400lv-2025-11-17.tar.gz,374660008,566ea168cc04a32e2bf32c283cc5f99bb36019b182f91d581a361fc7da87a69c,6429633,1440,6428193,0,0,19,42,1440,96,015b43d0ffd72470095b72dba5478f37a6e50d5b7c917fbd300eb38acc27d7f4,2026-07-23T13:46:04.875955+00:00
2025-11-17,SOL-USDT,True,,SOL-USDT-L2orderbook-400lv-2025-11-17.tar.gz,220140681,d3d8cd6880af5326ba8bfb6a1cb7f651dcb9ce9b2908e05ee6ce939e48c0afc8,4893425,1440,4891985,0,0,2,170,1440,96,a11d6f9ad7535035670a17fb54e6fc970777e1805b3dacad301cafe32a703eec,2026-07-23T13:43:41.176370+00:00
2025-11-17,XRP-USDT,True,,XRP-USDT-L2orderbook-400lv-2025-11-17.tar.gz,226119699,6a9748aaf900b3cf442a8045d83726cc9033260f6dd9489cea13964c5d8a89c6,4787032,1440,4785592,0,0,6,8,1440,96,c2ecd30776a770ab61937e2c94d5b8e34e23019bc20d89699a2c2a82f9832a26,2026-07-23T13:44:05.027136+00:00
2025-11-18,ADA-USDT,True,,ADA-USDT-L2orderbook-400lv-2025-11-18.tar.gz,90660168,18f8970ba13c27593b498524cc4fd78605c200bdd6416a1d0a664455bcd31820,3029683,1444,3028239,0,0,8,30,1440,96,00ee83d05cecd093dec88cf43309345be6f7ed6b9fa4f959667cd791c5df7ff5,2026-07-23T13:46:18.259014+00:00
2025-11-18,AVAX-USDT,True,,AVAX-USDT-L2orderbook-400lv-2025-11-18.tar.gz,120518869,7d3ae9fcfa8af6a4c18dd656d6015523066a1db3a21a61f16b25fea092e51917,4068131,1442,4066689,0,0,17,11,1440,96,b168852c803461dc5acab8ae8f7ba068608786f606445a091acde77883b1ac46,2026-07-23T13:46:34.685891+00:00
2025-11-18,BTC-USDT,True,,BTC-USDT-L2orderbook-400lv-2025-11-18.tar.gz,372928650,a56e6f14b77e50e971c8c99a003caaab63f633293192d3462a9c7431644329d5,6759984,1442,6758542,0,0,7,11,1440,96,945e5c912902af83cf103e7067deb0543ca594c596d262e4ab9195bdd88f2bdf,2026-07-23T13:49:21.370779+00:00
2025-11-18,DOGE-USDT,True,,DOGE-USDT-L2orderbook-400lv-2025-11-18.tar.gz,256708938,ef2a18fb4b71d34a895ece927840f8ce7c0174a26e51f04f7b27f595fbab1068,4616482,1444,4615038,0,0,2,46,1440,96,1b679bf40bf69138e1f2a7188efc94aa536d7230bf8f935bdc92598564ec3d85,2026-07-23T13:47:45.969344+00:00
2025-11-18,ETH-USDT,True,,ETH-USDT-L2orderbook-400lv-2025-11-18.tar.gz,350380337,6eb7eadf4f2bdfc9ab75477e78fafdc5cd20d9c643e4e04adf9e1c865658b3cc,6393206,1442,6391764,0,0,8,40,1440,96,c5b59453bb22107a7382856e72fffc515a10ca61e8871017b8de77de02c53648,2026-07-23T13:48:28.972048+00:00
2025-11-18,SOL-USDT,True,,SOL-USDT-L2orderbook-400lv-2025-11-18.tar.gz,213306092,b2107bef712ec4273930fd699fe498540448c0b52ff84a787441ac20e0eba083,4902682,1442,4901240,0,0,40,10,1440,96,b90a0e0dafe7f260581dece62d6db3827b9386c12ac4f3d5dec419da7aebf64a,2026-07-23T13:46:58.242532+00:00
2025-11-18,XRP-USDT,True,,XRP-USDT-L2orderbook-400lv-2025-11-18.tar.gz,221588859,94b33eeb6dcc279e9e959760d2101088e6da8f0c4aebdc05762cb4afc9cd717d,4970776,1444,4969332,0,0,2,126,1440,96,4ffd7073f710498578f891165eb3779c5cf538389428aeebe8a39c1cfa56110b,2026-07-23T13:47:21.808505+00:00
2025-11-19,ADA-USDT,True,,ADA-USDT-L2orderbook-400lv-2025-11-19.tar.gz,84226608,444a44844e20b2833f93858dbeedc8c7779b1832577c2c5ecfca854d5705d177,2841433,1440,2839993,0,0,100,47,1440,96,a612e10de02af7fffb566e46a07dbd902ceb623ebff6e1ce34578aabdc4ccefb,2026-07-23T13:49:33.663310+00:00
2025-11-19,AVAX-USDT,True,,AVAX-USDT-L2orderbook-400lv-2025-11-19.tar.gz,115655833,c5eb4a8c73675890160cf53a083e11e512910024a29a4a23df805bb3aa6ff798,3786515,1440,3785075,0,0,9,31,1440,96,7888753cbd42ad9db6296f1be78dd13b293765ce9a1be3dbed1e84817ae5edc1,2026-07-23T13:49:49.156473+00:00
2025-11-19,BTC-USDT,True,,BTC-USDT-L2orderbook-400lv-2025-11-19.tar.gz,357012312,931875aaa0a4ee84a27be5920fcd0c3dfb1e244b18a616d297a4a61737321d37,6536991,1440,6535551,0,0,9,11,1440,96,d718346162451ac038014c723047ff78db40bdb348b0e4b8cf3e0c3beeb8334e,2026-07-23T13:52:27.212765+00:00
2025-11-19,DOGE-USDT,True,,DOGE-USDT-L2orderbook-400lv-2025-11-19.tar.gz,256373709,b5ec2d9994b5e1799ded95f6cc797f2d48dd81cb463c45c8530a8f09bbe450e3,4559717,1440,4558277,0,0,14,22,1440,96,2e6aeebe900d7c34008f8de984016f770b67a705d16d1fb2ed8113094baed10b,2026-07-23T13:50:57.123111+00:00
2025-11-19,ETH-USDT,True,,ETH-USDT-L2orderbook-400lv-2025-11-19.tar.gz,326451967,2d317856ac32f2bc1bcc78cab42ce345318dd5d8b92b3a3b0f5a03867d874cc1,6322068,1440,6320628,0,0,10,47,1440,96,c61fb0c1c7552fa9ec9f038e11a2d88acb5c8652bcf888b47aa5ec69bb27b1c7,2026-07-23T13:51:37.632039+00:00
2025-11-19,SOL-USDT,True,,SOL-USDT-L2orderbook-400lv-2025-11-19.tar.gz,192469613,d487486ce50cda81574303c2af5b722bcf351fddb514dad9976817409ddfe23e,4752008,1440,4750568,0,0,0,25,1440,96,a55828005cea2f2ae8c40146fd46782ca42c1f4889570a6f040e2e4c06d413fb,2026-07-23T13:50:10.884318+00:00
2025-11-19,XRP-USDT,True,,XRP-USDT-L2orderbook-400lv-2025-11-19.tar.gz,201540031,d86150a09528d39fe208035973bfc7c9fcb64b73c16f94ead4e0f0b7dd08df5e,4828530,1440,4827090,0,0,24,22,1440,96,e1b9dbb9cbee7625546b8177b6e20a30af42866581f8710c0499b4b5679637d6,2026-07-23T13:50:32.954643+00:00
2025-11-20,ADA-USDT,True,,ADA-USDT-L2orderbook-400lv-2025-11-20.tar.gz,81519757,12225245c611840ee483e7bf88c44af22741ba2621cd262d8b06a9f99d2a3a47,2782088,1440,2780648,0,0,23,3,1440,96,ec9c060c64793ff5703a6e0274e05b082c48d9c14b570ab86c4c50c9c9d0d399,2026-07-23T13:53:12.442469+00:00
2025-11-20,AVAX-USDT,True,,AVAX-USDT-L2orderbook-400lv-2025-11-20.tar.gz,102867170,4ce96fee812aa86e6ef839b8075ec267fd2146c54b716011cca31a0a1edbd36a,3435973,1440,3434533,0,0,19,38,1440,96,57675df53cf02aa3b9800f6586f2c6645cbaac893e55ff15cb56aefbb6cd21c8,2026-07-23T13:53:29.918140+00:00
2025-11-20,BTC-USDT,True,,BTC-USDT-L2orderbook-400lv-2025-11-20.tar.gz,388502834,22113911328d9f0c1101f07a3a23c65b4615774b105f8b6cd0038fc9d784661a,6593581,1440,6592141,0,0,9,8,1440,96,dc2119610b41765192d402b9b484cf7205ff0be9e18d333eea66edaf48f13a66,2026-07-23T13:56:13.251313+00:00
2025-11-20,DOGE-USDT,True,,DOGE-USDT-L2orderbook-400lv-2025-11-20.tar.gz,266090811,b23dbbb0ab0660cc53fc81a1f3ea2123aac6a53df77aa50bc767eab4c4c83106,4583058,1440,4581618,0,0,28,5,1440,96,c01e4a93ccbdfd7fd2826cbc036da007c4fcfb05bcd633322f2d6a782985fc76,2026-07-23T13:54:40.455483+00:00
2025-11-20,ETH-USDT,True,,ETH-USDT-L2orderbook-400lv-2025-11-20.tar.gz,325464107,708f17860f89430adaa898c83c5cbd6c789c3f9fd6c377d0d3389c68b0df4c9d,6201878,1440,6200438,0,0,3,3,1440,96,63f563f531f26ebb90d973a86bc49127d7eb5b0e0a0ac28a946c4d32a7a719d6,2026-07-23T13:55:20.534649+00:00
2025-11-20,SOL-USDT,True,,SOL-USDT-L2orderbook-400lv-2025-11-20.tar.gz,211065815,eb1f05870dcbac22ead774664aa67bfefa5bcd3261fbc377c42a25b4779399b7,4866477,1440,4865037,0,0,15,12,1440,96,1df77661c910d8d959815abb49732461bad991f9f8fdcd65d89374209edbcd7d,2026-07-23T13:54:15.885737+00:00
2025-11-20,XRP-USDT,True,,XRP-USDT-L2orderbook-400lv-2025-11-20.tar.gz,208061825,5ca66b45b7ed379d4c5ffc08eaa8c6bacc871f43d9a86897ceea703548eb42a3,4754209,1440,4752769,0,0,28,5,1440,96,6a0db14901386637ee0a54d61e1098b73281f3599bf469a07743557d1ce32287,2026-07-23T13:53:52.634114+00:00
2025-11-21,ADA-USDT,True,,ADA-USDT-L2orderbook-400lv-2025-11-21.tar.gz,124879534,1d2cc3e9f5d068d4d12e7dc7258c8effe649d279e5b7d65e92cf43367f3d76bf,3649068,1441,3647627,0,0,17,40,1440,96,5264cd5bfd62b6680f42ea7629d9b47450740a6d99c388e6a9b8866339da170c,2026-07-23T13:56:33.992720+00:00
2025-11-21,AVAX-USDT,True,,AVAX-USDT-L2orderbook-400lv-2025-11-21.tar.gz,149605124,b6d31069ec29de92c8c5428f1f36fdde89a0278136e28d505baebeb4dca3712e,4213732,1440,4212292,0,0,12,146,1440,96,9e60c1db0485832ae5a5c35505c1588d2e33564faece72981ffde2cad7fcde99,2026-07-23T13:56:56.083102+00:00
2025-11-21,BTC-USDT,True,,BTC-USDT-L2orderbook-400lv-2025-11-21.tar.gz,598317081,1d4d845bf1c1e15b19f907958fc01c36f7f79961fe6237dfb5eca1575c5bac6b,7479643,1440,7478203,0,0,2,6,1440,96,fd989534fe73c291616cb5a436de07858e3abf9029e691ef422b35b3100dc9bf,2026-07-23T14:03:18.032278+00:00
2025-11-21,DOGE-USDT,True,,DOGE-USDT-L2orderbook-400lv-2025-11-21.tar.gz,398261500,9f287ab4dc3f6280fbe0743d3f432ce64a21af764e4bf269ffcf14bff1b48c35,5725417,1440,5723977,0,0,5,9,1440,96,e35fe1653e4296fa82b9294c3c679a001800d7ac17550a6b8427a25e44ed51c5,2026-07-23T14:01:06.866953+00:00
2025-11-21,ETH-USDT,True,,ETH-USDT-L2orderbook-400lv-2025-11-21.tar.gz,466658286,fab045ceee80dace4377dcd8493b992810328385a948fa89be09d6d3c89c56d5,7234623,1440,7233183,0,0,7,10,1440,96,331aba2b902554397eb3a7b0d8a88b3a4558aa69a6e5c7758c4602ee1106722e,2026-07-23T14:02:01.116095+00:00
2025-11-21,SOL-USDT,True,,SOL-USDT-L2orderbook-400lv-2025-11-21.tar.gz,303611364,190ce093fa72e6ffa7a7ecef83864570b68d2fe920e81572e953366d0828d5e9,6021715,1441,6020274,0,0,8,15,1440,96,6b09fca0d9661db0a4d3e1edb0ae58bab43d6cbbca7e8a5b4b8a41ec8cd84fd4,2026-07-23T13:57:27.885038+00:00
2025-11-21,XRP-USDT,True,,XRP-USDT-L2orderbook-400lv-2025-11-21.tar.gz,342253456,5a942b9a7688f81453658a8f96f261c1a3cb151344ccec9b2d3900a9173c47c8,6128343,1440,6126903,0,0,5,19,1440,96,4b11ecd3c2956e977b0a01fdcf9ad44687a9e9f96e62ab6e70e452db1dac78c7,2026-07-23T14:00:32.090819+00:00
2025-11-22,ADA-USDT,True,,ADA-USDT-L2orderbook-400lv-2025-11-22.tar.gz,67383873,cd019536424370fb050ed2abeafbbd45c9195a3473e58473ae90b1784f9c53de,2287956,1440,2286516,0,0,0,148,1440,96,7cc1a86254dddec8358b39d949d473adfe17dadb05ba65eb60200395554eca76,2026-07-23T14:03:37.098879+00:00
2025-11-22,AVAX-USDT,True,,AVAX-USDT-L2orderbook-400lv-2025-11-22.tar.gz,57278896,210a24d46aadc7170acd300f2ba3813cd0a28d9f191632b0ab09d13a00052c68,2215299,1440,2213859,0,0,24,62,1440,96,4afddfdd0a05d0652740db768027dc83b645d10f870f817a171f74cddccd4771,2026-07-23T14:03:27.985964+00:00
2025-11-22,BTC-USDT,True,,BTC-USDT-L2orderbook-400lv-2025-11-22.tar.gz,278774636,9e62808d70a2d24aeada6b65f6e80921c430cbb71b8d98db202030c2e0fbd09b,5985958,1440,5984518,0,0,4,32,1440,96,829b38db25949d9f4f301d8fde5fd5bfe5e7a8ea53b98c72ab47963c2f3b0645,2026-07-23T14:08:45.790423+00:00
2025-11-22,DOGE-USDT,True,,DOGE-USDT-L2orderbook-400lv-2025-11-22.tar.gz,225446368,e805faaf7403f110bd8979289d6a756c1fc97a5e771a8623fece16269a09cf62,3990182,1440,3988742,0,0,21,25,1440,96,d3ead2d05cbdbac18d0d9cf2b1f7db4fd8a3c1618ccb789027d7069dd1c2b366,2026-07-23T14:08:05.120033+00:00
2025-11-22,ETH-USDT,True,,ETH-USDT-L2orderbook-400lv-2025-11-22.tar.gz,214720856,5913aa838a7c4f06cc5ad93cb050472278c2a9b5dffe112a4a6f3fba8715ff17,5277028,1440,5275588,0,0,0,88,1440,96,f5d2d6b71f314b05b8a27f4a9a9b320d8807fda9381f8b837fbabd5de6aa7063,2026-07-23T14:06:47.695566+00:00
2025-11-22,SOL-USDT,True,,SOL-USDT-L2orderbook-400lv-2025-11-22.tar.gz,149133446,da85bc155a673601948d58b27f7e4d8a1d7220125ba612dd3dd78b0c3d08a619,4186848,1440,4185408,0,0,5,81,1440,96,a85ebed3746b7490e8d11666215b43d756f06e764736c66310c1b663159fc66d,2026-07-23T14:03:55.046560+00:00
2025-11-22,XRP-USDT,True,,XRP-USDT-L2orderbook-400lv-2025-11-22.tar.gz,192385273,86df9955073a3e4a8695b54941b7d0ba98ba1c0b131d1bab5015a25f9cd764eb,4354832,1440,4353392,0,0,51,5,1440,96,dd00b737ef6c6840884a7697c2c7bd791a815845df6481370a99d3916ef9d183,2026-07-23T14:06:18.858765+00:00
2025-11-23,ADA-USDT,True,,ADA-USDT-L2orderbook-400lv-2025-11-23.tar.gz,54414683,ea80aaa569f3544a6c513ea1518735ca8d8ddbbd7c433f62adb8076c1e3e31a3,1929973,1440,1928533,0,0,2,915,1440,96,06935ad0fcc4a3d2a567e9a46475a09237042483effe81eaae0a55a99592c6e2,2026-07-23T14:09:04.307517+00:00
2025-11-23,AVAX-USDT,True,,AVAX-USDT-L2orderbook-400lv-2025-11-23.tar.gz,49243307,2c04b989a4fa97ea1637493ad1cc5bf6a11edaf4e5ecb010f80944827ec6cf00,2144100,1440,2142660,0,0,18,92,1440,96,64beb5266c7cde3a88cff28b1b748126388ccc868f39acaa01a9c74495d181b3,2026-07-23T14:08:54.935499+00:00
2025-11-23,BTC-USDT,True,,BTC-USDT-L2orderbook-400lv-2025-11-23.tar.gz,296674157,8de1d871734c8ffd5aba57027a1747a9ecf706f07a0ea0bf9b3070d2f73bf6c6,6153693,1440,6152253,0,0,8,32,1440,96,3741ea83e2cbab30186349dc5167263c39d7a730a82b69d12b725cfe19849a90,2026-07-23T14:11:08.638185+00:00
2025-11-23,DOGE-USDT,True,,DOGE-USDT-L2orderbook-400lv-2025-11-23.tar.gz,167115223,1017269cb17173f40e5e50a090c0fb7504fb91a51cb6758d932a646b2cf114b7,3626720,1440,3625280,0,0,5,169,1440,96,93736970a2a2de26e8aab90e6f01566f41fb1a93bed2b64a40037cbd76574bed,2026-07-23T14:09:55.921200+00:00
2025-11-23,ETH-USDT,True,,ETH-USDT-L2orderbook-400lv-2025-11-23.tar.gz,213036336,904617549b322b28ff4182c140320a693c56d8f468e413ee38f371d58b902f72,5342282,1440,5340842,0,0,2,75,1440,96,c319124e3d5586b5d2fd0d07c90ef8c500839c34325e5a525f5acae64bcc71ce,2026-07-23T14:10:25.049682+00:00
2025-11-23,SOL-USDT,True,,SOL-USDT-L2orderbook-400lv-2025-11-23.tar.gz,128569545,9f061663fd5bc1aa05a1fbed779f574efcdabb2df63f73200410b5223bed0b13,3797009,1440,3795569,0,0,29,88,1440,96,d6cdf5638b5847c8eff5c12a1fd67f72a97fc42fb684c426aa4b75982c80f7ed,2026-07-23T14:09:20.256873+00:00
2025-11-23,XRP-USDT,True,,XRP-USDT-L2orderbook-400lv-2025-11-23.tar.gz,163811014,11d2a9968c3a25fef9241378d271b193976bac7c7f8a4b42ae6597d642876bc5,4212127,1440,4210687,0,0,5,9,1440,96,3e9f657fd2201ab72e607ab5c1100633dbd5ea70bfa44c8b32bf6c6051b4bf4e,2026-07-23T14:09:38.636163+00:00
2025-11-24,ADA-USDT,True,,ADA-USDT-L2orderbook-400lv-2025-11-24.tar.gz,73457288,6e8be036e8e3e696f4993636297c7713a691fd76e66e083fbdebff696d37426c,2432252,1440,2430812,0,0,65,341,1440,96,c1e9e4374c2fa2c6d1be094bf22c33483e65a150ff80f38b35966390ab1b84cf,2026-07-23T14:11:19.641953+00:00
2025-11-24,AVAX-USDT,True,,AVAX-USDT-L2orderbook-400lv-2025-11-24.tar.gz,85705511,ef34bde8136e2a8655d0a516f4d5dbbd0abe2e3ec68503017a71cae2936fc19b,3015547,1440,3014107,0,0,48,200,1440,96,79164dc1c8b9bd3473222b3a3a2cd6c5ce0f969be34fe4c41dd75fe86718bb15,2026-07-23T14:11:31.638726+00:00
2025-11-24,BTC-USDT,True,,BTC-USDT-L2orderbook-400lv-2025-11-24.tar.gz,340979091,1d5128a7410ebacde02da46a499319033eb7a779722cee07c75daac50991b259,6407528,1440,6406088,0,0,8,10,1440,96,e2bc6e56b22a1c8b773ce52e15d41e3d10ae9eb89f0de79e8afb4bb104c5c771,2026-07-23T14:14:07.408170+00:00
2025-11-24,DOGE-USDT,True,,DOGE-USDT-L2orderbook-400lv-2025-11-24.tar.gz,250724739,a3dbd8aabddca022fc2a2b72d5eb16d392ca7eb4f3cb88689fe30a6044d2f10b,4753107,1440,4751667,0,0,11,9,1440,96,15c6e555cbf6165de7ecb25388f8d4cba8a99047afcc952f68a6891e1551df99,2026-07-23T14:12:40.167231+00:00
2025-11-24,ETH-USDT,True,,ETH-USDT-L2orderbook-400lv-2025-11-24.tar.gz,292408543,fefba8f4075ad8814b8f956245ea4ef795e15709db3cc73b8b119d982405f01c,6220033,1440,6218593,0,0,5,11,1440,96,6fa67ae1ed8157f1bca4c71921f5f483ca4327f5e33e7f502e86b6ac4938eae6,2026-07-23T14:13:17.882022+00:00
2025-11-24,SOL-USDT,True,,SOL-USDT-L2orderbook-400lv-2025-11-24.tar.gz,179126523,9e2669abd1f4e3144ad29c6b721367edcca327f06c11041e2a66c873a069faad,4546713,1440,4545273,0,0,12,10,1440,96,810c5bbd147db9573d5278ebc0d2c61037f81177d085aed6fff6a4d228270fef,2026-07-23T14:11:52.299834+00:00
2025-11-24,XRP-USDT,True,,XRP-USDT-L2orderbook-400lv-2025-11-24.tar.gz,223242026,ba88b0fdebf66aae366cf25a5bb51ccb9a975ad33c3570aa1e0fbf5a57c282a2,4854958,1440,4853518,0,0,11,19,1440,96,2c215082fbc54f53344b2a0a10a8d15f07d50c4724ad04b61a4f2ab55229f398,2026-07-23T14:12:15.732691+00:00
2025-11-25,ADA-USDT,True,,ADA-USDT-L2orderbook-400lv-2025-11-25.tar.gz,55783656,653cefb1cf9a993a2bffda641ab6de0121c6ebdae2609c383f7de6fb430f9504,1994333,1442,1992891,0,0,499,75,1440,96,8221a82459fb3e3a04ab28022ebf7fc46230b49e60e1871a088ac6f7cb693de9,2026-07-23T14:14:25.216890+00:00
2025-11-25,AVAX-USDT,True,,AVAX-USDT-L2orderbook-400lv-2025-11-25.tar.gz,54439842,1300d088f4075afeea7df04596619bc858d53721bcd193da24c01d18dfde7571,2253320,1443,2251877,0,0,50,35,1440,96,c71b6ea47b12e0bbcce50df5e00529c2b57c0cac8914ff3aea89b85ed5447038,2026-07-23T14:14:17.263556+00:00
2025-11-25,BTC-USDT,True,,BTC-USDT-L2orderbook-400lv-2025-11-25.tar.gz,271166894,cd6287abcb5cc5c6f5739e3d481efdde202cf0f7d3b512d0d59424b273c76c12,5801256,1443,5799813,0,0,10,175,1440,96,d6406f8b1b600f236168d2499cac74eca0381a60351b61f1488346720fa9f6a4,2026-07-23T14:17:52.063668+00:00
2025-11-25,DOGE-USDT,True,,DOGE-USDT-L2orderbook-400lv-2025-11-25.tar.gz,192210621,6bcbcc82f626086b7ab0bc36d0e51add33dbc85c05f21a5f7281cf04c5f1b091,4105256,1443,4103813,0,0,11,97,1440,96,015f323d76ff1e0a883125eacd62cdf12a3a3245a407be487adfb79a4d9f4a43,2026-07-23T14:16:36.676662+00:00
2025-11-25,ETH-USDT,True,,ETH-USDT-L2orderbook-400lv-2025-11-25.tar.gz,260519353,c4b61aa75a326a4a8d5ba4b9499e93be3122303919acac4997d9c13c24cfa558,6038603,1443,6037160,0,0,9,135,1440,96,5d9ff23e7f16e2ca6fff33e17165d4c145e239851bbb9cf48bc3cf06dd45ca40,2026-07-23T14:17:11.502305+00:00
2025-11-25,SOL-USDT,True,,SOL-USDT-L2orderbook-400lv-2025-11-25.tar.gz,140216051,63370327e625924786bface6dc1c91061c44fd5d4265b10cd585566b1c1e2090,3930968,1442,3929526,0,0,20,144,1440,96,10f667c0bcee2176277a3f322c50f904143a57f4268cfe0ebc7664efc4bac09f,2026-07-23T14:14:42.057026+00:00
2025-11-25,XRP-USDT,True,,XRP-USDT-L2orderbook-400lv-2025-11-25.tar.gz,160992078,c1d57b041058ca2f085883d20c2778c892f684caf7d50dc9ffdd81d7e06f1c00,4233015,1442,4231573,0,0,91,27,1440,96,0e9b0089670f664f840274bda0d66df3ec4fd02c04bdf1e1d4dd7c628057515b,2026-07-23T14:15:00.496855+00:00
2025-11-26,ADA-USDT,True,,ADA-USDT-L2orderbook-400lv-2025-11-26.tar.gz,47620772,e2deb1cdcead61dcd3c9a5c562bf1de2dbd274b90d20796caa525ee18bfea3b0,1753716,1440,1752276,0,0,225,14,1440,96,5f3c03d1ed8f162a385ba3895261af14c5c98c6c68f43146fcde6bf931b87f65,2026-07-23T14:18:00.105743+00:00
2025-11-26,AVAX-USDT,True,,AVAX-USDT-L2orderbook-400lv-2025-11-26.tar.gz,58636605,7ee6093883a21df346938fae7fc234d9b6112c8c788da4e842c0293aaabf12cc,2583944,1440,2582504,0,0,25,17,1440,96,e5318215736d049311af2a589587aa7762baf5feab4acb021ff55ad751e6ae99,2026-07-23T14:18:09.584635+00:00
2025-11-26,BTC-USDT,True,,BTC-USDT-L2orderbook-400lv-2025-11-26.tar.gz,225228947,61d7b7aa6a139cf16877a458d942c1336ca2b06747541cf2af383ec989710ab6,5398845,1440,5397405,0,0,5,7,1440,96,4ae57d9a505ed0c84b887791fbc21b08e87dc3ea869c04fdb4d9c244b3625294,2026-07-23T14:20:01.810479+00:00
2025-11-26,DOGE-USDT,True,,DOGE-USDT-L2orderbook-400lv-2025-11-26.tar.gz,145337455,19ecf0b67c3ee8299a908a1cf4c2816a164d333c9a45a19c9cc30e834dc69f4e,3429484,1440,3428044,0,0,13,10,1440,96,863ce17116374116e95de335da05e5e226ccb283af3d2b7b4b982bdfe82ef889,2026-07-23T14:18:56.387192+00:00
2025-11-26,ETH-USDT,True,,ETH-USDT-L2orderbook-400lv-2025-11-26.tar.gz,222638993,16c2c35d83ab60dd6ac8dbd78a7a6473241b3b75f18aeafed4788bfc7b6568f8,5459294,1440,5457854,0,0,5,4,1440,96,3e8756fed36f50f6cac5a34bc100d43d7e0a7d777d14f0f06e6ec6eded6e5957,2026-07-23T14:19:26.825318+00:00
2025-11-26,SOL-USDT,True,,SOL-USDT-L2orderbook-400lv-2025-11-26.tar.gz,121072657,1ff1d8f77f27aec6f990af47238f825b82307d8c2169f05c679d6af4a38783f5,3497027,1440,3495587,0,0,36,2,1440,96,77749b94ee5da348dce0567124cff7ccb17d3cd78013aee534727582fad6d6ed,2026-07-23T14:18:24.546301+00:00
2025-11-26,XRP-USDT,True,,XRP-USDT-L2orderbook-400lv-2025-11-26.tar.gz,124766871,ba4f4bb2e623e9e68785e539b932d5b034caac70672b3c41f255ab5dce5d9d61,3932198,1440,3930758,0,0,3,10,1440,96,e1f3d4defadcb00c4292ad64ff27d32873151e78aa501eff8126ba3b99f1da26,2026-07-23T14:18:40.536302+00:00
2025-11-27,ADA-USDT,True,,ADA-USDT-L2orderbook-400lv-2025-11-27.tar.gz,37619029,0f4533d1e983b4139d60a725a0bdf233d4547ac0decd9f7cc9c7cbc7c22861ac,1373157,1440,1371717,0,0,6,329,1440,96,08c6805d490ceb27fa381c00132b2b012d8bb84b9015695f402e499aeb9cd067,2026-07-23T14:20:08.548329+00:00
2025-11-27,AVAX-USDT,True,,AVAX-USDT-L2orderbook-400lv-2025-11-27.tar.gz,43484097,0ff2ff0f3d9e1e7f5e1645d74f6d68075e571fadf0bb9240ece5f6625e7491ae,2068624,1440,2067184,0,0,23,249,1440,96,b8f3a29cae1172fc8ddfbd6a4d211968ab84d093e00c3e928a06f23904ffcbe8,2026-07-23T14:20:16.063704+00:00
2025-11-27,BTC-USDT,True,,BTC-USDT-L2orderbook-400lv-2025-11-27.tar.gz,181988361,83e6b4ac6b9b482cb5c8c5519cd97dd5a959b6bd811cf2d834829c40d883ac29,4943748,1440,4942308,0,0,3,49,1440,96,c1574a3f5aea8d3ce9243a22bcfc31c85911ff8f88d7116d85bc0d14834deebb,2026-07-23T14:21:44.272860+00:00
2025-11-27,DOGE-USDT,True,,DOGE-USDT-L2orderbook-400lv-2025-11-27.tar.gz,104184277,47b1a5dccb39c9ef839b318893e1e3712e8e51663dd77cef4d7580191fa1e6ff,2844417,1440,2842977,0,0,0,232,1440,96,7a8861f98d2c8a1428d35b800bdd17db532e64d01746a70ec8e91f48dd1e1b44,2026-07-23T14:20:50.553885+00:00
2025-11-27,ETH-USDT,True,,ETH-USDT-L2orderbook-400lv-2025-11-27.tar.gz,173536190,3bf9ebe6ce211dfae594abd4aa016626e9313b3a022a30774563d6fd14b81819,4879733,1440,4878293,0,0,6,9,1440,96,e0bcfef9822b737c7524c6cb8dbc45ef3d39ccc505649f3eb129b86766a952ef,2026-07-23T14:21:15.269862+00:00
2025-11-27,SOL-USDT,True,,SOL-USDT-L2orderbook-400lv-2025-11-27.tar.gz,82808359,3b4a522619e2769b71b01ce6c71b1bc122c04fe205356288312e195e1754aee3,2822206,1440,2820766,0,0,38,47,1440,96,e1833aa02d97a090a8e99500620746be3a76e35616d607c0f67978a3e56e4b35,2026-07-23T14:20:27.308183+00:00
2025-11-27,XRP-USDT,True,,XRP-USDT-L2orderbook-400lv-2025-11-27.tar.gz,88628284,24947f7ece6c371cbe940f9c48414bf2ea1f3a67243503f4e898b777295d4dae,2829554,1440,2828114,0,0,0,12,1440,96,c8245a459d1217a7ea86f0320d97f68628a4dd4362401be6352444defdb2ad07,2026-07-23T14:20:38.543761+00:00
2025-11-28,ADA-USDT,True,,ADA-USDT-L2orderbook-400lv-2025-11-28.tar.gz,50649063,2b6aaf6401620e09b2fbd2def211da311daf1cb5d5800445552b4836e0c38356,1764280,1440,1762840,0,0,31,22,1440,96,a769c1ed5a8f97a0126f368e6f6b89fe2d5d7acbe23628a7a09e1b469c00c701,2026-07-23T14:21:59.182228+00:00
2025-11-28,AVAX-USDT,True,,AVAX-USDT-L2orderbook-400lv-2025-11-28.tar.gz,42262210,d42a8b086d651fa8b2ed48d8c994ac2b02caa3731b2f4c4ff9845b68556581fa,1817794,1440,1816354,0,0,31,75,1440,96,c6d8ae3aba415612f32db2e03c2b9d5243a8691efe8f16d9e59d267d8b86a6b3,2026-07-23T14:21:52.175183+00:00
2025-11-28,BTC-USDT,True,,BTC-USDT-L2orderbook-400lv-2025-11-28.tar.gz,191622513,15f4bc506455c3234c99f34b576d84e6bdfafe51f2ee88d3567d262b51350678,5240671,1440,5239231,0,0,1,5,1440,96,03168711601910839186397df56f35de2936ba84bcebfe578cdd9f9571921dd7,2026-07-23T14:23:13.839730+00:00
2025-11-28,DOGE-USDT,True,,DOGE-USDT-L2orderbook-400lv-2025-11-28.tar.gz,145141987,4f0671eefd06460bcd2d6fa5a51874c6403043c0230e1fe8fcd967b3b54725c8,3261909,1440,3260469,0,0,18,64,1440,96,4a53b57cec16cad49d50ef11e9ffb62f626acfa909e45016a7d8424ff2326920,2026-07-23T14:22:42.561895+00:00
2025-11-28,ETH-USDT,True,,ETH-USDT-L2orderbook-400lv-2025-11-28.tar.gz,200574738,489e2ac063b84e231a1bec6f027e4c76bbf3ddf6b5ff59b2b41d85770159a4ee,5197606,1440,5196166,0,0,11,142,1440,96,e998702f537b21526170191f7f0520f3ac7f1ba8cb59fd7b507a8481ee2bcccd,2026-07-23T14:23:41.603709+00:00
2025-11-28,SOL-USDT,True,,SOL-USDT-L2orderbook-400lv-2025-11-28.tar.gz,104522750,a7ae3f61ed33b94e56cfecf8fda5610d5b2d356ef1eb930c485b2438a6702e39,3166964,1440,3165524,0,0,33,40,1440,96,7a16ff6124ba81d7b2b8d62dd7a961ac3d42d4409add3310f9c2de5862695dc8,2026-07-23T14:22:12.501688+00:00
2025-11-28,XRP-USDT,True,,XRP-USDT-L2orderbook-400lv-2025-11-28.tar.gz,127984795,95e66bbca90bd7751f359af10a25c49c7095330551e7b44a05facc23c6766987,3431088,1440,3429648,0,0,38,424,1440,96,8ba12967ce11172dbb13cae4c6699f39bf9d1894b0edb73cdfb8805a7b351aa8,2026-07-23T14:22:27.390135+00:00
2025-11-29,ADA-USDT,True,,ADA-USDT-L2orderbook-400lv-2025-11-29.tar.gz,36250312,fcdc9df194812354ff0d7e53333fc0a0d226354b01e59b2903df72c554d55a02,1393293,1440,1391853,0,0,18,72,1440,96,d224f730c930e1c558dd3a7c1b32a11fe0563e2b4c487d4e525dec1d2506fe99,2026-07-23T14:23:48.261658+00:00
2025-11-29,AVAX-USDT,True,,AVAX-USDT-L2orderbook-400lv-2025-11-29.tar.gz,36730539,a53206c2bbd64d911ce5d40017302fec6ce069cd46a26bdb3fa4e8fda6108613,1716662,1440,1715222,0,0,15,108,1440,96,4835f154496c03ea7f013cb813bf3994a342083387106ed049ec394ba22691f6,2026-07-23T14:23:54.706524+00:00
2025-11-29,BTC-USDT,True,,BTC-USDT-L2orderbook-400lv-2025-11-29.tar.gz,118359136,75dfc88016e843fb3743aed4d2890dbff64a54c357b239d273d11dd1a661b6a6,4925367,1440,4923927,0,0,5,8,1440,96,b34cb8be50e27b85442dede6a18c940d166e3906050dc48a04adac27d5c33823,2026-07-23T14:24:48.746788+00:00
2025-11-29,DOGE-USDT,True,,DOGE-USDT-L2orderbook-400lv-2025-11-29.tar.gz,86183139,643418cf30ee884edb343bf5ec24104a22f603ef23abf3de6d5ba7c37e920f67,2368996,1440,2367556,0,0,16,17,1440,96,bafed16d845b14df957a1e4f1e018c0c6a972acba107ff172d0507caf3f18d17,2026-07-23T14:24:24.961858+00:00
2025-11-29,ETH-USDT,True,,ETH-USDT-L2orderbook-400lv-2025-11-29.tar.gz,128715067,9697c747b3521043658aef3b5fd3444cff6e955f3488ce5efb465516257fe7ea,4449137,1440,4447697,0,0,8,62,1440,96,0f62176a6b57f9340198c2efa156aeb13e7ab2b75779554afd214f5536385027,2026-07-23T14:25:08.850727+00:00
2025-11-29,SOL-USDT,True,,SOL-USDT-L2orderbook-400lv-2025-11-29.tar.gz,65196336,2d9cdff651c25e566aef54b7731887a440901500b26e86b1d6acfa5f5d37366a,2371249,1440,2369809,0,0,50,19,1440,96,7af8b9bea852dda0da6595c4eda296b021e0b8fabd40861a2f5214711fdf1299,2026-07-23T14:24:03.951022+00:00
2025-11-29,XRP-USDT,True,,XRP-USDT-L2orderbook-400lv-2025-11-29.tar.gz,83992757,efc5b6c305de77eb4e367e0c0492d7f7ea86e4e5cd7421b93e84b315bd10e381,2741380,1440,2739940,0,0,126,47,1440,96,1dc495e2a013ec312424aa842867b9a23ccd560db3f14a3d3e6ea7dac867d006,2026-07-23T14:24:14.773438+00:00
2025-11-30,ADA-USDT,True,,ADA-USDT-L2orderbook-400lv-2025-11-30.tar.gz,39173782,0203e3992bb9d5b398e7e35053db59041ac7f1f489a9ee6f28c0dd48f2f1a1aa,1456071,1440,1454631,0,0,18,101,1440,96,eaf12a40689dd5d0c586fd22be98a64cbed2b6b5ba6ed7ec0ffae49154550b94,2026-07-23T14:25:15.761431+00:00
2025-11-30,AVAX-USDT,True,,AVAX-USDT-L2orderbook-400lv-2025-11-30.tar.gz,44166051,958e7030882a8b1dca5fec64c21c765f725744394f6455ef758328574fdc1bfb,1994721,1440,1993281,0,0,12,112,1440,96,5ea15e1510541713b39b452e5fe8b35ed2f0e111c31f056e0cdacd0037dc4024,2026-07-23T14:25:22.959676+00:00
2025-11-30,BTC-USDT,True,,BTC-USDT-L2orderbook-400lv-2025-11-30.tar.gz,142968241,4e0013f4ef0f813d519c9dc3db78fa7655dd1a6a25f4a42126bc7c832e9799b3,5505022,1440,5503582,0,0,2,32,1440,96,7529bef8958a3a0950a1a595c5d0eb27c1c30b27053f3809967faf008fc216b9,2026-07-23T14:26:40.982660+00:00
2025-11-30,DOGE-USDT,True,,DOGE-USDT-L2orderbook-400lv-2025-11-30.tar.gz,84849711,c0d1557346cd9df040bed8394eff09c55da24c5609103ad8d4569e5379343b48,2316049,1440,2314609,0,0,3,21,1440,96,b8677a74bf20ea4fb76c835f52db8ef6ff5a1738cd4dd78653fc3c67556f79cd,2026-07-23T14:25:53.624114+00:00
2025-11-30,ETH-USDT,True,,ETH-USDT-L2orderbook-400lv-2025-11-30.tar.gz,124690383,0b562f6a5891139a8f343d9ce4ee935e719eeff8041d66b08c2ed1559dc4eebb,4146549,1440,4145109,0,0,8,11,1440,96,18f0b6251c0be4b0ee0800ea35ae758272d40e888905dc38ae704808f9414f2d,2026-07-23T14:26:12.912744+00:00
2025-11-30,SOL-USDT,True,,SOL-USDT-L2orderbook-400lv-2025-11-30.tar.gz,75021546,685bf5eace523cdfc481728a180cc098b84c1c1718b61e83be53c43b14ecb851,2737563,1440,2736123,0,0,21,9,1440,96,6abe9a408cfaa9c2b28e54536f23c11bbe12ef025457540dd0c39a3e656090eb,2026-07-23T14:25:33.447038+00:00
2025-11-30,XRP-USDT,True,,XRP-USDT-L2orderbook-400lv-2025-11-30.tar.gz,75599136,06ff710e3eb6a5c8942656437795ca837fe810474215ec1216faa01a1e5c6a28,2683145,1440,2681705,0,0,113,61,1440,96,0c8881ed4a8e23c484a6ef727bf9ad6be68d1c50bbf7c64b0dfd2de8f50e43b9,2026-07-23T14:25:43.644511+00:00
2025-12-01,ADA-USDT,True,,ADA-USDT-L2orderbook-400lv-2025-12-01.tar.gz,67652979,d312a33a07bec95c5dd9e584e8f0ba2d691f90bf55438d47741182da3f512dcb,2225427,1440,2223987,0,0,39,79,1440,96,d67b416dc4f8f03fc99e63ad96815b5472dd469a837c0d105f80b9a99ef98bfc,2026-07-23T14:26:51.225269+00:00
2025-12-01,AVAX-USDT,True,,AVAX-USDT-L2orderbook-400lv-2025-12-01.tar.gz,82283353,b84695f770cf9195ea0f76775a9bba2f1279119eba36b049905333ecaa9eef74,2769545,1440,2768105,0,0,8,200,1440,96,bade9a2e4d68d12df7d0d20e0ccc318510f80998adc39e2baebd586d8dc65f9d,2026-07-23T14:27:02.035783+00:00
2025-12-01,BTC-USDT,True,,BTC-USDT-L2orderbook-400lv-2025-12-01.tar.gz,288777303,031c79e108b1925c66f2649cdba86aa19de6e395d7fd3e4fbfdffbfb48654b51,6101396,1440,6099956,0,0,8,80,1440,96,121927c541395bcffcbf62940d0c00bc8a81644ec861c906a4616cc4d9373f3b,2026-07-23T14:29:17.130345+00:00
2025-12-01,DOGE-USDT,True,,DOGE-USDT-L2orderbook-400lv-2025-12-01.tar.gz,199533098,945440c29f05516da22cdd3a8f973eb6b1b543e7a83f42fcdf3358d5ca1832a6,3953460,1440,3952020,0,0,9,78,1440,96,63ae454b0093d0b0037eb82fc6616c25d2bb040a38115f31875433d54d621b35,2026-07-23T14:27:59.615870+00:00
2025-12-01,ETH-USDT,True,,ETH-USDT-L2orderbook-400lv-2025-12-01.tar.gz,275266600,f293b8c86347d036571468b973374c798212753dd40890ea0fdfc800c56c62d1,6068635,1440,6067195,0,0,9,9,1440,96,9f9abb82cdddccfa3c6707490e0bbdb2fa9d6f37a125c686b9585a71d282a5df,2026-07-23T14:28:35.249034+00:00
2025-12-01,SOL-USDT,True,,SOL-USDT-L2orderbook-400lv-2025-12-01.tar.gz,157131083,9c08490b51177aee212452a891ac191ed24b5b062058bf039bf78cc498cf25ea,4161445,1440,4160005,0,0,11,50,1440,96,a258767a56ae7441dbdbeb86078a57b2608c2d6b31f3a9489752c21c2040a485,2026-07-23T14:27:20.220206+00:00
2025-12-01,XRP-USDT,True,,XRP-USDT-L2orderbook-400lv-2025-12-01.tar.gz,181542972,e186bed7587033c9d7c21ce025905beda35c77a7873a2d676a3322700c67b8d2,4199450,1440,4198010,0,0,9,88,1440,96,ae4d57dbad22f10623d67cb795b008f7fa1580665b17bd511a6fe98520980a46,2026-07-23T14:27:39.939439+00:00
2025-12-02,ADA-USDT,True,,ADA-USDT-L2orderbook-400lv-2025-12-02.tar.gz,62171543,eb4dae87661da34e05d3f3a67ae46ca6cf15a928e6f41cf90aace376781c2bdd,2086511,1443,2085068,0,0,1,59,1440,96,fd720d11fa196387366f2fdcef09584052d2a5459b940ad17c528cc549cd6e77,2026-07-23T14:29:26.932558+00:00
2025-12-02,AVAX-USDT,True,,AVAX-USDT-L2orderbook-400lv-2025-12-02.tar.gz,75471157,66763a35aad90c6938a9efc259f8267ab1e875da2327e8585d8dbfcbb1bebe93,2723082,1444,2721638,0,0,50,11,1440,96,9993f8321e7cf5ed96e164bbb8ad3e5b490221fb400ea667db9da1d7777ef312,2026-07-23T14:29:37.534992+00:00
2025-12-02,BTC-USDT,True,,BTC-USDT-L2orderbook-400lv-2025-12-02.tar.gz,259589283,f2ffeca3a169acc5ebc6553e7abb39a361adc7a524bc19889e2024827caa483c,6272430,1441,6270989,0,0,70,31,1440,96,15d48b26ffad165f9ef565a6a41b7d83ce0fac72e319ea27116ac31b8094c43e,2026-07-23T14:31:42.291239+00:00
2025-12-02,DOGE-USDT,True,,DOGE-USDT-L2orderbook-400lv-2025-12-02.tar.gz,165285058,ee6d8e946591fb8b5a08c494be49c8195d4f3ddc889399f0bc8c3faf34bb6a80,3479045,1444,3477601,0,0,2,11,1440,96,0b63c7c10dd9f0d4e014e5f737b55b1a732878191a56f9b02f980afc6c281193,2026-07-23T14:30:28.827362+00:00
2025-12-02,ETH-USDT,True,,ETH-USDT-L2orderbook-400lv-2025-12-02.tar.gz,239906281,5720e2fd74638a133ac7e4b6d6488a17ba132b81f005d9f7704d4fa87cfc608a,5409711,1442,5408269,0,0,1,19,1440,96,8dcb005674f4085bd6135464a176aac2ee479663b8de6aed342cd36f691818c7,2026-07-23T14:31:01.111490+00:00
2025-12-02,SOL-USDT,True,,SOL-USDT-L2orderbook-400lv-2025-12-02.tar.gz,144401998,2e12597a32a83c2f8118ad9b211ebd04975d53995550a0fa45712950428ae13c,3925188,1444,3923744,0,0,40,16,1440,96,0d35a8af4056b2b02315fd0eaec9f1c9b722218dc0680dce966a8bf5bb9e53a6,2026-07-23T14:29:54.761367+00:00
2025-12-02,XRP-USDT,True,,XRP-USDT-L2orderbook-400lv-2025-12-02.tar.gz,153288584,b3c080c2cd2855d43447d9aad12eb87dd9970fa632f1fab0d9ae0237e2df2070,3910813,1441,3909372,0,0,2,31,1440,96,c5c019ae5a189bf1c1b6b770c0d1bdd952d359aaae8b6259e4230dc752930573,2026-07-23T14:30:12.097268+00:00
2025-12-03,ADA-USDT,True,,ADA-USDT-L2orderbook-400lv-2025-12-03.tar.gz,65483069,536c86aba654348abf5a5ce8139e9be41ca0f79fa616dbda4f90da242daf8c27,2159969,1440,2158529,0,0,31,197,1440,96,ea7b8fc99f1e1faf5d91c5e8b53c7c44d1135f5eaf84e70f5d96115cd176f8e1,2026-07-23T14:31:54.726398+00:00
2025-12-03,AVAX-USDT,True,,AVAX-USDT-L2orderbook-400lv-2025-12-03.tar.gz,83882052,c95cb6cd891054e8c36a697ac3b33191896b1fac1005f6ea7f2eae43996b7669,2750824,1440,2749384,0,0,19,64,1440,96,3753a6aefdf7e03c512702c0833e8613fd2deae10a4da8df0cebff3ae3e60532,2026-07-23T14:32:05.946584+00:00
2025-12-03,BTC-USDT,True,,BTC-USDT-L2orderbook-400lv-2025-12-03.tar.gz,311463408,c7f0d90fd4e9a5ba86fb6f71d598298b98e9945ccd0c341079cd3bbb836c013b,7049130,1440,7047690,0,0,9,4,1440,96,0d04400c581126ea0a1fc1c7dd461dd7d0810189985f446d56c19f9c6bb94605,2026-07-23T14:34:44.028259+00:00
2025-12-03,DOGE-USDT,True,,DOGE-USDT-L2orderbook-400lv-2025-12-03.tar.gz,173693480,ebe7aa8710cdecae352a9fabc63f3f85213b6010e188498f5dfeae1b8fa8e885,3949751,1440,3948311,0,0,9,8,1440,96,15d7735f053f8f84f67b0dd934f9d112929441b97ec134c3a1aca4cc135c8ad3,2026-07-23T14:33:09.339637+00:00
2025-12-03,ETH-USDT,True,,ETH-USDT-L2orderbook-400lv-2025-12-03.tar.gz,252566027,e80f0d3588f67a4d8d76e54a9029fb78d323da8c1f436de092e295bfe59a4cc7,5631637,1440,5630197,0,0,11,7,1440,96,58d0d5021b135cdb4f04c77d02b4e92777b42cff4ab0a2095ed072f46e699e07,2026-07-23T14:33:55.878946+00:00
2025-12-03,SOL-USDT,True,,SOL-USDT-L2orderbook-400lv-2025-12-03.tar.gz,146923487,cdbe7c2a8f32a0976d78dbb7ffa01658c2ebb32d2077376ac6da95dab599c8a8,4071539,1440,4070099,0,0,4,7,1440,96,f08e9b5ccc4325fa7df53f9bf37790d02c094b3f68967b985c4c36422abfd419,2026-07-23T14:32:40.707611+00:00
2025-12-03,XRP-USDT,True,,XRP-USDT-L2orderbook-400lv-2025-12-03.tar.gz,144450897,53227abb5d0054e0412860a040eca10e7a42918102f31bc7da98bf3c4f159b6d,4045044,1440,4043604,0,0,9,8,1440,96,4dce5e811fcde9580897dfa1e9e20f7a9ab38f90a561be4989694885bccdfafa,2026-07-23T14:32:22.991714+00:00
2025-12-04,ADA-USDT,True,,ADA-USDT-L2orderbook-400lv-2025-12-04.tar.gz,54152534,68e7f1cbea078358a9eaaf80e8f9757bd7c1fe76d099ac21eb5da2f12fbe4cc4,1964314,1441,1962873,0,0,13,2,1440,96,fe9e94cda6ce2e7a42fb169127a7444c29be863c1f52b533987da44986802820,2026-07-23T14:34:52.879120+00:00
2025-12-04,AVAX-USDT,True,,AVAX-USDT-L2orderbook-400lv-2025-12-04.tar.gz,57515312,3064372fefcb33bfdafe7c97d08418cf4a754006a339d6ff31ce52c12cf26ff4,2314298,1440,2312858,0,0,6,52,1440,96,3ac64055f6920cbb75542585de54d8545c226a8020dc27ee7c7615539bba7d8d,2026-07-23T14:35:05.670306+00:00
2025-12-04,BTC-USDT,True,,BTC-USDT-L2orderbook-400lv-2025-12-04.tar.gz,255939825,b83e6d632e64fb3d1c882adf1835938dfe3c8904fd888dfca9d759bde124c885,6319884,1441,6318443,0,0,6,12,1440,96,861e500ede8ad306a82d8a8d5ac49d3e0becf6102103b157adcab4641f7c6ca7,2026-07-23T14:37:13.631257+00:00
2025-12-04,DOGE-USDT,True,,DOGE-USDT-L2orderbook-400lv-2025-12-04.tar.gz,145354917,f4eefa9ff83ace7a33905381a09275065917d8495c92318a37b94b1eb0216011,3484237,1440,3482797,0,0,2,31,1440,96,ca5aeb11f32fd8f2d8ab5b215e65a8a94e2ac7909dddaab4a29119d029b454a0,2026-07-23T14:36:01.574226+00:00
2025-12-04,ETH-USDT,True,,ETH-USDT-L2orderbook-400lv-2025-12-04.tar.gz,231254095,ab3918f1a0b36729c7ba6b3ed8f033b16211958523261c223772b8c6fa7e3727,5441081,1440,5439641,0,0,3,302,1440,96,0e0de269dfc3f218e44b85f39ecbe723a0d18c6ba2784f7b7aac5568d0ef2f97,2026-07-23T14:36:32.292989+00:00
2025-12-04,SOL-USDT,True,,SOL-USDT-L2orderbook-400lv-2025-12-04.tar.gz,132756149,b3c1e59d028d15a091c3ab77f5ebd94f7f0f623263544100992f0570585c581c,4215311,1440,4213871,0,0,3,35,1440,96,b269a3cfe0db3ab1c256ae22d93f360df57497f4262a2232f0497829ff4d3603,2026-07-23T14:35:38.702563+00:00
2025-12-04,XRP-USDT,True,,XRP-USDT-L2orderbook-400lv-2025-12-04.tar.gz,131498937,68be386b33997ddd99f107a0999bc82016dc49047927839d9ca73a9364efa8d3,3973244,1440,3971804,0,0,2,51,1440,96,d0d12c319c0c765e6c54c04325ecf9f961f88635767934767df1394e16703c2d,2026-07-23T14:35:21.682381+00:00
2025-12-05,ADA-USDT,True,,ADA-USDT-L2orderbook-400lv-2025-12-05.tar.gz,55312263,4e4b3f6bf6b4a64f2a7dc364e0b2e93d1fa6b74daa014ac984f6a7827a4389c0,1958886,1440,1957446,0,0,38,281,1440,96,284d1f1180d75581e97447a006da2489515886b5571793da0932c31abf19cc96,2026-07-23T14:37:22.762793+00:00
2025-12-05,AVAX-USDT,True,,AVAX-USDT-L2orderbook-400lv-2025-12-05.tar.gz,62335936,cf316a750775097ea926c68bf62a7d37ca382345d238fa107fe7525eaf65f865,2366744,1440,2365304,0,0,38,64,1440,96,37e3162be255d1e45fc3bc9a40ec47d12e6af392c164d04f00af45ee5efff90d,2026-07-23T14:37:34.562710+00:00
2025-12-05,BTC-USDT,True,,BTC-USDT-L2orderbook-400lv-2025-12-05.tar.gz,267912913,fac0dfea937b9023ff16c0e95ab036bff4c21c813cfa4f4492eaced80ff4ebb5,5928178,1440,5926738,0,0,8,4,1440,96,b665b190e02c4e99ed65fc1cc4ddbe610e52764d018639ddbab2c77ca1520dc7,2026-07-23T14:39:39.032727+00:00
2025-12-05,DOGE-USDT,True,,DOGE-USDT-L2orderbook-400lv-2025-12-05.tar.gz,145920903,b9befbcb80fb2baf3f1207c396b5f0f38617c5a13fa4cf134812604fa6718402,3093794,1440,3092354,0,0,9,72,1440,96,008940639d20d913108d70aa88c9bbb0ee9ea6a9bd8399085aafdedefb9d5f19,2026-07-23T14:38:20.079378+00:00
2025-12-05,ETH-USDT,True,,ETH-USDT-L2orderbook-400lv-2025-12-05.tar.gz,227505605,f038d1d64ac5d331a9d6bcbb228307a133e5191fec519935f71a7dcf80d008ef,5289584,1440,5288144,0,0,58,11,1440,96,7d80ae19f6fbcc5690bc26db0407ebd415314029213180e78cc4df9c859af89b,2026-07-23T14:38:56.057516+00:00
2025-12-05,SOL-USDT,True,,SOL-USDT-L2orderbook-400lv-2025-12-05.tar.gz,121496343,c0e3b51e2aeff6cac5ad15e1877ce18ce3812a8a03ca2b645076db1f6cfdcb12,3475761,1440,3474321,0,0,25,36,1440,96,755bcf91d3cc515a20b2118becfcc064eb227ec1ac5b11531cf4ef766c4eb53f,2026-07-23T14:37:49.541891+00:00
2025-12-05,XRP-USDT,True,,XRP-USDT-L2orderbook-400lv-2025-12-05.tar.gz,130181545,f2cae6b36ca20eaffc7af0f54ee4ece5889f812c8ab9a79c3fa94078880cc54c,3853747,1440,3852307,0,0,9,2,1440,96,4201c06c588ff2c39179f9af30901797e1ee8f4e802afd6842c4052da33930bf,2026-07-23T14:38:05.269736+00:00
2025-12-06,ADA-USDT,True,,ADA-USDT-L2orderbook-400lv-2025-12-06.tar.gz,34068656,fb13b787948d96d4dc11c721a6ca164bfdc6aae4e8432718b13a11bc46b28ef2,1339718,1440,1338278,0,0,9,205,1440,96,7559dbffea9dd04f66229b1ab03e9fa0eae124abb025ff91675686cf39646714,2026-07-23T14:39:45.493899+00:00
2025-12-06,AVAX-USDT,True,,AVAX-USDT-L2orderbook-400lv-2025-12-06.tar.gz,39748239,2c4addb8b49b8a0c2425c7ca6cc64ac6616dbea08261a6eafbf87bfdebff5733,1620101,1440,1618661,0,0,16,127,1440,96,2175c41272acb8989a35ee43b24be5019e5b29a35cf65609123415e84ed91280,2026-07-23T14:39:51.590926+00:00
2025-12-06,BTC-USDT,True,,BTC-USDT-L2orderbook-400lv-2025-12-06.tar.gz,142073423,99ebc2759a6bde506f2d537c109e3fabb94b8936d39f2cb80b20660f2d471394,4767065,1440,4765625,0,0,16,7,1440,96,ba4a22fb5d6fb10f4aa86d0ca852d8ff4cf7e734e312e8b6e11d3bf2b882344e,2026-07-23T14:41:08.188256+00:00
2025-12-06,DOGE-USDT,True,,DOGE-USDT-L2orderbook-400lv-2025-12-06.tar.gz,78727896,23b36fd7c3eec96ccf5f32794ce151ec8aa6a4fef000c22a1bfc10e39abcafda,2153018,1440,2151578,0,0,38,12,1440,96,33040841f3457978d084ab8a836f79cc147e632bdfb88b8de6dba209dbbe9d83,2026-07-23T14:40:24.727541+00:00
2025-12-06,ETH-USDT,True,,ETH-USDT-L2orderbook-400lv-2025-12-06.tar.gz,115502108,9110a1e3c2fccb157b451f2da3f5f2f9c033dbfce3a3e12ffbf3a19776445da3,3877303,1440,3875863,0,0,9,5,1440,96,ede49904fc96fc02dee234a5dce0e48a29efbdcafca1934477bcc0b3d6f1c055,2026-07-23T14:40:42.168929+00:00
2025-12-06,SOL-USDT,True,,SOL-USDT-L2orderbook-400lv-2025-12-06.tar.gz,70120707,de36f42b24e489589519b2fad77862e09f799a4bc467cbf46feeb107314d6d9c,2803554,1440,2802114,0,0,64,16,1440,96,121d8c1e76f87285552821bb98aa561c29f7d5b92a4231d1ad5c723ed9298d19,2026-07-23T14:40:01.962463+00:00
2025-12-06,XRP-USDT,True,,XRP-USDT-L2orderbook-400lv-2025-12-06.tar.gz,75558511,a992b90d29405a5c4b8d56b35d10e845d71f71044e9a1c1b068869196fca9c61,3246159,1440,3244719,0,0,8,2,1440,96,8378129fd3ce30145fba210e08f24aeeabc2968c8e2a5b0bd2ef3c91a46fe7b5,2026-07-23T14:40:15.728733+00:00
2025-12-07,ADA-USDT,True,,ADA-USDT-L2orderbook-400lv-2025-12-07.tar.gz,54430364,1e1d874a9651eefbd0e2591bd4d0250f9cf7da5fdd5f7f51fb8f3b561cad5b08,1880610,1440,1879170,0,0,45,13,1440,96,58c46b66820726f7a1da57af8b3acc01493a9608850ab57ec826a02de7f36333,2026-07-23T14:41:16.928109+00:00
2025-12-07,AVAX-USDT,True,,AVAX-USDT-L2orderbook-400lv-2025-12-07.tar.gz,55491180,3de38502f78353e46eced76760e11edcfec9a9056b14539d31083d6a95be05a8,2036413,1440,2034973,0,0,103,42,1440,96,a077c565d6c48b5c03ea7410b13c840b3d76a4d738155d1ac3bb6ee987cd2094,2026-07-23T14:41:24.920425+00:00
2025-12-07,BTC-USDT,True,,BTC-USDT-L2orderbook-400lv-2025-12-07.tar.gz,208614942,761cd233b67428f128e65de397ce29d79fe27ba6558e06c757fb1294ed50195f,5268257,1440,5266817,0,0,3,12,1440,96,57d332544ea97aa60d7921010e1edcd6bf6aecc28c25739e655623bc3185c611,2026-07-23T14:43:05.203739+00:00
2025-12-07,DOGE-USDT,True,,DOGE-USDT-L2orderbook-400lv-2025-12-07.tar.gz,124363596,02cb9a5ba9e67ae857097468230663f146f2369d00d7b0278aaac6a6c2e4c9a9,2774151,1440,2772711,0,0,38,31,1440,96,b87c05f5a244c2d78e05358917eac9363ccdd770692dddf44f8ac172fe43678b,2026-07-23T14:42:08.034177+00:00
2025-12-07,ETH-USDT,True,,ETH-USDT-L2orderbook-400lv-2025-12-07.tar.gz,173398898,ed1706f1dc91bf9c4f6d37db938b45f4fba41d3ce50e4994cd0204599f07702a,4251458,1440,4250018,0,0,5,13,1440,96,1016bc43dc328743b5c17bb805fa5e00df48e495e4c5e6b6f57f09e5e171c2f7,2026-07-23T14:42:31.300005+00:00
2025-12-07,SOL-USDT,True,,SOL-USDT-L2orderbook-400lv-2025-12-07.tar.gz,102652529,9e3cd1ac6b70061921a09344d0db7604f33745ef098a20e4bd9d2ccfe9220a60,3210548,96,3210452,0,0,4,10,1440,96,689b1ab8cd25d22bee2899226d4055546b0b68a89fa10458d93720aec14f39ef,2026-07-23T14:41:41.900654+00:00
2025-12-07,XRP-USDT,True,,XRP-USDT-L2orderbook-400lv-2025-12-07.tar.gz,107497805,c670ad3d5e024e77ca319bc5468e75df9b4a4bb99fe6e6071a0dac96a16ee54f,3191249,96,3191153,0,0,8,31,1440,96,a575ba22dd5513c3d09e8951a87a4c160d8b3c22c21ac41a915d29039feecd02,2026-07-23T14:41:54.855340+00:00
2025-12-08,ADA-USDT,True,,ADA-USDT-L2orderbook-400lv-2025-12-08.tar.gz,56420743,f0f2e8e2572fbf8210aab6664265c3d07983ff08524f7002e74d8ef82cb17e74,2164032,96,2163936,0,0,7,20,1440,96,1a27cc56443bafa78054a4ddc77f30bb8253f6384927168fbe9abdaddf6c0158,2026-07-23T14:43:14.443189+00:00
2025-12-08,AVAX-USDT,True,,AVAX-USDT-L2orderbook-400lv-2025-12-08.tar.gz,60453667,ca11626ee214163f69e149abb2770357208a3b2a56c36da9eb4b59df32aa9334,2426691,96,2426595,0,0,8,123,1440,96,2411ff2e0afc41147429e7a00367c48f157590257b57e0f90a985e4bb39d0699,2026-07-23T14:43:23.069631+00:00
2025-12-08,BTC-USDT,True,,BTC-USDT-L2orderbook-400lv-2025-12-08.tar.gz,279388729,22bcdd631156dd3d3032da1cb7dbf41693da572c2b38a7c78f1679d680471ce1,5995561,96,5995465,0,0,8,13,1440,96,5f8257eda29ce8ae8c82d7b0996655ac80da650583d5bcd1c6bd57af28f20e12,2026-07-23T14:45:42.210472+00:00
2025-12-08,DOGE-USDT,True,,DOGE-USDT-L2orderbook-400lv-2025-12-08.tar.gz,146355652,8c00656b30829ea95b28a90c486b95900aa0c6a2df20a24ee4fc6f5f47df2bf3,3417306,96,3417210,0,0,9,49,1440,96,f117f34875ee6ad544270f62385fa9985d0164218846ae9f92f138c86b592757,2026-07-23T14:44:09.903797+00:00
2025-12-08,ETH-USDT,True,,ETH-USDT-L2orderbook-400lv-2025-12-08.tar.gz,231640224,cf1d793183f56a37ad8044b40383df582fde45b83d18e4150415941098c53e5d,5080964,96,5080868,0,0,7,10,1440,96,b367b34fb166ae95d9afe07d48ae11291585d373c2e6e471f5907b903df9476a,2026-07-23T14:45:00.812164+00:00
2025-12-08,SOL-USDT,True,,SOL-USDT-L2orderbook-400lv-2025-12-08.tar.gz,140614804,f3042d99e51ad132d0f6ddf411af7dbba1231dce4923297ca4ff4cda922c2bae,3839137,96,3839041,0,0,0,146,1440,96,53d4d996cd4b14e2dc894f4951389b92ba6ea879819b453872fcfdb207e891db,2026-07-23T14:43:54.574223+00:00
2025-12-08,XRP-USDT,True,,XRP-USDT-L2orderbook-400lv-2025-12-08.tar.gz,125804977,e724d33014a8a777cf8985af7fe20b1a9249599ebbacc78a0a2ce460e1790692,3687481,96,3687385,0,0,9,59,1440,96,d62ca48c9b5b2fff12a28f27aabe6742bfe8ea30c82a76ca3bad31e7c0fb9934,2026-07-23T14:43:38.130687+00:00
2025-12-09,ADA-USDT,True,,ADA-USDT-L2orderbook-400lv-2025-12-09.tar.gz,65821958,44fb07ac03d8b99935cdb4485ee325b88d13c3a21ce2f35fdd40ae42baa47f15,2300501,96,2300405,0,0,0,234,1440,96,11c7f984a7e1330147937728a664dbcbd67eda4e1149f2daada5bd934008e386,2026-07-23T14:45:52.429743+00:00
2025-12-09,AVAX-USDT,True,,AVAX-USDT-L2orderbook-400lv-2025-12-09.tar.gz,74655462,edafced25fd28c256b8e1f9535317e33cc86b22e9aa7c8758909a068a4ce86e2,2585646,96,2585550,0,0,7,42,1440,96,cbd2129b7ca5779af18a31c91a5cc83f17dc11e9a7eebb1a0ce1f07e471849cf,2026-07-23T14:46:02.456872+00:00
2025-12-09,BTC-USDT,True,,BTC-USDT-L2orderbook-400lv-2025-12-09.tar.gz,285222687,13bc9ea9db66066ca69c9becfa38e9a09963bc4f3a2ba75796adcb900df18ffb,6108971,96,6108875,0,0,7,32,1440,96,a707e2d242f40240e8e91ee249cc5b2c2271e73f2806d4de4df9405f474b8490,2026-07-23T14:48:00.163733+00:00
2025-12-09,DOGE-USDT,True,,DOGE-USDT-L2orderbook-400lv-2025-12-09.tar.gz,158937137,5a077e89050d5f60e2dff90ea845b804bdce60ad9a8deb5f9dda201db41eff23,3227940,96,3227844,0,0,1,8,1440,96,eeefc14908d3e8887683d559f1b8cd2aec39d551589a11f2dff3ed1d4b97e88f,2026-07-23T14:46:49.432424+00:00
2025-12-09,ETH-USDT,True,,ETH-USDT-L2orderbook-400lv-2025-12-09.tar.gz,227702537,684f4421a7f86d16c0381e9b1355f831692faea36e3e3d209b40eec8e189d2b3,4970331,96,4970235,0,0,0,14,1440,96,64b9a9594cfaba8c899bb54ee8cf6fc6b437ccefad07475f84a0902ffc155cba,2026-07-23T14:47:18.086510+00:00
2025-12-09,SOL-USDT,True,,SOL-USDT-L2orderbook-400lv-2025-12-09.tar.gz,136587353,0c8ebb253a671788ba76fc052138041acf1221a01b71041038fc735bdb336494,3701300,96,3701204,0,0,4,17,1440,96,2b5d48bc9060c6fe42b0efedea5275e41b76ad62551b2524d0d04fff42561a88,2026-07-23T14:46:33.856654+00:00
2025-12-09,XRP-USDT,True,,XRP-USDT-L2orderbook-400lv-2025-12-09.tar.gz,128034304,533338ab7867f31b8694059f35d2e45a8040fbe14572b9ea417354b79056ecc8,3593315,96,3593219,0,0,1,28,1440,96,9e342ac75cf7becc41b3d26b29920d247531bd742a3f24479a64438fc598f086,2026-07-23T14:46:17.443348+00:00
2025-12-10,ADA-USDT,True,,ADA-USDT-L2orderbook-400lv-2025-12-10.tar.gz,56425585,eabea937692050e797cee143ea3b9c358a2062232e88ea93fb74df59abdd2125,2049328,96,2049232,0,0,6,212,1440,96,635612f9806f3ddd4fff987198044181cf1d3740e6e38419f56e2e081e1e5ef6,2026-07-23T14:48:09.063497+00:00
2025-12-10,AVAX-USDT,True,,AVAX-USDT-L2orderbook-400lv-2025-12-10.tar.gz,73303537,09dfffccdcf4a8e507a3c72b589797b1250999c962035911d92bf635279cb009,2535954,96,2535858,0,0,8,87,1440,96,b68c7cb1a3db18b4989a801607da5dfc0f0638ebdbb27bf1504d24038c348dc6,2026-07-23T14:48:18.822005+00:00
2025-12-10,BTC-USDT,True,,BTC-USDT-L2orderbook-400lv-2025-12-10.tar.gz,284260131,d495e2f8588d5e0d8ff1612d6981debd9fecb258d5674eb0d60ccda8393521f6,5939203,96,5939107,0,0,8,7,1440,96,dab012efc93a1cbf2961e7d04af92de17390d215b01022cbb0be1001bef02967,2026-07-23T14:50:18.447163+00:00
2025-12-10,DOGE-USDT,True,,DOGE-USDT-L2orderbook-400lv-2025-12-10.tar.gz,173408871,0b18f3e665c3b676d23be8f0661463921e7de538e78c331e99a956385b0e34b6,3433991,96,3433895,0,0,2,75,1440,96,00c22ad79467171da07a658885a1e644efa69b32a9211ec04a5c2ce49c80d0d7,2026-07-23T14:49:07.725990+00:00
2025-12-10,ETH-USDT,True,,ETH-USDT-L2orderbook-400lv-2025-12-10.tar.gz,234157324,af41bf6eab08bdf55bdbe5c59d89296e9f9d2b71a174d8f77b7ed3baeae49a5f,4939505,96,4939409,0,0,6,2,1440,96,9e4793db3515b72ad5bb9e7e031454f43faf943ad3a64612e949dc49569be13e,2026-07-23T14:49:36.512873+00:00
2025-12-10,SOL-USDT,True,,SOL-USDT-L2orderbook-400lv-2025-12-10.tar.gz,155605018,a1d026ae09c7cf0ccae8040ca3cfc8565b046d50a5fe57b5b88c08cc334e2ff0,3901042,96,3900946,0,0,3,13,1440,96,c41e0573fe6eec52866d53371ebf808ab16a8e1791e679dafd32b1218b406600,2026-07-23T14:48:50.670897+00:00
2025-12-10,XRP-USDT,True,,XRP-USDT-L2orderbook-400lv-2025-12-10.tar.gz,123038390,7d4928decbbf0f87cfdd05c9b201a7e78e73affdf3a1b5a0b0a1b4904f160fc2,3518710,96,3518614,0,0,2,5,1440,96,db629b54c8602b186e2f0901fe5e40d0fb98012a601c68e034c25ba40637c468,2026-07-23T14:48:33.327665+00:00
2025-12-11,ADA-USDT,True,,ADA-USDT-L2orderbook-400lv-2025-12-11.tar.gz,67177811,b94b33cf4b3b1dc6d926f48e834a0510de43b383150629a35d77ff1815e1dcf2,2395208,96,2395112,0,0,8,11,1440,96,a014abc072f4b7de839d4b445f44d7c09b12fa2a1df4cf8b49c203a4cfb68e45,2026-07-23T14:50:28.670940+00:00
2025-12-11,AVAX-USDT,True,,AVAX-USDT-L2orderbook-400lv-2025-12-11.tar.gz,87575775,30b32dbb88c518eeb2f5b1fcb58c60fe85c450c719afa002efe2037faf53fcc2,2878751,96,2878655,0,0,3,1,1440,96,d97269fac8fa625efad8a10ce6a0dc246774477a5c2c36abb9f0ccca52124063,2026-07-23T14:50:39.755179+00:00
2025-12-11,BTC-USDT,True,,BTC-USDT-L2orderbook-400lv-2025-12-11.tar.gz,290861112,e6e790cd495aba30b3c451761a89176da6a5e1999630aedc9189af8bc4f72918,6029517,96,6029421,0,0,3,1,1440,96,2d609c21d193569fe73b4eefff9abd2a43e5b0157c5702d0a9c0e24c45565dc5,2026-07-23T14:52:40.889327+00:00
2025-12-11,DOGE-USDT,True,,DOGE-USDT-L2orderbook-400lv-2025-12-11.tar.gz,158638596,b2fe82e3e7e14820887cf75a717997fc58e8bd068134ad44dae6f8a1c5741652,3500623,96,3500527,0,0,5,15,1440,96,dbc9a82e2c41f5b34ff118adfb87b5dd0746c6f07f7c8c99160bf81287b624b2,2026-07-23T14:51:29.445438+00:00
2025-12-11,ETH-USDT,True,,ETH-USDT-L2orderbook-400lv-2025-12-11.tar.gz,235712717,a2f6a3d57592d63e6186acdb68a7c88e799f56c2250b7c97ae9ba6b0cb748f70,5207120,96,5207024,0,0,8,1,1440,96,f57dea46cad61576e325a41d64308e28fe9f2569e6b3aeeb143b64690a7e2fce,2026-07-23T14:51:58.857156+00:00
2025-12-11,SOL-USDT,True,,SOL-USDT-L2orderbook-400lv-2025-12-11.tar.gz,157530925,17b6d193929891ac2acae7cd33a74d93a691c6fbbeacf4723402e5f2eff3257c,4617170,96,4617074,0,0,7,19,1440,96,bd7f740d789b0a01760311fb05acabe0c50dd41ce269ca48d48bc2188b8b8996,2026-07-23T14:51:13.051043+00:00
2025-12-11,XRP-USDT,True,,XRP-USDT-L2orderbook-400lv-2025-12-11.tar.gz,115446221,96f641fa42cfb2df870221623020e9a31e644af55ecf69ba68fa7fc68fcc7aa5,3419417,96,3419321,0,0,5,25,1440,96,b4c0a64722ecc881cb201d1484512e9ac8847c0553e6445c18665b9d5d3f7fd0,2026-07-23T14:50:53.618079+00:00
2025-12-12,ADA-USDT,True,,ADA-USDT-L2orderbook-400lv-2025-12-12.tar.gz,55237501,f8802db9f4a3a6853bbdde59ec190cac7b1df3701afb2d64ff45775687833d37,2055406,96,2055310,0,0,9,1,1440,96,125f077d44324f5284f0e5605dd6c2847cfe7622ccafa637a66c712c39430990,2026-07-23T14:52:49.901133+00:00
2025-12-12,AVAX-USDT,True,,AVAX-USDT-L2orderbook-400lv-2025-12-12.tar.gz,69535351,a648f0d365b0dacf22d52888ba37985101b620f515515e43de0c1394d5dfbae9,2395893,96,2395797,0,0,9,3,1440,96,448bfaec52f984d38f9ef38c0ecbc09de075ffb0e703a18a62d2f7f53895ff71,2026-07-23T14:52:59.458568+00:00
2025-12-12,BTC-USDT,True,,BTC-USDT-L2orderbook-400lv-2025-12-12.tar.gz,213959994,ee30a3e4310365b83be5ab62e7b92e7fe2f2d88b4cd1d109cb9b05ca33e29fec,5258242,96,5258146,0,0,9,3,1440,96,4c1b020a5ddcb96b4cacbafaf540eb750baac80d0bef7ce285a40526c7336a42,2026-07-23T14:54:14.037065+00:00
2025-12-12,DOGE-USDT,True,,DOGE-USDT-L2orderbook-400lv-2025-12-12.tar.gz,126719452,13267f9574e6d03e6aadf6764947e4e9146125cb6061eaf69c7969d51237acf1,2960792,96,2960696,0,0,5,281,1440,96,700e27c244759de6a69179201dc6dc1afea0f5d8cef0978ca5020233a0ec16ca,2026-07-23T14:53:24.658306+00:00
2025-12-12,ETH-USDT,True,,ETH-USDT-L2orderbook-400lv-2025-12-12.tar.gz,214004145,cc78b5e9a7ac229f656a06e6fda2ffc97d3832bc6e3bc5e18a35478ccc2a5648,4764229,96,4764133,0,0,9,111,1440,96,c518d457180ebdb64a4e479503a0a3247671d31b04549b7f0c2d60bc7c31307d,2026-07-23T14:54:41.219307+00:00
2025-12-12,SOL-USDT,True,,SOL-USDT-L2orderbook-400lv-2025-12-12.tar.gz,134715031,10896539ceac29e185ddf7c881ef64978e24702537986422bd12f42a47d506df,3849087,96,3848991,0,0,1,48,1440,96,863fef7c5c46dfec61307c13701748c17a62b111571e4e921348343d2b6997e5,2026-07-23T14:53:40.819764+00:00
2025-12-12,XRP-USDT,True,,XRP-USDT-L2orderbook-400lv-2025-12-12.tar.gz,94548163,80138a12625b362c089a91d4a4984bfa02299e653c708f35a50b0602566a5e61,3035239,96,3035143,0,0,5,81,1440,96,21b717ca4095da11cd655977b4cd5c6c87b56e979d96a0cbce460d5bcdd8de18,2026-07-23T14:53:11.342132+00:00
2025-12-13,ADA-USDT,True,,ADA-USDT-L2orderbook-400lv-2025-12-13.tar.gz,26352413,fcc3619e0d7c8ede0c5ec9f25d5fd0bf50108632c6c4bc2157a6d3af39c4086a,1361691,96,1361595,0,0,9,7,1440,96,098d263d9795c89ca2d47e1d8cb842a165233e87fa90bfc40737481ee98756f4,2026-07-23T14:54:46.976827+00:00
2025-12-13,AVAX-USDT,True,,AVAX-USDT-L2orderbook-400lv-2025-12-13.tar.gz,35376246,ccee15b4d75634f1b7f2ffc95864189cf74703fdd9244f5e4f4efe106a56138a,1734466,96,1734370,0,0,7,49,1440,96,111ae8b0eb7f1ba62057c09c6aa6db69bea2b774ed382699f83ff5b780e320ef,2026-07-23T14:54:52.998503+00:00
2025-12-13,BTC-USDT,True,,BTC-USDT-L2orderbook-400lv-2025-12-13.tar.gz,94354715,c38e91772edea6c91412d2da40a6a45fe646a56a9d0fb9634d86d7099c6583d6,4139381,96,4139285,0,0,7,19,1440,96,c6eeac0d8fbbf2698f02f5d53e27f2c9274bfba11a902ab71b36822ba2c4eb13,2026-07-23T14:55:53.924406+00:00
2025-12-13,DOGE-USDT,True,,DOGE-USDT-L2orderbook-400lv-2025-12-13.tar.gz,54532895,bdd75feabbeb0b84a6bb3dba443ecf99b5e53d95813dc4eeb44c09a6a91b6683,1843398,96,1843302,0,0,9,49,1440,96,0d4c5a5647595dffcc80e5701e55b81612810fb14538cafbe091c1f3b4de53f5,2026-07-23T14:55:08.781804+00:00
2025-12-13,ETH-USDT,True,,ETH-USDT-L2orderbook-400lv-2025-12-13.tar.gz,94002961,bcc91a8173205a2526208db332985c145c2c2b207acf1445a018adf8b503c626,3405724,96,3405628,0,0,9,17,1440,96,11f7bf0107e1afff0f2d27b9a204b59c31ca15a82a35815582a12f19ea6a5684,2026-07-23T14:55:35.126615+00:00
2025-12-13,SOL-USDT,True,,SOL-USDT-L2orderbook-400lv-2025-12-13.tar.gz,55250358,d4222a445b44a57a4af2e363fb43eb2a9a56fae03d2ab19f9f2339be707023fd,2512731,96,2512635,0,0,2,133,1440,96,9f4a3abc35b227264ef0d4be6a9b24af028b87dc3709a89f7b200854cde2e4ff,2026-07-23T14:55:20.594473+00:00
2025-12-13,XRP-USDT,True,,XRP-USDT-L2orderbook-400lv-2025-12-13.tar.gz,52764136,5ef395d4252c7d840cc2027821c170231ea2f52744495a95af52956b12178554,2569817,96,2569721,0,0,9,59,1440,96,dfc39bea0e4f80def47fbf77c2224b072caf83242e847c4c21c0111e5acff6e3,2026-07-23T14:55:01.608532+00:00
2025-12-14,ADA-USDT,True,,ADA-USDT-L2orderbook-400lv-2025-12-14.tar.gz,36986565,5876139716f17152732ecf9d49f04d945a42e251d26ecc282ffdb6ba913df5d3,1592713,96,1592617,0,0,3,13,1440,96,5d9437bed7bedc5c1e00888fdaec96546741c36e57c91455301ad42fb8475b68,2026-07-23T14:56:00.906990+00:00
2025-12-14,AVAX-USDT,True,,AVAX-USDT-L2orderbook-400lv-2025-12-14.tar.gz,51818451,4f47e075ae3a6c47068e9d85280fb87c9b03b0b3f20e0de4333ce95550cbc926,2842258,96,2842162,0,0,1,8,1440,96,555aeab581b8b74d5a4a626517488b1e6053479f11bd63ad08873dda6686b198,2026-07-23T14:56:10.023969+00:00
2025-12-14,BTC-USDT,True,,BTC-USDT-L2orderbook-400lv-2025-12-14.tar.gz,151060065,56fa872fdc266ff5c094dc1164defe41ce8e44b7a38fac179c00cec5a90143f9,4543750,96,4543654,0,0,1,8,1440,96,21e724c12372615386044e31c1a4f9155cc0037b8910422be3e8357f8af23230,2026-07-23T14:57:27.059440+00:00
2025-12-14,DOGE-USDT,True,,DOGE-USDT-L2orderbook-400lv-2025-12-14.tar.gz,79201406,24ecaa060dfd6727385715fcad2f23066336d348176b05143a31b6999f9319a8,2148961,96,2148865,0,0,1,2,1440,96,d3385d57315c10aa98ee87bd528347506f03e6504a2a8447fff0947e98678d58,2026-07-23T14:56:27.932823+00:00
2025-12-14,ETH-USDT,True,,ETH-USDT-L2orderbook-400lv-2025-12-14.tar.gz,141619222,05af8f2f9269c14667131787fd3b2bf2d8da101b9f6953de8bcafa34e4eac8ce,3938852,96,3938756,0,0,3,3,1440,96,5733a4ce9e14226898bd09d74b357431d829fdb4206b40cdc536375b11f0052f,2026-07-23T14:57:02.063447+00:00
2025-12-14,SOL-USDT,True,,SOL-USDT-L2orderbook-400lv-2025-12-14.tar.gz,79436813,80f5f471bb3aa974c461e8ce575ea8cfd28d100b481ca5285b17b38752fd5474,2901944,96,2901848,0,0,7,4,1440,96,2019c44af3cb1c8f7f4a1bfd32e7ed5849eedacecc27f0dc4742a328ccae7a49,2026-07-23T14:56:38.848692+00:00
2025-12-14,XRP-USDT,True,,XRP-USDT-L2orderbook-400lv-2025-12-14.tar.gz,64235398,84d302881894314f1a3f20396f2c6442acbaeba791cb1e377f45a8c1dbebada6,2507074,96,2506978,0,0,1,22,1440,96,1eee29a7b0f8c020c189b6d65f05b1c23e02f04513fde18de28a3d6eda4ee3a6,2026-07-23T14:56:18.959755+00:00
2025-12-15,ADA-USDT,True,,ADA-USDT-L2orderbook-400lv-2025-12-15.tar.gz,63786395,20858bf965ab9ad1bdbdc9626a2e233f97247eb0e4552a0eca0f4d7fa0256f9e,2255621,96,2255525,0,0,7,294,1440,96,825a8ba257bf137d4ef814f25d9d83c20bf69adc2f824f9c2995d83d05b45b54,2026-07-23T14:57:38.934869+00:00
2025-12-15,AVAX-USDT,True,,AVAX-USDT-L2orderbook-400lv-2025-12-15.tar.gz,90716260,89455b9e9f3683596962c8c47ec31c95a027cfcafd6f4b9330ee92e02fd56b81,2932693,96,2932597,0,0,2,16,1440,96,eeba14c7d49fe54b4b977e2df0d5204e5c44ec1af17c34f684f1ea6f2d73d685,2026-07-23T14:57:50.551141+00:00
2025-12-15,BTC-USDT,True,,BTC-USDT-L2orderbook-400lv-2025-12-15.tar.gz,268847511,3579bd0acf0a1122f3f28f391a84ad7495ca592e4456dd4dd0b540a3f6a887e1,5765433,96,5765337,0,0,2,6,1440,96,3a9a914ae5fe31779fc8d75164568be614aca1ff20678bbffc833d632dcde41b,2026-07-23T14:59:51.844170+00:00
2025-12-15,DOGE-USDT,True,,DOGE-USDT-L2orderbook-400lv-2025-12-15.tar.gz,158086834,122316617fec5a41ac4ee773251ab76701bfaa57fed5aa8ac3a9abe72134a493,3175980,96,3175884,0,0,8,13,1440,96,a16de2cc8502c081bfb643c935dd051872db470dfae3cc50ddc7adba056f5de9,2026-07-23T14:58:41.472182+00:00
2025-12-15,ETH-USDT,True,,ETH-USDT-L2orderbook-400lv-2025-12-15.tar.gz,256945269,f085222ae0b575c3300de736bd2b5f41d9a33328433861b6059f3c2b36bfa628,5254280,96,5254184,0,0,7,4,1440,96,f8d945f9c003f3c6c55d6ad0e69380cedb9f1aae302dc61255dea4673d743aba,2026-07-23T14:59:12.617350+00:00
2025-12-15,SOL-USDT,True,,SOL-USDT-L2orderbook-400lv-2025-12-15.tar.gz,145898903,06b65400732f7356be3173e149201bbbc43eefa0acdc3de34118099d8a0d5669,3696485,96,3696389,0,0,6,35,1440,96,c4ee8dff6f9d521230596c3f9b1cb14c896de7e5c8f32dd16be8d9d83a75264d,2026-07-23T14:58:20.869343+00:00
2025-12-15,XRP-USDT,True,,XRP-USDT-L2orderbook-400lv-2025-12-15.tar.gz,122641078,92190155af15af8b94123f55671714c29ddea5adcc2f3a1940c1842aa33f1ba9,3440573,96,3440477,0,0,8,173,1440,96,d1c7dec81c6b3d53009b47120c83eb1c58c7ce9124a95d2c42355b5ef964b15c,2026-07-23T14:58:04.739868+00:00
2025-12-16,ADA-USDT,True,,ADA-USDT-L2orderbook-400lv-2025-12-16.tar.gz,54963207,fa87e6138a7e9b4f0b59daadc975ed6566ad032ef7124f8131ef910542e7465a,2047383,96,2047287,0,0,6,74,1440,96,5a4ce46066e9823f9a1e0703280f3b5c619611f57bfff4064d53afbdf2344b7f,2026-07-23T15:00:00.726266+00:00
2025-12-16,AVAX-USDT,True,,AVAX-USDT-L2orderbook-400lv-2025-12-16.tar.gz,82983670,be8ac128cd7a42588895d01d9fc5a2ad87c5e05ec549cbbf9520f7342d95a869,2826305,96,2826209,0,0,4,30,1440,96,4b52444aa1bd121dbb452377298fc682b517a097f5d748c6a8832f5505828bdf,2026-07-23T15:00:11.593070+00:00
2025-12-16,BTC-USDT,True,,BTC-USDT-L2orderbook-400lv-2025-12-16.tar.gz,272174058,755c46cc381cd2c72e87549e5f7ae0efcf1097d9c92c974390c08bdfb984261f,6222811,96,6222715,0,0,4,10,1440,96,87727a5712495eba1bfe58565b235230a6d0bb3a808957dad6211eee555122f5,2026-07-23T15:03:22.727895+00:00
2025-12-16,DOGE-USDT,True,,DOGE-USDT-L2orderbook-400lv-2025-12-16.tar.gz,138967129,7dc95cdd6ff2e9b64dca577441c1fe1ae3f9104faa04391143610ca738f420af,2966863,96,2966767,0,0,7,84,1440,96,e2dfb5668317dd0becd1f97f1af81ff921e4aa32cf43590eecf4710532ab52e0,2026-07-23T15:00:44.802083+00:00
2025-12-16,ETH-USDT,True,,ETH-USDT-L2orderbook-400lv-2025-12-16.tar.gz,239066333,de69108850741b34b103101af6fed201ff30ca1faafc274beb7647333dbfd193,5236627,96,5236531,0,0,6,4,1440,96,1f4af6f6ecdb6ea34b0c92a1442574990f0bfe2f190bedfc84db2cb68eae295c,2026-07-23T15:02:41.059236+00:00
2025-12-16,SOL-USDT,True,,SOL-USDT-L2orderbook-400lv-2025-12-16.tar.gz,139325220,bc501c51e1a20135f7fe0375df52a334f944e4813a1f95f3a7bba885951babff,3801925,96,3801829,0,0,5,2,1440,96,bf127e8fe93111b4c68babc6356fb6f9705327f49f88310fc50fe09eed8a8e96,2026-07-23T15:01:38.784847+00:00
2025-12-16,XRP-USDT,True,,XRP-USDT-L2orderbook-400lv-2025-12-16.tar.gz,132304065,73857a37945fa42a8c607e1da33d4acc8812a4e14f9dd8e08196ac5edb2f09e3,3639680,96,3639584,0,0,7,4,1440,96,44159ae24b73009bb396cc32b023f8b69e7714a9c794371aaa85d5963dbf1539,2026-07-23T15:00:26.615497+00:00
2025-12-17,ADA-USDT,True,,ADA-USDT-L2orderbook-400lv-2025-12-17.tar.gz,65817238,f7e0561392e9c5458da5f97a11f6f3ced25b4d84a34d3cb6fc544d59e5c24c6b,2204867,96,2204771,0,0,6,41,1440,96,db88a3ed1efc05b63c2790c7022e469e5b64130f53f3dc62d58d230000dd589f,2026-07-23T15:03:45.566381+00:00
2025-12-17,AVAX-USDT,True,,AVAX-USDT-L2orderbook-400lv-2025-12-17.tar.gz,86650593,9985b417542072856f086e524e338238ccf655930a12acfa128e07869125805b,2734548,96,2734452,0,0,0,153,1440,96,54f1d9a8bddc9c6755a1450eba0e8b219ad3956bcee9589d40e2fa4e7277e916,2026-07-23T15:03:58.925120+00:00
2025-12-17,BTC-USDT,True,,BTC-USDT-L2orderbook-400lv-2025-12-17.tar.gz,291636840,dfab861fe7b9f5232241bd35c3ccf8757d8af5f9cf72545871a602dfeb7c0b14,6248128,96,6248032,0,0,0,3,1440,96,b46b0c3a421664d0721b07ed4802a258e8da1865993ca0acac67307b451bb83a,2026-07-23T15:05:59.944571+00:00
2025-12-17,DOGE-USDT,True,,DOGE-USDT-L2orderbook-400lv-2025-12-17.tar.gz,156802459,8a28b8a74592b691f9bb4771c222a50d8c684a4684cdc821de181d298a948337,3092027,96,3091931,0,0,6,37,1440,96,fc62c586e03dc7b8f05603c9fa9279d4fa65fd97c7e10b22f20b169500acf2da,2026-07-23T15:04:46.635486+00:00
2025-12-17,ETH-USDT,True,,ETH-USDT-L2orderbook-400lv-2025-12-17.tar.gz,235617970,5dd9fb0d3d4c12bc4d9a5a123db1c9a59194d62c6dd92c645c01ff7778f3ee7b,4937922,96,4937826,0,0,6,31,1440,96,073640b994e86318be6e5280a9e5dd66f9bff2e8559ed7c31f542c6abed6a1ab,2026-07-23T15:05:22.079286+00:00
2025-12-17,SOL-USDT,True,,SOL-USDT-L2orderbook-400lv-2025-12-17.tar.gz,147781353,22766a2e3e7f4ad629ce454b5bec4612ab0a4b1dc321761860fd29bf08b20cff,3657652,96,3657556,0,0,8,19,1440,96,a6b621134775b2624d0fce2e909d6ab0ab0ea759bff4c75039fe40c18bf04fd3,2026-07-23T15:04:31.123709+00:00
2025-12-17,XRP-USDT,True,,XRP-USDT-L2orderbook-400lv-2025-12-17.tar.gz,136315009,08d3b71aa2a4c13b074c53783ea09cd5a74b83ea172cda4bc26935f801c3dd32,3617005,96,3616909,0,0,6,17,1440,96,5efa6f91dd301ef3c95624631c3955158b22af39ebb962ddd19fa2a1eb95cd86,2026-07-23T15:04:14.301043+00:00
2025-12-18,ADA-USDT,True,,ADA-USDT-L2orderbook-400lv-2025-12-18.tar.gz,70658994,75998ea1e11227ee4421a92685c0040b0e4639424063a958750c303a723793dc,2416558,96,2416462,0,0,9,165,1440,96,e0a6542490b4b706cdf3042d2205f0ae6d5e374e2ff22743ab6778facf284a76,2026-07-23T15:06:12.351697+00:00
2025-12-18,AVAX-USDT,True,,AVAX-USDT-L2orderbook-400lv-2025-12-18.tar.gz,96607785,76bf22b748c82f38fbf94045af4f6fbea8fd6544ac06bcc16c410bd493b6b5b8,2888020,96,2887924,0,0,7,96,1440,96,3ff76943eb56f2729c99ed837e182114dc70c6ccbc7ad06437affe49beda91d2,2026-07-23T15:06:27.135938+00:00
2025-12-18,BTC-USDT,True,,BTC-USDT-L2orderbook-400lv-2025-12-18.tar.gz,351605143,877e686161491fe99e8065efa1a51767c9b77abd2835a8676b667713308d8709,6904172,96,6904076,0,0,7,6,1440,96,7114130060303caf12a7f0d3a18d3df911e71e345c3bce43a1d855fbff3457c8,2026-07-23T15:08:30.533799+00:00
2025-12-18,DOGE-USDT,True,,DOGE-USDT-L2orderbook-400lv-2025-12-18.tar.gz,165305997,9a74709963db108974892e871bc00fe02286a0992b317f42618a35fc91fd9fce,3272366,96,3272270,0,0,3,8,1440,96,1484ee81e397c6b596a586124f778bfe485762135031f3f7e07872718e2cc74e,2026-07-23T15:07:17.291511+00:00
2025-12-18,ETH-USDT,True,,ETH-USDT-L2orderbook-400lv-2025-12-18.tar.gz,233121159,c6393e2f06a9dc8f46846c229e3ec7914e7835bf2d830a0cc17767608f8418c3,4795071,96,4794975,0,0,9,5,1440,96,0595de247ec2255ea9976edf84882e1be3c8a2727226a6b5c25461c7ae2e89c1,2026-07-23T15:07:45.938905+00:00
2025-12-18,SOL-USDT,True,,SOL-USDT-L2orderbook-400lv-2025-12-18.tar.gz,152436100,0432f0502fc184756ef018bc61709175533624c05966887f8f060078f6e64f89,3741625,96,3741529,0,0,1,2,1440,96,cff148c55ab1f6e76f6d379d1fcc77f241c611868979ec78df92e8de379ac8f2,2026-07-23T15:07:00.848878+00:00
2025-12-18,XRP-USDT,True,,XRP-USDT-L2orderbook-400lv-2025-12-18.tar.gz,143034897,2a4b561df3fdd823bd088fe067560f15b351b4bfefc56c1b7589cfbd2e907ade,3777522,96,3777426,0,0,3,28,1440,96,400beca94b2a976bcca8cbdb3640b3677e974198fd3fc37d797090bdd38010c4,2026-07-23T15:06:43.344216+00:00
2025-12-19,ADA-USDT,True,,ADA-USDT-L2orderbook-400lv-2025-12-19.tar.gz,60218034,4dfbd2fb4bfb6fb746a340e5d3dc2bdbcccb1e3b37aaf295d1a1ae56615f833c,2302119,96,2302023,0,0,5,212,1440,96,1094c74b3951f807d0c8a98208b20bb6381aef58c9dd069d7cb6312b4cf575f8,2026-07-23T15:08:40.695344+00:00
2025-12-19,AVAX-USDT,True,,AVAX-USDT-L2orderbook-400lv-2025-12-19.tar.gz,82991729,157ffb0d176bd27d4b6dc53cec3d1361108895d9286174bc741d2e9dc06c4def,2817199,96,2817103,0,0,4,214,1440,96,23e232c4386852f5c9279be227e69d08236ce1de8bac67522c936535bbd849a4,2026-07-23T15:08:51.737549+00:00
2025-12-19,BTC-USDT,True,,BTC-USDT-L2orderbook-400lv-2025-12-19.tar.gz,294137456,f13f7f46a193c0b7303f8147f266b210b589d6e8d7004f66c35da473e04bc6e5,6339667,96,6339571,0,0,4,4,1440,96,a138717587567f3042032580bba0781d7e4df3e81ed8a74fe20517326d6f61b0,2026-07-23T15:10:54.124960+00:00
2025-12-19,DOGE-USDT,True,,DOGE-USDT-L2orderbook-400lv-2025-12-19.tar.gz,149609591,fa1a1b9aee640d8c435895bcf37c0231bdd21398cb962f24ffb48a11ef4e5bbd,3500318,96,3500222,0,0,2,185,1440,96,687afb14d21d6d697bfec834cc096bac72d5a6ad99a5c7d5d56621b1723f492b,2026-07-23T15:09:40.809628+00:00
2025-12-19,ETH-USDT,True,,ETH-USDT-L2orderbook-400lv-2025-12-19.tar.gz,224903924,61799a50368e15bcfb68a89cbc575d0299ab68e4f6e742f9dba86df0837de00c,5235173,96,5235077,0,0,5,142,1440,96,950ba8caa8f4e506288ce53c084a99a59bab1db343c949d3daf64aa4947a1e7d,2026-07-23T15:10:15.606733+00:00
2025-12-19,SOL-USDT,True,,SOL-USDT-L2orderbook-400lv-2025-12-19.tar.gz,136296816,72dcaa98e5227535a928bed03234f98c4d6d2436cfa47978391608c704e749c6,3918771,96,3918675,0,0,8,14,1440,96,97a9b6f7f2b6a8f7e12417d57ba7ad651e211239d11538fb8673332f8c9827e4,2026-07-23T15:09:08.037474+00:00
2025-12-19,XRP-USDT,True,,XRP-USDT-L2orderbook-400lv-2025-12-19.tar.gz,140557225,955c92ae3ee8c2dd00f640d0d6de53bf04720a2afc5265d77e9a8455b5775d10,3897761,96,3897665,0,0,2,15,1440,96,17d07b3a7bbc548829bb2875938f0f361de161f1333ccfe8508729d7c9c4aeb5,2026-07-23T15:09:24.366615+00:00
2025-12-20,ADA-USDT,True,,ADA-USDT-L2orderbook-400lv-2025-12-20.tar.gz,23839557,94ab895ef9fb411f09c182ac0328a3857a615877723174693e0d02ff8172f3f6,1312773,96,1312677,0,0,8,67,1440,96,6744c4cf3b5353b6278b3fe0f46f3699a994ae4d7674d502ef9274b116252f50,2026-07-23T15:11:00.379737+00:00
2025-12-20,AVAX-USDT,True,,AVAX-USDT-L2orderbook-400lv-2025-12-20.tar.gz,27710297,653bc031da4af68cd4375a4c4b1d671d48652d92436f4fb7d244f0751aee49bd,1540965,96,1540869,0,0,6,93,1440,96,d9f8a9cf0f2de599481fce70faa22fe9b7afb0c87ca9717f7c8001ce57a0c779,2026-07-23T15:11:06.400172+00:00
2025-12-20,BTC-USDT,True,,BTC-USDT-L2orderbook-400lv-2025-12-20.tar.gz,104369739,ddacb5f2b347bf0f5a636af3dfd70e2b8070a5e7bf16ab2bd53d584fcd393e6b,4102604,96,4102508,0,0,6,3,1440,96,656993f2cbcda629af7a1a6fb3957ab2232b31bbaf1000a5cee669f1df4fc5a6,2026-07-23T15:12:01.037765+00:00
2025-12-20,DOGE-USDT,True,,DOGE-USDT-L2orderbook-400lv-2025-12-20.tar.gz,46580683,2fbdee641dc4ff6f9b77ade7e35a8d7634706a44e2bcac459106cf6893a964e6,1615257,96,1615161,0,0,5,76,1440,96,6ed72ba02404e7be3292523e00b04b64c75d720065a681721e49fb84475cd9fe,2026-07-23T15:11:20.211438+00:00
2025-12-20,ETH-USDT,True,,ETH-USDT-L2orderbook-400lv-2025-12-20.tar.gz,58887589,cd2ebf352ad95b07101d6e2cd062cb3d7c56909561d9c5300a49b32b685be788,2224879,96,2224783,0,0,8,107,1440,96,568002f3e25203f9460be2d5b2175ebd0800ba56417b34e66ddec9aa4480bdd2,2026-07-23T15:11:40.834116+00:00
2025-12-20,SOL-USDT,True,,SOL-USDT-L2orderbook-400lv-2025-12-20.tar.gz,40451710,ed45c90f4153a66e9ff7b7a2ad52207b256a26bbe190c971691cfb7c70fe76fe,1948438,96,1948342,0,0,6,60,1440,96,3f5359d51a7c5cc6815ee42589c3d002605bd04bb88cfdfc61ef9cd4bb19dc32,2026-07-23T15:11:13.608478+00:00
2025-12-20,XRP-USDT,True,,XRP-USDT-L2orderbook-400lv-2025-12-20.tar.gz,54145230,5d348425a650ddc06c36f130656d9e835aacf8bd61104a940fdc0ad5d71a4028,2237830,96,2237734,0,0,5,36,1440,96,2de0bd9bbde9b760131977de9b50a5beaa54353139e5791b9eee65f94512717e,2026-07-23T15:11:29.502729+00:00
2025-12-21,ADA-USDT,True,,ADA-USDT-L2orderbook-400lv-2025-12-21.tar.gz,34059673,fe11fb1af5b09a5a70609d1a9787d3e81bcddd874e5faecfbf4cfe91570f3b57,1531223,96,1531127,0,0,3,2,1440,96,3960c718f1aa59249dc95f8383ee28d1e671e7b748b7711a7c9fc41c64e9a16e,2026-07-23T15:12:08.390019+00:00
2025-12-21,AVAX-USDT,True,,AVAX-USDT-L2orderbook-400lv-2025-12-21.tar.gz,40393405,682e4adc00bcc63a36971c7649ca9011d7447dc9a9c0ddfbe278ca1136e4fd67,1701590,96,1701494,0,0,7,12,1440,96,dc0cd527cbcd32cb0713592ac48ca2213f9b8081e2cd782f985e5a2d8133c42c,2026-07-23T15:12:15.609180+00:00
2025-12-21,BTC-USDT,True,,BTC-USDT-L2orderbook-400lv-2025-12-21.tar.gz,136701904,ef00ce8a471f0ace88219aa56e6b55c4f4dcfa9123d6a84d36a9c63103af9fbf,4279287,96,4279191,0,0,7,2,1440,96,3085c46f537bf0176f917314c05062ff3a3098b3db7ccb6063353b6c912006cc,2026-07-23T15:13:25.381550+00:00
2025-12-21,DOGE-USDT,True,,DOGE-USDT-L2orderbook-400lv-2025-12-21.tar.gz,79135104,4e00104f9e7e0e163a0de097568ae7da1d2a00a5f56a49c4abb07110fabaa90c,2254937,96,2254841,0,0,4,77,1440,96,97a4c76ed5fcf5642ee945a5cf31b826e92ac5d4addda3740eae15a0a5e47240,2026-07-23T15:12:46.435560+00:00
2025-12-21,ETH-USDT,True,,ETH-USDT-L2orderbook-400lv-2025-12-21.tar.gz,93370689,764ae3dcfa226490fd75de817bd912828870b56c7179c6a5b31afb310fa7637e,2839670,96,2839574,0,0,3,2,1440,96,66c55b629f6ebbb617cea4476567625d15ee7a9c8591b0ed7be7a0d98e537706,2026-07-23T15:13:00.494953+00:00
2025-12-21,SOL-USDT,True,,SOL-USDT-L2orderbook-400lv-2025-12-21.tar.gz,65944802,4795c2a605ccd57f7c166b72a34239f7e63523d4f150fc94054602fa6e06d922,2436864,96,2436768,0,0,0,6,1440,96,7aa05542f553af924b3b0df05abdc3962b7b4ab4f355aec809ba9c30b26f02d0,2026-07-23T15:12:25.085995+00:00
2025-12-21,XRP-USDT,True,,XRP-USDT-L2orderbook-400lv-2025-12-21.tar.gz,68667877,5f9a7fd36b69ff225fdb1d165f8f998cf1ea35f100c4be92a9bd08a91a3628cf,2472330,96,2472234,0,0,4,7,1440,96,a18a7ebb6b202a4d64610e41afef694d8797e312166481933f9611e190a99302,2026-07-23T15:12:36.898695+00:00
2025-12-22,ADA-USDT,True,,ADA-USDT-L2orderbook-400lv-2025-12-22.tar.gz,59775225,aad9000b6db40bf707794761fa37c4ca8f5cb92d9bdb9e04320215eab90836c9,2168985,96,2168889,0,0,8,20,1440,96,752bcc71e867b2ace187755bec880c67adf03a5e2b45abf42ab4e3578bd6f76d,2026-07-23T15:13:35.977731+00:00
2025-12-22,AVAX-USDT,True,,AVAX-USDT-L2orderbook-400lv-2025-12-22.tar.gz,72658082,7c7cc7dc242a163d654521efbf4476ff9dc489d6df259109ab743e28595c8943,2531710,96,2531614,0,0,8,6,1440,96,74aa84bdeba950a8c5602bb76a154125cebb7291851bab2ba3d5291ade6708b1,2026-07-23T15:13:47.470230+00:00
2025-12-22,BTC-USDT,True,,BTC-USDT-L2orderbook-400lv-2025-12-22.tar.gz,192205207,f14d2d9648cbc298e8476c21b26837ea60219595b96625fddcc42931f856aa79,4800472,96,4800376,0,0,8,36,1440,96,591c4f02c482538837626ff1b12f6711ef79a8b88db0a89e10efa7378f666c4b,2026-07-23T15:15:04.286416+00:00
2025-12-22,DOGE-USDT,True,,DOGE-USDT-L2orderbook-400lv-2025-12-22.tar.gz,147033668,c6e0f37d4aad20c47e649998603914ed23c21502acf5ff3644587c3a42aae7d7,3221459,96,3221363,0,0,3,18,1440,96,27b818fd1c42b2586af9ca2b984746420144e0e2bc5c0171123a95462f3ae405,2026-07-23T15:14:33.907007+00:00
2025-12-22,ETH-USDT,True,,ETH-USDT-L2orderbook-400lv-2025-12-22.tar.gz,202872346,c4cfd0666bb8dc66a0ef482f3534f6bf785ff180f19f48d1b55603df57ff2ee1,4671490,96,4671394,0,0,8,40,1440,96,73e4c6b06877579341f4f58b4ed971e9baa77548ac298744590601adc620695e,2026-07-23T15:15:34.564603+00:00
2025-12-22,SOL-USDT,True,,SOL-USDT-L2orderbook-400lv-2025-12-22.tar.gz,119201156,14466bfb8c3845dfe62ef4c7e3a41d6a69143ea0b8159a494cecaf255c91dd6e,3626403,96,3626307,0,0,4,42,1440,96,3afb9b5593adfc3d7ae95c09c7c5cc67ac23127668e63698be483a00d7491f01,2026-07-23T15:14:18.221487+00:00
2025-12-22,XRP-USDT,True,,XRP-USDT-L2orderbook-400lv-2025-12-22.tar.gz,108353490,dab49e835425fe87b030d13400252e4fc69979e703cfc0afd437adb61f4dcdbd,3383280,96,3383184,0,0,3,28,1440,96,862cf5d602a5b7cf836ba8bcd48e14e2ec5df628b41f2fc994260257faeed078,2026-07-23T15:14:03.051035+00:00
2025-12-23,ADA-USDT,True,,ADA-USDT-L2orderbook-400lv-2025-12-23.tar.gz,44923497,62c704b8c616aaf7dd00385bd5319c82d5e89d17979b4ecfabc6cf64ed77cc57,1815225,96,1815129,0,0,0,88,1440,96,d300bf5a445003d748f9e47d884ef4895610e70a27f1937ef56da23fa260ca0d,2026-07-23T15:15:43.632242+00:00
2025-12-23,AVAX-USDT,True,,AVAX-USDT-L2orderbook-400lv-2025-12-23.tar.gz,62474855,39cca1dfe56f8c738d715c9e8982786978f883ce1bd431f779c0eadb27054cf7,2383810,96,2383714,0,0,4,6,1440,96,ca164b32c5c39a234033fb90c65a89d40e5b3b6c15b6d0e8ec1c684250b1a650,2026-07-23T15:15:54.022587+00:00
2025-12-23,BTC-USDT,True,,BTC-USDT-L2orderbook-400lv-2025-12-23.tar.gz,193341155,98dd72de0758b0743715d1b67ee57e7e47aa590a0703130166e32a9c84042721,5026506,96,5026410,0,0,4,6,1440,96,5516d7467f4993e9340db130263e0c27cb8eb59065da0e7e6bf93adca916318d,2026-07-23T15:17:29.066757+00:00
2025-12-23,DOGE-USDT,True,,DOGE-USDT-L2orderbook-400lv-2025-12-23.tar.gz,109822433,84b72fe750e1bf165ba8e6acac11d5282e72369ddcc8f8863ba92703601f0504,2614157,96,2614061,0,0,2,61,1440,96,50a86f92143365780a7e536808d4583f6f1d20fa6c6605ecd2a323ef75cd105e,2026-07-23T15:16:31.810016+00:00
2025-12-23,ETH-USDT,True,,ETH-USDT-L2orderbook-400lv-2025-12-23.tar.gz,158107514,122445742989d363a3c28de4d9e040154c593071844821bcdc7b30667a36880b,4014708,96,4014612,0,0,0,18,1440,96,abda50e2a6ac75b71b2eb0eba8d82888519ec6446c23e8d7647ccc505195152c,2026-07-23T15:16:57.672610+00:00
2025-12-23,SOL-USDT,True,,SOL-USDT-L2orderbook-400lv-2025-12-23.tar.gz,101633669,37a91e21a8be879352dacc9f94cd192a48987e76e5494cfe338c472a1ad52abc,3736249,96,3736153,0,0,8,17,1440,96,3730cb1d04046c39197908cc4c909b59c1c2ebd00d7d0afc87b91c8f03d76ae8,2026-07-23T15:16:19.763594+00:00
2025-12-23,XRP-USDT,True,,XRP-USDT-L2orderbook-400lv-2025-12-23.tar.gz,88549235,d1eb7bb589035ffd5fcc3fb89109f14e095371e909049c5eb04ad8734ce57db7,3000401,96,3000305,0,0,2,181,1440,96,242c91a480c77f50b09bfd23aa27116b380bac54e6b0b6195f6e3c4252f9fdad,2026-07-23T15:16:05.570203+00:00
2025-12-24,ADA-USDT,True,,ADA-USDT-L2orderbook-400lv-2025-12-24.tar.gz,38230852,7d16e57c34f70acd6e66edabfd7f779e01bc4387f9a58c5524d893b7f985ad0a,1515147,96,1515051,0,0,2,38,1440,96,e63d0506030c38b60148706494941db516bd3d15ea50b908c97d72af11013a4c,2026-07-23T15:17:36.794592+00:00
2025-12-24,AVAX-USDT,True,,AVAX-USDT-L2orderbook-400lv-2025-12-24.tar.gz,48058557,08e8ba0a5f9642da1efe9ce6e39382edf007af437f2521a6b5139c8ebfaf2d26,1885599,96,1885503,0,0,4,9,1440,96,c3768f7ac0ad258a8e5b0162e6880c2925b6c6e878c3f126726618375c5cede6,2026-07-23T15:17:44.870025+00:00
2025-12-24,BTC-USDT,True,,BTC-USDT-L2orderbook-400lv-2025-12-24.tar.gz,158286597,aff59b4726924dce6b1df27e63eb759d1d2c6a0ca86a61ef2c33d0ed4260af60,4677994,96,4677898,0,0,4,9,1440,96,ba3143a99d72937082f75dc1877a73a96404e1566d00acd5918dd4cd164c6953,2026-07-23T15:19:06.149460+00:00
2025-12-24,DOGE-USDT,True,,DOGE-USDT-L2orderbook-400lv-2025-12-24.tar.gz,92125225,2080e2046d78e53343b56233ba5af98c011788f9cb155c528d02c0e7644d782a,2275408,96,2275312,0,0,9,37,1440,96,dbd6791c3f3ebf6a7a266a916de6f4f48b037c48cf150817553d2b3fe349bcea,2026-07-23T15:18:20.674459+00:00
2025-12-24,ETH-USDT,True,,ETH-USDT-L2orderbook-400lv-2025-12-24.tar.gz,115633108,2acc959ba00a14b63728e254a59ea150b3c35965f5b1d4ec542f7d29f2153a4c,3354927,96,3354831,0,0,2,178,1440,96,4f90bc5df597073cf43233ab155ac399a4f4f8bd6033738f38d6341b5622fc9b,2026-07-23T15:18:39.782499+00:00
2025-12-24,SOL-USDT,True,,SOL-USDT-L2orderbook-400lv-2025-12-24.tar.gz,82653415,437893d3a65fab005050b92d1246e0aac25a0738d7603aa0953724a3a46c502b,3317635,96,3317539,0,0,3,36,1440,96,63cd87efc7a52363fd99b437491016f3934d32523f5793a4cbc81c194766db2b,2026-07-23T15:18:10.288526+00:00
2025-12-24,XRP-USDT,True,,XRP-USDT-L2orderbook-400lv-2025-12-24.tar.gz,82621810,19fa8b05cc8f0c01ad66c2c536a2faf4b8ea7ec8a9783d0e66940ba369c9dc1e,2843681,96,2843585,0,0,9,117,1440,96,3d755db20ef171fc26204896e451500a7fd5f9fe6db2242474730bc7ca942c9d,2026-07-23T15:17:57.841760+00:00
2025-12-25,ADA-USDT,True,,ADA-USDT-L2orderbook-400lv-2025-12-25.tar.gz,33870778,a3f31cf0d988ae6a7bdfa62d416ca06efaa3b96362d483e997500085db9a1682,1345763,96,1345667,0,0,2,10,1440,96,7c7388d0517132287ac88ece50a7bd9d6fbbc5c8e351cdb2038653c4c4288475,2026-07-23T15:19:13.437981+00:00
2025-12-25,AVAX-USDT,True,,AVAX-USDT-L2orderbook-400lv-2025-12-25.tar.gz,44344473,11137dd7c15407fd751ffd3a9796873d38325dddc5d4b7b577575e27865b5179,1878087,96,1877991,0,0,1,221,1440,96,6014b9a2aa4176e3756d0bde4af1bb00668b7811f3a1cb58fc7ce1b227662203,2026-07-23T15:19:21.474636+00:00
2025-12-25,BTC-USDT,True,,BTC-USDT-L2orderbook-400lv-2025-12-25.tar.gz,110112172,101b9929199c2171b2186a14a388a8e32da754233426a10dcf8cce2307cf655e,3887762,96,3887666,0,0,1,111,1440,96,b4b8ee5a5ff4cc0f58f2a7782c4670b86605a9b97def1bb5f90951973923be1d,2026-07-23T15:20:23.097416+00:00
2025-12-25,DOGE-USDT,True,,DOGE-USDT-L2orderbook-400lv-2025-12-25.tar.gz,71274915,4e9d7216cb222ceb9944eda4356c9775d62e327d3e8a7ea0644526a2e2e6c2fb,1948715,96,1948619,0,0,3,45,1440,96,cfe85e9306951f0c45aa7c1144882201bfd35edea13b4c69924e392752c1e8ff,2026-07-23T15:19:48.882617+00:00
2025-12-25,ETH-USDT,True,,ETH-USDT-L2orderbook-400lv-2025-12-25.tar.gz,78983199,d535c613f15e03a81eb6dd8db0b0a2858d3768c9578b253a4454ae1d3288efad,2704567,96,2704471,0,0,2,50,1440,96,1533a46f8f1a839306d9589fc963851c5e6036767b728e7229eba85fb9274e29,2026-07-23T15:20:02.879486+00:00
2025-12-25,SOL-USDT,True,,SOL-USDT-L2orderbook-400lv-2025-12-25.tar.gz,57337556,734a9fc54f7c4ea776ad723b839ddda40f4f2156281339883cfab726b97a5083,2454148,96,2454052,0,0,4,16,1440,96,d3b99212d6b91e58182aea46d73a259622f77f5e55572a6a21c93e9702651e0f,2026-07-23T15:19:30.604894+00:00
2025-12-25,XRP-USDT,True,,XRP-USDT-L2orderbook-400lv-2025-12-25.tar.gz,61504322,5de454ab26d4eb78fd08288eea9feda3d71fc36e823f38627400741a7af3a4fd,2329218,96,2329122,0,0,3,5,1440,96,f01f4ae006c971c999a15ac0f4b2292d0270925a4a7a1e61388c2a7a28f46c82,2026-07-23T15:19:40.372479+00:00
2025-12-26,ADA-USDT,True,,ADA-USDT-L2orderbook-400lv-2025-12-26.tar.gz,44158003,2afa9fc4b5a258cb5add876987cbb4604d623e7c36f1ff1c4a94011618d6b5f0,1632540,96,1632444,0,0,0,65,1440,96,808f1bda8d7c567a294ceca7edb4f3e06928dcb576604c3abe067b5cad1b67b3,2026-07-23T15:20:31.711976+00:00
2025-12-26,AVAX-USDT,True,,AVAX-USDT-L2orderbook-400lv-2025-12-26.tar.gz,59842328,de18447a1c73b3c5baf64fac616df0330082a2a1ced30b51856251ebd36cc6a5,2365067,96,2364971,0,0,9,132,1440,96,06be2323085435ac5346a4df3e761e60959e382601249c8640d8e5885eeb451e,2026-07-23T15:20:40.454750+00:00
2025-12-26,BTC-USDT,True,,BTC-USDT-L2orderbook-400lv-2025-12-26.tar.gz,187486788,006051dbd0f5b68505843cd67dd43c048a353c5ecb711949736136ac8e0aa354,4923223,96,4923127,0,0,9,2,1440,96,2f5314ddd1e266a0ad17e00a301374f06d48fe776a3193913b04f162a79c4e60,2026-07-23T15:22:06.669028+00:00
2025-12-26,DOGE-USDT,True,,DOGE-USDT-L2orderbook-400lv-2025-12-26.tar.gz,105953351,13715f9531cef88c6ba251311fe2acd474fc0ac10a87f1e2fbdb4e023dfa436c,2507876,96,2507780,0,0,5,10,1440,96,613623691abeec30484318219773a91ddca63fded4aa6455134ad93d81523c62,2026-07-23T15:21:18.524202+00:00
2025-12-26,ETH-USDT,True,,ETH-USDT-L2orderbook-400lv-2025-12-26.tar.gz,129861796,9713ad257d2b1171bdd87aa9762bdfed130a1733b9a7cce10dcc75e7fcacd1da,3500784,96,3500688,0,0,0,385,1440,96,98c552cf48a58ac18f619af85beccc756638a981170afad1d0278e82e5898d25,2026-07-23T15:21:36.522325+00:00
2025-12-26,SOL-USDT,True,,SOL-USDT-L2orderbook-400lv-2025-12-26.tar.gz,100317589,eedd0a42e8b7db9bd4effbc82f689735d46f26e68ae3c1b2930a2784dcc3ddd8,3672872,96,3672776,0,0,4,30,1440,96,2562a581884d734e3c9e1629fdd98b2ee19ef7357d8e9262f511c758f02d64c1,2026-07-23T15:20:54.288365+00:00
2025-12-26,XRP-USDT,True,,XRP-USDT-L2orderbook-400lv-2025-12-26.tar.gz,100679175,564556e74a7faf0db75f0ecc2dd6581556958ab86c3708846ee891f1c15a2f40,3079972,96,3079876,0,0,5,10,1440,96,756d36f89a2aff26c4fb80814b7a10f5fa0e297278096c1827d24b867a029445,2026-07-23T15:21:06.817496+00:00
2025-12-27,ADA-USDT,True,,ADA-USDT-L2orderbook-400lv-2025-12-27.tar.gz,23686205,28349b0a2f27664754d1728c28c616e542b7596a9ebac80132d62ba47ef4bd10,1126898,96,1126802,0,0,5,371,1440,96,2558731089a36cc7f4a57942a05839bceb64f4d52acac01b1d2773b26c16ceba,2026-07-23T15:22:12.095504+00:00
2025-12-27,AVAX-USDT,True,,AVAX-USDT-L2orderbook-400lv-2025-12-27.tar.gz,28504018,ffb89164f7f5a106fe0a95d616e63dc274dcadc62d7c23c6bb9ceb17653cbc32,1482501,96,1482405,0,0,8,31,1440,96,6a6e5e60cba4378cea82d96e8a9fc5c3a360eab59d98d7c3440b0d1a16fbc2dd,2026-07-23T15:22:17.246158+00:00
2025-12-27,BTC-USDT,True,,BTC-USDT-L2orderbook-400lv-2025-12-27.tar.gz,77818997,ae610bf87dea8e67e65f2cef878d082964b0188d5feac74397c2d104e3e58ef9,3502364,96,3502268,0,0,8,1,1440,96,ad6c1c3078972ad1839b6022a92c112cd9436b6e6631b46a85c09496034c9b56,2026-07-23T15:22:59.737635+00:00
2025-12-27,DOGE-USDT,True,,DOGE-USDT-L2orderbook-400lv-2025-12-27.tar.gz,42371967,e16fbe99080195ae53faed52a1279fa84e4f44f0b4b56ddadd3c214a22cf4be2,1495196,96,1495100,0,0,0,7,1440,96,61b7d969bbece16137dbba9137b2dd5bc6f892cfd498b786d2cb9ca5e47f6014,2026-07-23T15:22:37.547522+00:00
2025-12-27,ETH-USDT,True,,ETH-USDT-L2orderbook-400lv-2025-12-27.tar.gz,41609862,4fea8a9f637454da4a9dd6017388d80db199857b8d7df3be12774a8169a0b5d6,1720076,96,1719980,0,0,5,1,1440,96,97c4fedfedc7acbafb919fd5d564e4ed0512cc8bed363a15809470c0dc220d25,2026-07-23T15:22:31.773498+00:00
2025-12-27,SOL-USDT,True,,SOL-USDT-L2orderbook-400lv-2025-12-27.tar.gz,44184071,9a2b70d8448cf774096c23e12258b76764d03571f2534d5e4f96c8583d100805,2341441,96,2341345,0,0,0,32,1440,96,ebdff4ae58eafdbb75221353275f21a56d091d600c4cb88e1eaf4a10db95e8ab,2026-07-23T15:22:45.344154+00:00
2025-12-27,XRP-USDT,True,,XRP-USDT-L2orderbook-400lv-2025-12-27.tar.gz,41251238,849c912febd84906cd53f23e477c97bd820073f5d93c8e6b45240e3c0cc698bc,2195056,96,2194960,0,0,0,7,1440,96,d3fd04773c21b2343f2e470e2a6500d59c2e9183493446db66bfa5ebfd9465a1,2026-07-23T15:22:24.621135+00:00
2025-12-28,ADA-USDT,True,,ADA-USDT-L2orderbook-400lv-2025-12-28.tar.gz,28669684,fb1dc1de82f6bb1cd2b6839f1fcba80881837b2f81836ddf8919d61418b077a8,1298375,96,1298279,0,0,9,23,1440,96,eb2e7c02f5d8a7c79953a48e55c951feddb29e78c75997d79db48904f55545f3,2026-07-23T15:23:05.699083+00:00
2025-12-28,AVAX-USDT,True,,AVAX-USDT-L2orderbook-400lv-2025-12-28.tar.gz,32812250,1282c2c3372965867677b33a72b6987c4ae33f4a89ffadab0438275d638d2a57,1500488,96,1500392,0,0,9,117,1440,96,c742e30230b722f44be74f084094e2e544782b04e0ede7f3d18f7c49695ec4a1,2026-07-23T15:23:11.185582+00:00
2025-12-28,BTC-USDT,True,,BTC-USDT-L2orderbook-400lv-2025-12-28.tar.gz,89487286,6e901f826c15ef046328b8b13c88d24092f67e089b91987bd2ddb4db124b79b4,3567070,96,3566974,0,0,9,37,1440,96,ad489131d1c5602fa15ae98b8918b3a6ffe2a22344b1979fa8d487e1ff3558b8,2026-07-23T15:23:56.936687+00:00
2025-12-28,DOGE-USDT,True,,DOGE-USDT-L2orderbook-400lv-2025-12-28.tar.gz,43904117,3d699a84c4deb71d1f90c36aa211be2991e4e7d83e302bc8ca5548af1e271372,1521431,96,1521335,0,0,3,82,1440,96,48bcf1bcbcd8d27a709c88b35aeca6f8d95fd68eb6cd5c1cf36a473a0461ad6b,2026-07-23T15:23:17.161880+00:00
2025-12-28,ETH-USDT,True,,ETH-USDT-L2orderbook-400lv-2025-12-28.tar.gz,54083610,5305ef8c57faf125f911aa2cf8f14a4e784ac2be1f1a904b6d182eb6042ed6f5,2029952,96,2029856,0,0,9,33,1440,96,0b572666a1c025a4f1153fbefc79ed4f2109c24d6aec3a1ac1f48477ca5ad8eb,2026-07-23T15:23:41.441165+00:00
2025-12-28,SOL-USDT,True,,SOL-USDT-L2orderbook-400lv-2025-12-28.tar.gz,48475181,bed572b8bc2ea208d9439e86b7e75f6f06067d18932c2e0d5c0fd4be847430bf,2503046,96,2502950,0,0,8,10,1440,96,7538cedce1e980a4b754d6343c397cb1ed0036d1ad76996fee3924e7cddc772c,2026-07-23T15:23:32.851992+00:00
2025-12-28,XRP-USDT,True,,XRP-USDT-L2orderbook-400lv-2025-12-28.tar.gz,45777964,d98071a4e10ea0d8e20a1b2b094dab6736d035bf474a8a30bef5b0c04d04d12b,2196221,96,2196125,0,0,3,172,1440,96,92d2a99ae77b56ef3cd33618bf084c62ad3cba9808fbfd514430a48691b09d53,2026-07-23T15:23:24.588970+00:00
2025-12-29,ADA-USDT,True,,ADA-USDT-L2orderbook-400lv-2025-12-29.tar.gz,50539599,7df191ff047aa7845bcea83b2fb6a3b5bc8d7c24c790f51a566ee0cff75e5db3,1797310,96,1797214,0,0,7,153,1440,96,800b81cfbff32e4abf467dd666b1d92c56ce7364225ccb5246eec67afa8e415d,2026-07-23T15:24:05.262587+00:00
2025-12-29,AVAX-USDT,True,,AVAX-USDT-L2orderbook-400lv-2025-12-29.tar.gz,74613108,29f24d65b4b7f393c44787452b22f3ccd7692488df9a492373d9abb8e88b1867,2709302,96,2709206,0,0,3,62,1440,96,0146b27e55d1eb41213d015204f899d34a8bb0e1557dc383bd5917f2f54ad04c,2026-07-23T15:24:15.597767+00:00
2025-12-29,BTC-USDT,True,,BTC-USDT-L2orderbook-400lv-2025-12-29.tar.gz,204125884,bfe58f3d6f5b1c8916bbc370db16310d796770cf63fd02ef831599c5cbba9cc8,5303884,96,5303788,0,0,3,12,1440,96,8315beac12cb9603fe89bf3f3a762491e2f1570537feaa277f19c95266e843d7,2026-07-23T15:25:41.117109+00:00
2025-12-29,DOGE-USDT,True,,DOGE-USDT-L2orderbook-400lv-2025-12-29.tar.gz,101826455,edb28d134adfbcc2b4e68a382c88d28794357569e57fedfb9f831414639a09f9,2465373,96,2465277,0,0,8,58,1440,96,420101634c937f9c1b9f818e48d6c8a0d379f2540639ffb2d2bf4c5a4cb7594d,2026-07-23T15:24:52.102170+00:00
2025-12-29,ETH-USDT,True,,ETH-USDT-L2orderbook-400lv-2025-12-29.tar.gz,155531910,9dfa39c34bfd464f43e87f50cb1f01f2f8f33fd5cca455a441dc3daa11b3eed6,3918605,96,3918509,0,0,7,83,1440,96,3a7b473c6e7562e7fbf5d73516ecbdc8ee6fa87c76a2c2fa9e7077afc69212ae,2026-07-23T15:25:12.574010+00:00
2025-12-29,SOL-USDT,True,,SOL-USDT-L2orderbook-400lv-2025-12-29.tar.gz,100626506,4709a057efde47e7c485c7c7f93c92653e0e30f90dc0cff5aa1597b1cc816436,2994554,96,2994458,0,0,0,247,1440,96,9f8be09510537005715a6528a4d1dab36c667aa92e2db826ec1b0a5ace835921,2026-07-23T15:24:27.986224+00:00
2025-12-29,XRP-USDT,True,,XRP-USDT-L2orderbook-400lv-2025-12-29.tar.gz,101590011,93c2447a121b0a7722215e1f669e35e7377897e1f227468de2e019b135f52c63,3284631,96,3284535,0,0,8,18,1440,96,3958119fe8e3f342f516688f595df729a8629370c613c3fd08a3a156b3c681df,2026-07-23T15:24:40.971233+00:00
2025-12-30,ADA-USDT,True,,ADA-USDT-L2orderbook-400lv-2025-12-30.tar.gz,34648987,9564d894f38b372b51c4ea6bc595c1cbf56c0b372ccd0d6a36e78ee93b10e0ab,1520374,96,1520278,0,0,7,43,1440,96,84a39f47c4be5f2a58ff19679e262caf32d448007ba1cab60a9ef48ac11f5249,2026-07-23T15:25:47.717629+00:00
2025-12-30,AVAX-USDT,True,,AVAX-USDT-L2orderbook-400lv-2025-12-30.tar.gz,48973084,85ae6a7084460f540ccf7a0e4404c7cee232110ee510b153697cff1caee72404,2054614,96,2054518,0,0,8,162,1440,96,14c00ed68ef0fb408fd4daf63adaa95e764ef33d2cbd227e37515f10d782c4e7,2026-07-23T15:25:55.252281+00:00
2025-12-30,BTC-USDT,True,,BTC-USDT-L2orderbook-400lv-2025-12-30.tar.gz,171025227,d7b72a29ce652c0274ebed7a16267a26f8a221dc5671288cf0b552107fbfdc84,4969415,96,4969319,0,0,8,12,1440,96,47c36485f826b2c4e5efdc3bb7000f8052c8796f5ed24b2fd04ce03bc943e221,2026-07-23T15:27:05.121595+00:00
2025-12-30,DOGE-USDT,True,,DOGE-USDT-L2orderbook-400lv-2025-12-30.tar.gz,73774867,5d778cbc0a2ed6bed3a29a46f3815a0de49e0fdbdbc8fbf989180aa1a5cc92c6,2307377,96,2307281,0,0,2,16,1440,96,f17ac444765692968a5abdaa85bb9ec35ac08a30c1d287e96a95d36d033ef410,2026-07-23T15:26:14.046718+00:00
2025-12-30,ETH-USDT,True,,ETH-USDT-L2orderbook-400lv-2025-12-30.tar.gz,117708580,4e85c4397df658eb0e7f2cbae2a18fe525b6047e29a9c182b1a617aa20dcb6cf,3290145,96,3290049,0,0,7,453,1440,96,b9bad87ff9f9b9b3ec99e492554bed23ada8a0e9e2bdfac5af52425657c05e36,2026-07-23T15:26:40.402816+00:00
2025-12-30,SOL-USDT,True,,SOL-USDT-L2orderbook-400lv-2025-12-30.tar.gz,74108387,c46fc2a1d9bc273c426f949e3e013a6ccf97f079a56613b63e9c398803c412f2,2633284,96,2633188,0,0,3,4,1440,96,ab0be6f5227a83713ca2c42edf6403ede3243fc865893a0e47c47fc22904c58b,2026-07-23T15:26:23.969641+00:00
2025-12-30,XRP-USDT,True,,XRP-USDT-L2orderbook-400lv-2025-12-30.tar.gz,67556216,59a10d81bf07519f5b769bfd44f9b1540df6169b341ac7757fce506ed45a7033,2664955,96,2664859,0,0,2,76,1440,96,045cafd5666d08fe69be4a1a8836dadb188f16553e356b27b1276eb0c3e6a7ba,2026-07-23T15:26:04.791059+00:00
2025-12-31,ADA-USDT,True,,ADA-USDT-L2orderbook-400lv-2025-12-31.tar.gz,33069573,204efd6e1cb1330082b4aaba51b187384d98f07f5ed6324a35c86bc262af945c,1429258,96,1429162,0,0,7,154,1440,96,f65bc35fc90b2eef324fdf700eca49a9a71ff87367a7b3029c1c82bd031b231b,2026-07-23T15:27:11.802688+00:00
2025-12-31,AVAX-USDT,True,,AVAX-USDT-L2orderbook-400lv-2025-12-31.tar.gz,42677362,01140a63ced0da6b7a2b4ada76628180f89524f198c9471e27eef81b149b6902,1824732,96,1824636,0,0,8,56,1440,96,7077cb69baadca9ca4478c4576b21417e36ae2cec52de003ab9259e83f28b1c0,2026-07-23T15:27:18.822331+00:00
2025-12-31,BTC-USDT,True,,BTC-USDT-L2orderbook-400lv-2025-12-31.tar.gz,162656576,7ae1d4684e907e03a54a085f0c45e817be6538390f58e8b3e7b8c48c47fbba09,4829813,96,4829717,0,0,8,286,1440,96,7eabbe07be18b534d3f4881195e19773c4bcbaabcacedbb43a42b1561c943769,2026-07-23T15:28:24.309136+00:00
2025-12-31,DOGE-USDT,True,,DOGE-USDT-L2orderbook-400lv-2025-12-31.tar.gz,68771248,4ef4444bdf41e056a862f09fa14bf909fe0c2bfe012e48122670b7fb7710c6b1,2031339,96,2031243,0,0,4,138,1440,96,0b71f3e66fa4f2580dd4779525bdc3a9e0dbe45994df47a4efa215136a14b3ef,2026-07-23T15:27:46.172141+00:00
2025-12-31,ETH-USDT,True,,ETH-USDT-L2orderbook-400lv-2025-12-31.tar.gz,97688848,7afbd87a816123f6b746ffa1824aac7ec5cb908131b0ca4c383552a64f9e3975,3051256,96,3051160,0,0,7,14,1440,96,8bc2a445746a47bb3553526193f9f083aab5e83dd3aa345f8abe61fa2f5a7d99,2026-07-23T15:28:00.369176+00:00
2025-12-31,SOL-USDT,True,,SOL-USDT-L2orderbook-400lv-2025-12-31.tar.gz,67079397,8d81eacf1832ba7238a9cbfb7063a89a52d2a0f39893a1ebd1ce20718bc6cf51,2463047,96,2462951,0,0,6,96,1440,96,e7020f359bc2fd3734c9dd66d5a859153c31f59b82c2973a72b33fe638b88267,2026-07-23T15:27:37.675397+00:00
2025-12-31,XRP-USDT,True,,XRP-USDT-L2orderbook-400lv-2025-12-31.tar.gz,64156201,43508602d5aeb0d36e21ae5c45305d439126e301f6c10f37a9475bdd4b8f4c58,2655554,96,2655458,0,0,4,58,1440,96,78c2647531e9997ac9611430e26dcc8708d5257b8bec90f2936d93f3f0f92910,2026-07-23T15:27:28.231456+00:00
2026-01-01,ADA-USDT,True,,ADA-USDT-L2orderbook-400lv-2026-01-01.tar.gz,29486609,0942b59398353736cd30c45e147a08fb0b1fd70bddbce22997f236776c0ed1ba,1361594,96,1361498,0,0,6,96,1440,96,adc7fcd0324b95840deaa9c4ab234b99cb6f99b73a26e47a5cd655aa5e2b0926,2026-07-23T15:28:30.486986+00:00
2026-01-01,AVAX-USDT,True,,AVAX-USDT-L2orderbook-400lv-2026-01-01.tar.gz,49808540,8275f95fde3e76b237d7943b6820e80e01372282756f25c97df287c1f18c7024,1812011,96,1811915,0,0,4,33,1440,96,dd7ddda504cc700e26219dab0f3a16c2745db3bb234470e0eeb4dd0854afc3f6,2026-07-23T15:28:51.354332+00:00
2026-01-01,BTC-USDT,True,,BTC-USDT-L2orderbook-400lv-2026-01-01.tar.gz,105961074,0bf51396468808faf58effec0bd8f8dae18da316faf2f6c94cda00178bf72508,4081153,96,4081057,0,0,4,3,1440,96,0df37225872a2b3155fb811a9b2a9cb2882d880e8c98c574ca01567153ea6e11,2026-07-23T15:29:26.117122+00:00
2026-01-01,DOGE-USDT,True,,DOGE-USDT-L2orderbook-400lv-2026-01-01.tar.gz,64779158,be1831d6a8a9443b392eec68385b7cba48619e4a34d480102e8ebcf1cda5b58f,1724462,96,1724366,0,0,2,201,1440,96,58f179064318fbafc6460c3858dafe83e7125efcae42949d2f8e54b7e1c9b3d2,2026-07-23T15:29:07.669943+00:00
2026-01-01,ETH-USDT,True,,ETH-USDT-L2orderbook-400lv-2026-01-01.tar.gz,53298376,b37c960fddb9de6094960a9e7495d06095dce0857653b5d4880198d3c194c4cb,2117829,96,2117733,0,0,6,6,1440,96,0e3b91fc92d700dcb26158d7ecbc4c83cfd4d334c5c6dc206553ddc4df783826,2026-07-23T15:29:00.021917+00:00
2026-01-01,SOL-USDT,True,,SOL-USDT-L2orderbook-400lv-2026-01-01.tar.gz,43999395,d5e21434539a77ee62fef61e5abd39c35f2cbb8c41dab9cc29d64e3d1bf2780f,1983734,96,1983638,0,0,4,6,1440,96,c205df3e302461cdaa51ccc2b944858b25f4133d382253fd6849d47256f4e95f,2026-07-23T15:28:37.439299+00:00
2026-01-01,XRP-USDT,True,,XRP-USDT-L2orderbook-400lv-2026-01-01.tar.gz,45783169,b842d83a552a83e3f10bb379bec42786edeecea4881f6311bdf60c10547efb39,1996016,96,1995920,0,0,2,91,1440,96,532db3855f743f7ca776424e41e789536820017ea8a63eeaf17ffc09ced40407,2026-07-23T15:28:44.378634+00:00
2026-01-02,ADA-USDT,True,,ADA-USDT-L2orderbook-400lv-2026-01-02.tar.gz,63554622,d011aeabcf7ddb396c67bfdc2c7cc4b8e0eef48179575cb0e38fb358b6b3f95b,2065560,96,2065464,0,0,4,93,1440,96,472bae80fd94d466979b3dee7e03e3b6e465d26596123f76735890fe69c01c88,2026-07-23T15:29:35.881797+00:00
2026-01-02,AVAX-USDT,True,,AVAX-USDT-L2orderbook-400lv-2026-01-02.tar.gz,96704777,d7586fc55a9630838cc2b13e976cd1a5440b724a346fcfc613e4c849b415de84,2981718,96,2981622,0,0,7,161,1440,96,f604801ae54fae0bd0f4ace8f89419772fb8582343ac2d7ab0c5c2aca6245df6,2026-07-23T15:29:48.831450+00:00
2026-01-02,BTC-USDT,True,,BTC-USDT-L2orderbook-400lv-2026-01-02.tar.gz,233306545,16061f7005287597c6af3093ceeb6cdf9922174f89a1bf168d6353be3f92c8f1,5420569,96,5420473,0,0,7,11,1440,96,03857e5c1221c64ee921ab00128d4c6c01fe771ad22f032e7549450bf16a6690,2026-07-23T15:31:27.412595+00:00
2026-01-02,DOGE-USDT,True,,DOGE-USDT-L2orderbook-400lv-2026-01-02.tar.gz,181718409,089a7b954234e4ef5366bb3e4d507031fa35270b904c760251b727920fe30cdf,3304909,96,3304813,0,0,9,48,1440,96,797b56b4ba950a347fee20e0c1a64501ac349e2e03beac63bbed58f3cdead593,2026-07-23T15:30:33.095824+00:00
2026-01-02,ETH-USDT,True,,ETH-USDT-L2orderbook-400lv-2026-01-02.tar.gz,182513721,998c3f4b91291382920b198586000fb38099c8e2274f329a66b073d3bf4bf2f8,4083043,96,4082947,0,0,4,53,1440,96,56d4c10babfaa1a11a77558fb0dd8fbf9840a9c33dbd9e8fdcd03c7584b3bf6b,2026-07-23T15:30:56.351734+00:00
2026-01-02,SOL-USDT,True,,SOL-USDT-L2orderbook-400lv-2026-01-02.tar.gz,105990628,75e4fda9a72ed9db1c6ae56a082d95fa9cb6a055620da8554b0d23dea86178f7,3224034,96,3223938,0,0,4,154,1440,96,a84840a39c5bc124958c3c410aff7b3e3aa391b74919b45afa2dd92c74da4683,2026-07-23T15:30:01.998151+00:00
2026-01-02,XRP-USDT,True,,XRP-USDT-L2orderbook-400lv-2026-01-02.tar.gz,112441928,aff2991c1f2bf2b0cc078643d831ebb717f5de64106e3d051ababa1cbeaeceae,3254828,96,3254732,0,0,9,118,1440,96,cc73d27aa471864b4dca458115bcf4035a33833dc48eb63f3948ea27da5a47d7,2026-07-23T15:30:15.507702+00:00
2026-01-03,ADA-USDT,True,,ADA-USDT-L2orderbook-400lv-2026-01-03.tar.gz,37695142,2848467a03a3850d23aa6ef4b1e4e8f84b7d1cb85fee66a14404eddf979eea96,1529024,96,1528928,0,0,7,74,1440,96,b4309e577b205921698c616907509f7824e47b2928d3f50e2f1da961bf6b670d,2026-07-23T15:31:34.400924+00:00
2026-01-03,AVAX-USDT,True,,AVAX-USDT-L2orderbook-400lv-2026-01-03.tar.gz,76628511,163a291ffc075c54491683d4c6bc604403504044cbda1b75358273ccb8df3ad2,2583218,96,2583122,0,0,9,5,1440,96,5a32a7ab65c9a1894c511b30de13791f8e57e02192bb7002941f5fb9dee4616d,2026-07-23T15:31:53.176718+00:00
2026-01-03,BTC-USDT,True,,BTC-USDT-L2orderbook-400lv-2026-01-03.tar.gz,118075434,3c5be6b37df9866a2df64b0a021d85f7219d4eaf0c7b00027b7b6cf7c02d2d71,4170864,96,4170768,0,0,9,75,1440,96,6dc13d4bbcd3276a8d61f6f0666d0596ab32ac8cd36bdd58a1fd245a44e16fbd,2026-07-23T15:32:50.700088+00:00
2026-01-03,DOGE-USDT,True,,DOGE-USDT-L2orderbook-400lv-2026-01-03.tar.gz,98194437,84275acb6a6f43b08a89df97e64075df75b155f9d459d6eaa38053fbdfd6eb0a,2429329,96,2429233,0,0,2,23,1440,96,7128e162c4a72ffa8dcf3c59ec21e2b576e6c4d3dc7d7763d1a48a9ca0497d21,2026-07-23T15:32:31.664787+00:00
2026-01-03,ETH-USDT,True,,ETH-USDT-L2orderbook-400lv-2026-01-03.tar.gz,83792961,31d00af9a69f5628c2bb2b5a0a6857395ecff1206fa7b788cc684945ede780fd,3195625,96,3195529,0,0,7,214,1440,96,f84e9cb6738106516d89c6f414b29c5509a9089d8be5c3234a42f8ac44545bcd,2026-07-23T15:32:20.920144+00:00
2026-01-03,SOL-USDT,True,,SOL-USDT-L2orderbook-400lv-2026-01-03.tar.gz,56193730,8851d82543e8a01b36353437b7fb64d690156b163e3c0984fdae52a957074248,2337411,96,2337315,0,0,6,74,1440,96,f3d0b499ab92d9001c8429ddd91f26dbb046bde0e935717ad5c36b698fc4c15a,2026-07-23T15:31:42.999177+00:00
2026-01-03,XRP-USDT,True,,XRP-USDT-L2orderbook-400lv-2026-01-03.tar.gz,81668657,26ec14817a870c3c47f3fc304e5c67172e518f300ebbc8cfd2c401067378f9b2,3087874,96,3087778,0,0,2,23,1440,96,3293f60549e13788cfe5bd6f0251e6153162bb0b73bcb9a5ce52569f1133171a,2026-07-23T15:32:07.282261+00:00
2026-01-04,ADA-USDT,True,,ADA-USDT-L2orderbook-400lv-2026-01-04.tar.gz,53638643,ea53a9627bcb9656c933d5cd01faba47519c61a58f46b0e4436e1fac5effcdd9,1875318,96,1875222,0,0,6,74,1440,96,eec22e48bb95b07849ef35f575d58e851256516a985704430b4ffd96d3aa5ff1,2026-07-23T15:32:59.609920+00:00
2026-01-04,AVAX-USDT,True,,AVAX-USDT-L2orderbook-400lv-2026-01-04.tar.gz,80760830,8ec32ab02899894ab2da8f411a3fb58336c83afbfbc25e01d90de8c51692c439,2745198,96,2745102,0,0,5,197,1440,96,b3e4037b293fe423f0318118945fe8423f3a94fc5b55442a21c2d5c370e684b3,2026-07-23T15:33:21.749115+00:00
2026-01-04,BTC-USDT,True,,BTC-USDT-L2orderbook-400lv-2026-01-04.tar.gz,151129322,3632cea303183f66970841abe558ade481cf30f0154406302566e69e6553cdda,4668034,96,4667938,0,0,5,27,1440,96,fcf49e9c3d741d7842b23c7b07088103804bf6f8d8e3e8fe5d33bb6a9c07254d,2026-07-23T15:34:14.413738+00:00
2026-01-04,DOGE-USDT,True,,DOGE-USDT-L2orderbook-400lv-2026-01-04.tar.gz,168413063,d895e685b71a046af556c2ef47674a0320966f9957d5f8596e4c4ac7e8a5377c,3422445,96,3422349,0,0,7,18,1440,96,337797ae3a33922e3c431187107d0963b2d9aff6414da07dbdbdf34df55c967e,2026-07-23T15:34:31.344567+00:00
2026-01-04,ETH-USDT,True,,ETH-USDT-L2orderbook-400lv-2026-01-04.tar.gz,107486938,8ac4f740ef292986d1fc450b033453df44d1c7b5e178f7f99b1598800a98cf42,3172109,96,3172013,0,0,6,4,1440,96,3fabe02a3f0527d3a0e9587b190d76851525e4a06ec9bc39c3ef41a3ee849a72,2026-07-23T15:33:36.898205+00:00
2026-01-04,SOL-USDT,True,,SOL-USDT-L2orderbook-400lv-2026-01-04.tar.gz,75291064,b1107de44e2aad155d9d13f4bef74ce3e94a3d49f2e0e1a2cb7dfd91f10098bb,2645951,96,2645855,0,0,6,34,1440,96,6a38b95a973ef44007daacf9c216cfc4b929349f6859259718746503011aa157,2026-07-23T15:33:10.183785+00:00
2026-01-04,XRP-USDT,True,,XRP-USDT-L2orderbook-400lv-2026-01-04.tar.gz,110988162,308d5216eddbdb14d6d70a4c1b1818d6181802d51f8af86d68e9e3c211b7965e,3581000,96,3580904,0,0,7,28,1440,96,774ad83e832c26cf6ec6cb85e3b70c3ad8562ab2c9799518b6750a6b4bee5443,2026-07-23T15:33:51.198044+00:00
2026-01-05,ADA-USDT,True,,ADA-USDT-L2orderbook-400lv-2026-01-05.tar.gz,84263164,410ebfb386261d685ab285eda92b4d5cc2cc89c5359ac6ff6564928ae4d4a4f1,2554024,96,2553928,0,0,6,80,1440,96,c41ce4063a4d4bbc00264e8bddb9b93752d304c68df057f589eba2df9ccb6c36,2026-07-23T15:34:42.998870+00:00
2026-01-05,AVAX-USDT,True,,AVAX-USDT-L2orderbook-400lv-2026-01-05.tar.gz,112514435,4e61a5803b3dda521c75dc464843e62816dc1ac7e810deecb66ac747bcdd7bfb,3398445,96,3398349,0,0,3,232,1440,96,b2122fbab8fb029196c241a73c37910a5e80e22be845e52c1268b539b7cfa91e,2026-07-23T15:34:56.959785+00:00
2026-01-05,BTC-USDT,True,,BTC-USDT-L2orderbook-400lv-2026-01-05.tar.gz,261035332,5018c26ebd4ed2f16e46d3a60e31e0565b9f20d5e09ce59ccdefac5168aad281,5809125,96,5809029,0,0,3,132,1440,96,032bb619e11e57a9beaf3c6f17233d4c26e58b0cc3096ba1d13a67b3facd5ab4,2026-07-23T15:36:49.420392+00:00
2026-01-05,DOGE-USDT,True,,DOGE-USDT-L2orderbook-400lv-2026-01-05.tar.gz,182226327,b3f1b8a8e782663a4f492d75edd334c45838517142cd185499545afe533fa4e8,3590756,96,3590660,0,0,2,12,1440,96,222c6d3a4b3ddec63eb9b2b5e5f423bf90fc9e76580fc80b4b3ae5eec5e8374f,2026-07-23T15:35:29.817387+00:00
2026-01-05,ETH-USDT,True,,ETH-USDT-L2orderbook-400lv-2026-01-05.tar.gz,194405660,5fb4b3051f6a1c84f61637f53cd8407f61a2a966be614cf048952ee551d45099,4562210,96,4562114,0,0,6,50,1440,96,2e84544b22b84ec219be3b45d3d9616f76213cb65517f159c59732d4a80b7085,2026-07-23T15:36:15.622264+00:00
2026-01-05,SOL-USDT,True,,SOL-USDT-L2orderbook-400lv-2026-01-05.tar.gz,125613656,4b35eab2324b797f43efc5f704b7fe2ada385a3aacaa39151598458dffa8d9cd,3518501,96,3518405,0,0,6,22,1440,96,a59862d7472b78195b514442dadb8bd0334d66d82994035eabe16d36ad21caba,2026-07-23T15:35:12.174317+00:00
2026-01-05,XRP-USDT,True,,XRP-USDT-L2orderbook-400lv-2026-01-05.tar.gz,193804519,24d546ac2c9a08161f024825092cd0ce747eb5e42bd45ff79c559aac0428d85e,4409668,96,4409572,0,0,2,102,1440,96,32fbe3617fd1d0565040e52056112d7f0034a8cd1966c554e188fe2446b79736,2026-07-23T15:35:50.499135+00:00
2026-01-06,ADA-USDT,True,,ADA-USDT-L2orderbook-400lv-2026-01-06.tar.gz,87354648,2634fbab4ffc2fd806f2ecac7ad48a42b8bc48be649c79dc020e01880195250d,2616606,96,2616510,0,0,0,357,1440,96,65e3354adbe1006d570a1b4a8efd89cf655d8e2294e266415fdbd8a2ecbab8aa,2026-07-23T15:37:13.393099+00:00
2026-01-06,AVAX-USDT,True,,AVAX-USDT-L2orderbook-400lv-2026-01-06.tar.gz,86307515,09fb9a8b518532792f7fef01207a61f33e2e261fe26090112aa3c347bde70396,2988967,96,2988871,0,0,8,43,1440,96,962100f4c99e04494f0769b957270df24b2b208e1c9fb2814ee710ce468e2f0e,2026-07-23T15:37:02.434585+00:00
2026-01-06,BTC-USDT,True,,BTC-USDT-L2orderbook-400lv-2026-01-06.tar.gz,235097143,3b0f1a793e729b5d1e4f328f8ecd95a1c176a01e67183348effb4019ec836778,5236075,96,5235979,0,0,8,43,1440,96,c6d8c98842335a4e111fe5a05595e2b046f9cbaee3bb83f8207b959fd28d99c5,2026-07-23T15:39:02.028101+00:00
2026-01-06,DOGE-USDT,True,,DOGE-USDT-L2orderbook-400lv-2026-01-06.tar.gz,181241836,eaf803304021846d7de4734545e5e6d7fab464cc40708df1ba9c6ddca0484ac2,3536231,96,3536135,0,0,8,65,1440,96,4a6953f7a1dc96655afd4f6cb9c9be83bdb0eefedc22945c5fa7f668ee75039f,2026-07-23T15:38:09.817375+00:00
2026-01-06,ETH-USDT,True,,ETH-USDT-L2orderbook-400lv-2026-01-06.tar.gz,176784395,f0ee58388e3f9c95c180b925c1659eef6ea9cf92b5623c1c9ba5a483d883fd87,4428134,96,4428038,0,0,0,7,1440,96,cabbe4baf355f1076d14296ab7626499c80d6110a83dea7da599e0e9232ffc8e,2026-07-23T15:37:52.178614+00:00
2026-01-06,SOL-USDT,True,,SOL-USDT-L2orderbook-400lv-2026-01-06.tar.gz,131615452,45073a0adf3a2ebe3d492dae72b895c25e0363b7a12b3266a631e524a6db4a83,3569980,96,3569884,0,0,8,54,1440,96,7053af11678679c200a8d51e64815b376c0e8c5e230766092a45eeb88c4b0ab7,2026-07-23T15:37:28.843950+00:00
2026-01-06,XRP-USDT,True,,XRP-USDT-L2orderbook-400lv-2026-01-06.tar.gz,211788839,008169263ea3650db9e05113b05ccac4e6bf54026eccc371e60659867cf46635,4784495,96,4784399,0,0,8,145,1440,96,8e1e81c512c2fa242eec11c5e2af732d213567395da11ab38ae894c805be11b3,2026-07-23T15:38:32.356598+00:00
2026-01-07,ADA-USDT,True,,ADA-USDT-L2orderbook-400lv-2026-01-07.tar.gz,69086432,6aa53f160ee6d66c8937750ac0bba8c74b289f1dbfa6f07d0ec945d035fd3933,2328370,96,2328274,0,0,3,74,1440,96,8cffe377ab7aa16c385d92cc57ba7bb49efb7c9fb8cea2c7b53b0ba5b7ac75e5,2026-07-23T15:39:20.802085+00:00
2026-01-07,AVAX-USDT,True,,AVAX-USDT-L2orderbook-400lv-2026-01-07.tar.gz,54003488,5db1be101c002b3271a1d471cd8824f8650efdc28abb24eb641520f56596d6c5,2323780,96,2323684,0,0,7,5,1440,96,bcc7893f0335e31acec106a5de81de050cbe5f4e1c6c6041e68a6109bbc191af,2026-07-23T15:39:11.619176+00:00
2026-01-07,BTC-USDT,True,,BTC-USDT-L2orderbook-400lv-2026-01-07.tar.gz,238421830,fe2f989634847e645bcc94abfd2f606103333a39125bac7e25fbddd9d5db048e,5236358,96,5236262,0,0,7,5,1440,96,e66087b68f0ce835ece048733d48ec5fdaea8af2b3589ffc480d212fc6cc30cb,2026-07-23T15:41:03.973103+00:00
2026-01-07,DOGE-USDT,True,,DOGE-USDT-L2orderbook-400lv-2026-01-07.tar.gz,143806615,0fdf8c584c1d22c0d39316d2d91076d73fc4e74353f5bd34d057a0fa7be10d67,3083938,96,3083842,0,0,5,1,1440,96,c1765e453b43d2103be7d964ca9f0ac06f1eaf7aed02a5b056f75e02a3418fc3,2026-07-23T15:39:49.302852+00:00
2026-01-07,ETH-USDT,True,,ETH-USDT-L2orderbook-400lv-2026-01-07.tar.gz,166628820,ee58febf374578120924a5e35fb58b3b6180817b7781d4e11ccefce125d644d3,4485363,96,4485267,0,0,3,4,1440,96,60e0308da3530d5fbf928f3b3190148c5a3484e8b01b8f23820a904db08da582,2026-07-23T15:40:11.824056+00:00
2026-01-07,SOL-USDT,True,,SOL-USDT-L2orderbook-400lv-2026-01-07.tar.gz,108825649,bd3a45dacf4fe715a4096f1c24a477d896528842b63744b2bd2b050df697fc49,3261341,96,3261245,0,0,6,67,1440,96,9e44c5d5c103e24c8d9b7e5b0dbba7537a1ff5a074b9c56da7659d38e156b0ea,2026-07-23T15:39:34.470841+00:00
2026-01-07,XRP-USDT,True,,XRP-USDT-L2orderbook-400lv-2026-01-07.tar.gz,169991063,52e9e09a265df5dc5dc83a7c3533804c6c371dfc8efec814e5765e18aa2ea31e,4994037,96,4993941,0,0,5,71,1440,96,33c2fe909e37980deefb8181afa9de47b2ad437fab405fe5efbb2876c668b519,2026-07-23T15:40:32.874540+00:00
2026-01-08,ADA-USDT,True,,ADA-USDT-L2orderbook-400lv-2026-01-08.tar.gz,65354279,5f09a780bfb2beca8f847aff885916e713c97398039075f25980b016ce4d4f75,2195328,96,2195232,0,0,6,136,1440,96,0e01da4395cf6dfeb4b0eec62baedc73719628360eb1bdf959363f2e780de044,2026-07-23T15:41:13.919590+00:00
2026-01-08,AVAX-USDT,True,,AVAX-USDT-L2orderbook-400lv-2026-01-08.tar.gz,75355125,f97151ead50a944aba853f3d94f52beeb3c1b183553e9630fc06946f8f9e50aa,2624386,96,2624290,0,0,5,32,1440,96,87686c1bcb3b4697c6e1470d6ef80bc5e0a70dd8e0bce27df48b7a3942ae557b,2026-07-23T15:41:24.066172+00:00
2026-01-08,BTC-USDT,True,,BTC-USDT-L2orderbook-400lv-2026-01-08.tar.gz,240146521,f24e00d158ec1f0ab1e10e9f2e1abf438dd03362b31c0c496f5c5cb90c89f259,5421065,96,5420969,0,0,5,2,1440,96,a85ce3870764931dbc8cf3707f2d1ab91c159e6369d7987114adc6e6d1f3a8eb,2026-07-23T15:43:18.608342+00:00
2026-01-08,DOGE-USDT,True,,DOGE-USDT-L2orderbook-400lv-2026-01-08.tar.gz,144388739,87bbfe0fefa54c8c66facd527857a62129f26c0ad9e23b79be518bef26fafe1c,3044839,96,3044743,0,0,9,135,1440,96,3c26a18946f3d6697867d96b0d4ae95da61c3cb2ecc3cc0e185718938df9ec96,2026-07-23T15:41:53.076854+00:00
2026-01-08,ETH-USDT,True,,ETH-USDT-L2orderbook-400lv-2026-01-08.tar.gz,183157551,1a4ab8e263438b262c77c691f88daccbfb2fdfe2fd8bc79a83e491b97dd4388e,4700786,96,4700690,0,0,6,46,1440,96,f8e3d6fc69125cca3f641243835d3380f933c03c4f63f916db43d295b8a494d7,2026-07-23T15:42:42.699500+00:00
2026-01-08,SOL-USDT,True,,SOL-USDT-L2orderbook-400lv-2026-01-08.tar.gz,117615565,3f669ce4bf10a9aed53d69b900d889133784a2b192e1a24240365edb43b2787b,3401631,96,3401535,0,0,3,10,1440,96,ebb4234976361f3076f41c109c0103a734b638e7e552b60e229d749a0fb16ea7,2026-07-23T15:41:38.210146+00:00
2026-01-08,XRP-USDT,True,,XRP-USDT-L2orderbook-400lv-2026-01-08.tar.gz,174598233,c106e774191d3a65b7baf4f4ebb16ee3f955d7a8dfd237773c87b16fd2b6dfe3,4954368,96,4954272,0,0,9,25,1440,96,a9bed4891aee381172f27fdaab5f655b22ca839720213362fae8dc76783ad695,2026-07-23T15:42:14.494448+00:00
2026-01-09,ADA-USDT,True,,ADA-USDT-L2orderbook-400lv-2026-01-09.tar.gz,55899802,a0fc7d209d54cbfdc354e1b0cdd5c0e6e6deb9dae3dfeaa7ee50b331e0867bbd,1943271,96,1943175,0,0,4,37,1440,96,e2b917745024492f1222d5e1a9d2138776e0f12e5271738796063f91aae6e6d6,2026-07-23T15:43:28.686954+00:00
2026-01-09,AVAX-USDT,True,,AVAX-USDT-L2orderbook-400lv-2026-01-09.tar.gz,71219171,a7d745a8f774b84af0c351a698e2bb7351fac6514910e2a75f5ab6b3f03f8bb2,2410922,96,2410826,0,0,8,220,1440,96,2b244b5480927d39f2a32c1e9d1f9aa1df99e308d48a0321bcf753b6151a5f78,2026-07-23T15:43:39.485079+00:00
2026-01-09,BTC-USDT,True,,BTC-USDT-L2orderbook-400lv-2026-01-09.tar.gz,179941016,532e650dd5e7bffda4c6fb29744910bbbae8394cceedc4ddb5c31a17126db19b,4827029,96,4826933,0,0,8,10,1440,96,c25ffdc6e1a437b0c0e8a394ad83d7f8bc08fbdc0d3942e3caa4c80880808d32,2026-07-23T15:45:12.383823+00:00
2026-01-09,DOGE-USDT,True,,DOGE-USDT-L2orderbook-400lv-2026-01-09.tar.gz,125610839,fb7660e15c18edf6e4c0c8cf8d087dc1b0fd09f58ba53d846daa4d09a5240a64,2807720,96,2807624,0,0,5,14,1440,96,52b16c3a4a3e3117a3a658abeb3597cf1519bcd113656fe834c281896cd1643b,2026-07-23T15:44:06.886119+00:00
2026-01-09,ETH-USDT,True,,ETH-USDT-L2orderbook-400lv-2026-01-09.tar.gz,153042395,72bd1b41ce37f67fa530fdd9cc4f88ab7486db2351328e30347b899623c6eb64,4088074,96,4087978,0,0,4,57,1440,96,a37b015adb30a1f37840774562a2937b1f5f46f85c2880e9e480b753bb73b945,2026-07-23T15:44:47.352612+00:00
2026-01-09,SOL-USDT,True,,SOL-USDT-L2orderbook-400lv-2026-01-09.tar.gz,108071944,234edbab49f2bca9d664187e0d25f6b7a4139fcba189dbfe2540d17f9ade28d7,3155441,96,3155345,0,0,0,19,1440,96,dd0cb5e91f9566c77fef5119bba36c8ce9a6280307b4c1e1f56fe49b6f06e285,2026-07-23T15:43:53.061044+00:00
2026-01-09,XRP-USDT,True,,XRP-USDT-L2orderbook-400lv-2026-01-09.tar.gz,135110807,315fb365cf3d64ab5ab4b175085428779a56e18fb64b82a4ca2354aeae5e2a85,3553733,96,3553637,0,0,5,24,1440,96,012054eddd14fdf1416314556ae579fd247009c7343f5c2fbce9e412595dfa1e,2026-07-23T15:44:22.688268+00:00
2026-01-10,ADA-USDT,True,,ADA-USDT-L2orderbook-400lv-2026-01-10.tar.gz,24576090,8b2f812c44925c3aefcec3c324493b548484de18f53b7ec5d17919015745a68c,1213251,96,1213155,0,0,3,12,1440,96,79961bd7417d030e49ae3ff1b829dfb4b3551b82706318525aac798726d86119,2026-07-23T15:45:17.960323+00:00
2026-01-10,AVAX-USDT,True,,AVAX-USDT-L2orderbook-400lv-2026-01-10.tar.gz,27434492,85569e12463fbda29ced4f2b558564c07e54bcb12d402566413fc66a89cbbb2d,1319956,96,1319860,0,0,0,1,1440,96,cefb0d1e632360dddedfeb793c49156160631c9b5a46f75cd5676221df049e01,2026-07-23T15:45:22.844278+00:00
2026-01-10,BTC-USDT,True,,BTC-USDT-L2orderbook-400lv-2026-01-10.tar.gz,70611739,87e9a2ce03c915596bf8f160b72383205321f9ecec6a494f4b7f863190122bc1,3416627,96,3416531,0,0,0,1,1440,96,09c946a80e7dfc2cba670bb3b7c6e333823a08fb9196b6ab45dc06a2c1a2f954,2026-07-23T15:46:06.494915+00:00
2026-01-10,DOGE-USDT,True,,DOGE-USDT-L2orderbook-400lv-2026-01-10.tar.gz,41009989,25a0bacdc3bbd194afd6169c4c4fa004ad132f4ebfd81304698afa403554dde0,1535147,96,1535051,0,0,6,29,1440,96,6c81072c939cdb75ac9a4b721221ced060cd74c07c28e73367e284b066fa73b6,2026-07-23T15:45:35.255280+00:00
2026-01-10,ETH-USDT,True,,ETH-USDT-L2orderbook-400lv-2026-01-10.tar.gz,41065278,7ddacfaff76275c42db4fd7a05c71b8e3a3be7ad1a16f9e82c9daa98286ae6a5,1807857,96,1807761,0,0,3,152,1440,96,e5d35a8c8af686d77268dcec0b4d8d9b8dbf7f8a4a15dcd3d604701d6e5e578c,2026-07-23T15:45:42.505215+00:00
2026-01-10,SOL-USDT,True,,SOL-USDT-L2orderbook-400lv-2026-01-10.tar.gz,37496056,a849a6732ac8a74553041e75df53c95958a4fb6f9e76314247fbcb82e32bfd5f,1795508,96,1795412,0,0,1,33,1440,96,16ac4e270d1adb0b6ff10e75f5ea7c8b51d55549feea984fe9ac26a9fcb9ae19,2026-07-23T15:45:29.158693+00:00
2026-01-10,XRP-USDT,True,,XRP-USDT-L2orderbook-400lv-2026-01-10.tar.gz,50025086,20b37f46a96408134c49ec80d9162650020afe3111122d781d170f30b4ba6346,2147583,96,2147487,0,0,6,19,1440,96,0612d2cfe12a7a8763bcdd37730c2b5f9020d3c3616b110d875b54fd047eefd3,2026-07-23T15:45:51.309814+00:00
2026-01-11,ADA-USDT,True,,ADA-USDT-L2orderbook-400lv-2026-01-11.tar.gz,31277315,d6aef587860f095879b8cb427a969da69a6e08579c3ab5b449b0e957f0994567,1326941,96,1326845,0,0,8,17,1440,96,1c2ced544e044cebea05fd4d9be5467f22a94c572eda1ee2e25f7ec96c1037b3,2026-07-23T15:46:13.275743+00:00
2026-01-11,AVAX-USDT,True,,AVAX-USDT-L2orderbook-400lv-2026-01-11.tar.gz,33893832,e3dbd347de5a817496deeafcec578b4bcf250e44beb4ee377d8b9011d9fca6f7,1505628,96,1505532,0,0,9,1,1440,96,3ea2d1b71f301c5d1986c6788ddef509d99084dff71317437b60edc01290f7a8,2026-07-23T15:46:19.524743+00:00
2026-01-11,BTC-USDT,True,,BTC-USDT-L2orderbook-400lv-2026-01-11.tar.gz,86415925,ba175abdd18bab9b5f6f1e029e171f5eb236355ed0c0dbd327ab1fab8780f854,3602063,96,3601967,0,0,9,1,1440,96,be059db2b8f6e6430dd27c4ee68f602743760b131eb4070f6f0fea05b600b745,2026-07-23T15:47:15.867638+00:00
2026-01-11,DOGE-USDT,True,,DOGE-USDT-L2orderbook-400lv-2026-01-11.tar.gz,62511159,3139cd973837a82717c4a41003fedfacca83baf490eab0563eccb611fc0cd40a,1907492,96,1907396,0,0,1,9,1440,96,cb389c71334e21d1c602d28cdc1de89392863eb68d73d881b62de34a39563797,2026-07-23T15:46:48.510274+00:00
2026-01-11,ETH-USDT,True,,ETH-USDT-L2orderbook-400lv-2026-01-11.tar.gz,59667037,46d7a74e2ebe13b454156467e045462671ecfa614234fbc1d3fcb4b674ff0305,2121877,96,2121781,0,0,8,7,1440,96,0b44814a0fa55f7cffa5fb0c31bcd1c544c378b155a69e3a859ba5cf69c2e3d9,2026-07-23T15:46:40.208138+00:00
2026-01-11,SOL-USDT,True,,SOL-USDT-L2orderbook-400lv-2026-01-11.tar.gz,64459305,c3dacbd887d06fefbff0741be08c861cdadfcba357a65843096b0e4802ad1d04,2688193,96,2688097,0,0,7,56,1440,96,a77d2dd952814050f1eddf584de0417b42d7e71cb0a2fff470c9bcf5ddf56a36,2026-07-23T15:46:58.756224+00:00
2026-01-11,XRP-USDT,True,,XRP-USDT-L2orderbook-400lv-2026-01-11.tar.gz,59604019,a2659a1384100c38bc122f55e0bdd49bda7ac3ea865af1d53cff1a6d88c60b88,2299729,96,2299633,0,0,1,49,1440,96,94e325c8e7874b7d5630f29d8dc66f7d83cc587464dd501f8fade4dde93e687f,2026-07-23T15:46:29.177388+00:00
2026-01-12,ADA-USDT,True,,ADA-USDT-L2orderbook-400lv-2026-01-12.tar.gz,63820318,3e9fe35db9bf87662deb30b75f423e1d625afaa7f32d578b12488c695ac06e0e,2200627,96,2200531,0,0,3,79,1440,96,0dbb6a1f853c0d9eaa585dd648c628abf2e53823d4aa9e87318af6981bb5c813,2026-07-23T15:47:27.270945+00:00
2026-01-12,AVAX-USDT,True,,AVAX-USDT-L2orderbook-400lv-2026-01-12.tar.gz,66621224,10037d431c2e37b018e382475dacd2a8caa2076ca26fb6d7a159f031eb96a361,2409461,96,2409365,0,0,9,174,1440,96,ff809be646f001d0f5a7418e24104de3b2e7073fdb084b467f357f9c605bb6d6,2026-07-23T15:47:38.092576+00:00
2026-01-12,BTC-USDT,True,,BTC-USDT-L2orderbook-400lv-2026-01-12.tar.gz,201476705,46763e005ade490ab49543d143f71526cb0ff8f9f00c4c3c94a70e1da2bb1a2e,5234558,96,5234462,0,0,9,34,1440,96,d22f1c6e6bcd74e9e588c32236193b549f8d871161ff948e82d602cba3c5d390,2026-07-23T15:49:21.857763+00:00
2026-01-12,DOGE-USDT,True,,DOGE-USDT-L2orderbook-400lv-2026-01-12.tar.gz,127047146,453e4d219cbd5ae809b0e317f9adaabd622e377208f805fbcdc5768b7c881751,3052642,96,3052546,0,0,1,59,1440,96,4919dbc78d721a384c6ab191466a8cb946f16946759e1aa54cd1cd01ff6847b7,2026-07-23T15:48:07.514264+00:00
2026-01-12,ETH-USDT,True,,ETH-USDT-L2orderbook-400lv-2026-01-12.tar.gz,154510294,b4d56b60bdd536d17e80fa5f8a3be9767c0dc8dd9dbe7150dc24b050854187e7,4133302,96,4133206,0,0,3,109,1440,96,c6b12b4ea0545c390e376bf7555660cbba95ecdb9de11e2309d7f14e91246567,2026-07-23T15:48:49.686234+00:00
2026-01-12,SOL-USDT,True,,SOL-USDT-L2orderbook-400lv-2026-01-12.tar.gz,123402544,5501a11cafa2672c47fba91826329aca0349b52f74258afdea4cbb577cb0ed60,3637816,96,3637720,0,0,4,53,1440,96,64d199c5cfd732652c43c85a4cee619fe6df90a8006960b5572ab5cecb349171,2026-07-23T15:47:53.414387+00:00
2026-01-12,XRP-USDT,True,,XRP-USDT-L2orderbook-400lv-2026-01-12.tar.gz,128834994,4779fd990854c76b2cb970cdc76f458c43a48957a464941aa1545a7488c20880,3632848,96,3632752,0,0,1,59,1440,96,d2c259960a8905af374c34d633360e65e2d66e4554248833f25e229c16435186,2026-07-23T15:48:25.519916+00:00
2026-01-13,ADA-USDT,True,,ADA-USDT-L2orderbook-400lv-2026-01-13.tar.gz,61193393,00e087272a5f4ffa53fbb7c1ef07f32bdbcaa261e174bed227bbfadfb6683504,2123314,96,2123218,0,0,1,55,1440,96,3771580449e0d2ffee75687371406ba9acd5cb79f81872ba3b4ac01146ab2f24,2026-07-23T15:49:32.720058+00:00
2026-01-13,AVAX-USDT,True,,AVAX-USDT-L2orderbook-400lv-2026-01-13.tar.gz,70761829,52b7ba12f5abedb1bc7dc6c0aff3df6ff2a030b44a4e7bee7375b3ad187bd1a3,2580113,96,2580017,0,0,6,27,1440,96,fc604459bf7d670f3fc64ad0bb88d5ba0d5615899f6b52865dfa77568fd4e27d,2026-07-23T15:49:44.155034+00:00
2026-01-13,BTC-USDT,True,,BTC-USDT-L2orderbook-400lv-2026-01-13.tar.gz,198559403,48b5fa177cc3c4f4b4ecd6711805f2147d5151c4abd541005dd4198e6b1234b6,5142551,96,5142455,0,0,6,7,1440,96,c48bcf2927dca5d62a2dd255deee841e5f14ef444d9bfde218a905f20db937be,2026-07-23T15:51:31.645163+00:00
2026-01-13,DOGE-USDT,True,,DOGE-USDT-L2orderbook-400lv-2026-01-13.tar.gz,128629906,c6c59716ebdf1dd73cd461b854ea4dbfd5c70e1d41db24346b1c31baba714515,3027405,96,3027309,0,0,1,9,1440,96,a4d5aeae809906ec587327f0d889f4d4196eca00581ef66b50ab1049ba64e415,2026-07-23T15:50:13.623756+00:00
2026-01-13,ETH-USDT,True,,ETH-USDT-L2orderbook-400lv-2026-01-13.tar.gz,166833415,6f697ac7f8ce7e91b757645b8d751f537ff73ea3f3bf9f716e97b0462ba9ad17,4417621,96,4417525,0,0,1,5,1440,96,5716d60ad52353590d948a8b7b4024166ea9b2d3b8e30595bc29e7c6d33ef21c,2026-07-23T15:50:59.213245+00:00
2026-01-13,SOL-USDT,True,,SOL-USDT-L2orderbook-400lv-2026-01-13.tar.gz,125255663,a3e1b46036026bf8ea645ab09f1c40bf217203efc26f003b6517488152dbab56,3578721,96,3578625,0,0,7,75,1440,96,1d76688c9cfef1c71138774f0f103c77e597c3df84a5860421d665b81b8419f8,2026-07-23T15:49:59.881661+00:00
2026-01-13,XRP-USDT,True,,XRP-USDT-L2orderbook-400lv-2026-01-13.tar.gz,132101103,e08853de828b533dfa8ce1e95dd94b64ecbfbb6a829339e4298c6be244ab32b0,3708131,96,3708035,0,0,1,19,1440,96,5647993f8102c7922b17bf5c57dc1a7bbfddd1732e8bb614392f2618b185ae11,2026-07-23T15:50:31.768743+00:00
2026-01-14,ADA-USDT,True,,ADA-USDT-L2orderbook-400lv-2026-01-14.tar.gz,67611540,2e76fba2d8d2363be5e8ad528ee4596fe77fdcee58af7987c2b882a5f303814f,2319012,96,2318916,0,0,5,373,1440,96,3473afbef68cf241d08b61d0f648cb4ae8a021fcaeb6f484e13a50f3976a464f,2026-07-23T15:51:52.659033+00:00
2026-01-14,AVAX-USDT,True,,AVAX-USDT-L2orderbook-400lv-2026-01-14.tar.gz,60616415,7dd6e67a3de3d1428a15e854d3a2e23c39d011fcb178ad3d7d70ae914213f7e8,2557737,96,2557641,0,0,3,83,1440,96,abbf096e921f9480bc02263b10304bc89c3be0ae4286cf2d14d00ee2098768ea,2026-07-23T15:51:43.800792+00:00
2026-01-14,BTC-USDT,True,,BTC-USDT-L2orderbook-400lv-2026-01-14.tar.gz,225096019,9ad4ec02a58859df1a3f7d80c30d4f08e038de78e1852e15679acd357c339a79,5972975,96,5972879,0,0,3,13,1440,96,013ee346af044ebfd0885f19038c2a260bf54d3f5f3997463534b398a2d703f7,2026-07-23T15:53:42.033067+00:00
2026-01-14,DOGE-USDT,True,,DOGE-USDT-L2orderbook-400lv-2026-01-14.tar.gz,135269283,d891acfea4e786c1e1fb1713ddfdbf125543878efe71e9c56c4509e7b9b566d1,3223137,96,3223041,0,0,1,46,1440,96,55bb5e46be3257eee103ef875afb35f824823bd37a0f22ca48eef61d5d6f6b83,2026-07-23T15:52:21.811576+00:00
2026-01-14,ETH-USDT,True,,ETH-USDT-L2orderbook-400lv-2026-01-14.tar.gz,199813735,1a3946e4aebc2577853285b4ac47484635c22dba37fee4136a8e1882d411cc96,4798146,96,4798050,0,0,5,3,1440,96,94b4c4f173d43ef84bbbb749a6e2ad9b5ea16ada710cf9fce5064630ea57d61f,2026-07-23T15:53:07.114719+00:00
2026-01-14,SOL-USDT,True,,SOL-USDT-L2orderbook-400lv-2026-01-14.tar.gz,114959335,87bb9395395c44a9dd3a1de5d81c9065ed24a7cdee0f2d77a6313a50931eb331,3414584,96,3414488,0,0,5,98,1440,96,364e0876321413e8e25f95a2164c44177618f68ea84e5408559bb1ee1bd443be,2026-07-23T15:52:07.225231+00:00
2026-01-14,XRP-USDT,True,,XRP-USDT-L2orderbook-400lv-2026-01-14.tar.gz,153054295,838cc9505f0a9619791b0fb8acb8e7b3b7084a488d1b873e1ab8feda009b1bbf,4520086,96,4519990,0,0,1,126,1440,96,33fd63dd967881e303b19776b4d89c81c861c7d50e1f1273f5f6ef3ff57c3173,2026-07-23T15:52:40.558137+00:00
2026-01-15,ADA-USDT,True,,ADA-USDT-L2orderbook-400lv-2026-01-15.tar.gz,61390343,d76b486c3227ee8eb76a1098ec590e6d00d6f15ef52d22f81e841d4ce398e86b,2179998,96,2179902,0,0,7,37,1440,96,b5301701a7ba7968220d5d97793fbc80decd648d28b5af9f8859c8aff5bce038,2026-07-23T15:53:52.315969+00:00
2026-01-15,AVAX-USDT,True,,AVAX-USDT-L2orderbook-400lv-2026-01-15.tar.gz,68445947,cb97d23e885a9776a2f7a2e0692060006f1e4075d414248bf51e2fccf2b1846d,2533448,96,2533352,0,0,7,413,1440,96,8836c77997901d65c2941b18ae63ea19c8f1c11506dbccc9c8033ee085875c51,2026-07-23T15:54:03.729705+00:00
2026-01-15,BTC-USDT,True,,BTC-USDT-L2orderbook-400lv-2026-01-15.tar.gz,184403291,5d1d895ce4c9060df4e5a26911ad55e1bb9eb7a64014ef054efe3eb706dc8646,5039825,96,5039729,0,0,7,63,1440,96,7eaa0b17afc91ce399c79cb1422ed76c81b8c4666a5a8db17ea2cc99c94ad78f,2026-07-23T15:55:19.000509+00:00
2026-01-15,DOGE-USDT,True,,DOGE-USDT-L2orderbook-400lv-2026-01-15.tar.gz,114293208,635ae4a081781b6986703f086e452f26b52e07b0314654961df529ea344d3d24,3108315,96,3108219,0,0,4,40,1440,96,86b2b33b1169fb6ee4c11a0eb106088e05655bff6287b379ade9e3f133aeeb40,2026-07-23T15:54:30.091208+00:00
2026-01-15,ETH-USDT,True,,ETH-USDT-L2orderbook-400lv-2026-01-15.tar.gz,193808201,99b884a83e562396d3459720f596b39e3afaedc26e884250dbec9acaae6e58b2,4822996,96,4822900,0,0,7,57,1440,96,bae5cb0e0c8a1a5c1590171c8684b0f1bc273f9bd362189c94202163697316ea,2026-07-23T15:55:48.495545+00:00
2026-01-15,SOL-USDT,True,,SOL-USDT-L2orderbook-400lv-2026-01-15.tar.gz,96424229,874dadc2f2d06894a8dfdf432ea7172a7bbb19fb188f5d3417b4a7ddd4d8e9fe,3138515,96,3138419,0,0,2,2,1440,96,9f84a2d1acf4c9da0a642584f7736dbc7c016be06baaa0e987c622ba3c3509ca,2026-07-23T15:54:16.593930+00:00
2026-01-15,XRP-USDT,True,,XRP-USDT-L2orderbook-400lv-2026-01-15.tar.gz,128970975,0b4f866ddc8d996afe74267fd04934d5dace8e3ef8f88146f1c1c5f3435fd953,3835627,96,3835531,0,0,4,40,1440,96,f0f989e942de0f06bef61787ba12c31ff2a36cbc659da467527b9669cdde5e77,2026-07-23T15:54:48.789845+00:00
2026-01-16,ADA-USDT,True,,ADA-USDT-L2orderbook-400lv-2026-01-16.tar.gz,39695079,8df76909d4c8fd7f7f16400c32d7643c93704b8b35e37cfc7703218facdb143b,1626136,96,1626040,0,0,3,2,1440,96,71fc10c624dcce0216facd305c121b1f906eeb76a9dde1807b2d0d329d6a275d,2026-07-23T15:55:56.795068+00:00
2026-01-16,AVAX-USDT,True,,AVAX-USDT-L2orderbook-400lv-2026-01-16.tar.gz,46951235,77c23aee2e0567d45555bcdd219983c5d554c837eec79fd3727c356af4db08bc,2047778,96,2047682,0,0,7,12,1440,96,35472d05672f1b1fcda11a1440e9b60b4d9e0805c3d145e1fe0cd8e1b6e3d63b,2026-07-23T15:56:04.986831+00:00
2026-01-16,BTC-USDT,True,,BTC-USDT-L2orderbook-400lv-2026-01-16.tar.gz,141769685,99c48495afea98047c817d8cda29299c430c4f4df3a17144dd44706184130424,4653804,96,4653708,0,0,7,12,1440,96,50ddd8617b015b20b89cda0e7f02f5cf7785d164022e20836cf9322f4d251dee,2026-07-23T15:57:22.761199+00:00
2026-01-16,DOGE-USDT,True,,DOGE-USDT-L2orderbook-400lv-2026-01-16.tar.gz,80025822,ac9c9e2c215c828f306523c9b893fbd81f3512509d5b6035e815d44322274ecd,2644640,96,2644544,0,0,0,13,1440,96,5a2eb877a398420ba567f54da8c29e32c2086f28a1d570f44b9686debe04ab34,2026-07-23T15:56:38.132766+00:00
2026-01-16,ETH-USDT,True,,ETH-USDT-L2orderbook-400lv-2026-01-16.tar.gz,132123257,1d89085104c8f9a5b5fa682affbc51fc00a54e558220b5da418bd94e3d075f5f,3966871,96,3966775,0,0,3,2,1440,96,13b459b784dc281e2f6369cd8327e7fe9620237947b679de8c2aff183d84157c,2026-07-23T15:56:57.584569+00:00
2026-01-16,SOL-USDT,True,,SOL-USDT-L2orderbook-400lv-2026-01-16.tar.gz,73529361,47e13e3c79efc629032d02e71cb114582a478a02c1299cecc7f54f99f24bcb14,2697169,96,2697073,0,0,8,10,1440,96,7af2fb3cde673720467dc92493d46a4d5146ded9b2b1d91a18b06eee7d71a531,2026-07-23T15:56:15.944797+00:00
2026-01-16,XRP-USDT,True,,XRP-USDT-L2orderbook-400lv-2026-01-16.tar.gz,75472103,da83e93125f032b7db30027f8c492244141c5ee8682e6fba36bb440b6c83eb96,2808210,96,2808114,0,0,0,33,1440,96,523e9ceac3b8a75378e826a382850c1c1ccec1a98598342a94bf5c2ca38fc313,2026-07-23T15:56:27.542065+00:00
2026-01-17,ADA-USDT,True,,ADA-USDT-L2orderbook-400lv-2026-01-17.tar.gz,26440571,2bf7a0b3b3ee56788c15220af51758d87c7547c7cf0fa2116e6ca3f1ea179c81,1296700,96,1296604,0,0,8,433,1440,96,e6f43a08668953c2fb09b1809976fc141f28a10950337f306b99f86603aa7755,2026-07-23T15:57:29.065425+00:00
2026-01-17,AVAX-USDT,True,,AVAX-USDT-L2orderbook-400lv-2026-01-17.tar.gz,27574477,2b11c50b794dddfb11cbdbf0922890471e1385f0dd79b2298f45530a11d2f55b,1413172,96,1413076,0,0,8,74,1440,96,e74f3a5c4944970f763e5c76ee7e9f9f33f378143723a84ef7f40b0e95fd4500,2026-07-23T15:57:34.772989+00:00
2026-01-17,BTC-USDT,True,,BTC-USDT-L2orderbook-400lv-2026-01-17.tar.gz,66864432,30e2979fdebbdc68f2324ab7add44ff0d16c15b09bbd7c595a00dcad6bfc6238,3277266,96,3277170,0,0,8,24,1440,96,22cfb89ac65f64537894c0a801bb5f942bd5d914af9c4a69bec71e10d04c478d,2026-07-23T15:58:22.358158+00:00
2026-01-17,DOGE-USDT,True,,DOGE-USDT-L2orderbook-400lv-2026-01-17.tar.gz,43479412,4e62dde75139893ba464652b605e5d483efffd57c3561e674f348b4bdca79458,1574643,96,1574547,0,0,7,51,1440,96,90969d31eefd36233a2209c969ac69177316b8eecfbd9544ed8a208835ce7f51,2026-07-23T15:57:48.577277+00:00
2026-01-17,ETH-USDT,True,,ETH-USDT-L2orderbook-400lv-2026-01-17.tar.gz,55310166,2676068dff81937d25d304727b572d03d1e60c72fa0e9a838ed63b2c61d65fe3,2383232,96,2383136,0,0,8,23,1440,96,2f15ac4228f7a826cb7590c9a9e1dbd9a3b468a49e9116e3d95da47f84f7417d,2026-07-23T15:58:08.292451+00:00
2026-01-17,SOL-USDT,True,,SOL-USDT-L2orderbook-400lv-2026-01-17.tar.gz,39332845,ea65e080914cc7346d0ec294d8300145923e803befef88805ba6348b5e4e73f3,1932223,96,1932127,0,0,0,26,1440,96,ab222156725a8cb1f218a286ed5a27fef07543415339bd65e4358720c27b0f2f,2026-07-23T15:57:42.397628+00:00
2026-01-17,XRP-USDT,True,,XRP-USDT-L2orderbook-400lv-2026-01-17.tar.gz,44939673,540a11a055544117c4c76a494d2ca8a307f07859d640cd999fe386232a02f24a,2068679,96,2068583,0,0,7,11,1440,96,e26195d169d1847f8a884e2dcd2702b649792f07d80d2f4676ad503b5a0027de,2026-07-23T15:57:57.116467+00:00
2026-01-18,ADA-USDT,True,,ADA-USDT-L2orderbook-400lv-2026-01-18.tar.gz,35398424,0e445ca60a9d3e677091a0ac62cd84ba5e13e447a56b753fd511079a42e05f83,1444022,96,1443926,0,0,7,25,1440,96,de076e62067640c7ed62dcf2ad13213f1913acd6787e269892ee7b971fe57c90,2026-07-23T15:58:29.741345+00:00
2026-01-18,AVAX-USDT,True,,AVAX-USDT-L2orderbook-400lv-2026-01-18.tar.gz,37375692,7b2c42d1ff4e2cf50eb7df457cb9e5562c3114ae249453dee2048c07ea6e9b41,1560919,96,1560823,0,0,6,15,1440,96,b70528584f185947c1500f4437c2c152e085013b52f03ebf3046a609e799fe65,2026-07-23T15:58:36.383805+00:00
2026-01-18,BTC-USDT,True,,BTC-USDT-L2orderbook-400lv-2026-01-18.tar.gz,85711146,3c89bd0f40f0a3e6e3614dadef667718c30ebfa19ebfeea3cbab01ff1c8f88b2,3518056,96,3517960,0,0,6,5,1440,96,1af03c1b25e545f4effbb7bba9273e446f7c2293ebc294279a56d5bda8a05920,2026-07-23T15:59:32.150226+00:00
2026-01-18,DOGE-USDT,True,,DOGE-USDT-L2orderbook-400lv-2026-01-18.tar.gz,61226102,11a9c3c57fa594eb97871ec0d4fdbf1daafc14d579b8516e092a6d4362cd0df7,1879539,96,1879443,0,0,9,59,1440,96,ffd7b74a1bbaeeb626c42aaffb93bfabc8880a539221a7a239ad6090f1e2ef2f,2026-07-23T15:59:01.774052+00:00
2026-01-18,ETH-USDT,True,,ETH-USDT-L2orderbook-400lv-2026-01-18.tar.gz,79993941,c8b926b46e4109e732ce0b4c5fb6eeeb4ad865f99cdcaaf90fad181ab2efa997,2764525,96,2764429,0,0,7,25,1440,96,3e1ba369f8ff24dc7b030b59d188f3d75b592e904588067d8038dd4388252a68,2026-07-23T15:59:16.262893+00:00
2026-01-18,SOL-USDT,True,,SOL-USDT-L2orderbook-400lv-2026-01-18.tar.gz,49701836,8ee6aa1f81b777c5ce4e489da86f922f25a3abccadd086d1f2173466cee75213,2090685,96,2090589,0,0,4,28,1440,96,e4ab5e6110f23fb81f414a1932df9e91cf1c754c1a701078b67bdf8d285d9a5b,2026-07-23T15:58:44.303727+00:00
2026-01-18,XRP-USDT,True,,XRP-USDT-L2orderbook-400lv-2026-01-18.tar.gz,60576865,5a030eb79a4d521d08a097de6478540539cbcfaed83a10dfd4ecc7055413f8bd,2304045,96,2303949,0,0,9,69,1440,96,a71c86580ca27499b5f6b8894aef8c427fb1ad9a57d2a710bd31dd8bcc7de02f,2026-07-23T15:58:53.958212+00:00
2026-01-19,ADA-USDT,True,,ADA-USDT-L2orderbook-400lv-2026-01-19.tar.gz,51198361,e9b5a44ba3ac707ff3e4f1a8af280a673404b46cadeff2615722ac9098019cf6,1822028,96,1821932,0,0,5,150,1440,96,ccac9760d5c8bd0c628ef8edfcea22ea428b1b997953d5c3887c7eaac17f1fa5,2026-07-23T15:59:41.575826+00:00
2026-01-19,AVAX-USDT,True,,AVAX-USDT-L2orderbook-400lv-2026-01-19.tar.gz,61663520,3ddd18d2cbf619db1c7e01015f156049481c44a539b3610249d12bb5784a1088,2189980,96,2189884,0,0,5,56,1440,96,a6e1976b405ce815bc36ec4d232c96b54aefbf0c05f0add9129bb8f5667a166e,2026-07-23T15:59:51.700769+00:00
2026-01-19,BTC-USDT,True,,BTC-USDT-L2orderbook-400lv-2026-01-19.tar.gz,157958243,9ba4321ea71437ffb7ea9378b2302ffa96cb1f7589beed21a69ffb38d213f080,4773814,96,4773718,0,0,5,6,1440,96,2a471a78caf10b6d181784652329b3f711eb059ed2d3db4a815ef3d1edc6ac7a,2026-07-23T16:01:20.411273+00:00
2026-01-19,DOGE-USDT,True,,DOGE-USDT-L2orderbook-400lv-2026-01-19.tar.gz,105839572,fe2500e28aa8722af1318f041c6850b3e3c106a62fe4b219683a600cc8d14b1c,2647121,96,2647025,0,0,1,14,1440,96,70e1152995495eb81845c136d3ffa2cb25980a12fe2aa720be391c320f27d361,2026-07-23T16:00:15.711745+00:00
2026-01-19,ETH-USDT,True,,ETH-USDT-L2orderbook-400lv-2026-01-19.tar.gz,142827398,ca3d57293435bf94ab643d2b71ee0399839f9714df55b95d129d4a61d3e11477,3933680,96,3933584,0,0,5,10,1440,96,d9748aa9e22d4cee76530c298aba0f3f3ff0c5e4b21cc00cdfd65a3a95ba2d26,2026-07-23T16:00:53.752948+00:00
2026-01-19,SOL-USDT,True,,SOL-USDT-L2orderbook-400lv-2026-01-19.tar.gz,82743173,4a9d35b8474ce4f3835159b1083909d66b5337494f6a543e50bed474aac8d048,2815611,96,2815515,0,0,2,156,1440,96,71c00d5ba559f2e0d9ea312672b6772bb2ab0b2ea3278092f80ba41097521e73,2026-07-23T16:00:03.341815+00:00
2026-01-19,XRP-USDT,True,,XRP-USDT-L2orderbook-400lv-2026-01-19.tar.gz,111853311,856a106bf7acd798a07a2fc5bed776c8f6555f680eb7fb42b2901f48cc591d60,3384795,96,3384699,0,0,1,4,1440,96,11a598f76e5cf310b5c732fb4caecebff4d32f710e0491ee2bbb3048348bd9bf,2026-07-23T16:00:31.660458+00:00
2026-01-20,ADA-USDT,True,,ADA-USDT-L2orderbook-400lv-2026-01-20.tar.gz,58825460,552139f363ee4046761deabc3b4c666355a7ae268947294174af4ebb3098ea66,2054046,96,2053950,0,0,0,458,1440,96,f83d765dd36333a6a951c6e87a585c0069fd51fa994a3d7544e2820bf6201f84,2026-07-23T16:01:30.963131+00:00
2026-01-20,AVAX-USDT,True,,AVAX-USDT-L2orderbook-400lv-2026-01-20.tar.gz,68927732,394d3d88900dd18ba943f09dae435b53df07c2a4c0db877a0f46f704855b3f94,2555030,96,2554934,0,0,4,1,1440,96,c7418fdce07441ab7cf00768b5c3217e94086c52b0d1a17a4e0e1fa067587b79,2026-07-23T16:01:42.006770+00:00
2026-01-20,BTC-USDT,True,,BTC-USDT-L2orderbook-400lv-2026-01-20.tar.gz,205796942,5e61ba28da5e9248aea6ac4257219241061d95b48d78deb4a1a27d6ca2ad9448,5166072,96,5165976,0,0,4,21,1440,96,4d8f504772733f49e129a76debd9628e2c0e274c8ec4cf1686ac08ba8f57e2f1,2026-07-23T16:03:00.435181+00:00
2026-01-20,DOGE-USDT,True,,DOGE-USDT-L2orderbook-400lv-2026-01-20.tar.gz,122984844,6cff27dd15477297c4fd60263944702eb42478cc2ad2628ee76105017e5503c1,2871794,96,2871698,0,0,6,14,1440,96,6e343b56a7c5a89fae6e5e08bc5e7d17f6e4765eb060518e6ffad96a2d1e45b9,2026-07-23T16:02:09.644030+00:00
2026-01-20,ETH-USDT,True,,ETH-USDT-L2orderbook-400lv-2026-01-20.tar.gz,206901273,0957c9d067d6c69a09c3c8f3fa9e9770860113538601d751a24385dba6ab5c23,4927147,96,4927051,0,0,0,298,1440,96,a1f6452cc8be1ae2161a42c849c29de3f83678e0842853fab4c176df966d9500,2026-07-23T16:03:27.438427+00:00
2026-01-20,SOL-USDT,True,,SOL-USDT-L2orderbook-400lv-2026-01-20.tar.gz,106734635,009e0207ad46ea49af37ed1a1085c29e6d7a1adf2e86b55d71960a6444a574eb,3247005,96,3246909,0,0,4,204,1440,96,c60366bd408cb29574e0bb7dde43e090a0bc341153ee5e2e6ce22b1874e264cd,2026-07-23T16:01:55.726677+00:00
2026-01-20,XRP-USDT,True,,XRP-USDT-L2orderbook-400lv-2026-01-20.tar.gz,137853949,3fa434bc4930d531735916dffb0e120573186d9097f9146aa55b5fba1702dede,3707416,96,3707320,0,0,6,4,1440,96,790c6de90a8ff3d679884756ac8e4c194d2d4463edda1aac22c27b5ca6af2e21,2026-07-23T16:02:27.879568+00:00
2026-01-21,ADA-USDT,True,,ADA-USDT-L2orderbook-400lv-2026-01-21.tar.gz,65793273,53c695ab63db36ae046f5c7e2ed98e53f1a5e00de3c399cec558e23993eda40d,2212948,96,2212852,0,0,2,32,1440,96,9cd4a0b72764c7be477694534edcdbc86b49c3c4fcafeaf892ff256372c71c46,2026-07-23T16:03:37.640323+00:00
2026-01-21,AVAX-USDT,True,,AVAX-USDT-L2orderbook-400lv-2026-01-21.tar.gz,76411193,68e60a5f96f1f45a3425853dca39bea669cf28de0abe1f2f9d57be394cebc445,2677429,96,2677333,0,0,9,20,1440,96,ba55b1962c4ded338478b9caa4755ebd850a1debc396f9b34bd0b386bc638a29,2026-07-23T16:03:48.384763+00:00
2026-01-21,BTC-USDT,True,,BTC-USDT-L2orderbook-400lv-2026-01-21.tar.gz,246423411,b3dd6161eefe6be10875b89b2efdbb29ebe2fc03081a323ef4805a86ca05419b,5640309,96,5640213,0,0,9,10,1440,96,d47dcfdacdf09dbd082d5d149fea12bbf1f2d660d8eb87def904f72d47c5d3e2,2026-07-23T16:05:46.254339+00:00
2026-01-21,DOGE-USDT,True,,DOGE-USDT-L2orderbook-400lv-2026-01-21.tar.gz,147106356,d93d26aba714ef84bc172a77e9d1f0843d6518628ff73ab050b4eae105ce9d14,3122034,96,3121938,0,0,6,13,1440,96,8d0ac1a807dde1f384d89665da4819e57f89bb8061314043b216dfdf7d17e8e2,2026-07-23T16:04:20.595504+00:00
2026-01-21,ETH-USDT,True,,ETH-USDT-L2orderbook-400lv-2026-01-21.tar.gz,245370714,5d8b6d6daaee488c345e30bf670b7b940e30310fab9850fc764041d952a51f53,5150396,96,5150300,0,0,2,2,1440,96,44c9a2a0c481d55b1ef996162fd86b0fce28cb478ecbce4026c3edf622206767,2026-07-23T16:05:08.867135+00:00
2026-01-21,SOL-USDT,True,,SOL-USDT-L2orderbook-400lv-2026-01-21.tar.gz,120389775,38e3120fc7c2d19c35457928b8096ee24ae523610035d0847766432fd91b1054,3469014,96,3468918,0,0,6,37,1440,96,14daf95eb5e3ecb18cd7f5504b35f12f066d0825d048a4beabd4380d7a0dcedf,2026-07-23T16:04:05.750636+00:00
2026-01-21,XRP-USDT,True,,XRP-USDT-L2orderbook-400lv-2026-01-21.tar.gz,159752550,017dbe7cc0d45c507fd12cbf5c535b2f88ad50a02c4ce31a720d30638da2e7ce,3846503,96,3846407,0,0,6,3,1440,96,5f9ea7c0ed3b87e00427cb8abbc4f1f6032a12182f5cd4c2c6e9aa30ba1fc746,2026-07-23T16:04:38.275175+00:00
2026-01-22,ADA-USDT,True,,ADA-USDT-L2orderbook-400lv-2026-01-22.tar.gz,44377160,c95edf0be8e499e9f6ee01ab468b96b2c4c05643582d6a5eab82db969f09245f,1813137,96,1813041,0,0,8,131,1440,96,e71a5f5c12148b6cde1c3a0e67e4318291b914d9fe4dcc5ddeb9ef5832516f0e,2026-07-23T16:05:54.821248+00:00
2026-01-22,AVAX-USDT,True,,AVAX-USDT-L2orderbook-400lv-2026-01-22.tar.gz,53477004,1d0c6826f078b7d51faf27df027bbc3435acb253acf4acbf021fb984867aaf94,2183986,96,2183890,0,0,0,119,1440,96,a60fa6965d6cf62474055fae67952f423f5723bc62f3c4b88ee3be8cb06f2b5a,2026-07-23T16:06:02.888477+00:00
2026-01-22,BTC-USDT,True,,BTC-USDT-L2orderbook-400lv-2026-01-22.tar.gz,168884367,3ff77c72fd6d023f565f263b24d01c798705b16725740d210838ffd48d83cac8,4631573,96,4631477,0,0,0,19,1440,96,f40aa63bd57ce4e7a304fc3396fc779b30e8a0814ddf3174602bae08559a17b6,2026-07-23T16:07:06.475113+00:00
2026-01-22,DOGE-USDT,True,,DOGE-USDT-L2orderbook-400lv-2026-01-22.tar.gz,88896227,9b4d013286cc8e0c23216bc9f2d9ef7212434bb9e3fdce2e5e628bd2e952ed8d,2483412,96,2483316,0,0,7,208,1440,96,0dfd61c3b15f24c904b352389d1b7e5eb00293ee711957fb3ea634e692e3809e,2026-07-23T16:06:24.967550+00:00
2026-01-22,ETH-USDT,True,,ETH-USDT-L2orderbook-400lv-2026-01-22.tar.gz,181195571,7a016ecf981e39ea849077af337311d1611a31c83451975644e605a9ddb1e07a,4552350,96,4552254,0,0,8,1,1440,96,cfc54a24d905e8744673791472b6e3fa1b05ad20e8769cfe9af723fd009f6f82,2026-07-23T16:07:30.544017+00:00
2026-01-22,SOL-USDT,True,,SOL-USDT-L2orderbook-400lv-2026-01-22.tar.gz,83550329,01e9208ae8d80bf02d381d0bdf46a033d179ebc50b2fd1d7f13fc2388278233d,2880854,96,2880758,0,0,3,116,1440,96,9396fb0adcfbe1ed32dc763cff9951c6f06eab3346b2434c232156158779d1e5,2026-07-23T16:06:14.387061+00:00
2026-01-22,XRP-USDT,True,,XRP-USDT-L2orderbook-400lv-2026-01-22.tar.gz,97489816,46beee23a91a33d15daa64c9e825c0434eb80add946ef5ac88e073c2859e428c,3043442,96,3043346,0,0,7,8,1440,96,8438883f5789845f9dbe7bda0e67b83d761b810dd2b1b17ee038368825c42dd7,2026-07-23T16:06:37.620766+00:00
2026-01-23,ADA-USDT,True,,ADA-USDT-L2orderbook-400lv-2026-01-23.tar.gz,46578025,a731c82239072415e62d959fe6e57601e9338da3cc83d3abb425b2069ccd4af8,1810714,96,1810618,0,0,9,10,1440,96,2fd420b2571a12131fd1bec9b8c6d75545df01ddfb9929f35a82dbe38e238a32,2026-07-23T16:07:38.565743+00:00
2026-01-23,AVAX-USDT,True,,AVAX-USDT-L2orderbook-400lv-2026-01-23.tar.gz,53662907,4d1eb55277a4410740425eb07b4fe07885106b8f684f6e98abd42dc049cbd9ad,2161680,96,2161584,0,0,1,111,1440,96,04c2559aca87adcccc7751176b0f587fc4aee69fc1003ca386e3286f1ef3c9a1,2026-07-23T16:07:46.639511+00:00
2026-01-23,BTC-USDT,True,,BTC-USDT-L2orderbook-400lv-2026-01-23.tar.gz,157497841,880fee0f6656ce9bbe8635f260cd8b1635d4672492d3b158a3babec6adf5b859,4603939,96,4603843,0,0,1,51,1440,96,f332724164bee164537a39a001eafb0db0a48b05b4df78989d6ce8170f523098,2026-07-23T16:08:47.316379+00:00
2026-01-23,DOGE-USDT,True,,DOGE-USDT-L2orderbook-400lv-2026-01-23.tar.gz,97980940,fac3649b430c88f5ec96ca6224f00ca2b5a85d00b8ddeef5c2389cecb5410056,2550364,96,2550268,0,0,2,133,1440,96,81019189bf321ecfeb24dc3847f95144ea708da7e1c69c9c7414667c3e67efb2,2026-07-23T16:08:22.573931+00:00
2026-01-23,ETH-USDT,True,,ETH-USDT-L2orderbook-400lv-2026-01-23.tar.gz,185163024,b6b5c77d4484c908d0b6c9c65855eb28481f6be482c2ca01713196baba99435b,4588548,96,4588452,0,0,9,10,1440,96,cd3f574dc9add38faac125f776cdc6a42fc71ea80599590093f4f8d71a23f446,2026-07-23T16:09:11.639969+00:00
2026-01-23,SOL-USDT,True,,SOL-USDT-L2orderbook-400lv-2026-01-23.tar.gz,85918371,1a796e6d23a9b16a12c161c7ec13764f0ffe549e5c589e3b618b8e12745fa549,2884339,96,2884243,0,0,4,49,1440,96,864b556c2daa9f531b8d8d0d0b78612a2405e9d7449fb433144bb1581c0f744c,2026-07-23T16:07:58.260234+00:00
2026-01-23,XRP-USDT,True,,XRP-USDT-L2orderbook-400lv-2026-01-23.tar.gz,97768655,8174f8a70264c40078f5f20362199bc399018e17de8935e7c85a12d39d63ef36,3009567,96,3009471,0,0,2,53,1440,96,541d2549913a5db5e90d5a8be60c0a09e2e99f7ae2d8f64094fdc7c6e960a2df,2026-07-23T16:08:11.189412+00:00
2026-01-24,ADA-USDT,True,,ADA-USDT-L2orderbook-400lv-2026-01-24.tar.gz,18459941,79204619aa408a962d5699ffc852283be48e967a6a159c0f9160be78f2d51f99,1032721,96,1032625,0,0,0,152,1440,96,c3a0846ee41e8a3ed92b29509c7e17e4979c54b85a14400b19a2cd12bb1b351c,2026-07-23T16:09:16.786712+00:00
2026-01-24,AVAX-USDT,True,,AVAX-USDT-L2orderbook-400lv-2026-01-24.tar.gz,21376835,0422d39c772326c28f02eae012a5b42a05876bb6b346c0c6f8ed92047cd909cf,1175092,96,1174996,0,0,9,126,1440,96,49c910c18bcb34d8677516b1e16af02f89bf97dd2f3aa76fef0b7afc610ebd6f,2026-07-23T16:09:20.857953+00:00
2026-01-24,BTC-USDT,True,,BTC-USDT-L2orderbook-400lv-2026-01-24.tar.gz,57740772,7acf206b4a2e3b443c4b741589c503576ea7c88ea83aea53d4748805a055a991,3075035,96,3074939,0,0,9,56,1440,96,47248706f91972db6371e7afb9b46e5ebe12140e69762d2c24ca2531e53539a4,2026-07-23T16:09:51.085923+00:00
2026-01-24,DOGE-USDT,True,,DOGE-USDT-L2orderbook-400lv-2026-01-24.tar.gz,30962921,d0fbdb1d1a5c6d62249d7abb2901b31ef3e206b969709de3861af4a02aeba0c9,1364781,96,1364685,0,0,7,178,1440,96,4e691794e71468617a5788035a0b4a48cb85d9c3bfd756f0833e8506ec37c6fe,2026-07-23T16:09:25.824009+00:00
2026-01-24,ETH-USDT,True,,ETH-USDT-L2orderbook-400lv-2026-01-24.tar.gz,65605776,4eed8808e818dcfca2aa360a39b3e0082d326e223b05ab4188f8313c00932fba,2836700,96,2836604,0,0,0,42,1440,96,39091d2273a82e7cf8bf22f7d6eee6f85f76dc7146593868230d8c2655d8a5e1,2026-07-23T16:10:02.579436+00:00
2026-01-24,SOL-USDT,True,,SOL-USDT-L2orderbook-400lv-2026-01-24.tar.gz,33801408,71ccc398cb88d5cffe7d9ff63dbff2837a3c086790601b92368cf7fe25e78f59,1924076,96,1923980,0,0,1,16,1440,96,b68332b63f05cb7f049bbec6d7940dd31dfb4e31403479c4e4d4a651692127d5,2026-07-23T16:09:32.295872+00:00
2026-01-24,XRP-USDT,True,,XRP-USDT-L2orderbook-400lv-2026-01-24.tar.gz,34705466,a9712ab376585e6c5e7b72fc44a03dbd24ff7df881eb2d2fe900c25b11f5c00a,1818007,96,1817911,0,0,7,8,1440,96,bc7e8f0d834dbe4897d393a3d928f5f3fc87d963e13371ab71f6524efac4643e,2026-07-23T16:09:38.459166+00:00
2026-01-25,ADA-USDT,True,,ADA-USDT-L2orderbook-400lv-2026-01-25.tar.gz,42318014,f6def9b782c7ff1dbe87ff3c6eac86a7ec687ea5923db5c7a027cfa259122bc5,1628591,96,1628495,0,0,8,138,1440,96,a12a7a12c072f819cf1159e467e7261db40a1cbde4a67a7b8f28c6ac50d2e29c,2026-07-23T16:10:10.194365+00:00
2026-01-25,AVAX-USDT,True,,AVAX-USDT-L2orderbook-400lv-2026-01-25.tar.gz,59122105,5d31821d279d91017d74374103301c69939f0da54c95343cb04d10d9d1cfaf51,2132976,96,2132880,0,0,4,73,1440,96,ac6bd09fdd150b7c8d68d9bce48d64e4447e797314dc71dfdd4c3e593fddeb3a,2026-07-23T16:10:18.371884+00:00
2026-01-25,BTC-USDT,True,,BTC-USDT-L2orderbook-400lv-2026-01-25.tar.gz,154261291,8042758d5d700bf87c82cfd68853197beb2c356ce453270e0b24fcd55bccb544,4635143,96,4635047,0,0,4,3,1440,96,93d85de0f4a0b7cf81e5adf7d579ae46a4832980ac1b4a866b67bb6372b29804,2026-07-23T16:11:16.430232+00:00
2026-01-25,DOGE-USDT,True,,DOGE-USDT-L2orderbook-400lv-2026-01-25.tar.gz,86859306,e7904adcfe562af887b09adb524bbed5c699d481270cd1bf7ee4df7a826d9e7b,2286554,96,2286458,0,0,2,19,1440,96,5664be7cf51352fa854c7a0f0a90c91dba5eec75ebf7ba0e51677928df23bc9d,2026-07-23T16:10:50.576870+00:00
2026-01-25,ETH-USDT,True,,ETH-USDT-L2orderbook-400lv-2026-01-25.tar.gz,163306193,c40a042503c16dea0cdf928e3ffece7a156633234eb4c34e11ce8888935c7966,4158397,96,4158301,0,0,8,8,1440,96,5c872218ed7e09e09f784b669cdf895e6e36506b928bd7898e36426adef9b969,2026-07-23T16:11:38.354205+00:00
2026-01-25,SOL-USDT,True,,SOL-USDT-L2orderbook-400lv-2026-01-25.tar.gz,78428565,14729ab04969823698170bd0d386de97309727df8b12a941346f033b19795428,2801001,96,2800905,0,0,4,4,1440,96,092d51e2fde76bb771224d80f2160bcfa0788becb429769120fd0f3b26010137,2026-07-23T16:10:29.270964+00:00
2026-01-25,XRP-USDT,True,,XRP-USDT-L2orderbook-400lv-2026-01-25.tar.gz,85032347,8262d7e90c7dc5ae89b79ec0c29fd63816632003a55d0c06bf8525463e006cef,2801735,96,2801639,0,0,2,99,1440,96,e975d29d28a15393fa8d55640cb9d75ca488e21f26af4d5b8dca7ed2e0f84394,2026-07-23T16:10:40.179655+00:00
2026-01-26,ADA-USDT,True,,ADA-USDT-L2orderbook-400lv-2026-01-26.tar.gz,43752890,5379dac1047a231d988ba42a31003991a2200c45c7e1f55a0be46e126ecb9702,1824082,96,1823986,0,0,2,85,1440,96,cb13bc7a115b05897e3bde9f9831b27923f894eeaf2d04ce3d5dbc3dac97f220,2026-07-23T16:11:46.324085+00:00
2026-01-26,AVAX-USDT,True,,AVAX-USDT-L2orderbook-400lv-2026-01-26.tar.gz,57290084,210da7ababd055343dcbb18ff54227081049cf4d407658f72febb1977ec30b6f,2235605,96,2235509,0,0,7,270,1440,96,6a203deffe91a4247d8645e646e692d0ea8df3a4070a981c91eea9c54cab17b1,2026-07-23T16:11:54.667709+00:00
2026-01-26,BTC-USDT,True,,BTC-USDT-L2orderbook-400lv-2026-01-26.tar.gz,207238524,cbb65b22f19015c3af0fd7e72c6ac139626b180246f9bbd8660eee49ac3c2843,5431851,96,5431755,0,0,7,40,1440,96,911c03879382cea26224b3d3ea9750b6de88464fbf513004de9b652a416a991b,2026-07-23T16:13:33.798500+00:00
2026-01-26,DOGE-USDT,True,,DOGE-USDT-L2orderbook-400lv-2026-01-26.tar.gz,92680538,ffb63fade80bba79a05c32767bef577cefdb9f540b947faa01e4c7af55eb513f,2526864,96,2526768,0,0,1,73,1440,96,bdce5a9de22284785f3bab4029f3a19a9f7e613c5c9f89291c10ea92c71fd1c7,2026-07-23T16:12:05.447662+00:00
2026-01-26,ETH-USDT,True,,ETH-USDT-L2orderbook-400lv-2026-01-26.tar.gz,206684355,bb0bd10520730b196da4ccf40673b83adf2dfba6ab8def283a4aa57d4884d44e,4748978,96,4748882,0,0,2,5,1440,96,995f2dc5171a8bdbddf7f15300ce0792d108a7b560684cc313580b44924616f3,2026-07-23T16:13:00.517312+00:00
2026-01-26,SOL-USDT,True,,SOL-USDT-L2orderbook-400lv-2026-01-26.tar.gz,94147516,b7a683d791390602b55a4b05d6e64e62dc1649a0a890d4cd79ef68dcfef0d855,3059142,96,3059046,0,0,6,39,1440,96,250d756c248be72ab22f83402d0d00f17b1573d9c7e59639cc42dd5fca78f002,2026-07-23T16:12:17.815993+00:00
2026-01-26,XRP-USDT,True,,XRP-USDT-L2orderbook-400lv-2026-01-26.tar.gz,112249420,29cf59c8aba1f94af77aa08ecbd26be31aaff6454a330ec21e45d099adf0e056,3262531,96,3262435,0,0,1,113,1440,96,08c2264b482bd083c5fab907d31cfe2e6875d013b15687227296d5217a50ae7c,2026-07-23T16:12:33.898161+00:00
2026-01-27,ADA-USDT,True,,ADA-USDT-L2orderbook-400lv-2026-01-27.tar.gz,41368106,feaf374ec49516c6eb93338e7c133e12263b5a4a0ec1a0a9d0cddf420d0974f4,1677607,96,1677511,0,0,5,52,1440,96,e2812c6bddcf86425f802718fa6334142aa59ae91ffd8a37771a5420cffc74ff,2026-07-23T16:13:42.525482+00:00
2026-01-27,AVAX-USDT,True,,AVAX-USDT-L2orderbook-400lv-2026-01-27.tar.gz,53506975,9f6adc12274fca743f35f6c0565d92e8e74e3ec9e0fc237494d8d2136014df5f,2071165,96,2071069,0,0,0,4,1440,96,b3903e84b3d098463da51eac5576f5f745dae3f09030476d3d41a794f6f1cf3f,2026-07-23T16:13:51.357191+00:00
2026-01-27,BTC-USDT,True,,BTC-USDT-L2orderbook-400lv-2026-01-27.tar.gz,183952777,73684dc45553d02cf094158e66ad77b81fa52db9ea19115224fd233970468ae5,5163976,96,5163880,0,0,0,4,1440,96,432bb343f9a935b96d91f608847a55f52e27f1d1b704ab3e3ff45a2411c0cb02,2026-07-23T16:15:20.230437+00:00
2026-01-27,DOGE-USDT,True,,DOGE-USDT-L2orderbook-400lv-2026-01-27.tar.gz,84960098,1bf9aedc6f2541fd0e3ee40c5a4c1d7178bb97eca3e3ee2f38008d318a33ec5e,2298340,96,2298244,0,0,7,52,1440,96,773f68bf0ef673ff9c60b9ccbeaa4013bc450f73d20360681e1745c18b4da2ab,2026-07-23T16:14:13.320830+00:00
2026-01-27,ETH-USDT,True,,ETH-USDT-L2orderbook-400lv-2026-01-27.tar.gz,176959952,cbc207851743df6838a8dd2572f25cdfc44721c985df8d2bc113a088f37a5a3b,4282293,96,4282197,0,0,5,132,1440,96,3ebf2cb7267bbe89ad24929f7cc471ee1ffe6ddf4d42a2bfffb135db02259e2c,2026-07-23T16:14:48.943332+00:00
2026-01-27,SOL-USDT,True,,SOL-USDT-L2orderbook-400lv-2026-01-27.tar.gz,77724464,87b811f4d910b575713b97b6079b69d64b0759485dbafa3727e4e8e0e37d08ea,2695288,96,2695192,0,0,1,66,1440,96,d143ef7a105d0677c75c962ace38a4e5c2818171fc76130a741148ed51c7664a,2026-07-23T16:14:03.080814+00:00
2026-01-27,XRP-USDT,True,,XRP-USDT-L2orderbook-400lv-2026-01-27.tar.gz,85669467,e41c5925d200eaf7016ce57e083d194b754153324799467908896c278f85af5d,2722214,96,2722118,0,0,7,12,1440,96,fa6e222617c48051f1298881da1b875b64e84fb91f11a6f2d26dfde9433d053f,2026-07-23T16:14:26.059138+00:00
2026-01-28,ADA-USDT,True,,ADA-USDT-L2orderbook-400lv-2026-01-28.tar.gz,48638125,06e9bff10c3a6df734a7a9f80069ced9c00ed80da99d6dec9b501057fe3e9104,1924631,96,1924535,0,0,8,13,1440,96,37f5978b52cd48c3affe562772d33ce32fec3a20e83b66671773e34d0190c954,2026-07-23T16:15:29.637020+00:00
2026-01-28,AVAX-USDT,True,,AVAX-USDT-L2orderbook-400lv-2026-01-28.tar.gz,58624003,cfcc88c92ab8a5f7cd713ac06e7b81251764262a798481a35312774851a1cff5,2036113,96,2036017,0,0,6,69,1440,96,6f7f972df8a99bab2932709f5ef898b75250ce20b5692f7d7516c8c5a36a1ec6,2026-07-23T16:15:39.015594+00:00
2026-01-28,BTC-USDT,True,,BTC-USDT-L2orderbook-400lv-2026-01-28.tar.gz,182764248,4effc517a52db8035eff4f09f029d8595970fddb6f4f3b534207e5308a4865d8,5074802,96,5074706,0,0,6,39,1440,96,cb054d2122cdfc741c60993436d3f2b9d4e27f17ea6d53db500abb1778c0c9e2,2026-07-23T16:16:48.631085+00:00
2026-01-28,DOGE-USDT,True,,DOGE-USDT-L2orderbook-400lv-2026-01-28.tar.gz,98684658,a4c2bec33a0ce414f00277e1883433b3f2f2d0c52c0aed9a73b2fd8fe3dc1824,2561066,96,2560970,0,0,8,26,1440,96,f4ee02115c6eeb984bfd324e4be60944e6b43f1be01c0ec06a16c37d2dbd63a7,2026-07-23T16:16:19.853911+00:00
2026-01-28,ETH-USDT,True,,ETH-USDT-L2orderbook-400lv-2026-01-28.tar.gz,183419619,01aecce29c7e3201ae6169ca97ee29374359842618fc3afdb34f1ac6a08b965d,4431082,96,4430986,0,0,8,3,1440,96,a66a78accb5c592e2c647d331a9d77a575a1fc7c74e249718b907e3772040674,2026-07-23T16:17:16.650696+00:00
2026-01-28,SOL-USDT,True,,SOL-USDT-L2orderbook-400lv-2026-01-28.tar.gz,84866109,e62387a34d4564c821db7f2850c7d27da42df000643a8e23aa205c9fd756e223,2913144,96,2913048,0,0,4,55,1440,96,36635dc379e5e943f1e7f77d559cd4a0d2884b760d32d5a3c4f24aa61fb14729,2026-07-23T16:15:51.778335+00:00
2026-01-28,XRP-USDT,True,,XRP-USDT-L2orderbook-400lv-2026-01-28.tar.gz,95215524,631b60f31167491476bae937b41bc920c4014d075e987bfb4efc0837cb5afce9,3014689,96,3014593,0,0,8,26,1440,96,307e24c97d44d15d27b677286fd35ac0a2f8275caa81c340b2195fe18fde12e2,2026-07-23T16:16:05.959096+00:00
2026-01-29,ADA-USDT,True,,ADA-USDT-L2orderbook-400lv-2026-01-29.tar.gz,53597191,647e05a1923b4552d1d2a6816ae9ba411b8516e069833d0d8c09944c126c900b,1927776,96,1927680,0,0,7,4,1440,96,da2fcae87db9517e13159832a0f22a6c17226ce63db31ce774ba0dc9e3d10d08,2026-07-23T16:17:26.964185+00:00
2026-01-29,AVAX-USDT,True,,AVAX-USDT-L2orderbook-400lv-2026-01-29.tar.gz,63320530,52a0b162db4e6fadbed63c113418338674a45b533a8e559d730eb0b98bc42fbf,2256973,96,2256877,0,0,1,19,1440,96,f7ff58edba9526748009f6c408818979165ef71da6ee6d1e401475a58e080775,2026-07-23T16:17:37.745335+00:00
2026-01-29,BTC-USDT,True,,BTC-USDT-L2orderbook-400lv-2026-01-29.tar.gz,232605324,feb0d2fc1c5a1aab131c5ba8b324715b40065d2e29117b318cf07f2c8618a05f,5596062,96,5595966,0,0,1,19,1440,96,69765d16ad037be17e010c44f20dd13b9aab6f9d929dd82b1e1d2bd7f6c08456,2026-07-23T16:19:28.219840+00:00
2026-01-29,DOGE-USDT,True,,DOGE-USDT-L2orderbook-400lv-2026-01-29.tar.gz,112211408,8ae3a2e934d253a0feb4ada86985c6a6635d8bec1842108662c30f077622ba35,2688090,96,2687994,0,0,4,17,1440,96,33cf88e83ec1f96c33035209ab4c28bb070594907ac280f46d582edd5ff49b14,2026-07-23T16:18:05.483502+00:00
2026-01-29,ETH-USDT,True,,ETH-USDT-L2orderbook-400lv-2026-01-29.tar.gz,218052721,7fe70080335ae8b20740df6ea8a1cf5165ef40b226256b74d5c44fe743b4d115,4602986,96,4602890,0,0,7,64,1440,96,47b2b4a6da4bd6236dd3d7ce7d062d139f6845b415e8df4794ff9a40e4ac3197,2026-07-23T16:18:52.498571+00:00
2026-01-29,SOL-USDT,True,,SOL-USDT-L2orderbook-400lv-2026-01-29.tar.gz,99275536,ee0eb54b64cd5413e82f838e1d686a82fdcff80301e725cfb4199c484454e3c1,2904287,96,2904191,0,0,5,30,1440,96,9d9507cce3eb5801e325909d60256742cda4046bf3a2825424d1387a4f331fde,2026-07-23T16:17:52.976090+00:00
2026-01-29,XRP-USDT,True,,XRP-USDT-L2orderbook-400lv-2026-01-29.tar.gz,115250826,9293b7716c4b3c93680eaaae5bee4a5f5e5f823f02e1d93bc9dc4db9f219c617,3179952,96,3179856,0,0,4,57,1440,96,09f3066f4984c2273c55b3ea1edefb93de510f17a8f8bded5ac40882ed33453d,2026-07-23T16:18:20.858482+00:00
2026-01-30,ADA-USDT,True,,ADA-USDT-L2orderbook-400lv-2026-01-30.tar.gz,72110885,a99c7cc6fc83ce1b2dce5a5228dc18ed746c101842274ed06166185d91e054a3,2399894,96,2399798,0,0,6,131,1440,96,6a8f45d01dcd5c7e888b12592e685ab3a9cc96ff28b827e8d9ac3d77ec0ea129,2026-07-23T16:19:39.132488+00:00
2026-01-30,AVAX-USDT,True,,AVAX-USDT-L2orderbook-400lv-2026-01-30.tar.gz,80888873,cf00eba8b57cb65dc5d919ae36bac1c8f05af4ca26820a97389e000cb27fda47,2665904,96,2665808,0,0,1,43,1440,96,ba71bf203fd844ccff343a5f70b44a515ac939b383f486dc50f3fe0612681bef,2026-07-23T16:19:51.915435+00:00
2026-01-30,BTC-USDT,True,,BTC-USDT-L2orderbook-400lv-2026-01-30.tar.gz,341801042,8f8e8cb17cc9ba48e9c7bd40d65d27a24562ffcd9b056090a8c03bf0341a4aa9,6515731,96,6515635,0,0,1,23,1440,96,867fb391048a0cde691f7412952db269edbd9f4bb1e4289b690720738a2442ed,2026-07-23T16:22:07.098335+00:00
2026-01-30,DOGE-USDT,True,,DOGE-USDT-L2orderbook-400lv-2026-01-30.tar.gz,160463108,357c4d024f54ba0925386fe942d13cce6e953cf02d90edf15f3ab397505b2c19,3132627,96,3132531,0,0,3,9,1440,96,9fa524df55f57fcc653f8a2b9759095610d6e173a1dd2561f3c20f017f53143b,2026-07-23T16:20:23.863119+00:00
2026-01-30,ETH-USDT,True,,ETH-USDT-L2orderbook-400lv-2026-01-30.tar.gz,308911619,6561f6831530467ad08446c7eae22e94bf40c545f94ddb9a30859e9e0f1957cd,5485778,96,5485682,0,0,6,11,1440,96,4ee4a7ecfbe7aa5eb5a7989a1b9289829a12d4cc1fc050b9ea0b89d6e7a7708e,2026-07-23T16:21:25.755029+00:00
2026-01-30,SOL-USDT,True,,SOL-USDT-L2orderbook-400lv-2026-01-30.tar.gz,144243052,41f2c272a5c8d23aa09635790b2967614101df054825a734160226f1c8f6fab9,3577240,96,3577144,0,0,0,92,1440,96,f00e93c98f0fd11da7250f7dfc14eb2ba8d526740718a0dd1612fa8c651c44c6,2026-07-23T16:20:07.891852+00:00
2026-01-30,XRP-USDT,True,,XRP-USDT-L2orderbook-400lv-2026-01-30.tar.gz,200709027,03a9108311463ff11c21f73376e61a3d500b38fb3c4d4e4819bf08cd0677eb07,4185397,96,4185301,0,0,3,119,1440,96,3ed06a6af0d20ef1817982eadcf932d6a5304e32b8e6db042cdb28b5da50da1e,2026-07-23T16:20:48.722131+00:00
2026-01-31,ADA-USDT,True,,ADA-USDT-L2orderbook-400lv-2026-01-31.tar.gz,78019473,48e960d74e46b363285a92de19c987437a6e36481a2012b7835d6ad182a54ca4,2311964,96,2311868,0,0,9,55,1440,96,efe4696b2e357dd0b438ba5c1765c6ce528ef8ee9104d128e568862d0c52aca9,2026-07-23T16:22:18.487402+00:00
2026-01-31,AVAX-USDT,True,,AVAX-USDT-L2orderbook-400lv-2026-01-31.tar.gz,96422575,498df1905bdfb02448f24e8d4593e21e12c3d94b7f6574a8aca65e1358d2517a,2758418,96,2758322,0,0,7,77,1440,96,4c1b0c2b47ab48f6cb6a30104fdf7b1940733d680ee32a8c70a41e482927c3dd,2026-07-23T16:22:30.398072+00:00
2026-01-31,BTC-USDT,True,,BTC-USDT-L2orderbook-400lv-2026-01-31.tar.gz,331761344,12d2a0cbe700adfd7a59a116d0d0e720ad0b344367cdb15d665ff405c0c90ed3,5910037,96,5909941,0,0,7,7,1440,96,5568c5cfb0ca06dc0bac8de6909cbc203f48941466295bfd8c13c179cd402c80,2026-07-23T16:24:42.481096+00:00
2026-01-31,DOGE-USDT,True,,DOGE-USDT-L2orderbook-400lv-2026-01-31.tar.gz,175001999,b00d91ea582ee49109e997eb64315179253e0f22e571c33134b35ce2c190413e,3078328,96,3078232,0,0,1,104,1440,96,efcad7b0e349c7b066af7f7b7267699bf2d6df753ae56f40f474b619d31eb2a4,2026-07-23T16:23:04.970480+00:00
2026-01-31,ETH-USDT,True,,ETH-USDT-L2orderbook-400lv-2026-01-31.tar.gz,319612905,2d2bca4a929e2755a30ab6629cd0de34bc02b68d5d9f15381456bb916fd37f5f,5081011,96,5080915,0,0,9,5,1440,96,5a2f83511555de9cfb4b15c5f8b1fc68c4757b574de771abaa5ef51df567305e,2026-07-23T16:24:02.073012+00:00
2026-01-31,SOL-USDT,True,,SOL-USDT-L2orderbook-400lv-2026-01-31.tar.gz,171005134,fdadea1140341f78e0239b47a970effc2d17a5afe83c2a79ae79f706806eca48,3661773,96,3661677,0,0,8,50,1440,96,689d81fc4b8a65bd9b920fe8ce3d14d9e69cbc89d172d281679ff8c95b7e93e4,2026-07-23T16:22:48.489074+00:00
2026-01-31,XRP-USDT,True,,XRP-USDT-L2orderbook-400lv-2026-01-31.tar.gz,211483148,fe0f473127d3221dd80a81a8d9f0ca4273c56ffd9e57b95d683b9b173bdb652f,3944702,96,3944606,0,0,1,104,1440,96,9596ad123769993fdb8d029e28c40a39ce25a3d15f27542d1a4a772e8fa3af79,2026-07-23T16:23:25.640367+00:00
2026-02-01,ADA-USDT,True,,ADA-USDT-L2orderbook-400lv-2026-02-01.tar.gz,64886825,21f3acb2f6de9212ff5ac14cdd8f0a65a40d946d3e2385b8cdc0d5b9aac0ecc6,2200303,96,2200207,0,0,5,156,1440,96,a9cbea1e452ff4d357e0a38af085a95ad5dda485bec45a54331703060f0837ee,2026-07-23T16:24:52.535487+00:00
2026-02-01,AVAX-USDT,True,,AVAX-USDT-L2orderbook-400lv-2026-02-01.tar.gz,81962440,3cfcd3344e60a8e7db4180272bcc27a65c7b30ce112f3c4656e9f48b74879944,2604756,96,2604660,0,0,3,31,1440,96,7ba4b7b97628093e70f0d98c933e9ea01864d9904624c3cd3dc99846fceeba3b,2026-07-23T16:25:03.389331+00:00
2026-02-01,BTC-USDT,True,,BTC-USDT-L2orderbook-400lv-2026-02-01.tar.gz,348663037,7c1d2bd2deb5da646fca9aeed16f94808f16bd3e6b80400f89e9c505faa70934,6330285,96,6330189,0,0,3,11,1440,96,694622bbd590021e2678d980ad736603db96c53c695ade8a59d797504c2c16e7,2026-07-23T16:27:27.726945+00:00
2026-02-01,DOGE-USDT,True,,DOGE-USDT-L2orderbook-400lv-2026-02-01.tar.gz,163593865,324650e2d0173dab61548fb65065d2b5d685de830fadff7faa1592bda3350a69,3193327,96,3193231,0,0,6,100,1440,96,9632cc8d58e2440ea543d61298385eb3e51c21c9e8e8945e76d2c2d2bb300a99,2026-07-23T16:25:36.521147+00:00
2026-02-01,ETH-USDT,True,,ETH-USDT-L2orderbook-400lv-2026-02-01.tar.gz,333187009,d2398ec3cb2be93e3f5e4d8911f650493c048c4d1c0fab7d0c3c2c0695597aac,5619102,96,5619006,0,0,5,6,1440,96,e67a4bfeb831460fcd19db9a80b59ad7da9a194387d91dbbcddfd3197a217daa,2026-07-23T16:26:37.340380+00:00
2026-02-01,SOL-USDT,True,,SOL-USDT-L2orderbook-400lv-2026-02-01.tar.gz,155841607,13f64acf34ef38c007ffda53f930d1dd243a8cdb80a11900f3e077a9978f9fe4,3693722,96,3693626,0,0,0,37,1440,96,d59e0d6fa8c45e8e271d8c898b0c2964f85ad1c6bd5dff1263a46cd9e28f06de,2026-07-23T16:25:20.607369+00:00
2026-02-01,XRP-USDT,True,,XRP-USDT-L2orderbook-400lv-2026-02-01.tar.gz,217036547,6a602c4d1eb65644a769c339aeec7a147113499d6802017a4280a6d84e1ac344,4323756,96,4323660,0,0,6,110,1440,96,f0d42b829a7b488221d15b02265c2b9b58ad08001449053aeceff953bfc1b0ae,2026-07-23T16:25:58.419113+00:00
2026-02-02,ADA-USDT,True,,ADA-USDT-L2orderbook-400lv-2026-02-02.tar.gz,87256204,3509ad9deea71bb70fe82e192f0777c4bbdfae4342a1da2e62e0c9edd396e3fd,2668476,96,2668380,0,0,4,28,1440,96,f321cf8a6d201dc704299522ccb6a6663d41bcbba81ef50ee46c37c61aff32a0,2026-07-23T16:27:40.035381+00:00
2026-02-02,AVAX-USDT,True,,AVAX-USDT-L2orderbook-400lv-2026-02-02.tar.gz,111354892,acce31f13f1f03a6cd292d9f9cd84848f0850d8f14cc12b6943412cb9cce5c62,3286740,96,3286644,0,0,9,9,1440,96,a8725338023f5041904c94cbea664ac13c6c9f01922f87d1524ee713f5ee2a5f,2026-07-23T16:27:53.968074+00:00
2026-02-02,BTC-USDT,True,,BTC-USDT-L2orderbook-400lv-2026-02-02.tar.gz,465122715,e451ba3c6ab6b8a840848177d7859887df83b2b908d0989ab6cbd7d9c711e4af,6801419,96,6801323,0,0,9,9,1440,96,e696239aa989bfecf6993872f046c49a234da9c2e4bdaecdbdf71e2a63fb3056,2026-07-23T16:30:59.782182+00:00
2026-02-02,DOGE-USDT,True,,DOGE-USDT-L2orderbook-400lv-2026-02-02.tar.gz,221558573,d2bdf7c8f5731342da948360ec20cc545aacd1cb74ad360b1bd55050ab60772e,3966373,96,3966277,0,0,0,24,1440,96,50be8f322f12b8f6f5fe809b2f4dcbc33ef6931494e6f0a66a4725c2d65b2219,2026-07-23T16:28:36.975413+00:00
2026-02-02,ETH-USDT,True,,ETH-USDT-L2orderbook-400lv-2026-02-02.tar.gz,430483233,8a0e10a4101e6e9a7d2ed7913ff0ca3b32b2985c0b6e357f69efefe1e1487acd,6598254,96,6598158,0,0,4,8,1440,96,feb2e50012bb30f17e6ebba3f39546ab58b3d06e61f9e46678bc1706d9f88af8,2026-07-23T16:29:51.294718+00:00
2026-02-02,SOL-USDT,True,,SOL-USDT-L2orderbook-400lv-2026-02-02.tar.gz,210391589,b45b69fb59b30e01ea77f8bdc57f3ee89665653c2080b9bbc155239fea3deb70,4498170,96,4498074,0,0,3,34,1440,96,86463ce036b4075fdfc9d7681d55f6a2a8f5ec5a699f490170ca70ff2468155d,2026-07-23T16:28:16.253215+00:00
2026-02-02,XRP-USDT,True,,XRP-USDT-L2orderbook-400lv-2026-02-02.tar.gz,252134997,fbb0476d1af637762a580e5f67289f5e9128f4e77066c47ba918b69b40630b86,4873151,96,4873055,0,0,0,44,1440,96,572948f671706494d5d8c145e8c5d7d4cf579b61a5b0ceaa0d6ec95397bde40d,2026-07-23T16:29:02.231883+00:00
2026-02-03,ADA-USDT,True,,ADA-USDT-L2orderbook-400lv-2026-02-03.tar.gz,68856732,2ceb23937d040f7764885ee9aad3b5b2e53e71494a11688895fe6092447abfb9,2407818,96,2407722,0,0,2,71,1440,96,32e3da6b958cf96996b1ac7d54359f27142f8ada26a6d11e3c2e09621652f417,2026-07-23T16:31:10.356011+00:00
2026-02-03,AVAX-USDT,True,,AVAX-USDT-L2orderbook-400lv-2026-02-03.tar.gz,88703974,2d16981d28caaf36f7ca4f8819ea5523733c459e03c7e2db6e2ea683672f801e,2919008,96,2918912,0,0,1,37,1440,96,f689b31ef95ccaca90dc95c3d76cb95ea42085fa61625f9b6483f52accbcbe6c,2026-07-23T16:31:22.140433+00:00
2026-02-03,BTC-USDT,True,,BTC-USDT-L2orderbook-400lv-2026-02-03.tar.gz,398779370,9dcfb75addc41d3f767b771e24cde28b5ad0c965ad5ac09ce214af30e20519c6,6274939,96,6274843,0,0,1,17,1440,96,c0eb51b8c1c6b7bc824059e6a6ee0d11808d32b456f2b1fd250ab25a4e6bd272,2026-07-23T16:33:52.592244+00:00
2026-02-03,DOGE-USDT,True,,DOGE-USDT-L2orderbook-400lv-2026-02-03.tar.gz,174861696,018a59c6c52c82fc14aedebac811389077290e73844db7a7d5c637a92b2db1ff,3522915,96,3522819,0,0,6,63,1440,96,dcfb43d9e0dfa49726b8ea5ee980b6ae7d36cacbea5249a9a5819b3800bb76d3,2026-07-23T16:32:01.052514+00:00
2026-02-03,ETH-USDT,True,,ETH-USDT-L2orderbook-400lv-2026-02-03.tar.gz,385019567,119bd56e21744c7398710de27a65b7308cd71e41be1352fb19f744d056555206,6148630,96,6148534,0,0,2,1,1440,96,274f9a7a9b76560f865ec21ceaf16fc4001d0462491fd4f357d440f07e128dcb,2026-07-23T16:33:05.847772+00:00
2026-02-03,SOL-USDT,True,,SOL-USDT-L2orderbook-400lv-2026-02-03.tar.gz,153722403,f337ea87cbe9d069fbc44cb2f7f82a2e0a774b3eb86c29131ae3b43aa253af9d,3851279,96,3851183,0,0,6,1,1440,96,76a25e2bfbbb7f7a7d04cfd8bee352356682cbfaefe2da6088dddf212771c407,2026-07-23T16:31:42.833592+00:00
2026-02-03,XRP-USDT,True,,XRP-USDT-L2orderbook-400lv-2026-02-03.tar.gz,196679630,767a3a03299244b2aaac0d7bcbec35aae3929d1c6f15399889e33b9f1bb30b4e,4290854,96,4290758,0,0,6,53,1440,96,0af86f3aef5fd131918d16a7e5e9221454b777c6e534ab23e952647bd97f7870,2026-07-23T16:32:21.926566+00:00
2026-02-04,ADA-USDT,True,,ADA-USDT-L2orderbook-400lv-2026-02-04.tar.gz,72498449,11895d61f5b4194b21b5bfe3650ecc5e56cdd4172a4943e0df573b7e22b0accc,2468645,96,2468549,0,0,9,20,1440,96,00c82b7cf66b69f667dd075740948d3e08d883e12c74b734084df39de4553d0c,2026-07-23T16:34:03.579617+00:00
2026-02-04,AVAX-USDT,True,,AVAX-USDT-L2orderbook-400lv-2026-02-04.tar.gz,96254264,c0cea9ea2d32c406307f59b3eef1be7d3707645a06dce351d7afdc91b7c7b43c,3091877,96,3091781,0,0,3,106,1440,96,601826a0728e8b74b6b2c2d96122e9ff1d65ba82466dc20dceada926eec1d3d7,2026-07-23T16:34:17.314375+00:00
2026-02-04,BTC-USDT,True,,BTC-USDT-L2orderbook-400lv-2026-02-04.tar.gz,427118248,3e14d0f6ef2ded63dc460ba1b718c7f233e07f1d8250d57590dd444004788262,6653801,96,6653705,0,0,3,6,1440,96,d6213097b8f3b951ef7da1bbdfab7cc5f5eb8ff959299ed97bbb1a94b91a9e4a,2026-07-23T16:37:03.049547+00:00
2026-02-04,DOGE-USDT,True,,DOGE-USDT-L2orderbook-400lv-2026-02-04.tar.gz,173983874,e4296cb1a2adc8de44661d5693b7947abe535192a2a6321b9527e4cfa7f97919,3526674,96,3526578,0,0,7,14,1440,96,0019207b42f535c3e2e882fed2dd6bb622d8fab9f3d607699b1f116aaa84f784,2026-07-23T16:34:35.125378+00:00
2026-02-04,ETH-USDT,True,,ETH-USDT-L2orderbook-400lv-2026-02-04.tar.gz,393611715,931279c2dec22f13de3dfebb57d28da723efc0776bf96d7aeecd3e9de3ff6c1b,6261875,96,6261779,0,0,9,10,1440,96,d954b90e4748b5eaf4489aa5eef33dab9c45fb77d7ee0a4a434962027fdbbb83,2026-07-23T16:36:03.326640+00:00
2026-02-04,SOL-USDT,True,,SOL-USDT-L2orderbook-400lv-2026-02-04.tar.gz,178372607,fde1ad281dc099a68c8385e3b350f422c6ca9b3ca114d501dbd3c20173925c48,4188737,96,4188641,0,0,9,12,1440,96,f37375f2b181d4042c409dc0d91df750837d050eb1988bd39fd985cb0f941eb7,2026-07-23T16:34:55.341101+00:00
2026-02-04,XRP-USDT,True,,XRP-USDT-L2orderbook-400lv-2026-02-04.tar.gz,202914988,ad4ce10166aecf1c31589728ef267d4481a3207df76391ce4596d386993b033f,4465007,96,4464911,0,0,7,14,1440,96,1c143d90c9d95ef6ce3149b3f069be8be28c2a9677c6914e5bab7bf85e1940ca,2026-07-23T16:35:17.452629+00:00
2026-02-05,ADA-USDT,True,,ADA-USDT-L2orderbook-400lv-2026-02-05.tar.gz,134396185,03b57b7fa156a209a39bbead5ac5c09b0d1c3fa3301421426dc545751c74f03d,3570123,96,3570027,0,0,0,78,1440,96,1f5d43caa4b7ddc83bdd434968089e15d5f6481e142608820177fbc7c92faea6,2026-07-23T16:37:22.445744+00:00
2026-02-05,AVAX-USDT,True,,AVAX-USDT-L2orderbook-400lv-2026-02-05.tar.gz,188809920,453c9366a992fd1f162376adf664003662d02af936a1cbc4f39dd9de4347ba5d,4623747,96,4623651,0,0,4,16,1440,96,8525a65502aef870272181a1a7e60325011c8396757225a3fb540d00048bd328,2026-07-23T16:37:48.379649+00:00
2026-02-05,BTC-USDT,True,,BTC-USDT-L2orderbook-400lv-2026-02-05.tar.gz,765176068,808684b1bbbe439216672dc79e3980f518c259fe89646fc6ad2cbb422fca77c9,7961320,96,7961224,0,0,4,6,1440,96,279809d30066b7fd33a07de3abd87c21bff4990b78815fcb0fd5ba99f831bb38,2026-07-23T16:42:50.518652+00:00
2026-02-05,DOGE-USDT,True,,DOGE-USDT-L2orderbook-400lv-2026-02-05.tar.gz,386468012,815e580035b0f811f8862b9b438c0d315405459b7069054ef2df19a0629c1e05,5390333,96,5390237,0,0,6,95,1440,96,10b4f18667c9e420ceec541d2728f3bddf6861e913d589da405e14ea6f6749fe,2026-07-23T16:39:01.616884+00:00
2026-02-05,ETH-USDT,True,,ETH-USDT-L2orderbook-400lv-2026-02-05.tar.gz,610780211,3ca9063fdae8e95c2ce3051f43ba79a2156317866b1d24d345e47cdb7fa0b381,7485603,96,7485507,0,0,0,18,1440,96,f5cdf1f8d8d2c0cfaab7ed03f48ca04d224605437b87f756760679462ee2bb58,2026-07-23T16:41:13.724900+00:00
2026-02-05,SOL-USDT,True,,SOL-USDT-L2orderbook-400lv-2026-02-05.tar.gz,324040850,02a35f34a7b05474d61bcf06875611d1d101868cdd917e8019b2a9c9f6b1fca9,5672778,96,5672682,0,0,8,17,1440,96,630c2f0bfa7e5bc34f9989c96a460950c380a8edb296df517846c16ef06f4a5d,2026-07-23T16:38:19.668065+00:00
2026-02-05,XRP-USDT,True,,XRP-USDT-L2orderbook-400lv-2026-02-05.tar.gz,464600514,174d1e1c24226d3741b6b8ca244ff1fdc6f737347c366f80e0fb53ca6ff8365e,6371925,96,6371829,0,0,6,15,1440,96,9cc90add77c8ae9b5a74dc469c95e51cb8fa4e5481ecbbba5cb520349b1d07fa,2026-07-23T16:39:51.262362+00:00
2026-02-06,ADA-USDT,True,,ADA-USDT-L2orderbook-400lv-2026-02-06.tar.gz,109959040,045dcd86b33a73a0cd7a636435fcf21716e96d2d7209ee5653fbdbe209f95ed8,3102589,96,3102493,0,0,2,98,1440,96,4b5248ad01d1f44eaba6af0fa946a5e2ce42dbe1b288b4a1d411a13a4c76b790,2026-07-23T16:43:07.274327+00:00
2026-02-06,AVAX-USDT,True,,AVAX-USDT-L2orderbook-400lv-2026-02-06.tar.gz,147091022,3c148ea1005ec597896dd2c67b511c47e00b4a9fd543c04b4a7396b62e42e08f,3912727,96,3912631,0,0,4,99,1440,96,3efe80e3893f7bae08e1d896415f85e6e636931d061268056d3e2b8d22361fb0,2026-07-23T16:43:27.618138+00:00
2026-02-06,BTC-USDT,True,,BTC-USDT-L2orderbook-400lv-2026-02-06.tar.gz,673522287,033715710a506d2a7d0d9bf590cd64914b79571959f2a2b7e1ecdd7312f6c84a,7720165,96,7720069,0,0,4,9,1440,96,0ab13ea67a9059b16dfbba61eac175120f212a5a2746a507c9fc7bf8dfcde85b,2026-07-23T16:47:50.062630+00:00
2026-02-06,DOGE-USDT,True,,DOGE-USDT-L2orderbook-400lv-2026-02-06.tar.gz,307053601,87d98b3faf7d6345f3858128f35c5007f9f6fc76d72587a738d75224b84a9b0c,4937290,96,4937194,0,0,5,60,1440,96,1ff1048649669b0f17fdbe96d34da636e4e741a65e62b3f4191dadc9e94eb1f9,2026-07-23T16:44:32.584859+00:00
2026-02-06,ETH-USDT,True,,ETH-USDT-L2orderbook-400lv-2026-02-06.tar.gz,501724927,f0ba1f93e258806b8a48b711f6835d1d45d323dff2e7718da4dc9dc204061baa,7228918,96,7228822,0,0,2,8,1440,96,23f4e176090ee5f55f948740a083f9538a44a89dd89c244e599b6c98a224f721,2026-07-23T16:46:19.095363+00:00
2026-02-06,SOL-USDT,True,,SOL-USDT-L2orderbook-400lv-2026-02-06.tar.gz,273580590,4d728ddc65fd03248f331859b3bea515080df96988a49785a5fe85e0ddf8e4a7,5180052,96,5179956,0,0,3,1,1440,96,70e63cf346443f29903912dbd844edc5192e42e0bae56eb70889c31ee619ce5d,2026-07-23T16:43:59.403478+00:00
2026-02-06,XRP-USDT,True,,XRP-USDT-L2orderbook-400lv-2026-02-06.tar.gz,376973925,fd5a9b83e3f349ed25df7290160b53b995a10ed489e05d4ac628254d494e4e47,5977085,96,5976989,0,0,5,50,1440,96,39fb07eee7f77ee6f0025659ce965323a8e8f9d49b3a0ab874009727077419a9,2026-07-23T16:45:13.379047+00:00
2026-02-07,ADA-USDT,True,,ADA-USDT-L2orderbook-400lv-2026-02-07.tar.gz,61796108,a2f610bf4d1a25de0dd63c9e4189a764551ee82663ea2670d4efe2c4b4856611,2113749,96,2113653,0,0,2,12,1440,96,7e3b939de6d1e3521e10d4ef1805c67b096c376b3041ce174cef3ff1924696fc,2026-07-23T16:48:01.483352+00:00
2026-02-07,AVAX-USDT,True,,AVAX-USDT-L2orderbook-400lv-2026-02-07.tar.gz,70695298,68ef2a0b346c0377d24158a6b45c859ba9348912cbbfdb6b1d0007afed320a56,2475830,96,2475734,0,0,1,164,1440,96,dac316b62955847705301492e39e6915d75b539b67a6a7b50538cef28f7fa630,2026-07-23T16:48:12.534900+00:00
2026-02-07,BTC-USDT,True,,BTC-USDT-L2orderbook-400lv-2026-02-07.tar.gz,386719759,84bfda90cfbf9785556907d3bc045e2f45ec27f9a4c48ba3e463d9ebf8aa631f,6540138,96,6540042,0,0,1,4,1440,96,7203d46091d7381a847c9705f20be11b28ba006dd324cb88640d7912d900f4b2,2026-07-23T16:50:48.583696+00:00
2026-02-07,DOGE-USDT,True,,DOGE-USDT-L2orderbook-400lv-2026-02-07.tar.gz,150315212,85eebf25cdd0d35a7cc00272fe46f885dacf37757edf9ce8f9555beb42886e03,3269391,96,3269295,0,0,0,8,1440,96,2db63113f1f496b59af2f42dcb6c76634c53154815f42e556aee90d97fe708ea,2026-07-23T16:48:52.355533+00:00
2026-02-07,ETH-USDT,True,,ETH-USDT-L2orderbook-400lv-2026-02-07.tar.gz,285765718,c567dea1f6bcd0024b9cbaf2efd6ca9ce87890b56cc1e7a6242996dbd5bd1e33,5712835,96,5712739,0,0,2,2,1440,96,e275f85186803c038c7b8c9f37cf74908a74378335e910b512ac71e3d5318d64,2026-07-23T16:49:53.802333+00:00
2026-02-07,SOL-USDT,True,,SOL-USDT-L2orderbook-400lv-2026-02-07.tar.gz,141435509,a000bbaad65303f0b41ca5b4684e4e12b27a98540079be8a02b2c51ed065a2ed,3722765,96,3722669,0,0,9,31,1440,96,549c298c5f9d05e09509ad7b1644521df2a56cf9a6bec00ee755dfb2cb9f57b2,2026-07-23T16:48:32.386888+00:00
2026-02-07,XRP-USDT,True,,XRP-USDT-L2orderbook-400lv-2026-02-07.tar.gz,222697797,4c90ef12ed7f0bd98e6ec39116ae22cc744d3ca370f4359c2beedd8a3d7617d5,4563313,96,4563217,0,0,0,68,1440,96,fef2736407e8563ce5719797a3100f53737b9388d888bcdf51bb61438464c2fd,2026-07-23T16:49:18.461839+00:00
2026-02-08,ADA-USDT,True,,ADA-USDT-L2orderbook-400lv-2026-02-08.tar.gz,42397974,e1fcfccec7f2036faf3f9c00b142b2e840cd260b858ec45bae36834f96af8bca,1737222,96,1737126,0,0,8,117,1440,96,902e0dfccf1276a26ac82d66bdc90e213062127617f2bc5301b39d82adba1ace,2026-07-23T16:50:57.082002+00:00
2026-02-08,AVAX-USDT,True,,AVAX-USDT-L2orderbook-400lv-2026-02-08.tar.gz,44766774,421ac9864084e96a7b9defadad5ecac3667e8427192843929ee825921817efaa,1898999,96,1898903,0,0,6,142,1440,96,08bd1e5c2cef6d8b6dbabf3fdf57767c1d5377409b80ad557e3bd88b1cd49099,2026-07-23T16:51:05.086181+00:00
2026-02-08,BTC-USDT,True,,BTC-USDT-L2orderbook-400lv-2026-02-08.tar.gz,294709871,9785f3f9f6f75dd4d6843daaad6c5115e2f2af11d1fdc6021f5399ac04a3838e,6000890,96,6000794,0,0,6,2,1440,96,30bdd23c10cf59969bbf4e6845eb651e11f4778f9802cecbc41effc216e6d9c7,2026-07-23T16:53:07.573082+00:00
2026-02-08,DOGE-USDT,True,,DOGE-USDT-L2orderbook-400lv-2026-02-08.tar.gz,105162992,9855502448ea2ecbf02b21160b217833b2120626fae3ecb5e3bc51a03f18a872,2786282,96,2786186,0,0,2,165,1440,96,d2d0c98c22d89504ea67716a31192d060783faa23f6eb39ffb817bee4ed313c3,2026-07-23T16:51:31.701369+00:00
2026-02-08,ETH-USDT,True,,ETH-USDT-L2orderbook-400lv-2026-02-08.tar.gz,207841931,0ad27daf57d4f2e4ddda8cd7b7f2498c200bf30e02f659eee66c870f9dfcba79,4892608,96,4892512,0,0,8,457,1440,96,b62b08ebf5ae6ae305e6573f6471fcf86c2a1b42036539386a323442097bc3c1,2026-07-23T16:52:22.882524+00:00
2026-02-08,SOL-USDT,True,,SOL-USDT-L2orderbook-400lv-2026-02-08.tar.gz,99642529,eb57af0d0b570e77afd4ddf0e7863b9d537ab5ae6a273cf9a9195b7b8df9c8de,3041605,96,3041509,0,0,9,37,1440,96,b23197dca05d99073cbcb2e23b0d3317092fcad23cc47741c4bed30512472211,2026-07-23T16:51:18.010724+00:00
2026-02-08,XRP-USDT,True,,XRP-USDT-L2orderbook-400lv-2026-02-08.tar.gz,143021659,a365486dc2aa64dd454a66fba7c3c839d435972ed52e7fb72a764c6ed90f33f3,3727335,96,3727239,0,0,2,45,1440,96,fce04048a7b6e3660902959da11a558109ee7b864d7f29d63a769146f0518ce9,2026-07-23T16:51:51.626904+00:00
2026-02-09,ADA-USDT,True,,ADA-USDT-L2orderbook-400lv-2026-02-09.tar.gz,49837000,483fe0051df7ed9b28f57e7708b3c8eca1437628d789c00aeb71cc73b39e35ef,1913145,96,1913049,0,0,3,146,1440,96,9ec7449d99cdaa46884280e4fc78bf522b1bf2ca7d5d8310f3f99fdcfc87c54e,2026-07-23T16:53:17.473544+00:00
2026-02-09,AVAX-USDT,True,,AVAX-USDT-L2orderbook-400lv-2026-02-09.tar.gz,64200817,20eb06bdcd498648b0169e90d3cc6efa86a23d5ecf28a85f7cdecad1c38dd976,2309371,96,2309275,0,0,8,66,1440,96,2378c5a76ece10e4e5821b66d506eebd854433bd8cc70b01e655e560df5e8945,2026-07-23T16:53:28.077557+00:00
2026-02-09,BTC-USDT,True,,BTC-USDT-L2orderbook-400lv-2026-02-09.tar.gz,412958406,2842c2088e15dad45d191710b27c40590013f20ef9a04dfddabc19e6f529a474,6831836,96,6831740,0,0,8,6,1440,96,ebb9021933523203562afbf8f3de4b7ad3455a712b85b0ad6cd775ed02843481,2026-07-23T16:56:07.556010+00:00
2026-02-09,DOGE-USDT,True,,DOGE-USDT-L2orderbook-400lv-2026-02-09.tar.gz,126009642,9e7561bbce1ed0780978d3168a6f42d159a8c4f7dac029396b3a29d7f3e6e4be,3017348,96,3017252,0,0,5,155,1440,96,74376cbdeab76757109f7b86eb597f9c125d672d3bceb11ca47a95ce6d7b1d0f,2026-07-23T16:53:44.124376+00:00
2026-02-09,ETH-USDT,True,,ETH-USDT-L2orderbook-400lv-2026-02-09.tar.gz,292297874,b3064c71ef1d3d0a22bafe2cfcfdccc3ceb0113ddc2953244f4c1b85d63ac1f1,5855412,96,5855316,0,0,3,56,1440,96,aeab8ef702027aa46cb97cbfbdaf564941e169bb1d25680487072f3059b7142b,2026-07-23T16:55:08.400482+00:00
2026-02-09,SOL-USDT,True,,SOL-USDT-L2orderbook-400lv-2026-02-09.tar.gz,134699573,10ad6c602c93a48bafcd44bcfbac4f6778d6b5426b6090fec578e02725f8a4a4,3634784,96,3634688,0,0,3,95,1440,96,74033b38a4e80158164b95e5eb5aa26fb969f6c2249cf0670e1e6816745a1b51,2026-07-23T16:54:02.134243+00:00
2026-02-09,XRP-USDT,True,,XRP-USDT-L2orderbook-400lv-2026-02-09.tar.gz,183539432,9abae7a77471bf71dad6a4ff66c949b4cc91491c5f5e89fc9896224eabf4404d,4248400,96,4248304,0,0,5,35,1440,96,83856308246ce784cb865ebffc46ed149c8bed803239392275bffc9645498485,2026-07-23T16:54:25.227828+00:00
2026-02-10,ADA-USDT,True,,ADA-USDT-L2orderbook-400lv-2026-02-10.tar.gz,39677376,9a7d7af1d281bf192cf14aa462c848fd49d72a783d29aa4952f58bc3f024c286,1701657,96,1701561,0,0,4,70,1440,96,caa9c95975815fc61af5190273c75b4f956e5c00dd25ec4c7fc278093e9cd92c,2026-07-23T16:56:15.859844+00:00
2026-02-10,AVAX-USDT,True,,AVAX-USDT-L2orderbook-400lv-2026-02-10.tar.gz,49892954,c1ce80e28d6c7778e64f3080f9e3c834b98ee46c3d333eb4bf517c92e02b1623,2009980,96,2009884,0,0,4,91,1440,96,d63345a0352d7157d09b9c726673d68ae849a8370e8bc8df673c75ad58f004f0,2026-07-23T16:56:25.112952+00:00
2026-02-10,BTC-USDT,True,,BTC-USDT-L2orderbook-400lv-2026-02-10.tar.gz,328033016,4070c4f12935ea368f2b0c02aa32185aa91ebe4549d591f8096623a3b77d2a4a,6383619,96,6383523,0,0,4,21,1440,96,fbf761911d823c2f5dff6251838df9c314c42f6453b3ca3af411f23dc5ad132a,2026-07-23T16:58:31.065028+00:00
2026-02-10,DOGE-USDT,True,,DOGE-USDT-L2orderbook-400lv-2026-02-10.tar.gz,100042161,91557d4655be7be76e90715baedaac4ae99108b61c77c21ee47b6786218b10d4,2544892,96,2544796,0,0,5,233,1440,96,335ebc8144e1924e002ae996c0e60bb31b06ca8fd332995458b48cb534610010,2026-07-23T16:56:38.483393+00:00
2026-02-10,ETH-USDT,True,,ETH-USDT-L2orderbook-400lv-2026-02-10.tar.gz,236346399,7a58dafcc5d0710926f796d022ad1adb721c01801997a70d7987a64fce8e24c3,5203160,96,5203064,0,0,4,160,1440,96,dfb78aa4046d9c83d6dfed25a28eb613644ff7a5553e0fe0a5eb7584241a2bf3,2026-07-23T16:57:44.834384+00:00
2026-02-10,SOL-USDT,True,,SOL-USDT-L2orderbook-400lv-2026-02-10.tar.gz,106783528,2e6152774f3989f38cdf0b641c816b4adbc94aca60182ee58127480adfdd34e1,3246089,96,3245993,0,0,5,11,1440,96,23515b2a38294cb935032e2a61a5e3fd525b8521f19a57af8bb4786d09a574c3,2026-07-23T16:56:53.897936+00:00
2026-02-10,XRP-USDT,True,,XRP-USDT-L2orderbook-400lv-2026-02-10.tar.gz,127509587,0cd1e38fa5a6bafe94812c2ca0d60ed5443a640ec8a4171e01b46541d76cc396,3540544,96,3540448,0,0,5,53,1440,96,8a952307fffeaa4fe9e9ad04b0bbab918dcbb6c80642716c2160fbc8de2a2302,2026-07-23T16:57:11.551355+00:00
2026-02-11,ADA-USDT,True,,ADA-USDT-L2orderbook-400lv-2026-02-11.tar.gz,48644479,d40990bee41617bba909f917b6dfd92171f31efaa300d616c0d61d0a1bbc9c18,1839120,96,1839024,0,0,0,2,1440,96,d2e483ccbfef1f07dca39310722ca5e30513b6ca953582b8376a668cde0ae6aa,2026-07-23T16:58:40.399468+00:00
2026-02-11,AVAX-USDT,True,,AVAX-USDT-L2orderbook-400lv-2026-02-11.tar.gz,70199236,abe8088ea846537eda08f82eb676a72202a81ea7ceb8937a299fbab2c8bd3d9d,2363553,96,2363457,0,0,9,1,1440,96,e522e717dbd7a48026612784745b965dc2cd88636afdd857387369a65ff5df07,2026-07-23T16:58:51.403464+00:00
2026-02-11,BTC-USDT,True,,BTC-USDT-L2orderbook-400lv-2026-02-11.tar.gz,384099607,9b44cb6bc53c862385a5177fba8e28308bd5b837670161502e98965a885a6a7f,6649185,96,6649089,0,0,9,1,1440,96,3d9a6583916e82f4014162c5c216645042ebb5599aad776df1f95770e8359f6e,2026-07-23T17:01:16.382842+00:00
2026-02-11,DOGE-USDT,True,,DOGE-USDT-L2orderbook-400lv-2026-02-11.tar.gz,135994623,bfc342a8f913e3ddf8aaa301d239faf011eb0e187bee0845239d88fab1fe6c93,3053637,96,3053541,0,0,7,2,1440,96,acad4176f2e4cffe3e86e6dc73102e893f65484f8638f0b3e5604cfa853ce635,2026-07-23T16:59:26.722408+00:00
2026-02-11,ETH-USDT,True,,ETH-USDT-L2orderbook-400lv-2026-02-11.tar.gz,293170898,117e6e58fb29566b6c80e0e47f7515b2fcbaf7d5a86164c23ed502bbc9100ce7,5563502,96,5563406,0,0,0,2,1440,96,e7d9076b55c14056bb0fa16aca8624d8faf0001cc30ae0855599c42edc8f423b,2026-07-23T17:00:20.604352+00:00
2026-02-11,SOL-USDT,True,,SOL-USDT-L2orderbook-400lv-2026-02-11.tar.gz,135048053,18f9225391f6e7740a7b01b65a15d8a000a0bb4a78c91c1afa7af05e6d909d4e,3627305,96,3627209,0,0,9,3,1440,96,116c12f15b886ff9c59061b17298a4a20e686bab7ea273b88f5040d66cef6680,2026-07-23T16:59:09.849259+00:00
2026-02-11,XRP-USDT,True,,XRP-USDT-L2orderbook-400lv-2026-02-11.tar.gz,166160195,a8735f61d44155e5e5ccbb4bd2846cec5e0e4e1d1146344b36a64caf6caa1687,4076399,96,4076303,0,0,7,2,1440,96,12b310437de7bbc3bf12666622858dd628ec1c43c555adb47b1ca388a3d6f0c8,2026-07-23T16:59:45.679916+00:00
2026-02-12,ADA-USDT,True,,ADA-USDT-L2orderbook-400lv-2026-02-12.tar.gz,46569047,faba4abbf630e8db6c3e4af64405311d6504e5378c3b7e52d982e069670dd643,1829422,96,1829326,0,0,8,69,1440,96,9497123be544093401d03e7f97eb11e338dc5e0bb47db79dc547f296c11ea057,2026-07-23T17:01:24.509314+00:00
2026-02-12,AVAX-USDT,True,,AVAX-USDT-L2orderbook-400lv-2026-02-12.tar.gz,54225478,66ebdbceab6b7abe9bd3bc423b4f5609fc08e7e61f81ab47bf3443618c027ffb,2010559,96,2010463,0,0,9,149,1440,96,74f07b035c2915389518838cad5e5fe3b4cf5bcba148bf5dd95e020fefeb2de3,2026-07-23T17:01:32.067750+00:00
2026-02-12,BTC-USDT,True,,BTC-USDT-L2orderbook-400lv-2026-02-12.tar.gz,366061164,ad5baad9a17b67b105637052b1cd5e9edf135da29e32d8c051b05f3349ef029f,6436899,96,6436803,0,0,9,9,1440,96,a4d5d1ac9a67fa1cdc7565943c0c4d895958a8ada96033dbada7ab60c53abbdc,2026-07-23T17:03:36.632737+00:00
2026-02-12,DOGE-USDT,True,,DOGE-USDT-L2orderbook-400lv-2026-02-12.tar.gz,113549774,c3e2ef0787881f483a4b2421172b6431cff23a22995b07059ff42365635bf299,2790935,96,2790839,0,0,8,4,1440,96,9b1ddc6a42e464f66147736c13a5508e87f6442799026fcfb1962b997f41b8ee,2026-07-23T17:01:48.270164+00:00
2026-02-12,ETH-USDT,True,,ETH-USDT-L2orderbook-400lv-2026-02-12.tar.gz,266082299,c759dedbea10a7578cf064ac0233c155d399cc8af680fcf3d3b368fe06636533,5347140,96,5347044,0,0,8,9,1440,96,9b5ec8f05b8bfd6c7712ef5d01fc0767e320dcddf4a2a2945f183e0699c45858,2026-07-23T17:02:52.413217+00:00
2026-02-12,SOL-USDT,True,,SOL-USDT-L2orderbook-400lv-2026-02-12.tar.gz,120824210,e64d66e121f21e3fe6916b36a9b76d77ed5c3ae01af19f918cc56c8f7775360c,3364717,96,3364621,0,0,7,38,1440,96,c8aa156f055ba563b255dd53095cf5d58b942f517637979aa24ec80cef5f8b29,2026-07-23T17:02:03.868323+00:00
2026-02-12,XRP-USDT,True,,XRP-USDT-L2orderbook-400lv-2026-02-12.tar.gz,138217667,4c486ab926e09f92bfc4c9ad9519e78dd6c3c99a1d22249e1092c924debc8a46,3689631,96,3689535,0,0,8,4,1440,96,016920a68fc71361a08005cbf143a2cab9146ff0d7d817f483d92b357ebdc17f,2026-07-23T17:02:19.935452+00:00
2026-02-13,ADA-USDT,True,,ADA-USDT-L2orderbook-400lv-2026-02-13.tar.gz,42710911,4a86bd1b629ea45038c3f0b57c0fc7e8e92f29c933b15a0b5b053dd199b97d5f,1763846,96,1763750,0,0,1,214,1440,96,7c2678873874d73fdadae3b2a68018aaa17520abbd6119bdf1f11f52653218e5,2026-07-23T17:03:44.373838+00:00
2026-02-13,AVAX-USDT,True,,AVAX-USDT-L2orderbook-400lv-2026-02-13.tar.gz,47014762,64ef5783bde96e688b714f869ed0a393cdd6eca4671a1717bef7bb199c15cdb3,1864714,96,1864618,0,0,1,44,1440,96,64b45c1a67e9ebdc7a65de810dd29cda18835c791c79fbcaaff3698856707d06,2026-07-23T17:03:51.785187+00:00
2026-02-13,BTC-USDT,True,,BTC-USDT-L2orderbook-400lv-2026-02-13.tar.gz,322586657,8c99215d9418e5bf6a6c32b8cd4d7a9d061cbb5356f5c32d86895026b09d6012,6271544,96,6271448,0,0,1,4,1440,96,f71282c85634caf2b235f3d54025b0adfe6c1aa73d6123e0d20a674322f1596e,2026-07-23T17:05:55.200924+00:00
2026-02-13,DOGE-USDT,True,,DOGE-USDT-L2orderbook-400lv-2026-02-13.tar.gz,99507247,f1def4a1d74fcd60e032175ad5a33e4879a30edc10335a5aa976020b61509325,2690341,96,2690245,0,0,6,58,1440,96,6434d95bd7cf4e20a5c953dfbb5dd2f97469d7d9e0e8277c48190881d2feca52,2026-07-23T17:04:03.054987+00:00
2026-02-13,ETH-USDT,True,,ETH-USDT-L2orderbook-400lv-2026-02-13.tar.gz,226863695,95877bef28f6028cf4e94ea7cfa4464bba5d905b520125e875beb70ab0465939,4967321,96,4967225,0,0,1,4,1440,96,aad3f11de807e7641ed74502552ca8d7b19777b180fa4b436946c3bce223e2fc,2026-07-23T17:05:01.550997+00:00
2026-02-13,SOL-USDT,True,,SOL-USDT-L2orderbook-400lv-2026-02-13.tar.gz,116053283,0fbcde41c038f96d68b113801f992068dbd5bc611d0f53f7bfc3244fe70c82df,3506625,96,3506529,0,0,2,50,1440,96,c8f4d23b9b0a79d5a1c569d9e0575b3ba41ab727ecb977f898863fa881b0dd98,2026-07-23T17:04:17.380357+00:00
2026-02-13,XRP-USDT,True,,XRP-USDT-L2orderbook-400lv-2026-02-13.tar.gz,131899560,f12ba52c6ef7702a9807bfb15d2157af568d8ecda5071cfbf7a23927605f20df,3702321,96,3702225,0,0,6,8,1440,96,854b4bb651e1d1a13e41d8a4443c91245d7d3902c1422a7327fd0d0d70abef83,2026-07-23T17:04:33.175224+00:00
2026-02-14,ADA-USDT,True,,ADA-USDT-L2orderbook-400lv-2026-02-14.tar.gz,37244541,a339a91e72f1be0086072fcb5d7e66df190223a45b551974700d14a16bae196d,1579810,96,1579714,0,0,6,20,1440,96,ddb08df19d960bd97641fd5fbafbaf9dcf13fc5a5fc06200368df28a40f3ee0f,2026-07-23T17:06:07.852963+00:00
2026-02-14,AVAX-USDT,True,,AVAX-USDT-L2orderbook-400lv-2026-02-14.tar.gz,32784707,b2f9e06cff49c8b0cee79cc72ae2c66df7b4715954d7d68b6c93cba6760702a7,1542438,96,1542342,0,0,6,16,1440,96,c7c184a1affc206158634f6305e2f8ad0b3d0ee0f5ae28f05eb17b4c370977c2,2026-07-23T17:06:01.998828+00:00
2026-02-14,BTC-USDT,True,,BTC-USDT-L2orderbook-400lv-2026-02-14.tar.gz,187545857,599ffea3fc64f42510babd6760c2e3d35f46b36d991f85f24613f31a698c2dcf,5203420,96,5203324,0,0,6,6,1440,96,a803aa4beb3de2ad8a33cb92e2f579f5782a322f93cc2a7556b0476437010c46,2026-07-23T17:07:28.090202+00:00
2026-02-14,DOGE-USDT,True,,DOGE-USDT-L2orderbook-400lv-2026-02-14.tar.gz,118831013,aeec266aa07c607d0773ba1eb0b8a70148f7aba29d62bdabfbd9ab09aa651135,2823032,96,2822936,0,0,2,4,1440,96,179d6486ed53c4fec4af6d716c667d5a09e393761a823afb2a1cf0fe3e591ec6,2026-07-23T17:06:43.830310+00:00
2026-02-14,ETH-USDT,True,,ETH-USDT-L2orderbook-400lv-2026-02-14.tar.gz,131185447,81d1f52740e7677c341f878804e85735e1cdbe1c099a171a65baf63ef791f651,3704167,96,3704071,0,0,6,140,1440,96,b6cca2ca0cb420831205e24018da5aa84020b7ec6a25cfa62f3f13530aa52d67,2026-07-23T17:07:01.920787+00:00
2026-02-14,SOL-USDT,True,,SOL-USDT-L2orderbook-400lv-2026-02-14.tar.gz,75637324,8305da7b0a5a0ef89f2cf7dea0fa723b725e314875b50129531431dd0e499935,2725681,96,2725585,0,0,0,87,1440,96,32f11548bea49d786e7203f44e6f14ff1ffe0222c6664aed85e0c14399f5aac5,2026-07-23T17:06:18.159887+00:00
2026-02-14,XRP-USDT,True,,XRP-USDT-L2orderbook-400lv-2026-02-14.tar.gz,104181298,aad9738bc6a4cea2787e21471b68f62b1a6c84ff77c34d2b4625c042e677d22e,3221441,96,3221345,0,0,2,4,1440,96,a180d0753915f59bd5bf1b10fe9c6c903a39ad19f3789dea6eec11c7b1152aa2,2026-07-23T17:06:31.228259+00:00
2026-02-15,ADA-USDT,True,,ADA-USDT-L2orderbook-400lv-2026-02-15.tar.gz,52601605,6d6309db7f6a954525c1974542ef03a8d0636c89153cc3ca3e3ddb0511e717b0,1955865,96,1955769,0,0,0,27,1440,96,6d549f3de147927d24fb950dd62d6e129a006c55d3055337e8b95a134587a3c1,2026-07-23T17:07:46.133787+00:00
2026-02-15,AVAX-USDT,True,,AVAX-USDT-L2orderbook-400lv-2026-02-15.tar.gz,48708276,31d89b4e83dba61cc05720ab25fc7ad1a1365647ab8eb6986e28aa61437fea2d,1873814,96,1873718,0,0,4,4,1440,96,2d097ef96bb11ce3f96cf84dd3ae547138f1ff71729381638a58660b444480f7,2026-07-23T17:07:37.302054+00:00
2026-02-15,BTC-USDT,True,,BTC-USDT-L2orderbook-400lv-2026-02-15.tar.gz,230843721,458a7830757602e24433a86ace0f0de46870c0452aaf978e253216e2e777ebfe,5713687,96,5713591,0,0,4,34,1440,96,e7d88e862bb97bba09b5d47a2c3fc566487ba40fef652f5ab55aca515abef8f4,2026-07-23T17:09:55.195976+00:00
2026-02-15,DOGE-USDT,True,,DOGE-USDT-L2orderbook-400lv-2026-02-15.tar.gz,192264052,811cf9d8d64f373d8d6e8f8e2dcc44d6ef9c3c213c3f8f892c7ba5ad4bdf218b,3642667,96,3642571,0,0,6,30,1440,96,9caa2843facc84709528138e0cdd734221dc3e1586b3681fdd00afaca8712e41,2026-07-23T17:08:52.212339+00:00
2026-02-15,ETH-USDT,True,,ETH-USDT-L2orderbook-400lv-2026-02-15.tar.gz,189571101,3e8cb7a7141d4bdc7300cb0234ea7141521e73e7b1d3b7aefd17bb1c7f89cd71,4648977,96,4648881,0,0,0,7,1440,96,8a299e580543407db732043cf08dcd64880d05a04deeba2cb6040369c50dca4e,2026-07-23T17:08:29.870398+00:00
2026-02-15,SOL-USDT,True,,SOL-USDT-L2orderbook-400lv-2026-02-15.tar.gz,104971385,546fbbdaa014dd263732c0807bb1719d913eacf2a0ba3a6267470d7f5181d05a,3160468,96,3160372,0,0,3,11,1440,96,12d92c7e0511234164ea7c46b8cbf6a55599c3d843547032eedfd3cb63ee8a77,2026-07-23T17:08:01.458829+00:00
2026-02-15,XRP-USDT,True,,XRP-USDT-L2orderbook-400lv-2026-02-15.tar.gz,204184018,2ac9fc80b5b19261e4ab26e2b80935868b8b0daf61d04bf0d742a6980950d359,4561268,96,4561172,0,0,6,10,1440,96,c19d9fa780c401d697be56896f488e98010677e91eef0c85539f01fbd57e9c67,2026-07-23T17:09:18.581882+00:00
2026-02-16,ADA-USDT,True,,ADA-USDT-L2orderbook-400lv-2026-02-16.tar.gz,43964863,b0a3b80bcc610763ddb98cc90ffa20bda22ccb6e376ad821e52de73b567de5b2,1676781,96,1676685,0,0,3,417,1440,96,bb593046b1ea43fcfa0747c765f81ba9947c11ea1ab7423ec4cb12cb74a22c6a,2026-07-23T17:10:03.814022+00:00
2026-02-16,AVAX-USDT,True,,AVAX-USDT-L2orderbook-400lv-2026-02-16.tar.gz,44425782,8fdd47eb1931b15a91e4973bc63b89036ce17ed9a998f8602794ab438ca39df8,1799376,96,1799280,0,0,6,203,1440,96,e4e9337458c9ceae4d5fe7d59576a300c6a3d26025ce63b239f2563e78a6b852,2026-07-23T17:10:11.661891+00:00
2026-02-16,BTC-USDT,True,,BTC-USDT-L2orderbook-400lv-2026-02-16.tar.gz,234199073,f61484a66f61a1f343b03a905dc0f130dfffc1c24624ec3cacc2c86333afc1bc,5443069,96,5442973,0,0,6,33,1440,96,028be4f224d9180997a5e9a6c949ad827dad22c699dcdad20bf72dc68773bbd1,2026-07-23T17:11:59.750782+00:00
2026-02-16,DOGE-USDT,True,,DOGE-USDT-L2orderbook-400lv-2026-02-16.tar.gz,127789046,c848798b4a2966c5d8630ea4a9730b946e29ee4d3190eb9f3f0b7914d00ff31b,2867818,96,2867722,0,0,0,55,1440,96,11c57b19d80ae227cb45b4d5264123d35ce42857f72d3e5727e277c279a930f1,2026-07-23T17:10:42.224039+00:00
2026-02-16,ETH-USDT,True,,ETH-USDT-L2orderbook-400lv-2026-02-16.tar.gz,191901267,c5fc2b5456b3cec81fab92dd1a51a9541960bc15915c58638159add717b531c4,4562491,96,4562395,0,0,3,17,1440,96,5a8c5739148596ee55fd40a0445cb538444e8f12c1f7724b1385f13413cd384d,2026-07-23T17:11:25.203595+00:00
2026-02-16,SOL-USDT,True,,SOL-USDT-L2orderbook-400lv-2026-02-16.tar.gz,100541911,131384e04d879e823c84ae3975f9aeb7a5f6fafa3f738a7ee0e292b8d93951c3,3004760,96,3004664,0,0,9,18,1440,96,b55152112532f6b88f0669c4a5c4d8b51f1dfffe82d5ac619eef57c3b06cb6d9,2026-07-23T17:10:25.793756+00:00
2026-02-16,XRP-USDT,True,,XRP-USDT-L2orderbook-400lv-2026-02-16.tar.gz,137263972,5467fd4b89f9dd8d491d6cbcd76d5d0ff68a72cf5723d457239a4e62278c19ca,3538926,96,3538830,0,0,0,85,1440,96,55a91285a57beda1f34c9e66aad0f50acd15db0b4da14eacfda7fc3def35fb24,2026-07-23T17:11:00.107277+00:00
2026-02-17,ADA-USDT,True,,ADA-USDT-L2orderbook-400lv-2026-02-17.tar.gz,44023958,fdd73ef99b92f5d3461c93cc22bba891f4a60a88bd23335bb17547a16d6ba5c2,1698136,96,1698040,0,0,3,24,1440,96,f2377d17521b7ed668a00983364e371a38fe20a039f5173a439efc3cae982fb5,2026-07-23T17:12:08.410768+00:00
2026-02-17,AVAX-USDT,True,,AVAX-USDT-L2orderbook-400lv-2026-02-17.tar.gz,44250964,276fa70715b620740a39415371312abb61f29862bd4a761ec5af57a61099dab8,1701777,96,1701681,0,0,7,156,1440,96,1c20ecc514eba2a1a385fec001c4aeb83fee92278e4b386fc1b6fd2f56d11906,2026-07-23T17:12:16.003661+00:00
2026-02-17,BTC-USDT,True,,BTC-USDT-L2orderbook-400lv-2026-02-17.tar.gz,267914452,873c7ab0e6cd05bdcba300fcd25ff92f616abaa93c45a7bbe42e6ed5defefbe4,5860941,96,5860845,0,0,7,6,1440,96,65db2a3fb451cc7473a41e0c00d336ac08812d91fe024f6da0046fb6815c635a,2026-07-23T17:14:14.147250+00:00
2026-02-17,DOGE-USDT,True,,DOGE-USDT-L2orderbook-400lv-2026-02-17.tar.gz,121169611,d7dcf454f9aca778bc602d6b1266af83389c75b461cb6919a1f68be79e800c2c,2838561,96,2838465,0,0,5,6,1440,96,5396595293f68d441561b81a1af652a9f6c75b004610f066bc5fbe45da09dedc,2026-07-23T17:12:47.150817+00:00
2026-02-17,ETH-USDT,True,,ETH-USDT-L2orderbook-400lv-2026-02-17.tar.gz,206080482,95abd0fb0bed3fef0248e67667deb17c34253b61c93d54f561357ed1fcd1338b,4746684,96,4746588,0,0,3,4,1440,96,2f5ea7627d232663d3eb43b9e34eea881e704147c6eb97c638dc1c70cab65a04,2026-07-23T17:13:35.144139+00:00
2026-02-17,SOL-USDT,True,,SOL-USDT-L2orderbook-400lv-2026-02-17.tar.gz,107444895,48441f63eebff71bbbfafd57af4d1d0309457a77aa184aa5e0c48e241b833964,3262345,96,3262249,0,0,2,61,1440,96,f9054109b0bdada3ef71093852f62b67fb07aafbb486552abe4cc00d3138263f,2026-07-23T17:12:30.996261+00:00
2026-02-17,XRP-USDT,True,,XRP-USDT-L2orderbook-400lv-2026-02-17.tar.gz,123396756,153556632faffe4f2b66dade68d19a0eb45c310e51cd5c0e8b927f990f216fc1,3368868,96,3368772,0,0,5,96,1440,96,e492daf43d3d7d2ab1e6aa6f06b3d32d04029140350b309b44f728f755c8c6de,2026-07-23T17:13:03.836866+00:00
2026-02-18,ADA-USDT,True,,ADA-USDT-L2orderbook-400lv-2026-02-18.tar.gz,37357508,25568bd5345d539ce06e2ad56f2f86a3edbc7f11089b1956e010c2dbc5c4eb4a,1524864,96,1524768,0,0,6,213,1440,96,5b7d658ec22471addb390a723011470728acd5b7a85160485e776dfefd2dcef5,2026-07-23T17:14:21.995746+00:00
2026-02-18,AVAX-USDT,True,,AVAX-USDT-L2orderbook-400lv-2026-02-18.tar.gz,39088629,9ac2c3d7e09f7fc85435f809250e31adfb45b206ff22c75c61ceccd9723f7a5d,1589563,96,1589467,0,0,4,116,1440,96,cf922d891b18c57637ce1fb35f08b0c4e9594472513f13b33965d6b8c81f7759,2026-07-23T17:14:27.767919+00:00
2026-02-18,BTC-USDT,True,,BTC-USDT-L2orderbook-400lv-2026-02-18.tar.gz,233554395,19d118abbb8b868bed5cf8ef59ac4b78cdc4d555b9a23e020e3455ecba0c0fc5,5347742,96,5347646,0,0,4,6,1440,96,7e1856556e4d26dda35206eb2ae603a105f1e728095973fe223a07d75eae4cc4,2026-07-23T17:16:04.636235+00:00
2026-02-18,DOGE-USDT,True,,DOGE-USDT-L2orderbook-400lv-2026-02-18.tar.gz,104301490,8bf7ae4e41c59368182c52b8c322bb1b93b2853723b9b24c8d28dcaf12a69a96,2623525,96,2623429,0,0,4,105,1440,96,b59783ac71e2ead4185bf798fbd5d643775de758589ec6c73e370e385653bdc7,2026-07-23T17:14:52.748780+00:00
2026-02-18,ETH-USDT,True,,ETH-USDT-L2orderbook-400lv-2026-02-18.tar.gz,192650304,b06ce400f4e3c6e3a45aa4213d4458bda16525b3aab69c6fa544edfb8a7c8a30,4568108,96,4568012,0,0,6,3,1440,96,7ef817112d53c14e6ceaa422bf355306400a0f3c1de4f4e05d554896465bcd2e,2026-07-23T17:15:33.879476+00:00
2026-02-18,SOL-USDT,True,,SOL-USDT-L2orderbook-400lv-2026-02-18.tar.gz,91661283,71646886ab12cf91e28a1267113f5c18b46c51836561f7637d026b0dd3ef61cc,2979627,96,2979531,0,0,9,64,1440,96,4a0ee0c4ea5cdb6e8e8a02afc65cb9c42d5f68c4b63d7211aa3b97b551bbf544,2026-07-23T17:14:41.072336+00:00
2026-02-18,XRP-USDT,True,,XRP-USDT-L2orderbook-400lv-2026-02-18.tar.gz,106111701,53279a1a4c522d8cd4186b8daa952c7bc7744018fae166f657f91d0ec049879b,3147901,96,3147805,0,0,4,55,1440,96,6df812a05c691d80faecd67867768bd0df092a5f80e3519827386792337ada46,2026-07-23T17:15:08.929251+00:00
2026-02-19,ADA-USDT,True,,ADA-USDT-L2orderbook-400lv-2026-02-19.tar.gz,36479404,d20079ae42ab7a2388ebe9d3f823b614ed4e253cd8fe2bd101f220251644dd17,1547798,96,1547702,0,0,7,130,1440,96,4ae9f797ccd2f3aa5f0a6e0a66bc0002775dbbec2077e0e0e198fb3cb76b9984,2026-07-23T17:16:11.678727+00:00
2026-02-19,AVAX-USDT,True,,AVAX-USDT-L2orderbook-400lv-2026-02-19.tar.gz,39543957,4edecec0157f8cf55a8f17cfa8873fa691faccf3618d0fa7a4442de511344d78,1629915,96,1629819,0,0,4,197,1440,96,2c590e468a5c33f97399c3b21f37c9e7ced65c32d625b36ad66ce69e8d9c3f9e,2026-07-23T17:16:17.515750+00:00
2026-02-19,BTC-USDT,True,,BTC-USDT-L2orderbook-400lv-2026-02-19.tar.gz,240799560,5ae1341c40644575a851683bf101b12bfd0f8ba5f30780823955f163c518f3f2,5621557,96,5621461,0,0,4,7,1440,96,e9876b65141a6c5e36955cec1fb2f6d77902e4a7d036b5108c71f0db5ae98e01,2026-07-23T17:17:59.735898+00:00
2026-02-19,DOGE-USDT,True,,DOGE-USDT-L2orderbook-400lv-2026-02-19.tar.gz,103554993,b1305c323767e76314199fa74b7fa4bae3aa3701347f627db653bf327612bb5d,2690632,96,2690536,0,0,5,14,1440,96,779b85df21b254fca52769cbf409718ff0252bfaaec633bbd3e7761adad7bc60,2026-07-23T17:16:40.998947+00:00
2026-02-19,ETH-USDT,True,,ETH-USDT-L2orderbook-400lv-2026-02-19.tar.gz,178875099,be612fc3c21c2b1e76b8d8453f7fa562c2f556bffd4fa439e07f736f01cf12dc,4461351,96,4461255,0,0,7,30,1440,96,e07d278ba1011580133c5f4d9f7c4d03d3f5b04eceb6ab3233fd2f0a2129bc37,2026-07-23T17:17:17.726459+00:00
2026-02-19,SOL-USDT,True,,SOL-USDT-L2orderbook-400lv-2026-02-19.tar.gz,91022870,a8dd964b243fd9fb823837c628f05030ebe9e033673be91fb87e5d30d0822e3f,3015848,96,3015752,0,0,6,4,1440,96,aaf085e3a0b9324715cb93ff12436be0c82ff4e4a2ca74154e419de5c984d1cb,2026-07-23T17:16:29.281299+00:00
2026-02-19,XRP-USDT,True,,XRP-USDT-L2orderbook-400lv-2026-02-19.tar.gz,106980332,c2e81e1eb6ad7676bb432d56d1d6f82a24eca9766b6e246598a2235e8e7a767d,3158878,96,3158782,0,0,5,34,1440,96,a2573739d0747faa101986213d4088e64d47dd2c116fcc4ede1b5a48b36f7675,2026-07-23T17:16:53.920895+00:00
2026-02-20,ADA-USDT,True,,ADA-USDT-L2orderbook-400lv-2026-02-20.tar.gz,44820198,fdbe141b373cb5b181977911758e64297839ebad0b7d8441375f4d60ba90a127,1715351,96,1715255,0,0,0,104,1440,96,74e4482d83d41edc130e21634d1b2e04c1907f8367546feaa9b31f26636894bd,2026-07-23T17:18:08.099961+00:00
2026-02-20,AVAX-USDT,True,,AVAX-USDT-L2orderbook-400lv-2026-02-20.tar.gz,53045265,abb06c497b0aaab80629604f0b2a0abf1e5d7f3da4914280e058277a53667c64,2043431,96,2043335,0,0,3,89,1440,96,176fb1a7490f9483e3b17a9523278ea3380d3fa00cc225bd03b0001c216dcc17,2026-07-23T17:18:15.721438+00:00
2026-02-20,BTC-USDT,True,,BTC-USDT-L2orderbook-400lv-2026-02-20.tar.gz,246627022,f5c1b811eda22d71328da01ee557300a4cf6db2cd571b04e437414801bd42a29,5439660,96,5439564,0,0,3,29,1440,96,e7e54f415458502bf3debebec6a4ffd3d2db6a23770f73d99d0334c3bc910d22,2026-07-23T17:19:52.431796+00:00
2026-02-20,DOGE-USDT,True,,DOGE-USDT-L2orderbook-400lv-2026-02-20.tar.gz,120844203,0477a4e9acb462048bbdc7eb55a6cc4b59eb2e6143d565972b3924d2a878ecc4,2777982,96,2777886,0,0,6,8,1440,96,94c4068164b72cd5a41ce6b087c4001e1c86c79a4f19a7bb8726391b52b20da9,2026-07-23T17:18:55.606389+00:00
2026-02-20,ETH-USDT,True,,ETH-USDT-L2orderbook-400lv-2026-02-20.tar.gz,188258072,da0c99b6f76fb9959dfcf8ea35d5ba0ac480c46654eaba98025cfea221e4471d,4479681,96,4479585,0,0,0,14,1440,96,d2139202ffb6f5bcbb923419f8a6f0b4f77a6bc9c8734bba27c404ede543d9f2,2026-07-23T17:19:19.812039+00:00
2026-02-20,SOL-USDT,True,,SOL-USDT-L2orderbook-400lv-2026-02-20.tar.gz,113099889,eeb4070cac1606ca36686929aa73a9a949b3aede4950faadd583038197d945fa,3310082,96,3309986,0,0,6,27,1440,96,2e8e6a49b043c0b99b09dc299ad5affef753c200296781001dbdc3dbc21e568f,2026-07-23T17:18:29.431501+00:00
2026-02-20,XRP-USDT,True,,XRP-USDT-L2orderbook-400lv-2026-02-20.tar.gz,113423142,d8e390080403ae34647a047be26b99b7119b0fba14e4bf8cff78ea4414f5ad10,3142301,96,3142205,0,0,6,28,1440,96,6cfd57cee2365503e4c13e31cf9a9b706b80e328b7770e9fedbd78c146e544b8,2026-07-23T17:18:42.610068+00:00
2026-02-21,ADA-USDT,True,,ADA-USDT-L2orderbook-400lv-2026-02-21.tar.gz,22979356,436445b981b7bd2c940d53af19f8df7fe976c637ec3a449e4a7840d5d00b855f,1263502,96,1263406,0,0,6,10,1440,96,03b9e01c81179fa6445d3f2c982cddcb7bc77b27d43e15fdf099a356020e0401,2026-07-23T17:19:58.072941+00:00
2026-02-21,AVAX-USDT,True,,AVAX-USDT-L2orderbook-400lv-2026-02-21.tar.gz,25543897,cd07f6238966e6bc003c6fc216b967b9db3000ab65895f8e71e8300056a53744,1330047,96,1329951,0,0,1,131,1440,96,b9830f0e82930b0aa19eb41d7abeb04e5a4c603543f53a8fc5a7a3fe2256aa8a,2026-07-23T17:20:02.589106+00:00
2026-02-21,BTC-USDT,True,,BTC-USDT-L2orderbook-400lv-2026-02-21.tar.gz,116389144,a4ddf5916c10c13c1ad8081425ed68731e8b87992e7ca82377226c7079a4304e,4089580,96,4089484,0,0,1,11,1440,96,7324dd8232e52f097e25f0f3fd5695204d54c1ec346d770aeba1415963c3efef,2026-07-23T17:20:56.848577+00:00
2026-02-21,DOGE-USDT,True,,DOGE-USDT-L2orderbook-400lv-2026-02-21.tar.gz,54150521,d324f6a87271722e3f8283ea4fe77590db8fa723bc0ef1d996d71190624c9f89,1798900,96,1798804,0,0,2,128,1440,96,116e15302a4c94e3b2e43b40c5f1c99333098c6438d995a42348a17bf0a4e7c3,2026-07-23T17:20:17.694302+00:00
2026-02-21,ETH-USDT,True,,ETH-USDT-L2orderbook-400lv-2026-02-21.tar.gz,88828291,f56b869b3873c5e938a415585cab1ea8c3f5bd5d8f90d1ce31cc242db213d2a0,2996612,96,2996516,0,0,6,30,1440,96,833e292dac66253f23daeed22a4b368d3a99576e81e5aa90f4694a01f03f57b6,2026-07-23T17:20:39.147803+00:00
2026-02-21,SOL-USDT,True,,SOL-USDT-L2orderbook-400lv-2026-02-21.tar.gz,48663301,f9e4630a9f60f4d9a883889af4952388be71a61d6933d86a57fc555e93763131,2116620,96,2116524,0,0,3,6,1440,96,8e65dccf07a25f6b52cacdc2e9e4431d75b27a0468b1e24675a731e8c8d95c3f,2026-07-23T17:20:10.420944+00:00
2026-02-21,XRP-USDT,True,,XRP-USDT-L2orderbook-400lv-2026-02-21.tar.gz,55831586,c2ce58a212603acdd07dab9ee3bb9b4da6cd665f11eb87259efae01e2b945c8a,2204235,96,2204139,0,0,2,8,1440,96,bda815b8d738fae87f17d1eaa228b8a9caf7eab34b68dfacf90a610b96a89d85,2026-07-23T17:20:25.994603+00:00
2026-02-22,ADA-USDT,True,,ADA-USDT-L2orderbook-400lv-2026-02-22.tar.gz,19958080,27a55769ba7a218b5c9e29f77cbee32a9e8f865fae6e922e4fe6fd3a7680ff90,1135738,96,1135642,0,0,0,4,1440,96,e76cfafb1daf06f525dab835f1bdd0d7bad1e20b62aa9fd9ff237dd250b6a9e4,2026-07-23T17:21:02.381586+00:00
2026-02-22,AVAX-USDT,True,,AVAX-USDT-L2orderbook-400lv-2026-02-22.tar.gz,25829386,903dd310108657e77add26e6b39dc27c7cb0cd79f0a32d5840856943c4e1e30e,1381414,96,1381318,0,0,9,110,1440,96,f41045de5b8d22a15938b5d31dadea79d82806d4e5e9e1caa1db36315b72e73a,2026-07-23T17:21:07.098181+00:00
2026-02-22,BTC-USDT,True,,BTC-USDT-L2orderbook-400lv-2026-02-22.tar.gz,112947422,e9343391f81cd7105916351578af37d96ea91ac8c2bb8eadd574018591cc1362,4019607,96,4019511,0,0,9,40,1440,96,89b1e273641e27143d1ea64c3fd54d66fb5ec004a03a4a5626fde7948bf0a47d,2026-07-23T17:22:00.637208+00:00
2026-02-22,DOGE-USDT,True,,DOGE-USDT-L2orderbook-400lv-2026-02-22.tar.gz,52498834,6841ae85c7df544bf67c38bd15ae344128de2bac0891a1a6c697c22abb981048,1783725,96,1783629,0,0,2,7,1440,96,ffcf2e03df8cea7e458ee6d5f5708ea73f988689225222be70254f0b4b52c27f,2026-07-23T17:21:21.267372+00:00
2026-02-22,ETH-USDT,True,,ETH-USDT-L2orderbook-400lv-2026-02-22.tar.gz,86338432,d45698bd23c456a746a6bda8bd95ed675a6adfa26b09875f88a3fd6c65d86ea7,2973741,96,2973645,0,0,0,24,1440,96,bcca9240e7832ec37c7718ef3e3175811bc9cec8a7874edb3e10fe25c315a8f2,2026-07-23T17:21:42.611590+00:00
2026-02-22,SOL-USDT,True,,SOL-USDT-L2orderbook-400lv-2026-02-22.tar.gz,46387848,46c107e3b38f8a3d766df82fc19f3cd8f27e85c76042f690ffb37d761a8a804d,2084841,96,2084745,0,0,4,31,1440,96,848db2f111251549e43a437ffe191cbf51032af210c006692a0c2b79fce7d934,2026-07-23T17:21:14.276278+00:00
2026-02-22,XRP-USDT,True,,XRP-USDT-L2orderbook-400lv-2026-02-22.tar.gz,54525289,b2e9b4af9aeff5afe43c0fb45593c68ed9ea429f7d038bcc5065f002916b14d8,2227470,96,2227374,0,0,2,7,1440,96,6727b0e5d41aa3d7589e05401dd800748683bf04195daf07f274f4047305c494,2026-07-23T17:21:29.501814+00:00
2026-02-23,ADA-USDT,True,,ADA-USDT-L2orderbook-400lv-2026-02-23.tar.gz,43711863,9d928289a00f24192319325fa10f8605151da19a0ea9af101a3b2216b4f0b881,1762589,96,1762493,0,0,6,29,1440,96,69e737f05047c2b22f3eaa07bd572e8cd1258acf3b4ffa86a0735b8983c330e8,2026-07-23T17:22:08.532814+00:00
2026-02-23,AVAX-USDT,True,,AVAX-USDT-L2orderbook-400lv-2026-02-23.tar.gz,64688895,7b81e49d9538734465c06381f09625cf149452b5da5388cc09ffe1f8376a4050,2335971,96,2335875,0,0,0,23,1440,96,0271834e5051f60f471d210d088a228b0a7d11722c392f75f52f47688efadd21,2026-07-23T17:22:17.904303+00:00
2026-02-23,BTC-USDT,True,,BTC-USDT-L2orderbook-400lv-2026-02-23.tar.gz,268977362,17feefd8c88a157118f0cd608b383a397891a929d3101bfb8b44ba05b1858bc0,5438935,96,5438839,0,0,0,13,1440,96,a02a45f4d0e02337eb5bd91187ed60fb46bcf592377ccf6a8cf07cc27fee112e,2026-07-23T17:24:02.840662+00:00
2026-02-23,DOGE-USDT,True,,DOGE-USDT-L2orderbook-400lv-2026-02-23.tar.gz,125654781,12e86e3ebf5407ef2cead5f22f2be3e3dd86da44c3c1580eb97c4425db9c2463,2781001,96,2780905,0,0,3,1,1440,96,91931c7d196f8ecd26b7e7ae58b894ccd9bdfbe70128ed290a78e3902ae9f199,2026-07-23T17:22:45.197025+00:00
2026-02-23,ETH-USDT,True,,ETH-USDT-L2orderbook-400lv-2026-02-23.tar.gz,236419756,20510772b84d8fa39a77302459d88bc804d01ed9452451f9d9868669332a2158,5209253,96,5209157,0,0,6,9,1440,96,2ae3b5e934c8b39e84ea4bf8a47cae0e8b1826164a21d279cf7f0e9032090abd,2026-07-23T17:23:29.129714+00:00
2026-02-23,SOL-USDT,True,,SOL-USDT-L2orderbook-400lv-2026-02-23.tar.gz,119344325,49968449d0d3e941a06ebaf5dac9bb6c5e10861555feb2cfa1b2559dfd2096e9,3370845,96,3370749,0,0,9,63,1440,96,504e7e4bde9c9911ff9399c65b69435f8d90e35a017c781ff3667b0bf1c2240f,2026-07-23T17:22:32.227048+00:00
2026-02-23,XRP-USDT,True,,XRP-USDT-L2orderbook-400lv-2026-02-23.tar.gz,126751274,28515eb2d15360d187344c4fa38cdb07582daff3301d69c860bd94c697e6501f,3346921,96,3346825,0,0,3,11,1440,96,20360c143cc060c656a38d4ba036f230aaecedd3bc88f40f7ed6b086ee48e7d6,2026-07-23T17:22:59.772962+00:00
2026-02-24,ADA-USDT,True,,ADA-USDT-L2orderbook-400lv-2026-02-24.tar.gz,39498380,7233a36f5d96f3c5629334d43e42acc57bf3153eb7627061923728bb53213288,1704648,96,1704552,0,0,1,108,1440,96,6db66d798447a30cc9b0a800233f81e6bfa6a8807d9fde0044228245ebe2310e,2026-07-23T17:24:10.251245+00:00
2026-02-24,AVAX-USDT,True,,AVAX-USDT-L2orderbook-400lv-2026-02-24.tar.gz,51516133,32ce8a8f81c50af1b6c85bc43cf2c18dac0cc81aad847eb3852a63d3983384ff,1955696,96,1955600,0,0,7,38,1440,96,75d665a06c8c1c45e9fcf490b7d218b9712a4c86d2036e57f08c17349368263e,2026-07-23T17:24:17.631513+00:00
2026-02-24,BTC-USDT,True,,BTC-USDT-L2orderbook-400lv-2026-02-24.tar.gz,284361221,515651a5c9495c25d2599ce50a4b7611fff7747a0fae33f98a48e72337ec5946,5533421,96,5533325,0,0,7,28,1440,96,f19d1a2c5b849addbb8c3157ef752237f914aaec452c08186344734487f9a649,2026-07-23T17:25:58.955105+00:00
2026-02-24,DOGE-USDT,True,,DOGE-USDT-L2orderbook-400lv-2026-02-24.tar.gz,105037463,d0da34d707925a05d8dc768ebd59b8520abc4b8c8ce98268037724d353ca8cf0,2647208,96,2647112,0,0,9,33,1440,96,5b31f85b0a8d1915f525bb0145c96e87e333b0106c14c7f9cfa0bfd34c3158a0,2026-07-23T17:24:29.456553+00:00
2026-02-24,ETH-USDT,True,,ETH-USDT-L2orderbook-400lv-2026-02-24.tar.gz,227065650,3c3106e9af2e336edc403cc743e02696dbc913019402d035e005e6798e0bf66b,5072029,96,5071933,0,0,1,88,1440,96,f22ede0b4baa004f8eef40b8379943e47fa6b8058fd5ab0e4849c17657e152c0,2026-07-23T17:25:24.663951+00:00
2026-02-24,SOL-USDT,True,,SOL-USDT-L2orderbook-400lv-2026-02-24.tar.gz,106728744,7f90a44fdb6ca913901bebbd9f1e4b2a8c295ecd4f7b4480e1aed5f7f5aa8ce2,3069019,96,3068923,0,0,7,7,1440,96,a0ae486a2e25d0373cc7c538c7babc8829ef068246171d2338768a94afe5883b,2026-07-23T17:24:42.352520+00:00
2026-02-24,XRP-USDT,True,,XRP-USDT-L2orderbook-400lv-2026-02-24.tar.gz,116727280,dbf032c16123a6821ea5e74a09d46f13be03541fc32069f250f4f1460d6763eb,3254405,96,3254309,0,0,9,3,1440,96,4256e74ca1184fd282f0ad90427b93a7234dc2eceb124971035109bfe03f18b6,2026-07-23T17:24:56.200807+00:00
2026-02-25,ADA-USDT,True,,ADA-USDT-L2orderbook-400lv-2026-02-25.tar.gz,60983039,afb018ca3016286fd96829c081b8284115d76903e77d27031a1fc43816702808,2118383,96,2118287,0,0,2,185,1440,96,7dd0a5e1eacb5b39da61450dfde32f9bb30152edf9604ee7644e5a0f983cdf64,2026-07-23T17:26:08.669421+00:00
2026-02-25,AVAX-USDT,True,,AVAX-USDT-L2orderbook-400lv-2026-02-25.tar.gz,81854078,4e636ec01bdfe76df9505fac69afb7b3ecb4069ea948d9aa549772dd48fd039e,2623146,96,2623050,0,0,2,214,1440,96,b03aa8334254965331b44b0bf6e7b5573fe359eca1a37547e6243e747ba32b8d,2026-07-23T17:26:19.168130+00:00
2026-02-25,BTC-USDT,True,,BTC-USDT-L2orderbook-400lv-2026-02-25.tar.gz,327658800,488ef6dd354cb76e054ae1b43b43617bb1850fe22b4973cb47083509bcca9448,5823699,96,5823603,0,0,2,4,1440,96,aff79033c0f8a280f1087fae533cee3ca485b535b62f84e99545f35116e1b569,2026-07-23T17:28:17.008879+00:00
2026-02-25,DOGE-USDT,True,,DOGE-USDT-L2orderbook-400lv-2026-02-25.tar.gz,154611129,ccfdd424543ce25e08b50dd3e4cb9d11b2990f180de2b7f2a4b8cbe77e80a2f3,3236543,96,3236447,0,0,7,159,1440,96,4f525af645ddadcda45318a352c21d49950db16f25323b4b31cfa000ab5a4568,2026-07-23T17:27:07.009177+00:00
2026-02-25,ETH-USDT,True,,ETH-USDT-L2orderbook-400lv-2026-02-25.tar.gz,259178023,abed1e2b5d1fa7002c81ddc9e7e9d8b84096da1e252df9d39954f05c595ed031,5181674,96,5181578,0,0,2,15,1440,96,ccd015bf3b7660c9fa62415bbe8bc9ace7839b321b0fcca89f73bea5682e7ccf,2026-07-23T17:27:38.330756+00:00
2026-02-25,SOL-USDT,True,,SOL-USDT-L2orderbook-400lv-2026-02-25.tar.gz,137209902,eb5a6691ad72a6274fe0c9aefd32be95b12449317d131940f040e66881f12a14,3670263,96,3670167,0,0,3,36,1440,96,ca9c0046195866fdd4348ff03a2a46a94efcee71e7769c4534874e1596bda170,2026-07-23T17:26:35.023232+00:00
2026-02-25,XRP-USDT,True,,XRP-USDT-L2orderbook-400lv-2026-02-25.tar.gz,146118150,f42243f8501b2abaaf80b17689c96f58d0c3ff29cbf22ae5607fb209e41fde62,3705312,96,3705216,0,0,7,9,1440,96,79152d1fc0199830c77177060c108164ee5285a1fe54d61aa9298db8e43c91f2,2026-07-23T17:26:51.461634+00:00
2026-02-26,ADA-USDT,True,,ADA-USDT-L2orderbook-400lv-2026-02-26.tar.gz,50893278,c49eef82527e5120bec5bcdf04169eabc50feef8835d311e38e89961b2b7f95c,1920950,96,1920854,0,0,5,227,1440,96,de9840bf5cb0b60b887750df124de1824c34d3eba4adec75a3375cd15299dd53,2026-07-23T17:28:25.800784+00:00
2026-02-26,AVAX-USDT,True,,AVAX-USDT-L2orderbook-400lv-2026-02-26.tar.gz,64071452,fdb2bb7ad99fbcd66e58e35c5b2c0233852f04f7bb52f935bc0db897ed3aa568,2306777,96,2306681,0,0,6,74,1440,96,fedf7e277b22f6f11d40ccc8b28817d3f0419985c68cad50b79daa79ab9551fe,2026-07-23T17:28:34.700990+00:00
2026-02-26,BTC-USDT,True,,BTC-USDT-L2orderbook-400lv-2026-02-26.tar.gz,292835942,ba5f328ef492acceb728870a054058197c08bc63c4d613e250643da0737a9f6d,5671134,96,5671038,0,0,6,4,1440,96,ebe132a183c6fdf8029bb3e70bb362870350d6566bfdd1ee4567178b69173547,2026-07-23T17:30:21.380649+00:00
2026-02-26,DOGE-USDT,True,,DOGE-USDT-L2orderbook-400lv-2026-02-26.tar.gz,126178091,2004a1f7c0008fabda7e5340aa6aced1190561f7e90a44fb39dabaf1899ca021,2996813,96,2996717,0,0,1,40,1440,96,4221de8986b8d0759fe5d859e6dfe190fa133159b51c65b0fb5d73ff5fd6aa7c,2026-07-23T17:29:02.644018+00:00
2026-02-26,ETH-USDT,True,,ETH-USDT-L2orderbook-400lv-2026-02-26.tar.gz,229958701,11965e652d2d0dccab99e817aaa63a1f63f21863280bdb129d067b375c9a0fab,4966934,96,4966838,0,0,5,67,1440,96,f27193e41e82aab7ec22107211e65c818ed9c5405271511ce97d957b1d99c45b,2026-07-23T17:29:45.606951+00:00
2026-02-26,SOL-USDT,True,,SOL-USDT-L2orderbook-400lv-2026-02-26.tar.gz,117420001,f731a376ed01f3bc1fc0fb97dbb2d94c8634bffff3ddc8b80fafde2840cbd1a4,3275907,96,3275811,0,0,4,43,1440,96,5969c23e1ab7ae2fdc09979a5df9a810589b13ca37f3738c7c13459c41797bea,2026-07-23T17:28:49.052837+00:00
2026-02-26,XRP-USDT,False,end_boundary,XRP-USDT-L2orderbook-400lv-2026-02-26.tar.gz,128897891,3a38c62e7e5a5201938a8577964b6d6fe90b2bcd86f0474a6f6f2697e552ec23,3357142,96,3357046,0,0,1,1230,1440,96,780bfacb3f4257c0be1a8d889944ba3ff308467dbf95409971fbb45cfb47c841,2026-07-23T17:29:17.397146+00:00
2026-02-27,ADA-USDT,True,,ADA-USDT-L2orderbook-400lv-2026-02-27.tar.gz,41487492,909e19b99b113e3b6ebef054e34fd6d17af5a5f4dd7cc06b5437816baaf53834,1701671,96,1701575,0,0,3,37,1440,96,7ad8337e4c90a33ba341ec24959a37c3c0ae3d28ff6102709d13d7be878d2bfc,2026-07-23T17:30:28.982366+00:00
2026-02-27,AVAX-USDT,True,,AVAX-USDT-L2orderbook-400lv-2026-02-27.tar.gz,52121416,d7e9fb36f843d6ceb261070ad175f1e0d81dec253982100e8091c1db2e3dc1cf,2121324,96,2121228,0,0,6,5,1440,96,32f2d25856f7b2f400588396eb91c1c1f57b961b9e33cb75bc30cc87f437a387,2026-07-23T17:30:36.719034+00:00
2026-02-27,BTC-USDT,True,,BTC-USDT-L2orderbook-400lv-2026-02-27.tar.gz,269855424,028ae8040af14a81cf44cba0209ec771195dfef02b171af606b0344457ade845,5489991,96,5489895,0,0,6,45,1440,96,4fd7cfccaf58d4f3af7c5da6cae5201ee932058885d5ce7cc4cd322d2e89cde2,2026-07-23T17:32:13.434085+00:00
2026-02-27,DOGE-USDT,True,,DOGE-USDT-L2orderbook-400lv-2026-02-27.tar.gz,104008898,06b5a19c9c0a510acfbd19e1a9cde49f7a07dd3a84d3bf0594b4707a84572d16,2735096,96,2735000,0,0,0,59,1440,96,218b3c1f78347778ed56c915a5afcef8483fc39bd2ae8a7503c6ffdb43b2ddd6,2026-07-23T17:31:00.817374+00:00
2026-02-27,ETH-USDT,True,,ETH-USDT-L2orderbook-400lv-2026-02-27.tar.gz,210364560,df9f2f6aa820ffc5111550af624cca6821e535ce09ee9bb24d9bfa2bba5251cf,4674298,96,4674202,0,0,3,37,1440,96,997133583a9538292e2db0c32653cc35d501d19b4b2f88182e9efe35f65b13c1,2026-07-23T17:31:40.089501+00:00
2026-02-27,SOL-USDT,True,,SOL-USDT-L2orderbook-400lv-2026-02-27.tar.gz,101124616,dd0f84f599a8988f17a4d3c4a5f04de8850dc61a7701b5455d04a3ad571e4134,3079223,96,3079127,0,0,7,30,1440,96,2d87a7a7d067b948c0188f54c929be264dbbae7ef96d9378d97d00ec5ca731ca,2026-07-23T17:30:49.241132+00:00
2026-02-27,XRP-USDT,True,,XRP-USDT-L2orderbook-400lv-2026-02-27.tar.gz,104554041,208300825f46179a07e1150b5e7ce89d6c0ba17c8ac06620a9ed57a9a1400ba2,3181318,96,3181222,0,0,0,129,1440,96,44187272be23970b62a83370e196cf62e6e8984bff367e6180afbbb351466de1,2026-07-23T17:31:13.676112+00:00
2026-02-28,ADA-USDT,True,,ADA-USDT-L2orderbook-400lv-2026-02-28.tar.gz,45845939,3e1b3a1bfbf184f0e05b2c0e40141f980f425f1d3c848648a2abe7657ecbe520,1767461,96,1767365,0,0,3,62,1440,96,1efc13ab495bddc12ce69c13be6d74d3fde43e3aeea4a39e5ea8d8f3795ac859,2026-07-23T17:32:21.240007+00:00
2026-02-28,AVAX-USDT,True,,AVAX-USDT-L2orderbook-400lv-2026-02-28.tar.gz,66484720,db749401a90036ae39f54d9f03d32f2063447a174437474b90455020292c18e1,2311516,96,2311420,0,0,5,1,1440,96,de4c16592936b2cc72d0a7924557b00ae8732621a20be2ffb0aaef099a48cf2e,2026-07-23T17:32:30.394043+00:00
2026-02-28,BTC-USDT,True,,BTC-USDT-L2orderbook-400lv-2026-02-28.tar.gz,291529326,1b8c90cc9f3756aa7fca68c3f338e44c407e76c2372a9f03842a4af73d30ed28,5525083,96,5524987,0,0,5,61,1440,96,a96b304dd27bee0afcd6110ea565b3555410291c15485826fcedba00ee80ae11,2026-07-23T17:34:12.333074+00:00
2026-02-28,DOGE-USDT,True,,DOGE-USDT-L2orderbook-400lv-2026-02-28.tar.gz,121268247,fdf1488869dbacb4fe4a13278a4603bc5d277d384cd2ce6c180184ade7d458be,2826595,96,2826499,0,0,1,5,1440,96,417b21de6aeebb6086e4fc155fdcf58bdfa66846cef5bc3c0b56b4d6c2d1c2bc,2026-07-23T17:32:57.159830+00:00
2026-02-28,ETH-USDT,True,,ETH-USDT-L2orderbook-400lv-2026-02-28.tar.gz,207902428,ae1a9b51b37140a5d1c36832dbaaf34385265c871f0ece81c8d7dc9246bdd3fd,4452723,96,4452627,0,0,3,22,1440,96,ebaa66e9460658b4cd7ca463fa920bfb5ac58941f025d7a17f4ee3407a39e0c8,2026-07-23T17:33:36.834560+00:00
2026-02-28,SOL-USDT,True,,SOL-USDT-L2orderbook-400lv-2026-02-28.tar.gz,116824664,24f1e2f5c9beec2bc0982ba96f0a15913d1eaf011286946e697e6d2a90fb6e81,3191043,96,3190947,0,0,0,26,1440,96,a078df9ad2dc48016eb2c95c8d3320023a616f68b6cb65c9ecc426fc5be6d936,2026-07-23T17:32:44.077994+00:00
2026-02-28,XRP-USDT,True,,XRP-USDT-L2orderbook-400lv-2026-02-28.tar.gz,123520136,7e560f253b8bc153960c7b4cfaf57eb6e26d3549164dcc66b2a3f6e843d37f6b,3114771,96,3114675,0,0,1,45,1440,96,d23cec134126e18efa1ebe9e74a15ae1e30113fd5db2ef80d6ed73bc57f6f9b4,2026-07-23T17:33:10.882578+00:00
2026-03-01,ADA-USDT,True,,ADA-USDT-L2orderbook-400lv-2026-03-01.tar.gz,45489597,6b4b3ceace09d8f57d9a924ed2690ede612858ef2cf988724865e83fa28ae72a,1733177,96,1733081,0,0,8,94,1440,96,e3b05ee13ff2c546e5d66c01e12223343573036feef3a239977bf8034b6dd6c0,2026-07-23T17:34:20.377591+00:00
2026-03-01,AVAX-USDT,True,,AVAX-USDT-L2orderbook-400lv-2026-03-01.tar.gz,59755023,a803629029a689422e93bcf4b894e025fabc144aafc1370cacb901d080eb2f6c,2241638,96,2241542,0,0,9,38,1440,96,4066eef7df42ac209ff8a401b26bdb32ee1d46935ec0d821ae02905fc147fd77,2026-07-23T17:34:29.313401+00:00
2026-03-01,BTC-USDT,True,,BTC-USDT-L2orderbook-400lv-2026-03-01.tar.gz,268510743,62a3e9ea0f59f9067710a21aab76940d1451e13220be62225521f92aa90b9d50,5385889,96,5385793,0,0,9,8,1440,96,ba3745c1f517b195bd77023b8484dc0a8444d2238025263bf946fe22913c6f25,2026-07-23T17:36:30.637645+00:00
2026-03-01,DOGE-USDT,True,,DOGE-USDT-L2orderbook-400lv-2026-03-01.tar.gz,126869817,b1dc84a9c586b1f0d4084e1ac455b789bcec0709b76c6ea48cc9b2dc4b79bab0,2956452,96,2956356,0,0,5,87,1440,96,6942c998c0538cd23d29648d03f93b06a08f6526a4e9a1f3e4004366c5a8aa30,2026-07-23T17:35:04.400637+00:00
2026-03-01,ETH-USDT,True,,ETH-USDT-L2orderbook-400lv-2026-03-01.tar.gz,210859504,36a7f8b33dd860905eb7ba830f65dbeabd7094b8f49b2d37aeb6d47dfc4baf76,4614549,96,4614453,0,0,8,4,1440,96,ced4653367d13f782d78121396d459cc49c2b996575f81197a7229624c05d173,2026-07-23T17:35:46.671238+00:00
2026-03-01,SOL-USDT,True,,SOL-USDT-L2orderbook-400lv-2026-03-01.tar.gz,118168101,aab0ae37a524a3de7b320686c9bde560dc65349e7dddef3a4c955e071fcc0557,3281613,96,3281517,0,0,4,1,1440,96,23e5d796470405b26f4e19f0067fc4cc365e9116fe73e81b4221fdd0973922c4,2026-07-23T17:34:45.811469+00:00
2026-03-01,XRP-USDT,True,,XRP-USDT-L2orderbook-400lv-2026-03-01.tar.gz,127610891,dd5de581632328e8cf3eb8bdec69ed0d3c4c22e8c6e592bbe5625ef8e69c3bf3,3298920,96,3298824,0,0,5,37,1440,96,c67e008fd7739b95fb41d1336d91b78c49b4c9c1d93778ddfd73c2458bd29f88,2026-07-23T17:35:18.596512+00:00
2026-03-02,ADA-USDT,True,,ADA-USDT-L2orderbook-400lv-2026-03-02.tar.gz,56037936,354302b77949ad698fbed19f4c27b2027fe009b4ae408ad7f622688f842f4418,2044989,96,2044893,0,0,6,19,1440,96,1e224627cae60c27a407d4e3e8b02bd62aa10e8333bb90a1f07823dea695fdf4,2026-07-23T17:36:40.010030+00:00
2026-03-02,AVAX-USDT,True,,AVAX-USDT-L2orderbook-400lv-2026-03-02.tar.gz,71908872,46b9a69d66395f38ae23501b979476eea354c21111973eeaeffa1a6fb231e9c3,2475270,96,2475174,0,0,2,195,1440,96,38b3c27566b797a15247f60a04ba26f92a6438a9260f13ac47e56e4c2e3ae354,2026-07-23T17:36:49.787225+00:00
2026-03-02,BTC-USDT,True,,BTC-USDT-L2orderbook-400lv-2026-03-02.tar.gz,357082338,1aa861d23b15acf44721b661f866f26f9af066910ad09a204d37d5cb669250f5,6181466,96,6181370,0,0,2,15,1440,96,da933d6500263687aa1da9675981a30bb006fc35bdd16a957e75d19dff4dc6a1,2026-07-23T17:39:21.190624+00:00
2026-03-02,DOGE-USDT,True,,DOGE-USDT-L2orderbook-400lv-2026-03-02.tar.gz,150636736,f8e279a83575f1ed153dbd8094e704c335866ebb93b5dcb34be905db11a38e18,3195177,96,3195081,0,0,3,17,1440,96,5f06522c55244706f15da6dcf50f4661b6edb506c82afc68cd68061abd072e2c,2026-07-23T17:37:26.689032+00:00
2026-03-02,ETH-USDT,True,,ETH-USDT-L2orderbook-400lv-2026-03-02.tar.gz,277413274,e0d393bff4bac94d561ba4826e143a0d8a1896df747a09f45fb1a4499086b72f,5297914,96,5297818,0,0,6,29,1440,96,e7d8e9b7ad046fadbc6640e3e33e88f55e537db19edd6c4ed139877aa52def3a,2026-07-23T17:38:24.539137+00:00
2026-03-02,SOL-USDT,True,,SOL-USDT-L2orderbook-400lv-2026-03-02.tar.gz,146363907,86a2afd6519dadae8549ffff4c7088e2aa6ec8a53d6ad8cca414010df15e41d9,3763485,96,3763389,0,0,9,74,1440,96,46f4cbcf2e7c4751e68f14d8d0be2764aee911cc829858e528147497ce15174b,2026-07-23T17:37:08.907204+00:00
2026-03-02,XRP-USDT,True,,XRP-USDT-L2orderbook-400lv-2026-03-02.tar.gz,157000989,c3e01940264d47c63ca9272c5f6eba69d651b8b66f12f0e7abfd1c84b1ba8445,3874854,96,3874758,0,0,3,67,1440,96,7a48e0aadfbe2e9677710ecacf45fcbbbf962f9fa5a95a41d4db5259b84cbece,2026-07-23T17:37:43.973739+00:00
2026-03-03,ADA-USDT,True,,ADA-USDT-L2orderbook-400lv-2026-03-03.tar.gz,49957132,a80dc3e3b2a579d6989e712291c7f3329148fcf0bb1438a6a120fe91043115bb,2038063,96,2037967,0,0,1,47,1440,96,8fab5da9bf1d52b91d7844af9b1bfd240a5f22223f645925672e55321a4471fd,2026-07-23T17:39:29.818228+00:00
2026-03-03,AVAX-USDT,True,,AVAX-USDT-L2orderbook-400lv-2026-03-03.tar.gz,64969082,645b3058e576e5c1edbc6e21643753befc1b379179494e5de2ada5a061dcdc5d,2279035,96,2278939,0,0,5,46,1440,96,019fbf7f93526fbe21571329ea56131df33f60eac48c9fb15bf4debbfa871a3d,2026-07-23T17:39:38.651604+00:00
2026-03-03,BTC-USDT,True,,BTC-USDT-L2orderbook-400lv-2026-03-03.tar.gz,386038268,bb54086c1b2ca3a5f6530120d9f5abb79c7e316700f114b3bf78da6075803ed8,6456086,96,6455990,0,0,5,16,1440,96,3cd2381a6ecc38756c7f16e281e92c679258bcdd5f55ef4c8d327d163a09f1c0,2026-07-23T17:42:06.049925+00:00
2026-03-03,DOGE-USDT,True,,DOGE-USDT-L2orderbook-400lv-2026-03-03.tar.gz,130011152,f0436914869dda645bb8f55604e77a94e69b08633939e22b3dcbcb7e983260ac,3104544,96,3104448,0,0,3,42,1440,96,9e96b447df0fbd75f4b07119636f8021587e9e2a9a7e0281b65ee3fa7396fd42,2026-07-23T17:39:55.966108+00:00
2026-03-03,ETH-USDT,True,,ETH-USDT-L2orderbook-400lv-2026-03-03.tar.gz,273453521,8babe5c3b1ac0cd67e277111ee558474097b940ef06df60901b0d1c09db57198,5426110,96,5426014,0,0,1,37,1440,96,693cf3501cda1faf3eda869786b8fbf292e9ed73caf488d6a6d3369cfcd0f829,2026-07-23T17:41:08.691037+00:00
2026-03-03,SOL-USDT,True,,SOL-USDT-L2orderbook-400lv-2026-03-03.tar.gz,144301235,7462e771b06472d289c9e9bbef07c6c6e53d41d27f668f8d061fd680d7153513,3798177,96,3798081,0,0,6,64,1440,96,57f09defdeabd66bb01a7c5049f34aa9470500b3efcb821bc03f7b8cc62a1eec,2026-07-23T17:40:15.628836+00:00
2026-03-03,XRP-USDT,True,,XRP-USDT-L2orderbook-400lv-2026-03-03.tar.gz,145629532,623da0b5554fe3b1cbbff386dd4747408f13328f1b7b6dcdc2a6e9c9ea5c6fb0,3826392,96,3826296,0,0,3,212,1440,96,3f2c0c6c6f7d8ad482231602d9c89346aff1c4df8ddb6137d4e412a2cc1ef869,2026-07-23T17:40:35.834884+00:00
2026-03-04,ADA-USDT,True,,ADA-USDT-L2orderbook-400lv-2026-03-04.tar.gz,56107244,f21d925c3a31879668fa3fee88ec37c6b11d3a9a151698e66b5ff4d21ea85b55,2039223,96,2039127,0,0,3,67,1440,96,83b66810ed52452734ab6baf3d3ad83fcddae940491a2131aacca536147fb00c,2026-07-23T17:42:15.122884+00:00
2026-03-04,AVAX-USDT,True,,AVAX-USDT-L2orderbook-400lv-2026-03-04.tar.gz,71728730,d80d7c4400cef736b031d3c8b9dc7f6fef507cd1cc2336c5a0871399d8b28587,2371811,96,2371715,0,0,4,139,1440,96,276ad473185529a408e31444bdbfc17e2e2723e1e22722e1522e56a806fccca5,2026-07-23T17:42:24.371986+00:00
2026-03-04,BTC-USDT,True,,BTC-USDT-L2orderbook-400lv-2026-03-04.tar.gz,394058089,d543440a5b5a72f1105655d4fa7a6278963d973365be572155255e73490071e3,6590951,96,6590855,0,0,4,9,1440,96,e193dab8995843b48aa75fc20e35f5151321d1dbf2941bbc4a8be3665986c390,2026-07-23T17:45:02.266409+00:00
2026-03-04,DOGE-USDT,True,,DOGE-USDT-L2orderbook-400lv-2026-03-04.tar.gz,186402902,0d9ce146d26f1be6a677d5e082ecbc11b3511a3314a4259ac143c616ae9c5675,3657209,96,3657113,0,0,8,67,1440,96,31324b8cee1803121f7b67d15831607e461ffd9e20bf132cb06e894174e9175e,2026-07-23T17:43:24.336958+00:00
2026-03-04,ETH-USDT,True,,ETH-USDT-L2orderbook-400lv-2026-03-04.tar.gz,299994674,9848f572b94712916238e8bbbcfe5e1cd264c0530baa7f29fb65918494457b3a,5683370,96,5683274,0,0,3,7,1440,96,050c34a0537897bd8f1d68f0c450cfda0105a8332edd2bdbf90f5d981f0c2720,2026-07-23T17:44:04.862463+00:00
2026-03-04,SOL-USDT,True,,SOL-USDT-L2orderbook-400lv-2026-03-04.tar.gz,152172616,b71aa50f37885104b56b90c4929a2ad8f4eba958369ca83b247a1953a55204c6,3861554,96,3861458,0,0,6,83,1440,96,e7e81573e35bc7d655283e2c5ba7cf360278146b71ab738c66e04ddf5cc2a160,2026-07-23T17:43:03.290678+00:00
2026-03-04,XRP-USDT,True,,XRP-USDT-L2orderbook-400lv-2026-03-04.tar.gz,142174480,02061e80b87ed68a4dbf9aafa3a184f9a7b50a4d1913e2c47b8d2443e5fc5747,3566283,96,3566187,0,0,8,17,1440,96,e69f79b5f724164a694c27e4970db2ecd53d0bc615fd2c6a2ed3fb52518f711b,2026-07-23T17:42:43.326787+00:00
2026-03-05,ADA-USDT,True,,ADA-USDT-L2orderbook-400lv-2026-03-05.tar.gz,44086242,9fe6792aa3301f9fea8ba2e04f34c0f95378afc3b42870562318170461fa5a43,1723213,96,1723117,0,0,3,50,1440,96,c7b0e0d44b1b145401a6a0c3f6dd8956b98cade75c5fb074af9cff4aba8ae8a9,2026-07-23T17:45:09.687601+00:00
2026-03-05,AVAX-USDT,True,,AVAX-USDT-L2orderbook-400lv-2026-03-05.tar.gz,54632144,4399b81074588c7aa676729d900bb9a593ee018cf33a9569bd569983c2759614,2031067,96,2030971,0,0,1,1,1440,96,22428207e308923dbfa993e9dd6e356a59ca2a67924939b6fb254d5995c96fd8,2026-07-23T17:45:17.331108+00:00
2026-03-05,BTC-USDT,True,,BTC-USDT-L2orderbook-400lv-2026-03-05.tar.gz,333339901,3875a49b0c95d797cc58f602e562f196f31931f392354afa9dfa7a569ea245e8,6271280,96,6271184,0,0,1,1,1440,96,d857538e8d8ee6a013c5e43c32a6eac23c00297a3be5b87a8f9d84c5abfd9915,2026-07-23T17:47:31.672438+00:00
2026-03-05,DOGE-USDT,True,,DOGE-USDT-L2orderbook-400lv-2026-03-05.tar.gz,126086712,2ad961896bbad48daf64c0851a62e647d212370266a97d5329fc8e047d6d44b9,2974351,96,2974255,0,0,3,126,1440,96,7d757f71581dbe01356cbd9d85e8cad2b56d254e330787709345062a4a0f1d0a,2026-07-23T17:46:08.712653+00:00
2026-03-05,ETH-USDT,True,,ETH-USDT-L2orderbook-400lv-2026-03-05.tar.gz,251113157,6123310ae1b0052eb090c8431e3f94b3ef503aadc0facfc42bc1bf2811779220,5092408,96,5092312,0,0,3,30,1440,96,056dbf337ff0c33bb4bfda6c59f353b9de7e920398699b31a7c4011bed9206fb,2026-07-23T17:46:44.111171+00:00
2026-03-05,SOL-USDT,True,,SOL-USDT-L2orderbook-400lv-2026-03-05.tar.gz,115641925,b84c341ab3c54aaa0165b0b0dbd08048c6da34a4bc21a22d06113c5b0229e59a,3302820,96,3302724,0,0,7,7,1440,96,9239525d8cd1fc0fc48a133e036fc106616ec61c6a8515d86e1067eec9d54416,2026-07-23T17:45:52.716351+00:00
2026-03-05,XRP-USDT,True,,XRP-USDT-L2orderbook-400lv-2026-03-05.tar.gz,114912862,280ad32fd6dd25f2eee4faf859c4545ad8bcaab71e7adb03d792b556f2bf4700,2964210,96,2964114,0,0,3,116,1440,96,ed578405e7a3053dc82102efde0fc4a81c1d55465cfa9cfad07bba106f4e033e,2026-07-23T17:45:34.138721+00:00
2026-03-06,ADA-USDT,True,,ADA-USDT-L2orderbook-400lv-2026-03-06.tar.gz,36465347,1a5e79f14ebbd72a3485b2c28929f9d4fff9329a0f0766ee1f0897e6abe12751,1542560,96,1542464,0,0,0,217,1440,96,db1d8e556ceb5a7b6ec55ddf6d862f60dda2dc1520d71cbc63c45f5941f4e537,2026-07-23T17:47:38.628954+00:00
2026-03-06,AVAX-USDT,True,,AVAX-USDT-L2orderbook-400lv-2026-03-06.tar.gz,44581140,d822828a7d3c2a31fd66311691097d05820d63357f35519f006aa00c5b6f506e,1782481,96,1782385,0,0,9,234,1440,96,01f5606eecaeb9e4b440130c97f5bb8dff5e71e42ec621f1278438e615a097dd,2026-07-23T17:47:45.059056+00:00
2026-03-06,BTC-USDT,True,,BTC-USDT-L2orderbook-400lv-2026-03-06.tar.gz,327127223,eb9b2d1d66b08595cca30ddd9398b6c0aeb08139487a6b9f4eeaa57536f6c32b,6131316,96,6131220,0,0,9,4,1440,96,da0842c27a38dd67fcfc3c1a63912e77894e336313c5b9bdd45c64748aa887cd,2026-07-23T17:49:40.303705+00:00
2026-03-06,DOGE-USDT,True,,DOGE-USDT-L2orderbook-400lv-2026-03-06.tar.gz,84487141,50d74ffc8d525786bc478ec1989bbd6905a665adb9cc71ba052752b878d4b354,2418602,96,2418506,0,0,4,7,1440,96,927cd05d7160434d3091c16e5504c2a88fb16b69d2a6fa4947afa107f4aa0aa8,2026-07-23T17:47:56.738661+00:00
2026-03-06,ETH-USDT,True,,ETH-USDT-L2orderbook-400lv-2026-03-06.tar.gz,223145739,2d5359b39291d9fd41711d03ac9a4313cdf79cfc0ebacf2d0395b99f14407c61,4661023,96,4660927,0,0,0,67,1440,96,a73f6453b878d721330692cd64c369ff49aedec96d455477b1f26d2a89405587,2026-07-23T17:48:52.916943+00:00
2026-03-06,SOL-USDT,True,,SOL-USDT-L2orderbook-400lv-2026-03-06.tar.gz,98660841,3b91d4df3c2768c4d8cffc3436c85d6788d9cf07fe9173b446fa831f51385695,3179227,96,3179131,0,0,3,135,1440,96,e87aa74304bb8f8a8b98e265e0847084d1480ff4977b5116ff67400a05b1663d,2026-07-23T17:48:21.545702+00:00
2026-03-06,XRP-USDT,True,,XRP-USDT-L2orderbook-400lv-2026-03-06.tar.gz,86989549,0d680152adb903c98748f499d1887aced5eb618770bd1adac3cde8b868f77134,2635912,96,2635816,0,0,4,667,1440,96,9306e2bfb0e3a1879b1f2458bdb305fc686c4d46423e99253d2ff241f072b0b5,2026-07-23T17:48:08.927521+00:00
2026-03-07,ADA-USDT,True,,ADA-USDT-L2orderbook-400lv-2026-03-07.tar.gz,19165018,501864eb0e15782aa790f6fc8f99312f66dd10c0ba647948a657d9986f4a58e1,863308,96,863212,0,0,3,75,1440,96,171b29304002c14759dcac8b029d8f5ad64e78543c2fd7e47af7d2b272251588,2026-07-23T17:49:44.781505+00:00
2026-03-07,AVAX-USDT,True,,AVAX-USDT-L2orderbook-400lv-2026-03-07.tar.gz,19508259,e5677077b0ac00da90bce2d2be3dea3ae8e0b1251d0a6fed1f9c32528a559e41,1033847,96,1033751,0,0,6,4,1440,96,7db46bdc1f1f4eadbbb6de56a3629700d1254104f1550cad10546e4f56ff2edd,2026-07-23T17:49:48.446752+00:00
2026-03-07,BTC-USDT,True,,BTC-USDT-L2orderbook-400lv-2026-03-07.tar.gz,139429151,5bb389b52080f0b8bf19fff6f3a169cfd6f5f2628c376abf139a5f7ba64dfbc2,4032269,96,4032173,0,0,6,14,1440,96,3932e776f6850d2547edfa126aab7684ea64219f8ae8e03d64d47735ac54cfa9,2026-07-23T17:50:44.095719+00:00
2026-03-07,DOGE-USDT,True,,DOGE-USDT-L2orderbook-400lv-2026-03-07.tar.gz,40604770,425baf8fd391e95a566618c9ac5181c232075345dc7f54596890a677cdd07c9e,1525405,96,1525309,0,0,3,1,1440,96,b021fdc55d08544039e358cc32de5b8d66688e43cc03df0bf9487daa11dddf8c,2026-07-23T17:50:00.395243+00:00
2026-03-07,ETH-USDT,True,,ETH-USDT-L2orderbook-400lv-2026-03-07.tar.gz,92613881,007c607c9bac25c3841497a4292f913e0bc6de68448269d53b473d4c3bc8dcaa,2764300,96,2764204,0,0,3,15,1440,96,65bc7258175a31bab541e70eedf8074e27cdbfd615cb4fbecd0da8c06fcbc880,2026-07-23T17:50:21.159123+00:00
2026-03-07,SOL-USDT,True,,SOL-USDT-L2orderbook-400lv-2026-03-07.tar.gz,43416604,0875d34e265a5f44da64970b17ec3fb636071518d99b4d19c45f6c9fb2013fa9,1987444,96,1987348,0,0,5,50,1440,96,33063ff60396754e8a8a9e442f62e46991f0bce09f7f51c5d673dc157209927e,2026-07-23T17:50:08.238587+00:00
2026-03-07,XRP-USDT,True,,XRP-USDT-L2orderbook-400lv-2026-03-07.tar.gz,38141985,8e84a7232346019da0e19af34425496269cba683607c7d9363053ecda9fda407,1462474,96,1462378,0,0,3,61,1440,96,8cea0151c225413d94e1618d0f447efb357a3f082adb4b941034a8d69d14a95a,2026-07-23T17:49:54.807540+00:00
2026-03-08,ADA-USDT,True,,ADA-USDT-L2orderbook-400lv-2026-03-08.tar.gz,25358620,bfe02449f31abc7bc0e61583fbf37c305ab24c49337e46e466401ad7439598dd,999029,96,998933,0,0,5,256,1440,96,aed367fdac0f8403e0c169ddb78475e27029cfe869b53b12bbd0f163dd41d11d,2026-07-23T17:50:49.288236+00:00
2026-03-08,AVAX-USDT,True,,AVAX-USDT-L2orderbook-400lv-2026-03-08.tar.gz,34482683,e640abf68133f2d939bbffb165205b7014d558d9ec09275a019db256b9b4749b,1403731,96,1403635,0,0,6,295,1440,96,7ebf97976d721153515cbd088603e7b669074e42caff9ea538f2c8137b184384,2026-07-23T17:50:54.456248+00:00
2026-03-08,BTC-USDT,True,,BTC-USDT-L2orderbook-400lv-2026-03-08.tar.gz,204015768,771c94972f7f763754150eed33a78c5bb4b80908b23f8f6add35630cc5e4e427,4882595,96,4882499,0,0,6,55,1440,96,6c7d539a816441a7d768a19c10d58bd43866806a83ab8a4a3501d475846ad66e,2026-07-23T17:52:11.539405+00:00
2026-03-08,DOGE-USDT,True,,DOGE-USDT-L2orderbook-400lv-2026-03-08.tar.gz,67229238,1296bdecd7df238e664588855994cdf768c7344578896709bfc6477823c81f3b,1996187,96,1996091,0,0,9,12,1440,96,db54387fc50ea942d2c9e18d9061635c252d2dff9dd7cdbb7b7bac6d0ce73633,2026-07-23T17:51:12.592107+00:00
2026-03-08,ETH-USDT,True,,ETH-USDT-L2orderbook-400lv-2026-03-08.tar.gz,149930949,de5aee31f36464fea0a7aaff45e1f99a32f34402904825fc32b6a8ac8a54b834,3545428,96,3545332,0,0,5,6,1440,96,f809ecabd67b3998ca25e77df59d547848b31223a588d397078254496856cc6c,2026-07-23T17:51:45.060693+00:00
2026-03-08,SOL-USDT,True,,SOL-USDT-L2orderbook-400lv-2026-03-08.tar.gz,67509487,906bffa2ccb46b4d616085ba3e923552d16d2df5f0cce4b5592b6bebde5768c7,2308888,96,2308792,0,0,0,20,1440,96,7c6747e911454a3fd270f4ee23d4564cbe1a6060d2bc20cd0ac365dec7e3ceb3,2026-07-23T17:51:22.372239+00:00
2026-03-08,XRP-USDT,True,,XRP-USDT-L2orderbook-400lv-2026-03-08.tar.gz,63043855,d6c569aec9623eb2af2f5516fedda4be45fa78ab4ceca19c9de09d24d06804fb,2016806,96,2016710,0,0,9,102,1440,96,9e1eb6d82d989b1a504ef797c8062e20652e221e3fc0207905e1d6c54dbabe21,2026-07-23T17:51:02.466940+00:00
2026-03-09,ADA-USDT,False,end_boundary,ADA-USDT-L2orderbook-400lv-2026-03-09.tar.gz,41898743,e19a2dfb0f0673058870d1d31799c3063f0470e42f6918d0dbaf02a3499c957d,1465074,96,1464978,0,0,4,1020,1440,96,e412218a86f32bf092690a6e7e91f4f3841b37805d8cc266e1cd171f2d8b6854,2026-07-23T17:52:18.654926+00:00
2026-03-09,AVAX-USDT,True,,AVAX-USDT-L2orderbook-400lv-2026-03-09.tar.gz,57038152,8f2f7f28efb72c13f0776a03d3207e25b5e89dc47f9ba6abaaf04b8a29050b2a,2010079,96,2009983,0,0,5,26,1440,96,aafb6f6c86081a140ba4e59292766d77c54169d85d349763425419a587194cc9,2026-07-23T17:52:26.252315+00:00
2026-03-09,BTC-USDT,True,,BTC-USDT-L2orderbook-400lv-2026-03-09.tar.gz,314032626,e37df0c31cd7a4d0f96822ab93164c9bbd0c6f6df623f4f20d77db04e74683c2,6051027,96,6050931,0,0,5,6,1440,96,4bca4605970432ea181ff6d9f06eaf29a02991386175ab284f6bd9c7edf704e0,2026-07-23T17:54:32.878606+00:00
2026-03-09,DOGE-USDT,True,,DOGE-USDT-L2orderbook-400lv-2026-03-09.tar.gz,115906069,67942ce2b625d79575f60631d282d620190580543c7d897fb30b01aa41d0d724,2900884,96,2900788,0,0,8,42,1440,96,1592b6d47e11866a776988d3848ccda1d5e35c467c35f6ccdb6cddad5fefa320,2026-07-23T17:53:15.069380+00:00
2026-03-09,ETH-USDT,True,,ETH-USDT-L2orderbook-400lv-2026-03-09.tar.gz,235003583,0f74f90784e766c1bb320b445a4a502a058f5c7fdc9b9b3c27a81a75c67c1eb3,4968188,96,4968092,0,0,4,10,1440,96,ec1a0449521af91fef838d4fa02c818fe81d7fdd1fa512b0020d40d4bda4a2e9,2026-07-23T17:53:47.760463+00:00
2026-03-09,SOL-USDT,True,,SOL-USDT-L2orderbook-400lv-2026-03-09.tar.gz,113105117,94d9cb293bec482538254d2071f530741ecbb64bee8a07c1a18e645412cadeac,3096781,96,3096685,0,0,0,269,1440,96,591cb81826f0af82bccf818d7ff426f6b79a5358a3bd337b756c030a375bd654,2026-07-23T17:52:58.417242+00:00
2026-03-09,XRP-USDT,True,,XRP-USDT-L2orderbook-400lv-2026-03-09.tar.gz,112898506,ec60f0af63f569807a7ae0c4dc1d25994a06286b9423b696756ad2276258e49a,3082320,96,3082224,0,0,8,162,1440,96,55def111e3b2098d3424ac95c0188e0869f17187a8f0fab5d3a59f069d647411,2026-07-23T17:52:42.910290+00:00
2026-03-10,ADA-USDT,True,,ADA-USDT-L2orderbook-400lv-2026-03-10.tar.gz,44872409,8a7ed78db361bb2d5193d5f3cef0cc27412514931cfcfe4194b4235394fe1f02,1565880,96,1565784,0,0,0,113,1440,96,23465e03ec2d452f84378d8013c51a8238294ff76817bf2c07360444a33bd33f,2026-07-23T17:54:40.602376+00:00
2026-03-10,AVAX-USDT,True,,AVAX-USDT-L2orderbook-400lv-2026-03-10.tar.gz,56134948,ff9d21d43bcccbadcacf6a97e4ca4722672779a68fabea781303e622658b99c2,2098220,96,2098124,0,0,4,74,1440,96,03b7149f1cae26f62f1750de29651bc3cde3e322dd4c45cb993978ce20234ff2,2026-07-23T17:54:48.479124+00:00
2026-03-10,BTC-USDT,True,,BTC-USDT-L2orderbook-400lv-2026-03-10.tar.gz,317320764,1090160d5d064c94c483607d36eb094466b3f95923f881ad1e4b21001ebb46d5,5895068,96,5894972,0,0,4,64,1440,96,142c39986f34ccfcec1fbf5d0b23b3e2e73df7c3cd9e18e8f41063b05734de53,2026-07-23T17:56:51.258235+00:00
2026-03-10,DOGE-USDT,True,,DOGE-USDT-L2orderbook-400lv-2026-03-10.tar.gz,145259402,f37bc4d8995f96e13ac68bff7229a81a7d247495d9c8242a4d44f6416dd0a8bf,3088151,96,3088055,0,0,8,7,1440,96,3c2fd3cf7b632db3488625298873cc1b0f6d7edc137aca506ccddbac43d0d50c,2026-07-23T17:55:38.338100+00:00
2026-03-10,ETH-USDT,True,,ETH-USDT-L2orderbook-400lv-2026-03-10.tar.gz,227263903,adb7fa54cbc7b0ae9255c488560af3b558f98d58dd634b0700e90192cb653423,4756698,96,4756602,0,0,0,13,1440,96,df5b18106cb67f3c7d54c9ebde39c4ed95bb715898ba04e6396acd004a7d699c,2026-07-23T17:56:12.995091+00:00
2026-03-10,SOL-USDT,True,,SOL-USDT-L2orderbook-400lv-2026-03-10.tar.gz,105107477,18258086d9311beb919853689eaf8f8e021e9559185bccaf84ce1edcc8e3f75f,3004381,96,3004285,0,0,1,237,1440,96,97830e6557e76614705120711c110061b1dd071c6a6590b876df5eac684ec515,2026-07-23T17:55:03.116550+00:00
2026-03-10,XRP-USDT,True,,XRP-USDT-L2orderbook-400lv-2026-03-10.tar.gz,127184225,acdc3991e904cc7d381c2ab123bfe47a93dc07fe8a7a11e1353f22e2b18798ec,3315604,96,3315508,0,0,8,177,1440,96,a86f04c9559b5f58c5b54735fc22e65670d6c6d506fac313d46c9ffab2925a06,2026-07-23T17:55:19.958697+00:00
2026-03-11,ADA-USDT,True,,ADA-USDT-L2orderbook-400lv-2026-03-11.tar.gz,37356132,a5e049d1a13070bd99d0642b82ab578225ae80c253e7372cef86c433f145fc76,1423455,96,1423359,0,0,7,164,1440,96,86c64411f6f82dfeeb21e4c58ac75e608c32bdf275cbff4c3692dd44bfc637a0,2026-07-23T17:56:57.897347+00:00
2026-03-11,AVAX-USDT,True,,AVAX-USDT-L2orderbook-400lv-2026-03-11.tar.gz,50433675,c211052838e7de2541292e64fd94f788a76bec3f907dac9f3c0c0ab5303a6261,1894214,96,1894118,0,0,6,99,1440,96,e4f59fa84e6292ec4e1f9c57a9ecc1cf651632ec63a03d7b92aa36e1764c7820,2026-07-23T17:57:05.878056+00:00
2026-03-11,BTC-USDT,True,,BTC-USDT-L2orderbook-400lv-2026-03-11.tar.gz,257011405,627b4ff121c8ed935a6d7d0a3f7eb72fafbde8aee3ce8ba3b76b35ba18d3727e,5361683,96,5361587,0,0,6,9,1440,96,a29328eb18ffe792a53991aa72fd4586870a65c0c9d627ca1bb2a39e0cb55ac2,2026-07-23T17:58:51.375328+00:00
2026-03-11,DOGE-USDT,True,,DOGE-USDT-L2orderbook-400lv-2026-03-11.tar.gz,105670823,096c2994de4a62f1368604c6be77aa0a4f0d0d87df7318518be89e20dedabfa1,2494882,96,2494786,0,0,3,217,1440,96,6653d7bda8d20a2f60d93ae2739b2d4583b85a0a1a94509ac1f00a1c0783c09b,2026-07-23T17:57:44.059547+00:00
2026-03-11,ETH-USDT,True,,ETH-USDT-L2orderbook-400lv-2026-03-11.tar.gz,201778760,6fa4bc74249a0af7c556e83ff261f5b6624a0fc0f2e2fefed6a193ad350cb50f,4435132,96,4435036,0,0,7,24,1440,96,8805207d3f87dc776e4780008bd5e428050356ebdf0862a1b7d4328a1d791cad,2026-07-23T17:58:12.528524+00:00
2026-03-11,SOL-USDT,True,,SOL-USDT-L2orderbook-400lv-2026-03-11.tar.gz,93528399,869e8fbeb8d6ef6a2a97dd4aaa710285b28aee64661d9cb6b33a84ff1e2fa100,2713016,96,2712920,0,0,3,34,1440,96,571cb0ccd69fee03542d1eceddc6d61190f2d07dca31da82d2773bf6ccfaf069,2026-07-23T17:57:30.736961+00:00
2026-03-11,XRP-USDT,True,,XRP-USDT-L2orderbook-400lv-2026-03-11.tar.gz,92576595,906379e05107842e922bfe2b6cc3e61440aa8cc7d9c0e63928c33d1e6cf6f4f2,2653813,96,2653717,0,0,3,107,1440,96,81c6618594474e70b165ebf8ab57c5ad61edd15492cb3954d9d65b672b3f557f,2026-07-23T17:57:16.612806+00:00
2026-03-12,ADA-USDT,True,,ADA-USDT-L2orderbook-400lv-2026-03-12.tar.gz,31888919,eaa920e9300608eac91022c0f4769eae5d977b83acaf70e9db72bde14db3b9b6,1276676,96,1276580,0,0,6,8,1440,96,0b60071c47d4be464d43bd402d702199c4b30d6effdae207e5c59775b10d7cce,2026-07-23T17:58:57.357548+00:00
2026-03-12,AVAX-USDT,True,,AVAX-USDT-L2orderbook-400lv-2026-03-12.tar.gz,43237467,21ce45916cae46f81102b38fe2a6244267f738cebfb37128101e45c7015a1b60,1760427,96,1760331,0,0,1,265,1440,96,370519f7c7b2aff3d0ed7940b07f9657c0758d060383169e1f42239dfd897399,2026-07-23T17:59:03.889238+00:00
2026-03-12,BTC-USDT,True,,BTC-USDT-L2orderbook-400lv-2026-03-12.tar.gz,238245063,e65a0d30e1984150735acc646be1efa6367056b8c89fba9efc460ba2bdc28514,5240772,96,5240676,0,0,1,15,1440,96,54249716bdd8c17d2eee175549abb5fdcbaf2d3d173f4b15f6db184a3cd22ba0,2026-07-23T18:00:28.518288+00:00
2026-03-12,DOGE-USDT,True,,DOGE-USDT-L2orderbook-400lv-2026-03-12.tar.gz,106114867,aca721d3df960d90c31ba6a9feeade51bbd95b1c60ab05ac9e687e676954366b,2430069,96,2429973,0,0,3,8,1440,96,4aa804aaef1c848db4596275ea75b8c7bd213832e259f9ed067b0dce98529de3,2026-07-23T17:59:35.318903+00:00
2026-03-12,ETH-USDT,True,,ETH-USDT-L2orderbook-400lv-2026-03-12.tar.gz,188420081,e7036943a629f87e3eb9101cb27d38abae361f91c5d9078ce8736605f2d196e5,4295711,96,4295615,0,0,6,38,1440,96,cb480d9a17e86048dd527e504d3036edda8a8fa4f816901fdb0fd2157e1b163e,2026-07-23T17:59:58.651072+00:00
2026-03-12,SOL-USDT,True,,SOL-USDT-L2orderbook-400lv-2026-03-12.tar.gz,86518966,8807cb0c5789b7b93bf0a237975e66752c4e4511745090acef80350b445d7163,2689599,96,2689503,0,0,6,1,1440,96,2e798f06f82a3052598fffbd64b5456063f4e0093fa73f0d77be4d590eeac066,2026-07-23T17:59:24.239034+00:00
2026-03-12,XRP-USDT,True,,XRP-USDT-L2orderbook-400lv-2026-03-12.tar.gz,81766617,1cd4c6b0a9410f2ccd21b54ceabf1a6422b0049876c5dcefdd4783a1a8583087,2488768,96,2488672,0,0,3,8,1440,96,8d8ba57dcafeb7a5fc7795db159b8dcb7848030660724dc72b92114b5eaa6f83,2026-07-23T17:59:13.730800+00:00
2026-03-13,ADA-USDT,True,,ADA-USDT-L2orderbook-400lv-2026-03-13.tar.gz,43280902,bbffe9ea1672127ad789167619da015190d63cb24176dab203cde2dd401646c2,1551708,96,1551612,0,0,2,10,1440,96,6dc2b28676173328009db5997e544ac336c9a15071ed1d21f437d38a99834999,2026-07-23T18:00:35.780831+00:00
2026-03-13,AVAX-USDT,True,,AVAX-USDT-L2orderbook-400lv-2026-03-13.tar.gz,58641897,4957cf227e65bbefc0e75023b18c55885b2e483c100b6ed998a24477e46617ed,2141244,96,2141148,0,0,5,63,1440,96,0ddb76ba5dba0fd48d4ece19055cb18f7d9425d37f41b76918ca45c4fb81d573,2026-07-23T18:00:43.753700+00:00
2026-03-13,BTC-USDT,True,,BTC-USDT-L2orderbook-400lv-2026-03-13.tar.gz,289150848,f01d0c3411144b994e6163e686f2b9826e73e2bd148d51c9da88bb24c9338d33,5700157,96,5700061,0,0,5,3,1440,96,76f0180d4a8cddbdb2efaaa7dfe0521a479dcfc4af891fa6efec3bc5b0ceb01b,2026-07-23T18:02:25.954458+00:00
2026-03-13,DOGE-USDT,True,,DOGE-USDT-L2orderbook-400lv-2026-03-13.tar.gz,136111027,33bb865ea781c0c8995cc0d56b7e37b6c3740ffa9e0131eab0f9042af34843cc,3002159,96,3002063,0,0,2,16,1440,96,290bf200af3bd54c10bac7d84e3dece5abb65eb7816fe2af5a974e124c52c492,2026-07-23T18:01:22.427747+00:00
2026-03-13,ETH-USDT,True,,ETH-USDT-L2orderbook-400lv-2026-03-13.tar.gz,229809058,4ae99e1582064e31fe4e244d3946cec7b71803e3fd73b5588a76f57383a4d332,4788710,96,4788614,0,0,2,10,1440,96,a9dd09bc413903087a80853fc742252e1c881cd161f98052b987f3e9ba32ae39,2026-07-23T18:01:50.396429+00:00
2026-03-13,SOL-USDT,True,,SOL-USDT-L2orderbook-400lv-2026-03-13.tar.gz,106610065,faa14afb6a949282427cba638776c9ad2ed399c718ec9158e6c6b21f29280385,2919071,96,2918975,0,0,9,151,1440,96,8b47c6cc3cc7edd3fff4d8fe49d59b793957be917d1dcb84131a25b005756e5b,2026-07-23T18:00:56.107662+00:00
2026-03-13,XRP-USDT,True,,XRP-USDT-L2orderbook-400lv-2026-03-13.tar.gz,109147793,8c2b7fcd0fba11e5fbc847a7849c72fcf28daf3c7962ae3125b44746bb6784c9,2919877,96,2919781,0,0,2,16,1440,96,94a9fb03027fa4d028ac1bdaf328fadcdb819092bf89b9c31d692e4f354f28e1,2026-07-23T18:01:08.516915+00:00
2026-03-14,ADA-USDT,True,,ADA-USDT-L2orderbook-400lv-2026-03-14.tar.gz,17873974,11f5ad06543a8ec681fd450edce6c42bc259b504a0b34d48d4ac972796b1b2e9,829260,96,829164,0,0,0,159,1440,96,1601051c78b0605e5e725bffb4fd4cb9c993fbc96be396faef8c6a6fa5f78a4f,2026-07-23T18:02:30.581651+00:00
2026-03-14,AVAX-USDT,True,,AVAX-USDT-L2orderbook-400lv-2026-03-14.tar.gz,23800280,b95aefac3ee029374a8e3e29643d53797c0d09ac2e870b0b323f5594271429ef,1202923,96,1202827,0,0,7,37,1440,96,1afafb4e8f41b8744ba538c0cbe038fdbd97a7a231cf9ef999e7e09c7c1b0918,2026-07-23T18:02:34.846513+00:00
2026-03-14,BTC-USDT,True,,BTC-USDT-L2orderbook-400lv-2026-03-14.tar.gz,114074379,1cc1c5e820580735bbbf49b0832ab707e606eecc93ae6bbfa3304b37615fc629,3555462,96,3555366,0,0,7,57,1440,96,849499d4e76686d84e88d4aa618580b7f63143743dae123774351d9bccb08523,2026-07-23T18:03:18.603509+00:00
2026-03-14,DOGE-USDT,True,,DOGE-USDT-L2orderbook-400lv-2026-03-14.tar.gz,46910976,8e8d92f5836a580ee48bfa005e50c7111516e0d7b5c7fa4c67cc5de68f2350d9,1421608,96,1421512,0,0,4,23,1440,96,4e41870729da74aed5dcda0aad282b703f8599c2dbb57b822e54fc0499fdbd6d,2026-07-23T18:02:50.345994+00:00
2026-03-14,ETH-USDT,True,,ETH-USDT-L2orderbook-400lv-2026-03-14.tar.gz,77838050,6d6336053b8a2a64271967d353b7ca95dc0b1c590faa041beb2aecfb5ab68abd,2491600,96,2491504,0,0,0,19,1440,96,4dc1d602467c17674315d4a001271ddb62ae76b8c631d591d9cb506f3d4213ab,2026-07-23T18:03:01.873754+00:00
2026-03-14,SOL-USDT,True,,SOL-USDT-L2orderbook-400lv-2026-03-14.tar.gz,33981286,b54eaf690c944765c98799d79153c43b34bc8e459bb6e19b7845214c5622a9c1,1354858,96,1354762,0,0,9,25,1440,96,8da906575979ec837f776d5a2e4be6f9d4cdc70f91df7f4b35dc7ec863ada226,2026-07-23T18:02:44.605113+00:00
2026-03-14,XRP-USDT,True,,XRP-USDT-L2orderbook-400lv-2026-03-14.tar.gz,32880862,1a3983fb27a46fd0b7e3bc742344d8538bb521ca23fdb817a8381d652058f558,1169029,96,1168933,0,0,4,173,1440,96,3ff9be3a27abf64daec85464121645f93cf25b7d204cf9cb739c5db46c9a1e4a,2026-07-23T18:02:39.616965+00:00
2026-03-15,ADA-USDT,True,,ADA-USDT-L2orderbook-400lv-2026-03-15.tar.gz,24777640,b178b2301d3f2d3b5bb433626eb5cf9dc239cbc74e279fca85bc4ffc0c52ae5d,992049,96,991953,0,0,1,84,1440,96,3b350c7f567208b6054adfe8b0d8543e93e385cc72936824068dc05468ee5d8d,2026-07-23T18:03:23.613733+00:00
2026-03-15,AVAX-USDT,True,,AVAX-USDT-L2orderbook-400lv-2026-03-15.tar.gz,33889456,2d5890575de751a3363540d321508bed3971feb8d877d2d2ecad7ce0d9e3c570,1379024,96,1378928,0,0,3,3,1440,96,8b9302c7aca8ad238bd93fd3c245970e7cc7eba945c91b3234605e8851738f5b,2026-07-23T18:03:28.766345+00:00
2026-03-15,BTC-USDT,True,,BTC-USDT-L2orderbook-400lv-2026-03-15.tar.gz,156638837,df9706873767b041e6e29a5488471adcccd60c82cff79bdd86d77b0263303d12,4158606,96,4158510,0,0,3,13,1440,96,42a3ef7f10038aa5fdb39c58a7e7a51c10b4b33c51496ee9376c60c7832da56a,2026-07-23T18:04:27.376322+00:00
2026-03-15,DOGE-USDT,True,,DOGE-USDT-L2orderbook-400lv-2026-03-15.tar.gz,65609466,88e9ca9a55177d6fb6152dd49109998fc044aa69f70b8f719c1960223585aad9,1783996,96,1783900,0,0,7,166,1440,96,5b2efc6402eaee52992379198a63d3e9a43ac0a69e50de690c8bf37ed982ad60,2026-07-23T18:03:50.348257+00:00
2026-03-15,ETH-USDT,True,,ETH-USDT-L2orderbook-400lv-2026-03-15.tar.gz,118159883,fc21316c3c7beb1b2afb35613a0d7049e3a36b2d807813ecf415104163514c43,3127152,96,3127056,0,0,1,4,1440,96,82787e9a67b5bb556a3b22844111230c80321a55f584f76bc92e5379bdd1881e,2026-07-23T18:04:06.035376+00:00
2026-03-15,SOL-USDT,True,,SOL-USDT-L2orderbook-400lv-2026-03-15.tar.gz,54291396,831428758eaa055a01b8b7959a57bede46141bb0d605b65090627c54a2a07e6b,1730010,96,1729914,0,0,5,34,1440,96,466028e4a7b2cbc8b5a822a3b345410478b85de1c830cf769c680c620ac322fe,2026-07-23T18:03:35.735115+00:00
2026-03-15,XRP-USDT,True,,XRP-USDT-L2orderbook-400lv-2026-03-15.tar.gz,58412171,be4cc06a8c4fe567f9d3afe626d63c6dd33ded428381673894c196e0e9c555ea,1747100,96,1747004,0,0,7,196,1440,96,d34a31100850ab32883ddc1505aa6a0202ae5b1cbfcbf51fc5ea6f8c25658755,2026-07-23T18:03:42.704247+00:00
2026-03-16,ADA-USDT,True,,ADA-USDT-L2orderbook-400lv-2026-03-16.tar.gz,54505065,74f289774fad5360dcc1735a5373a817ffbf650f654bd05a94da746717543629,1866729,96,1866633,0,0,6,3,1440,96,389443daead8e81b573caa4fd89b94cd8173a4c97eac20c52ed32e109a5c008e,2026-07-23T18:04:35.878993+00:00
2026-03-16,AVAX-USDT,True,,AVAX-USDT-L2orderbook-400lv-2026-03-16.tar.gz,66015778,69728e75a54d008adbc84a8ae007b546758aa879f24b42d026cb122d9fe6ef77,2273038,96,2272942,0,0,7,17,1440,96,be8c2466f01db22fa1b01ed4b3ebda3acd2552161326330ef3414482289c8da1,2026-07-23T18:04:44.594928+00:00
2026-03-16,BTC-USDT,True,,BTC-USDT-L2orderbook-400lv-2026-03-16.tar.gz,260092341,e5c122562fd7eb5f76be22dc4e70ca1c6e449a4621df343be7c10e60c697539c,5585755,96,5585659,0,0,7,77,1440,96,db4e962768a30902121ef22cf57df93a70834627c551228094b20edc596f33a1,2026-07-23T18:06:28.631019+00:00
2026-03-16,DOGE-USDT,True,,DOGE-USDT-L2orderbook-400lv-2026-03-16.tar.gz,143874830,ba2601c7dd4bd4a9b86c85e92e19e9f0d9524b2640ea11f16200f047094d7436,3134761,96,3134665,0,0,4,1,1440,96,399e5fcd229e616bbf17ec294ffd96eae40b2aeca737676e24634d49e0124b56,2026-07-23T18:05:25.737933+00:00
2026-03-16,ETH-USDT,True,,ETH-USDT-L2orderbook-400lv-2026-03-16.tar.gz,250053909,33473d360468913224f9c35026681b7e0136599476fd160c4571d7a9ec814f0d,5226300,96,5226204,0,0,6,133,1440,96,7a69a69a82681c79d85670fce12f55885c71cf3be31e0ea74768ac5f058bc6b4,2026-07-23T18:05:56.114190+00:00
2026-03-16,SOL-USDT,True,,SOL-USDT-L2orderbook-400lv-2026-03-16.tar.gz,108813245,fb572d181225f14e284e53a8cf6b21a0550b3031a4c446ed4c8269a41e2e9d38,3008463,96,3008367,0,0,6,39,1440,96,d72f54c3e5b2a847cd027436991d00fb1b4a3cc9d20dc3c408ed21bcb4193191,2026-07-23T18:04:57.255259+00:00
2026-03-16,XRP-USDT,True,,XRP-USDT-L2orderbook-400lv-2026-03-16.tar.gz,125648046,91f363d82d159e4672f4e214dba0ac8076c16750b763ceb0fd9c8e14dee4fcde,3165013,96,3164917,0,0,4,81,1440,96,d27de95d4fe37986f4aa8e386c6d0a95655872ac273d6e9f5886bd8d10f37ddd,2026-07-23T18:05:11.225548+00:00
2026-03-17,ADA-USDT,True,,ADA-USDT-L2orderbook-400lv-2026-03-17.tar.gz,40982138,771aa77f5b1df56d5c566e315315ac25cdb5c83b38c54722541779c6abb22fe4,1498257,96,1498161,0,0,7,407,1440,96,50da19706326cad29d6ace30963e476cfb48319269091fe736c5e8148afa62c3,2026-07-23T18:06:35.767702+00:00
2026-03-17,AVAX-USDT,True,,AVAX-USDT-L2orderbook-400lv-2026-03-17.tar.gz,41229817,83d1a853c02acfb16ee44dfc6dda066dd21a406b20d48365647e491fafdbf32d,1632580,96,1632484,0,0,3,70,1440,96,4ec4a8c8e615c58298673ff4821d2c74d0c5e68f6bde3273975b9db9c81cc574,2026-07-23T18:06:41.798033+00:00
2026-03-17,BTC-USDT,True,,BTC-USDT-L2orderbook-400lv-2026-03-17.tar.gz,222175550,2866b70ac48fa446192c70a8c2a4e7418ceaad2a49c77c1614fe85dfd91488c3,4998194,96,4998098,0,0,3,30,1440,96,40357243e8b3e74ca61a7ffd1a067312fca638507d875f64b4f27d42e637437d,2026-07-23T18:08:11.120792+00:00
2026-03-17,DOGE-USDT,True,,DOGE-USDT-L2orderbook-400lv-2026-03-17.tar.gz,111141803,a28ba0e3f22edbfe78fbd5a27323e34961a5b83872d1b0f3887aed6b4681ce54,2596768,96,2596672,0,0,9,78,1440,96,6dc25981a71c44f55e822eadf73afc2251f3d5dcc011db3c42313250867977ee,2026-07-23T18:07:04.713337+00:00
2026-03-17,ETH-USDT,True,,ETH-USDT-L2orderbook-400lv-2026-03-17.tar.gz,195261165,64e2e8935e16bb87d1e69a11344e6558ad3bac7568e69e3e4794f8ddbb6cba22,4547475,96,4547379,0,0,7,37,1440,96,90bfd85a5ea1d5848beef4e7e67edc9c118289368ace7c5e48d01bcb8dedc6ce,2026-07-23T18:07:42.783605+00:00
2026-03-17,SOL-USDT,True,,SOL-USDT-L2orderbook-400lv-2026-03-17.tar.gz,92578650,f8a20dd7fecc3ba5c10d41ab6f11f3ae318e7c1f2ffd0c5994d97000842162f6,2740075,96,2739979,0,0,1,168,1440,96,c94b3d1aa2df50696787497d1e455b1a12ec3b58ba4b76ec85d93e1d453ad342,2026-07-23T18:06:52.869680+00:00
2026-03-17,XRP-USDT,True,,XRP-USDT-L2orderbook-400lv-2026-03-17.tar.gz,123664347,4284ce3307b99f6656bcfb1d75c5e370b515bbfcfecef858bb2056aa5890b947,2933702,96,2933606,0,0,9,38,1440,96,3192cf8bfed240fa8d50753f3b05520e30a386600487e06b6354f153f51a0afa,2026-07-23T18:07:17.991893+00:00
2026-03-18,ADA-USDT,True,,ADA-USDT-L2orderbook-400lv-2026-03-18.tar.gz,39023500,5065399798c2449f7d004e74b0b3e40589a6f2dea4bac7f56f8a260f19ebb6e7,1433055,96,1432959,0,0,3,84,1440,96,701cbf91d44b2b9e9a31cc8c2fc606d32ce4602c2c9b1598a97000016e21e805,2026-07-23T18:08:17.966477+00:00
2026-03-18,AVAX-USDT,True,,AVAX-USDT-L2orderbook-400lv-2026-03-18.tar.gz,46250739,c46833c474d0a8bd476053d8ae3e05a7313d4a6274fe895b2e6635448189a53c,1646543,96,1646447,0,0,0,91,1440,96,212f49593fd1334638a3286d04bc8f85c169ef0924ba9878aafb4e4d8fc14cc5,2026-07-23T18:08:24.369075+00:00
2026-03-18,BTC-USDT,True,,BTC-USDT-L2orderbook-400lv-2026-03-18.tar.gz,210927082,66d2a0cd6470efe6974e27c650743800d35e26c61e1d5f63a8af97139b7d4dfc,4906754,96,4906658,0,0,0,11,1440,96,8b3b931011c85cfa01d6117b983a1155c0f38ed98e0c3993bd9fa7bd17b46cbf,2026-07-23T18:09:49.210960+00:00
2026-03-18,DOGE-USDT,True,,DOGE-USDT-L2orderbook-400lv-2026-03-18.tar.gz,100396686,1f1766edb43142c7cc07e4f9fe1a3909d9d8168ce4e39d032e845f6fc02ebea9,2496868,96,2496772,0,0,2,31,1440,96,a842bd3902fb6958e6096039a33392b1e144c2563e741095f68ae14bd16c09b8,2026-07-23T18:08:57.047135+00:00
2026-03-18,ETH-USDT,True,,ETH-USDT-L2orderbook-400lv-2026-03-18.tar.gz,196596218,76e8f2ae9abb3a3520071cadac6d00bb2896f68e7bc59f48bfb265ed486dc652,4537312,96,4537216,0,0,3,14,1440,96,d2c037c7ae88180770739a8247bf77e9fa6b777d45f91ee7965afa05132695b2,2026-07-23T18:09:21.854889+00:00
2026-03-18,SOL-USDT,True,,SOL-USDT-L2orderbook-400lv-2026-03-18.tar.gz,85015960,ed0adde42b0fd4d1a7a8005acebd2f34d7aa319cee2cfe35d062ad528571ba72,2654747,96,2654651,0,0,2,17,1440,96,7f514b01c7fbb5fc70ae6e19e05f59035ac0803fff8d46b8046d56d5321d0dfe,2026-07-23T18:08:35.124457+00:00
2026-03-18,XRP-USDT,True,,XRP-USDT-L2orderbook-400lv-2026-03-18.tar.gz,94621365,4964940699ea8b2d0f3b9ef7dc41dac45fb3bcd0fb0df3b9cde03d7a3e6d9839,2579291,96,2579195,0,0,2,1,1440,96,e181e6594bb50a74bf050c77cf53726fa61428a1521247a75ab07d47c8fe4d41,2026-07-23T18:08:45.993394+00:00
2026-03-19,ADA-USDT,True,,ADA-USDT-L2orderbook-400lv-2026-03-19.tar.gz,36355711,150a1a3f044d811707e58cbdb36d35b763af57cc8b3673bf7a858e40d854f77d,1413095,96,1412999,0,0,6,33,1440,96,74917e2c7e8cb0c28b29041681f8d557ae7089a4fa9632b858f7153764e7326b,2026-07-23T18:09:55.876367+00:00
2026-03-19,AVAX-USDT,True,,AVAX-USDT-L2orderbook-400lv-2026-03-19.tar.gz,46036603,2fe5d7345400b051d5afce8cc13de86eb3b7047630ebd1cfc53b817c01f6d0d2,1765087,96,1764991,0,0,9,168,1440,96,a4e9ee15dab72df154e0780da0ddc212882d271cc3d76455d395ff1c365ee4e6,2026-07-23T18:10:02.501335+00:00
2026-03-19,BTC-USDT,True,,BTC-USDT-L2orderbook-400lv-2026-03-19.tar.gz,247185215,a030f04f9486a946195d041242e7800d6de3828743a908a4231e25a2a9af6de8,5285579,96,5285483,0,0,9,108,1440,96,ea4dd0f57e06a7fcc5bfbddf3f401b9fc844c3bfc4ed011e6e7b84bc1b67e6c7,2026-07-23T18:11:31.833224+00:00
2026-03-19,DOGE-USDT,True,,DOGE-USDT-L2orderbook-400lv-2026-03-19.tar.gz,82999112,d6b490b1980c72d6f289d5a1485b641e3163d16a22db68c2c28fbc2877020767,2285774,96,2285678,0,0,9,77,1440,96,0a1d7ff93436fbb5f1d2abc56cbf9d6f9b5858bd5355a255b21e5621c23ac419,2026-07-23T18:10:11.925973+00:00
2026-03-19,ETH-USDT,True,,ETH-USDT-L2orderbook-400lv-2026-03-19.tar.gz,218716733,b0e3cdf3800fb9e073c026100cf45562870953a15e8f57af15d8d378e97a8774,4753932,96,4753836,0,0,6,33,1440,96,8407f06b4f41e0fa184cfc85951359057c333b38cf65fb507fa443f023352178,2026-07-23T18:11:00.938793+00:00
2026-03-19,SOL-USDT,True,,SOL-USDT-L2orderbook-400lv-2026-03-19.tar.gz,83820517,7a54e063c0e2bd627109ebb68c9906d1e5f6043d2c76cd1075a3edc5e024b60e,2571985,96,2571889,0,0,3,65,1440,96,e5d6bb0ca756c367cdfce3c6e70a55d1bebcf2cadfa4e9a2c0d973b8d02f7639,2026-07-23T18:10:22.520272+00:00
2026-03-19,XRP-USDT,True,,XRP-USDT-L2orderbook-400lv-2026-03-19.tar.gz,94058195,7023a6f483b2d8c45eb5b3565313edec22e327dbd66940dbcf7f37cd88496516,2731452,96,2731356,0,0,9,37,1440,96,c5da8c3d1f8115b78bd959245384526e476611bce46283488dfde00c899f558f,2026-07-23T18:10:34.053680+00:00
2026-03-20,ADA-USDT,False,end_boundary,ADA-USDT-L2orderbook-400lv-2026-03-20.tar.gz,34711644,8decee18edfb1d602d03fceabd5300f06d0953da198387e79e834c35efa26e2c,1370226,96,1370130,0,0,7,1397,1440,96,5d870c5d5577e559ad7a3fb283445613170d220c91472e7ee62f7797ee589b4b,2026-07-23T18:11:38.191345+00:00
2026-03-20,AVAX-USDT,True,,AVAX-USDT-L2orderbook-400lv-2026-03-20.tar.gz,38055031,9a35b3ee445fbabdaf26f45f038c42a40043eb6c31b696c1d1e32a5e58c699f8,1445442,96,1445346,0,0,2,30,1440,96,2f8c12cf792a4747656bda1e3d702625e62c6eb9c46a31d63c9f36c3fe338e0f,2026-07-23T18:11:43.499567+00:00
2026-03-20,BTC-USDT,True,,BTC-USDT-L2orderbook-400lv-2026-03-20.tar.gz,238327412,af24908ee6d3a25302e71407696c26ddbde91468e56e5ea95df751d3a8ea251c,5185362,96,5185266,0,0,2,10,1440,96,ab1d36d61523f9cfdf4859cbe107c70a4ee0f405eb64c1eddca49d2cd875271a,2026-07-23T18:13:04.571324+00:00
2026-03-20,DOGE-USDT,True,,DOGE-USDT-L2orderbook-400lv-2026-03-20.tar.gz,76432856,90b6a02e33d5186a6a6512fcd6c1bb1f421008b77c0bf01f961f82341a79255b,2168350,96,2168254,0,0,3,227,1440,96,265e77cbb851570e44847c6dba862bb8593d4c2d2c60313b659781d5b6aaf861,2026-07-23T18:12:01.765133+00:00
2026-03-20,ETH-USDT,True,,ETH-USDT-L2orderbook-400lv-2026-03-20.tar.gz,178603287,82d98c61b8fe9f63cdca2ee79e11b0a50b533334dc173ade3e1fdd47af05e785,4253760,96,4253664,0,0,7,7,1440,96,341029ea4ef5ac61b310b0ee6b49dc771a68ea9df66401ad82ce7f05929b5b63,2026-07-23T18:12:34.316702+00:00
2026-03-20,SOL-USDT,True,,SOL-USDT-L2orderbook-400lv-2026-03-20.tar.gz,73908408,9aa18768918ea3777011d7d36e06e4e5f1693b9db5720c3344c88fb1f7b0e93a,2426881,96,2426785,0,0,5,202,1440,96,fc70e6251457a759aefdd8899b9243ba05d1a92237b12ca16a21069b93371c36,2026-07-23T18:11:53.029308+00:00
2026-03-20,XRP-USDT,True,,XRP-USDT-L2orderbook-400lv-2026-03-20.tar.gz,79980394,32fc3b1cafbc9d02f41045a061887d340f6009ee4e5e5167ca67ce3fa3582c70,2465781,96,2465685,0,0,3,147,1440,96,b5c5b0c0a2a2631a717d3c59f0ac08fb0252970205e8e150d8f30359b1a16e09,2026-07-23T18:12:11.362666+00:00
2026-03-21,ADA-USDT,True,,ADA-USDT-L2orderbook-400lv-2026-03-21.tar.gz,16530586,e07290c135f2c15e311c75a1ffa96018f9da89d5ceecfc6c328aa3016fc10361,778340,96,778244,0,0,3,127,1440,96,3e3e4d96de8c22fc4845f7cb017a7707d894bfecea6b844e22341c07bde78e98,2026-07-23T18:13:08.828453+00:00
2026-03-21,AVAX-USDT,True,,AVAX-USDT-L2orderbook-400lv-2026-03-21.tar.gz,17481121,cf78bd170213099758cf42d9c8cacf1e4d8f1c254146e2cfa677fedba37a98b6,632514,96,632418,0,0,0,166,1440,96,4b7a2d84a00ec5d811ce36f0ee8cb846d896d9d0eccaef45d60f428682ba4b1a,2026-07-23T18:13:11.484806+00:00
2026-03-21,BTC-USDT,True,,BTC-USDT-L2orderbook-400lv-2026-03-21.tar.gz,98644904,0921f5e445680980051dde7967c4c5c1db671e8ef241a61d67af64031cbbd37e,3319604,96,3319508,0,0,0,6,1440,96,f218bf2b3a53f331b004e895d33516250be8417e3493842cafdb7d834f398138,2026-07-23T18:13:50.024475+00:00
2026-03-21,DOGE-USDT,True,,DOGE-USDT-L2orderbook-400lv-2026-03-21.tar.gz,33974662,795493e7601e9a56381a35d1305ab044d12ced72f85034667a1971e48a92ad9b,1107640,96,1107544,0,0,3,7,1440,96,96906ccb0bc3ad59f9deb3c31a507287a2b7a6326ee34575df358178f8f6c5d0,2026-07-23T18:13:25.490860+00:00
2026-03-21,ETH-USDT,True,,ETH-USDT-L2orderbook-400lv-2026-03-21.tar.gz,64304728,d7b0956ec27462e59fb4c65aee571d848cda9e76c82bbf2a937a0552cbf908c6,2160926,96,2160830,0,0,3,87,1440,96,9208e2849471aa485de4e9ac2f6a3c58121a7cf83b539c38470a5b38803bf315,2026-07-23T18:13:35.013658+00:00
2026-03-21,SOL-USDT,True,,SOL-USDT-L2orderbook-400lv-2026-03-21.tar.gz,33099564,72e5a5145400d82b407113edc63a7e54b34e532833a6bc05f0775cdc43775999,1445520,96,1445424,0,0,8,47,1440,96,170ff6f53ebf1fc1007139a29e3c258c1def0774cdeb080547600034b768e253,2026-07-23T18:13:20.725183+00:00
2026-03-21,XRP-USDT,True,,XRP-USDT-L2orderbook-400lv-2026-03-21.tar.gz,30277871,cd7b618c546aee95a642fcc165a9f1d5b3465b6596dd4e5c068079c1a224ff74,1103779,96,1103683,0,0,3,147,1440,96,ec089e06f31f8f042d08dbfb458f1b442e493af134143d451768f7a84f4fea02,2026-07-23T18:13:15.653928+00:00
2026-03-22,ADA-USDT,True,,ADA-USDT-L2orderbook-400lv-2026-03-22.tar.gz,28017135,eb144d4ca5b7c1dc16907e9645ca110b567258cde389fa89ca9a2cbbd9612c2d,1138629,96,1138533,0,0,3,86,1440,96,4268eef700ea506c034bf6dc44388b4148827e1461b1e82008e536ad7abc3ce1,2026-07-23T18:13:55.769208+00:00
2026-03-22,AVAX-USDT,True,,AVAX-USDT-L2orderbook-400lv-2026-03-22.tar.gz,32663877,a1c77e00465053e726390c45e696d815241d771e95a0ecf06310acef65b9923c,1089094,96,1088998,0,0,4,6,1440,96,f18345c952de20e36b8e7c10180a8f56966ef5805aa3426a43f267ae4bc4ddee,2026-07-23T18:14:00.279326+00:00
2026-03-22,BTC-USDT,True,,BTC-USDT-L2orderbook-400lv-2026-03-22.tar.gz,168812219,983309f738a542b9d33e0a8471808f853003cf12483d8df5b73fe2d14d827658,4276447,96,4276351,0,0,4,26,1440,96,f7fb48326da56343c6b01b3e69e7d883615108d4a9aca73f96d3d07b69379edd,2026-07-23T18:15:04.677899+00:00
2026-03-22,DOGE-USDT,True,,DOGE-USDT-L2orderbook-400lv-2026-03-22.tar.gz,60000332,9bc039c42aa370ca163eaff94525d14d7087dd85a809f4980e96019df9e52cd6,1746446,96,1746350,0,0,3,155,1440,96,340d01bc49a284db0865338f4be84bdddb6eb99f58b53b5c26c485307231756d,2026-07-23T18:14:17.095953+00:00
2026-03-22,ETH-USDT,True,,ETH-USDT-L2orderbook-400lv-2026-03-22.tar.gz,136257592,c7b52d5d8dc6e883f1b56c85530d263a9a4ba0ba76a31470cc35c6b0ac390a93,3387537,96,3387441,0,0,3,46,1440,96,ddfddf4ca8c8b284cf60efbc8f11de280d64da1eedf7ea217d6bcfb3043d352a,2026-07-23T18:14:42.163871+00:00
2026-03-22,SOL-USDT,True,,SOL-USDT-L2orderbook-400lv-2026-03-22.tar.gz,59603957,a201407304bc9b6df3e654caf3a8c6d4f2c755e32649f1b811383bb2f685cc0d,2188097,96,2188001,0,0,3,39,1440,96,4a6ec63c263545f577e48ad487b7af69e57513dd0a9507d195c6e1a4d5b37737,2026-07-23T18:14:09.144862+00:00
2026-03-22,XRP-USDT,True,,XRP-USDT-L2orderbook-400lv-2026-03-22.tar.gz,62557819,d5815e252801460de81273f731b6dc947a527033c05a2d8f62bcaade8d1c3840,1814629,96,1814533,0,0,3,45,1440,96,1f9e5262dcc146a012c0f1621a93ae3305cd12fd7e3c28e572bb8b8d6070ac5f,2026-07-23T18:14:24.537320+00:00
2026-03-23,ADA-USDT,True,,ADA-USDT-L2orderbook-400lv-2026-03-23.tar.gz,46849706,127f6ff37910009507199e8928aa4e69014343305b1a9009457048773a42a4fc,1677560,96,1677464,0,0,4,37,1440,96,cae2b2bc16b4f9699ed877f8cfb6a8c3b99d3792c8bf384bc905b4684a94a256,2026-07-23T18:15:12.854176+00:00
2026-03-23,AVAX-USDT,True,,AVAX-USDT-L2orderbook-400lv-2026-03-23.tar.gz,56151612,991efb56eb2213e9f101975dd0bce12b65e1a32d785d6594f364589c4dea4e02,1693862,96,1693766,0,0,4,158,1440,96,b1a5ecc6c0703ab74ebd88a99b2217ad8679183d3e5c3c382dc562e84146ae5e,2026-07-23T18:15:20.537586+00:00
2026-03-23,BTC-USDT,True,,BTC-USDT-L2orderbook-400lv-2026-03-23.tar.gz,313553704,b90d5f03b0a69949c0c80bc6feba3a6c397c221024b5a0b9b1c40f2e54e5eee2,5802200,96,5802104,0,0,4,228,1440,96,7937505800b1443baf2b2d08037a10945a5b337ed440f63f1fa7ad25b6980ad0,2026-07-23T18:17:08.247937+00:00
2026-03-23,DOGE-USDT,True,,DOGE-USDT-L2orderbook-400lv-2026-03-23.tar.gz,112530665,f3f8827d7a16247c556adf388ee65c1a390c8d4ceee854de50c2d71673ea347f,2686099,96,2686003,0,0,5,46,1440,96,caf18eb27ac8f4a176b2bdc1b9c0039e19c16b02e34edcd4a88a4fa7efdf441c,2026-07-23T18:15:32.469046+00:00
2026-03-23,ETH-USDT,True,,ETH-USDT-L2orderbook-400lv-2026-03-23.tar.gz,237531870,26f4e3b4de71c8436038171a708f3a108ad7c39e57b5db90b2a23e2d2fcd9d6f,4854861,96,4854765,0,0,4,7,1440,96,2f7257833dd810e9fe886336f09c885c6c49e536c5f186a2efb94720b7430984,2026-07-23T18:16:29.936373+00:00
2026-03-23,SOL-USDT,True,,SOL-USDT-L2orderbook-400lv-2026-03-23.tar.gz,113419717,2523a098bbeb16eba26c8d798ecb45fe917150457df16634bc437417b5b82a17,3128573,96,3128477,0,0,1,15,1440,96,6297a9e0025307a01cefb06f1a9ff83619c8859f0d73c0492571299b44b2d8de,2026-07-23T18:15:45.639950+00:00
2026-03-23,XRP-USDT,True,,XRP-USDT-L2orderbook-400lv-2026-03-23.tar.gz,128754082,789c9f791de9a5184c5ea8a61f5c2b39f7133cb445a957222a2d6bc240205319,3201894,96,3201798,0,0,5,6,1440,96,42c0e2bd3b4340571568b6ee5b11104ab0387ed66d6e27e9318c87d9ab800b4b,2026-07-23T18:16:01.170051+00:00
2026-03-24,ADA-USDT,True,,ADA-USDT-L2orderbook-400lv-2026-03-24.tar.gz,34490073,96b2f27d8753baa35a6669c6ecbb560464a020aaf6ee81819442f26482fafefa,1383886,96,1383790,0,0,3,4,1440,96,4563210c23329a2bb320c869130adb37fff91e66f29616a6f35e98ead0700cf0,2026-07-23T18:17:14.694196+00:00
2026-03-24,AVAX-USDT,True,,AVAX-USDT-L2orderbook-400lv-2026-03-24.tar.gz,36663215,d1d4fefdeae4fa16318d53b63274bc07a34bda4d9299ecb2ce0ea0bc91f1bbaf,1269937,96,1269841,0,0,2,39,1440,96,47cb3d82404a81e64921bcdd50ff1b4d9ebe094d6d92aefa5a199db2cd708882,2026-07-23T18:17:19.833929+00:00
2026-03-24,BTC-USDT,True,,BTC-USDT-L2orderbook-400lv-2026-03-24.tar.gz,244896789,9d7e1c02f29482b35368fef08b288f564ea33bf7f64024fda91c58b17cb387e6,5321827,96,5321731,0,0,2,9,1440,96,1dc6b7a9fab0a5f136e12c56fbfc051938c8d5681b1739bd563f4f2548f1a196,2026-07-23T18:18:47.747225+00:00
2026-03-24,DOGE-USDT,True,,DOGE-USDT-L2orderbook-400lv-2026-03-24.tar.gz,80856405,bff325ad3595e914acc234686a74e9c417b14bf2c7f865be51ef7fedc22ecab6,2180441,96,2180345,0,0,4,353,1440,96,74085caf6eed490ada50d4abb4f71764abb3092f008a86bc1f0056eabac3b729,2026-07-23T18:17:29.214306+00:00
2026-03-24,ETH-USDT,True,,ETH-USDT-L2orderbook-400lv-2026-03-24.tar.gz,197066152,3d2d7af038d05894a3a0b097d2bdbdca609656132e1c835b76020331ea6d29f4,4669498,96,4669402,0,0,3,4,1440,96,15d08a6ae868ebb101510a8c465dfecec09aec39fd5ed8d65921c92fdb0ca9f2,2026-07-23T18:18:16.801718+00:00
2026-03-24,SOL-USDT,True,,SOL-USDT-L2orderbook-400lv-2026-03-24.tar.gz,83252387,98e429cb826434fd8c365b17d6831c5243ad231360faba90f0bfa0a6e17ec304,2498155,96,2498059,0,0,5,58,1440,96,260d6f0bd7812b7b879c4cfab402db61897509db7aded63c04da1077e66559f9,2026-07-23T18:17:39.884204+00:00
2026-03-24,XRP-USDT,True,,XRP-USDT-L2orderbook-400lv-2026-03-24.tar.gz,88937309,6daaab3f5dc7be58b452a888026a34cf8ad5d88ae7cbcc974d65e9936ff223be,2700567,96,2700471,0,0,4,3,1440,96,6f526e83e27ae69cf640f6b210d3bc7fa41014e9571eb032b31dfd10af1dae80,2026-07-23T18:17:51.369547+00:00
2026-03-25,ADA-USDT,True,,ADA-USDT-L2orderbook-400lv-2026-03-25.tar.gz,32369499,50dee32e0206e67f0ae183d9ea2e27a4030cc4c1cf7713ea5d8570c828eb17e3,1291790,96,1291694,0,0,6,108,1440,96,e1cf9496807474aa992be6e427c0fb7969323cc1338318088898cf326b611117,2026-07-23T18:18:58.362603+00:00
2026-03-25,AVAX-USDT,True,,AVAX-USDT-L2orderbook-400lv-2026-03-25.tar.gz,26386367,e47cf71856c7a845af7c67ce9a2fcc1f7ed2f0fe05e7f31279aea76f1e046a2b,1011333,96,1011237,0,0,1,123,1440,96,b16a9ce9b98aac156942f6d2bb387dff8bb28c8b5f2932ce589cc92d5b2bc09a,2026-07-23T18:18:53.418341+00:00
2026-03-25,BTC-USDT,True,,BTC-USDT-L2orderbook-400lv-2026-03-25.tar.gz,201182596,b6968db53d165e91cfaeefcd9634a790d40cc016bccd158a3726252c99a6ccb6,4819656,96,4819560,0,0,1,3,1440,96,bec4d7928d645c8840fa7da82b417cb75cb9adcf49ce446813485163d74f6625,2026-07-23T18:20:11.937480+00:00
2026-03-25,DOGE-USDT,True,,DOGE-USDT-L2orderbook-400lv-2026-03-25.tar.gz,69294675,e9ccb6c7c96149b4db9d354cd5e08e8bbb95fc1362f76c861a85663ef42791c2,2109537,96,2109441,0,0,7,582,1440,96,2f7f11150815c00ea5f2c24d445e739c629d5e1671617cbc00afa3d2eaac91a8,2026-07-23T18:19:15.210333+00:00
2026-03-25,ETH-USDT,True,,ETH-USDT-L2orderbook-400lv-2026-03-25.tar.gz,152476364,25b3e4b1b588a6f7b6a9d28b50cfb202bf737e592de5cfaf254cf16bcd47bf0d,3965582,96,3965486,0,0,6,18,1440,96,194b87c57c9a8bc59ad0deaa35137c8f7d7398977771db536d2d2c0029340d58,2026-07-23T18:19:45.178852+00:00
2026-03-25,SOL-USDT,True,,SOL-USDT-L2orderbook-400lv-2026-03-25.tar.gz,65003804,c6ad9a4fc41ef928e581206646fd5c6f6d633bbbc87ad08e6b4242cb30170473,2227286,96,2227190,0,0,2,164,1440,96,9b61fcc885b22ac39c7f91ba3da1dce0c5f666550a99875e095e91c303adf69e,2026-07-23T18:19:06.798786+00:00
2026-03-25,XRP-USDT,True,,XRP-USDT-L2orderbook-400lv-2026-03-25.tar.gz,70054347,0443d8623c0d261c03767852fb4fd9baa100071345ccead9b045815ae52c2092,2274584,96,2274488,0,0,7,112,1440,96,db60ee9351302a872def3ade2a4ae94589cd18f6e97018ccfec95c7a9ca66bd7,2026-07-23T18:19:24.059006+00:00
2026-03-26,ADA-USDT,True,,ADA-USDT-L2orderbook-400lv-2026-03-26.tar.gz,27846337,34c2fe29e4ac972a9c288075ff9034aea6ce43cbfdf2a3f05549230df99a7120,1205356,96,1205260,0,0,2,384,1440,96,0213b695af89dd0b76f674ac66c51ed85277ac04808125e07d2f066bb09e4040,2026-07-23T18:20:17.609325+00:00
2026-03-26,AVAX-USDT,True,,AVAX-USDT-L2orderbook-400lv-2026-03-26.tar.gz,30289740,c309ba322841e06e73ad16b4334f426892bc43c1f6e22bb965aaa7112e60a0e1,1140270,96,1140174,0,0,7,130,1440,96,908629a9b52028c1dc9cb10728f657b08a3c4d17563142a755e4416216cc13c9,2026-07-23T18:20:22.160101+00:00
2026-03-26,BTC-USDT,True,,BTC-USDT-L2orderbook-400lv-2026-03-26.tar.gz,208570725,f5c8da6c1b4b6b3a6969e12642528cf6cd883e4bee08a8522b57480d16e6dcdb,5137060,96,5136964,0,0,7,50,1440,96,05e735dd077326cf59c57ce0247103dc7bf0db571a9d816d2b26ee9964051833,2026-07-23T18:21:35.816111+00:00
2026-03-26,DOGE-USDT,True,,DOGE-USDT-L2orderbook-400lv-2026-03-26.tar.gz,57500977,05a2041b389bbc553217181795755f8f17f311b573082e9b58337ff8482cbf75,1730670,96,1730574,0,0,8,316,1440,96,a104db674b3c3c6f6c72e2dfc7ad7ef53d4801fba69de610a5d4ec337175008e,2026-07-23T18:20:29.091571+00:00
2026-03-26,ETH-USDT,True,,ETH-USDT-L2orderbook-400lv-2026-03-26.tar.gz,152675049,e109251426a39ea7838b0ce5922c0618d69d3067224352c8133ef57e285ea43e,4072402,96,4072306,0,0,2,14,1440,96,2389652866a780cb294813294131e18226cf08ec3eac6910b410620a2d6dba22,2026-07-23T18:21:07.527980+00:00
2026-03-26,SOL-USDT,True,,SOL-USDT-L2orderbook-400lv-2026-03-26.tar.gz,65087387,a92cb04179ef7dba93bb21e31fe3ca5031e14354c6b615cf8dd4649cd3599b23,2348806,96,2348710,0,0,6,18,1440,96,e6a34bc9b4b5a46ef16ae96bbe3e260ac72cac95d9df530852a2ecc4f0d4f85a,2026-07-23T18:20:47.463460+00:00
2026-03-26,XRP-USDT,True,,XRP-USDT-L2orderbook-400lv-2026-03-26.tar.gz,64751256,3219f81d8ddca8400a8189d8a7312b39245c085e7ff25d4619d4384af7f53576,2223810,96,2223714,0,0,8,56,1440,96,e81d678899f019718bfe2f4648942cfb86ed6bc35bbf40c948fd863d5b48bae3,2026-07-23T18:20:37.955669+00:00
2026-03-27,ADA-USDT,True,,ADA-USDT-L2orderbook-400lv-2026-03-27.tar.gz,25825112,be3d6dc547f2a111c2d5c28f8a33e00bc844687736b27a703a0a24a7183ec387,1110554,96,1110458,0,0,6,171,1440,96,348e6b65eab5d2ca9cc9fdc063169d26c9e8584015f9227c0d939ba12ecd31cc,2026-07-23T18:21:41.387677+00:00
2026-03-27,AVAX-USDT,True,,AVAX-USDT-L2orderbook-400lv-2026-03-27.tar.gz,32507956,932e917ad4ffee78312c7567efc7f35480403a8928d857b257545d0fc392e11f,1153276,96,1153180,0,0,0,65,1440,96,f87bf5165ced99994bb54a72341a88fa677b339c83b3dbcd774be695359518a6,2026-07-23T18:21:46.051580+00:00
2026-03-27,BTC-USDT,True,,BTC-USDT-L2orderbook-400lv-2026-03-27.tar.gz,213308065,bd6d0a9f27681484119861f921407e3d435d881344ba925fe8391c7379a4d2c6,4987050,96,4986954,0,0,0,15,1440,96,0562077d29e063299e0494da8d0d06289e9abd0f72541dcae148c17daa6b8658,2026-07-23T18:22:59.110822+00:00
2026-03-27,DOGE-USDT,True,,DOGE-USDT-L2orderbook-400lv-2026-03-27.tar.gz,59133941,5b51b32f77d62d0daf06219d8f4ca40559952cff71db7dd69d91325de4fe4b9c,1850066,96,1849970,0,0,4,216,1440,96,ec426c49b0ab8deeec1d23d0c61fa4ba7f129687569582850dfd83d23b181da9,2026-07-23T18:21:53.322202+00:00
2026-03-27,ETH-USDT,True,,ETH-USDT-L2orderbook-400lv-2026-03-27.tar.gz,164447891,e2b706981949f742bcc9ac10d5a6b5935419682b5bd330d3005ec21a39f2149e,4185129,96,4185033,0,0,6,1,1440,96,bb8c3e5c452222cda5ba7d0720da2e63e85168d3702b5e8beae54f110e336d22,2026-07-23T18:22:31.621405+00:00
2026-03-27,SOL-USDT,True,,SOL-USDT-L2orderbook-400lv-2026-03-27.tar.gz,63939720,923ead7763ae02b4f512c677a86158ea3aaaa9d91e58c94548f5fa0ae4c5801d,2430209,96,2430113,0,0,2,7,1440,96,59219e48684a9e905afe41e82c09cfd2eeda8ac8a25f64398619475be589733e,2026-07-23T18:22:10.258033+00:00
2026-03-27,XRP-USDT,True,,XRP-USDT-L2orderbook-400lv-2026-03-27.tar.gz,59844101,3bb778136eb774089663e7ed9014c1fe398ca1953548375ac9d6f7b79e686f10,1962404,96,1962308,0,0,4,176,1440,96,873195f806348b1d6a90732ad64c956410a88d7726a556efe39fdf627c266be9,2026-07-23T18:22:01.425980+00:00
2026-03-28,ADA-USDT,True,,ADA-USDT-L2orderbook-400lv-2026-03-28.tar.gz,19379998,544cfa1b3c2696a9cb02209306f776d5158b6a7333606603d35ad0c407efc534,875953,96,875857,0,0,9,215,1440,96,eeacf4d781e60026b08a8b93521a31ff18af6c4894e624714342012539204285,2026-07-23T18:23:06.374438+00:00
2026-03-28,AVAX-USDT,True,,AVAX-USDT-L2orderbook-400lv-2026-03-28.tar.gz,17902414,f93f9ffe135d7b22ba3e31750484ae7082514ccf4c7eebff903a8ed3feed1e27,655177,96,655081,0,0,5,530,1440,96,7ccff00942e77fec47a99f69eba9da2adcb3e2b5f58d977a608108773db10de6,2026-07-23T18:23:03.087722+00:00
2026-03-28,BTC-USDT,True,,BTC-USDT-L2orderbook-400lv-2026-03-28.tar.gz,109641275,05db7627242e14bb4cdb6f39cd2310955d3642334bcdaedb5fe9890d07952556,3584948,96,3584852,0,0,5,10,1440,96,16007e0d754ff44564f8be893134121613c6eb36ba04fc91eec708c7d7e60d1f,2026-07-23T18:23:50.344094+00:00
2026-03-28,DOGE-USDT,True,,DOGE-USDT-L2orderbook-400lv-2026-03-28.tar.gz,46836171,8e66c3c5c441fca7b9fd555347952a0622eb66f90e909a036e5af89e5ca3939a,1425334,96,1425238,0,0,4,128,1440,96,d18752256506611ed75b5930dee7014e0ad425d22a57ca7383255d75cbb88641,2026-07-23T18:23:22.617980+00:00
2026-03-28,ETH-USDT,True,,ETH-USDT-L2orderbook-400lv-2026-03-28.tar.gz,78897134,0bf78df542d23e8ef06336779579defec4f72d68d5c416fde7aacb18f4c02a33,2525300,96,2525204,0,0,9,5,1440,96,81f5c5e33f61fff4eb61a2af6d4d4ac0e4b83ba32f4ec9ec2b6063bad8ed673b,2026-07-23T18:23:34.058985+00:00
2026-03-28,SOL-USDT,True,,SOL-USDT-L2orderbook-400lv-2026-03-28.tar.gz,36981823,9a802e86b28a9bbc2f6e919f935cc5732d61f287a570c626b81469c7896c7bdc,1609942,96,1609846,0,0,3,18,1440,96,c36a0f1ef5f0b75ec69d27c6a03428281aca673238f131e66841e50a0432afd8,2026-07-23T18:23:16.942918+00:00
2026-03-28,XRP-USDT,True,,XRP-USDT-L2orderbook-400lv-2026-03-28.tar.gz,31778299,5379f921cc005754d6049f56b0993cef020db1b0b6422da8318a6038e7952279,1136087,96,1135991,0,0,4,8,1440,96,32ca0051abcdbb6c442b0580420c77343a509fcaddd36550d27c7564f37d722e,2026-07-23T18:23:10.893044+00:00
2026-03-29,ADA-USDT,True,,ADA-USDT-L2orderbook-400lv-2026-03-29.tar.gz,21947664,eb4a8562560672632924ef43cfa8d1bf55a7e364ae265115fd41857e3b365e32,1000558,96,1000462,0,0,5,26,1440,96,5f2fb47b9db08bb89b30605aa7a87c3c7238b609c32e7b9b0d17425508a40d55,2026-07-23T18:23:55.128571+00:00
2026-03-29,AVAX-USDT,True,,AVAX-USDT-L2orderbook-400lv-2026-03-29.tar.gz,22195940,117c6d0c90c80d7423f1169f195b2b88b2a205d1a945ad7c5ce0e91ba514f46f,739508,96,739412,0,0,0,33,1440,96,5fcd8b9ef6953fd77116d73a6872b637fcec5233bf0ae2aacc503aa284b6b166,2026-07-23T18:23:58.282064+00:00
2026-03-29,BTC-USDT,True,,BTC-USDT-L2orderbook-400lv-2026-03-29.tar.gz,129592870,ef70bde5687f00853bbd4343cd2a43924c3ad7098c253b62f17e84e83726b1c8,3659249,96,3659153,0,0,0,3,1440,96,5e4bc876c51140f4b6d359abf8345eac9611b50ccb3c5484bdbcf7e3af951443,2026-07-23T18:24:52.443050+00:00
2026-03-29,DOGE-USDT,True,,DOGE-USDT-L2orderbook-400lv-2026-03-29.tar.gz,45517056,bb1f1002136122f904e176f33d40a9f20adfe6db68580c0f9b5ca59afb509b42,1357510,96,1357414,0,0,2,16,1440,96,2a191655b382a83d27872d1d207cd6bb88c584e475e881adbb5071515792c30f,2026-07-23T18:24:15.315530+00:00
2026-03-29,ETH-USDT,True,,ETH-USDT-L2orderbook-400lv-2026-03-29.tar.gz,95292593,7d58b3924ba37cd44ac5aa2bcfb901a409abed36bd17267f4f1e0fdd621960e3,2796488,96,2796392,0,0,5,6,1440,96,e111f5c67a957fb6d86e9fd4b588a67c1378e1f3408da5120945d6b590bd99d0,2026-07-23T18:24:28.596098+00:00
2026-03-29,SOL-USDT,True,,SOL-USDT-L2orderbook-400lv-2026-03-29.tar.gz,42786309,fc101bec7130c91946505539fbc2f404bd27eb9cf396f28a9d7e7902185169d5,1619408,96,1619312,0,0,2,2,1440,96,5e6823f7d0c8ac85c6704610c5316b876f6418524b392e49a9e45f5c3263ed4b,2026-07-23T18:24:09.617876+00:00
2026-03-29,XRP-USDT,True,,XRP-USDT-L2orderbook-400lv-2026-03-29.tar.gz,38994468,f03b6be153139def2795bbd22e9d5cb33a95d156efce23d8d61c25a4fccc56bd,1308989,96,1308893,0,0,2,6,1440,96,421054eef02c8e20def2488f1e542c495c7b0597aeca5f41d57dd10b5389b4cb,2026-07-23T18:24:03.450641+00:00
2026-03-30,ADA-USDT,True,,ADA-USDT-L2orderbook-400lv-2026-03-30.tar.gz,26270303,284726911aeb5b226a782a73e0a619a7fb9bca14ca20141625c61b483548c07a,1124511,96,1124415,0,0,4,162,1440,96,4e49ec921c5f0dea188fa87c5084c20ff460b77df4d305e32c7b8ebfc2d1fe00,2026-07-23T18:24:58.277328+00:00
2026-03-30,AVAX-USDT,True,,AVAX-USDT-L2orderbook-400lv-2026-03-30.tar.gz,34193941,f28cbf48d15eb695593becbf92fad5d44740980cb6d48474dda7067839d0d24c,1156237,96,1156141,0,0,7,97,1440,96,2b1df9a043eb85f6f43a6ca86d36e14a30b66ea0897d062f4a92b107e1ace63d,2026-07-23T18:25:03.178438+00:00
2026-03-30,BTC-USDT,True,,BTC-USDT-L2orderbook-400lv-2026-03-30.tar.gz,227457239,c35a5f70052bb71aa3d8cb519bfc2d763c6b09f4dc985120c6e167a2654c1dbb,5011623,96,5011527,0,0,7,27,1440,96,b16ca985e76e83ef849fc1c3e08ddf8d96f085d0c644e35555e0076376918e0b,2026-07-23T18:26:19.395184+00:00
2026-03-30,DOGE-USDT,True,,DOGE-USDT-L2orderbook-400lv-2026-03-30.tar.gz,71401379,2ff7b21bc152fb37c6588e4b55f2be8393a249b0ecde875dc2ef69f7577da9dc,2120011,96,2119915,0,0,4,137,1440,96,18d8deaa04b8b747c40b3bb32a6f864c8ad6d21fd01d3034a6b4a2e20d4a9cb0,2026-07-23T18:25:27.734189+00:00
2026-03-30,ETH-USDT,True,,ETH-USDT-L2orderbook-400lv-2026-03-30.tar.gz,179237709,21a45a1be232bbb704dc127b6d3729bb39384e2cbbcd3a1492a3bf36d4521a5b,4388326,96,4388230,0,0,4,22,1440,96,70dc955dc5591fe09e35547c3de950f321ab5e0714865b000704e9e75c077eef,2026-07-23T18:25:50.896540+00:00
2026-03-30,SOL-USDT,True,,SOL-USDT-L2orderbook-400lv-2026-03-30.tar.gz,63750951,5cdacb507a5a2f9eaf4376d81e2e68eca6c75ff5eed31847575015af5fdda410,2146028,96,2145932,0,0,8,3,1440,96,291a4da8a312563d3ac221e9823081850bf4dc1a7ecf743ce12d98eecf7349bf,2026-07-23T18:25:18.998399+00:00
2026-03-30,XRP-USDT,True,,XRP-USDT-L2orderbook-400lv-2026-03-30.tar.gz,55036646,9b17e6d29662f8c390b7d2fb6dd66de626a06ce7c5e7549f16266cdc81ca4945,1796249,96,1796153,0,0,4,27,1440,96,640087315cc06fc7a856ad0ad80b4ca447be5d90389e2ecfa1d5371a9b70e8d1,2026-07-23T18:25:10.678979+00:00
2026-03-31,ADA-USDT,True,,ADA-USDT-L2orderbook-400lv-2026-03-31.tar.gz,30242692,1a47986e9795e80fd33fb7979ab342eb2b2ad5b430fcdf2cf9b82a27507b757b,1185888,96,1185792,0,0,8,530,1440,96,4a6d067dcca5304f570ef2b2f1fbf1ea400ad3495dadc770c839917b5e8cbcff,2026-07-23T18:26:25.219390+00:00
2026-03-31,AVAX-USDT,True,,AVAX-USDT-L2orderbook-400lv-2026-03-31.tar.gz,37708016,f377bae536dd7dd17d3a32ff3c60d53599502e635e6d6b47bfe14ed2221c90ba,1239415,96,1239319,0,0,3,281,1440,96,7a0e973308ea081621fe9c11e3c8469bb5339df8cff5d763da80a14433e79977,2026-07-23T18:26:30.558115+00:00
2026-03-31,BTC-USDT,True,,BTC-USDT-L2orderbook-400lv-2026-03-31.tar.gz,253235079,cf57c1abe687e3ded8caf9925200506515fda7daa7adcf0859161028417ef9d7,5362604,96,5362508,0,0,3,1,1440,96,a6c00a19fd7877963170893684289916afbe47a5823ba817b737233ebb2e7a3a,2026-07-23T18:27:55.143076+00:00
2026-03-31,DOGE-USDT,True,,DOGE-USDT-L2orderbook-400lv-2026-03-31.tar.gz,81864987,bd0175e299dcba09105e3b6335d185085328d72d3815deb8219227942e08566e,2211325,96,2211229,0,0,3,16,1440,96,f9793ceab27c59f20e8191e906fe77db896b3d8e594c3d0b8262ca4795fa1a91,2026-07-23T18:26:59.276804+00:00
2026-03-31,ETH-USDT,True,,ETH-USDT-L2orderbook-400lv-2026-03-31.tar.gz,197205332,b154dd38fda635a95e88918b6c4869b256f423af7105cc686aabdc276329edc2,4549277,96,4549181,0,0,8,20,1440,96,c74046bd510132130283dcd862ac8a972813166b6fd0b18f4512f099d90036c8,2026-07-23T18:27:23.991502+00:00
2026-03-31,SOL-USDT,True,,SOL-USDT-L2orderbook-400lv-2026-03-31.tar.gz,77190794,89af8ce406a326f21c527a8bd96ab2bca562f18a85066ef0154d091abf28c9b5,2467991,96,2467895,0,0,7,6,1440,96,14f08e99a0e0186398dc75da8959e47283695357b2900ec34100f8b457095b24,2026-07-23T18:26:49.419828+00:00
2026-03-31,XRP-USDT,True,,XRP-USDT-L2orderbook-400lv-2026-03-31.tar.gz,66290431,c5b27b635460a3271aa83ae821cb4275a0d33d1da14bd51b7f0512b93e5933c7,2008830,96,2008734,0,0,3,16,1440,96,bf0ab8836f6ce148365a21b9a59f3f4c17291ff2bb835ec38d8a30c01acf0c74,2026-07-23T18:26:39.207163+00:00
2026-04-01,ADA-USDT,True,,ADA-USDT-L2orderbook-400lv-2026-04-01.tar.gz,27740679,811b4a48d83b08016ff1751c65a47ec4d8b1b4064b314c8f774466641cbb5b33,1194777,96,1194681,0,0,0,165,1440,96,68b5c01a53921519441bb18b4377fe3a84070961ff5375e04e6622ed3415c46a,2026-07-23T18:28:00.851709+00:00
2026-04-01,AVAX-USDT,True,,AVAX-USDT-L2orderbook-400lv-2026-04-01.tar.gz,37915431,e57f243938bc79b91a4b1d5f19c65645fed61d00e02b24403f5b0c51a7816520,1307474,96,1307378,0,0,9,252,1440,96,d75e2a33275444f3c5f09c9a59a596013236e9801f4db3de3a6994da1d661a76,2026-07-23T18:28:05.889811+00:00
2026-04-01,BTC-USDT,True,,BTC-USDT-L2orderbook-400lv-2026-04-01.tar.gz,216344941,d8b5d8c1700176f3c51bf30b6854d872309a0c1567f247dfaaf47f3b554a059d,5541426,96,5541330,0,0,9,12,1440,96,ce35b98c009be054dda8ad6b9eb76065f52a831f62bdf0c7f87bcaf1b0963809,2026-07-23T18:29:28.316529+00:00
2026-04-01,DOGE-USDT,True,,DOGE-USDT-L2orderbook-400lv-2026-04-01.tar.gz,71246513,96029e600547c84a95f9ca406d7367cd179711b35e1c04db7ed9289b8b22e5d6,2022097,96,2022001,0,0,4,18,1440,96,ba34d3d6b6ba9cbffc239eb823206b71950ac2a5ae368c3012b52a3b85312493,2026-07-23T18:28:30.383291+00:00
2026-04-01,ETH-USDT,True,,ETH-USDT-L2orderbook-400lv-2026-04-01.tar.gz,159865979,b25d20c545489c652991391f268367cdb53404c21220ff1ecac25d6847f85eac,4088339,96,4088243,0,0,0,55,1440,96,60c12ff001c45517c18fa1a422c79d8e1f4a22053cfe71557c1f289bbf54ecd8,2026-07-23T18:28:51.962667+00:00
2026-04-01,SOL-USDT,True,,SOL-USDT-L2orderbook-400lv-2026-04-01.tar.gz,67359439,db98cf2482df280bbd0142ed33a82c42f0939f82ccad2e99931aa478cc28e260,2215828,96,2215732,0,0,4,120,1440,96,670c5962ab9311e935943be53e20c317f73e9cd3b9086a24686dfdac9d2e5b52,2026-07-23T18:28:21.806874+00:00
2026-04-01,XRP-USDT,True,,XRP-USDT-L2orderbook-400lv-2026-04-01.tar.gz,52236416,749054ea764b57e1602e29fd348275ab2f1c62bc89bb70f5a256d9750ff355cf,1766362,96,1766266,0,0,4,48,1440,96,0d7c9a34ba9fc8b60b9985f564ad15a7443882bd81c8fc464869d27053646e06,2026-07-23T18:28:12.915350+00:00
2026-04-02,ADA-USDT,True,,ADA-USDT-L2orderbook-400lv-2026-04-02.tar.gz,27672534,3bf68a977257360e12a510e846b33560c849f4f4d51ebc484d33ed7d1631f05f,1119413,96,1119317,0,0,5,5,1440,96,cdc69a014b14f621b4bd7f6bbf7b24c60d4e3c8c3b322470420aaca6c5d2c6dd,2026-07-23T18:29:33.851057+00:00
2026-04-02,AVAX-USDT,True,,AVAX-USDT-L2orderbook-400lv-2026-04-02.tar.gz,36639322,087b54c2d9edf7b278faf975c81b69e9f27d09f95bf3f511304a2ae543f11b94,1269811,96,1269715,0,0,8,79,1440,96,31a8c2d70de27d0589d8d3a2401e4b6ad4819c9fec58db441485606a8d89addc,2026-07-23T18:29:38.921111+00:00
2026-04-02,BTC-USDT,True,,BTC-USDT-L2orderbook-400lv-2026-04-02.tar.gz,221442090,6be6ffc46461c96530be3a8c92165306cfe87303cbfa273cacbdaa4e4e27536e,5237904,96,5237808,0,0,8,69,1440,96,d673e45c5a0bb8e75767cdbd971ecd5435a6c146c6e332fc91baf879a8b8178c,2026-07-23T18:30:53.440976+00:00
2026-04-02,DOGE-USDT,True,,DOGE-USDT-L2orderbook-400lv-2026-04-02.tar.gz,69546946,b877c76212478442357fe793cdc7a80c867d25830dc861b63c2090b3bf20c7ce,1942357,96,1942261,0,0,2,100,1440,96,14f729e6d0563a8fd051d284e308fb77774fc0384e00740a4a98272b4b8aef52,2026-07-23T18:29:54.171762+00:00
2026-04-02,ETH-USDT,True,,ETH-USDT-L2orderbook-400lv-2026-04-02.tar.gz,168678016,e272a55f0766c9778d9578ba85103670afed8cce2b21f2db64d6044b7cfccfca,4008110,96,4008014,0,0,5,5,1440,96,99a3b62c0664a89179aad946fdb18daaf49403e737d9afa9859b5e90b9bb8159,2026-07-23T18:30:24.954858+00:00
2026-04-02,SOL-USDT,True,,SOL-USDT-L2orderbook-400lv-2026-04-02.tar.gz,70958906,6d888b9da892bc221bb199162114e3944ce6fdbdaa9640f25718d74964b3b8cb,2442662,96,2442566,0,0,0,40,1440,96,c0b7e6654685a659cf8298564109a526e5e30a3384c1e338dce9d21b6533e426,2026-07-23T18:30:03.561734+00:00
2026-04-02,XRP-USDT,True,,XRP-USDT-L2orderbook-400lv-2026-04-02.tar.gz,55512259,8127280ff759288ddcd8cbe13b3cf8c1c9ffd62dcc9e7ff57f91c96250e031aa,1755696,96,1755600,0,0,2,40,1440,96,61e96b78340facee56e900842f0f6e8f20bbbf37dac40aef3df8eaec43d4ba45,2026-07-23T18:29:46.336221+00:00
2026-04-03,ADA-USDT,True,,ADA-USDT-L2orderbook-400lv-2026-04-03.tar.gz,19212174,f06aa1ff8fb83ec10a39e595cde12e6e95f76c056ac760110a2ae20511e86599,837124,96,837028,0,0,5,18,1440,96,06218a4c4ee73a6b5c03d2d83ce86bf16e8291f0ce201e337412af1b7e5e0a53,2026-07-23T18:30:57.719316+00:00
2026-04-03,AVAX-USDT,True,,AVAX-USDT-L2orderbook-400lv-2026-04-03.tar.gz,24340451,9fb51e053d8ca0e512fdcbcc462b5cd0611609ec9f23367371249860972b3582,867607,96,867511,0,0,1,13,1440,96,5bcd581f5e085b8fc6444940231707272f1a63692cdc128816fb7115b82c4e6c,2026-07-23T18:31:01.434301+00:00
2026-04-03,BTC-USDT,True,,BTC-USDT-L2orderbook-400lv-2026-04-03.tar.gz,139059521,b063a67a677b2f36c776d5701a267f14e0344ee8e0a0b024921a1237b05602dd,4396783,96,4396687,0,0,1,3,1440,96,988a512922df2d98487a3a14e521bfaf671749763be5cea3df27f69a4bdd9fe7,2026-07-23T18:31:52.817969+00:00
2026-04-03,DOGE-USDT,True,,DOGE-USDT-L2orderbook-400lv-2026-04-03.tar.gz,50089140,f12b7532e993c485da207b5cfa224498d4edcd487f9622dd3e091397174aab40,1786939,96,1786843,0,0,0,160,1440,96,353c490fbe6c180807b404e7d6be9d884fe17e6d42df093136e781ca034f706b,2026-07-23T18:31:19.513655+00:00
2026-04-03,ETH-USDT,True,,ETH-USDT-L2orderbook-400lv-2026-04-03.tar.gz,95519346,263d833ab2d6b42851599b2b2ac1d61d6a907ec4577c738782db44c3622a1059,2861402,96,2861306,0,0,5,68,1440,96,e66b70d2d05e418e3df3005b4f3638b12e2ffd5c4e463107a91ade61faaa18c2,2026-07-23T18:31:32.639920+00:00
2026-04-03,SOL-USDT,True,,SOL-USDT-L2orderbook-400lv-2026-04-03.tar.gz,40972587,1a20c25c9d818d87881cd13fd99cd193b62c0bd85a2f7022a150fcc7b74b5c58,1605297,96,1605201,0,0,0,55,1440,96,9c19dfeadd87ff123f818639e63903bdd296ba01938d1aad89993a0f4db70ddb,2026-07-23T18:31:12.183855+00:00
2026-04-03,XRP-USDT,True,,XRP-USDT-L2orderbook-400lv-2026-04-03.tar.gz,34733125,f56e27abc4976fe581037a396d14c33972ff9f0d8c8482c959536aaeeb976b3e,1234122,96,1234026,0,0,0,200,1440,96,7d0423ab3543d2dec52f6ddba67aa8f280602e3d6b19cd79f8e5df67b1c53546,2026-07-23T18:31:06.280148+00:00
2026-04-04,ADA-USDT,True,,ADA-USDT-L2orderbook-400lv-2026-04-04.tar.gz,16910208,291c5fd61e82fefc58186ce626c0d29da2526e9fce1094057e5dfa9a4c387ae4,851075,96,850979,0,0,2,404,1440,96,8747a678672e58bc212e018168f2857ba1910f4f168c83a5ec671e8892daf592,2026-07-23T18:31:59.598611+00:00
2026-04-04,AVAX-USDT,True,,AVAX-USDT-L2orderbook-400lv-2026-04-04.tar.gz,15177487,e87be2631c0550a3b9ac534ad8c0013ea7ea5db15fbe0ab8eede0b6931c16eed,606414,96,606318,0,0,7,105,1440,96,9264e5a37e72ae9572cfadb3689be7f6d662b0c27970b867dd50063c9fbe94d2,2026-07-23T18:31:56.463031+00:00
2026-04-04,BTC-USDT,True,,BTC-USDT-L2orderbook-400lv-2026-04-04.tar.gz,79586994,065845f9a501a6d61ee7a66c36ef051bccb5c6ee28d682ade9b079d6137a878e,3467128,96,3467032,0,0,7,15,1440,96,38197299b3e888d9d08468c52e0cd7d374cc7e397f6d98fb8a21e9bf4457b3a6,2026-07-23T18:32:35.026309+00:00
2026-04-04,DOGE-USDT,True,,DOGE-USDT-L2orderbook-400lv-2026-04-04.tar.gz,29377503,8592f5bf964ed41387af618b3b6d2693f90e4aadbe6677795c6d010ae92fcb82,1103418,96,1103322,0,0,0,3,1440,96,c52cc354ecc2eee59b9c8e0a9df05be024ae02e433a5b893039abc6c1808a949,2026-07-23T18:32:12.054771+00:00
2026-04-04,ETH-USDT,True,,ETH-USDT-L2orderbook-400lv-2026-04-04.tar.gz,55785486,8dc2159a248df35a5cf71f0a335b7d2ea5334d93decaf59a1a490952ac60efc7,2128824,96,2128728,0,0,2,124,1440,96,445aa77551a54687090ef7f36942d8c09d78ebfd70f3c24c2807227249f79642,2026-07-23T18:32:21.168589+00:00
2026-04-04,SOL-USDT,True,,SOL-USDT-L2orderbook-400lv-2026-04-04.tar.gz,25946245,aee3f3de2cf7174f158065fc85634f6135b0f6674b31612d64eccd2aab2ed97b,1247623,96,1247527,0,0,5,26,1440,96,87d539ec58165bd797546f1f7c389ebf5bb5a0b13a9135f337f20e211e8dcf00,2026-07-23T18:32:07.908435+00:00
2026-04-04,XRP-USDT,True,,XRP-USDT-L2orderbook-400lv-2026-04-04.tar.gz,21908478,8f65a9899bb299a05562da738b0b50f046c890f917d3da0f6a084f2c97b183cc,1001738,96,1001642,0,0,0,3,1440,96,c6956c6cbfe3e49574935be916eb13f3e25fa9a00cdedc9c0fa3bf9fc1f7cb0c,2026-07-23T18:32:03.105329+00:00
2026-04-05,ADA-USDT,True,,ADA-USDT-L2orderbook-400lv-2026-04-05.tar.gz,19886908,44749a52eddf35b2ff1aef4c0273db502bdac99aabefa303d5cdf7024524a651,936056,96,935960,0,0,6,82,1440,96,e6dcc1713da4b499004745056106d7087a3a0224fca7d9bcb480952a270bb1db,2026-07-23T18:32:39.687679+00:00
2026-04-05,AVAX-USDT,True,,AVAX-USDT-L2orderbook-400lv-2026-04-05.tar.gz,21202671,f385c4c8253301f0331eafc9c84b94b2b82208a1ce1c9d647d4150816e2fec3e,804714,96,804618,0,0,5,421,1440,96,9adaa1922b77858b49cfdb5fd9f40f7c7d88f82f1abe45a64fcbb5d41bb1d3c3,2026-07-23T18:32:42.999830+00:00
2026-04-05,BTC-USDT,True,,BTC-USDT-L2orderbook-400lv-2026-04-05.tar.gz,116067191,d36ddb2bd470acaa2c6dd3122c9299df95bc2b35586889078828b8ed88eb76be,3697663,96,3697567,0,0,5,1,1440,96,059d184acff7b3c0ea0c772c4542647fb37748752e35ae1b06b205638c4fefef,2026-07-23T18:33:29.976965+00:00
2026-04-05,DOGE-USDT,True,,DOGE-USDT-L2orderbook-400lv-2026-04-05.tar.gz,43975603,2e731a4b80314f95e147f0a1a323192bd44b0bfda0fedc3e216334bafa362745,1725981,96,1725885,0,0,7,11,1440,96,0279d9c65e55d832ed87587ecae27693930367b67e6ae70edc11e514a9417cd7,2026-07-23T18:33:00.302830+00:00
2026-04-05,ETH-USDT,True,,ETH-USDT-L2orderbook-400lv-2026-04-05.tar.gz,93085685,f60c2720a82cf724c1fdedb77f802b3e7e7b3342b158d4393dbc741c6f6d6eb9,2674606,96,2674510,0,0,6,12,1440,96,1ec2349b450f945f6eedca0288281840d18ea7ffb637a023c34e0bba543b8c49,2026-07-23T18:33:13.016338+00:00
2026-04-05,SOL-USDT,True,,SOL-USDT-L2orderbook-400lv-2026-04-05.tar.gz,37575993,acd9a75a9f770d69e484c7f6304f75ad7d7b74ebb0ca7968c5afc3ab9180f20c,1501821,96,1501725,0,0,4,11,1440,96,d1dfbc669e700021432d08bfa9dc8e79e3395a8f847f88ea79e8ae92b518a7e1,2026-07-23T18:32:53.363123+00:00
2026-04-05,XRP-USDT,True,,XRP-USDT-L2orderbook-400lv-2026-04-05.tar.gz,33782140,fbec47f7ab72ef740a6692fd0e765a647f5ba68ef6da7b5753f7e00138b65c37,1252067,96,1251971,0,0,7,211,1440,96,644f58f65794da1c4ed73cf7311da172e79345255aafbcc71f157507b148f7d2,2026-07-23T18:32:47.718725+00:00
