bucket_start,sample_split,common_flow,liquidity_stress,extreme_flow_event,liquidity_stress_event,overlap_event
2025-12-07 00:00:00+00:00,oos,0.6055424512103411,0.6353185004175362,False,False,False
2025-12-07 00:15:00+00:00,oos,0.7017758770948364,0.3170008965365078,False,False,False
2025-12-07 00:30:00+00:00,oos,1.8430635387050234,0.9869473607780155,True,False,False
2025-12-07 00:45:00+00:00,oos,0.2608590073017376,1.1051190349079136,False,False,False
2025-12-07 01:00:00+00:00,oos,-0.3596244385350958,0.8980569049213469,False,False,False
2025-12-07 01:15:00+00:00,oos,-0.18739190016507665,0.5324296456681819,False,False,False
2025-12-07 01:30:00+00:00,oos,1.3304004467244839,-0.1394130183189836,False,False,False
2025-12-07 01:45:00+00:00,oos,-1.2880186971828265,0.1991525050307978,False,False,False
2025-12-07 02:00:00+00:00,oos,0.7040380009084597,-0.23634899838113624,False,False,False
2025-12-07 02:15:00+00:00,oos,1.7817634016369455,-0.045331097389257766,True,False,False
2025-12-07 02:30:00+00:00,oos,-0.04223549731790247,-0.6239062169071218,False,False,False
2025-12-07 02:45:00+00:00,oos,1.512437282259731,0.12607129591666957,False,False,False
2025-12-07 03:00:00+00:00,oos,0.22929823497952195,-0.5525120069104164,False,False,False
2025-12-07 03:15:00+00:00,oos,-1.210447008225866,-0.3670351467351941,False,False,False
2025-12-07 03:30:00+00:00,oos,1.22841667684889,0.16020311880608404,False,False,False
2025-12-07 03:45:00+00:00,oos,1.696285193248177,0.4199884404910125,True,False,False
2025-12-07 04:00:00+00:00,oos,-0.6832986855702374,-0.36359637978309917,False,False,False
2025-12-07 04:15:00+00:00,oos,-0.87337473898009,-0.2929736343222305,False,False,False
2025-12-07 04:30:00+00:00,oos,-0.23601068134974407,0.07658300864531413,False,False,False
2025-12-07 04:45:00+00:00,oos,-0.2463744819085276,-0.00028304557513627546,False,False,False
2025-12-07 05:00:00+00:00,oos,-0.049317662644823276,0.789774870086636,False,False,False
2025-12-07 05:15:00+00:00,oos,0.8721477354382419,0.6153871506515212,False,False,False
2025-12-07 05:30:00+00:00,oos,2.235683306528899,0.7759485746827469,True,False,False
2025-12-07 05:45:00+00:00,oos,-1.5868371759666275,0.2175971671159775,True,False,False
2025-12-07 06:00:00+00:00,oos,2.0233667437486544,0.39967608161268625,True,False,False
2025-12-07 06:15:00+00:00,oos,0.8558984406480228,0.8593455636760017,False,False,False
2025-12-07 06:30:00+00:00,oos,0.5988881994894021,-0.669961543198618,False,False,False
2025-12-07 06:45:00+00:00,oos,-1.220328477486858,-0.010988467242603633,False,False,False
2025-12-07 07:00:00+00:00,oos,-0.08411593355568228,0.6119069178724752,False,False,False
2025-12-07 07:15:00+00:00,oos,-0.7450120236909366,-0.10773593459277292,False,False,False
2025-12-07 07:30:00+00:00,oos,0.14159836753431965,-0.20546501486493304,False,False,False
2025-12-07 07:45:00+00:00,oos,0.8453724774710492,-0.2211221967850022,False,False,False
2025-12-07 08:00:00+00:00,oos,0.37277803790539477,-0.04299943691331945,False,False,False
2025-12-07 08:15:00+00:00,oos,0.3521463685428271,-1.1544682859458095,False,False,False
2025-12-07 08:30:00+00:00,oos,-0.16057587142828353,-0.0821245727462551,False,False,False
2025-12-07 08:45:00+00:00,oos,-0.4266055433963101,-0.04740775225825293,False,False,False
2025-12-07 09:00:00+00:00,oos,0.561630666673196,-0.5436594714074157,False,False,False
2025-12-07 09:15:00+00:00,oos,-0.6472630393354316,-0.016255660595764342,False,False,False
2025-12-07 09:30:00+00:00,oos,0.4225587218279873,0.08655738416336707,False,False,False
2025-12-07 09:45:00+00:00,oos,-1.8671361100725987,0.0554031729381415,True,False,False
2025-12-07 10:00:00+00:00,oos,0.42658050822074584,-0.21056894262678286,False,False,False
2025-12-07 10:15:00+00:00,oos,-1.3574677705770093,0.49893071012121026,False,False,False
2025-12-07 10:30:00+00:00,oos,-1.1811534104299979,1.3746523133710675,False,True,False
2025-12-07 10:45:00+00:00,oos,-1.2515088987962932,0.1187317980141332,False,False,False
2025-12-07 11:00:00+00:00,oos,-0.7003584373431971,0.16013517062767144,False,False,False
2025-12-07 11:15:00+00:00,oos,-0.9876161794016375,-0.6001798198501883,False,False,False
2025-12-07 11:30:00+00:00,oos,-0.4107499108007957,0.2167382757771146,False,False,False
2025-12-07 11:45:00+00:00,oos,-2.5469424011849715,1.0400175967431047,True,False,False
2025-12-07 12:00:00+00:00,oos,1.915998846937858,0.4861386769350495,True,False,False
2025-12-07 12:15:00+00:00,oos,-0.44356414773108976,1.4173550143927114,False,True,False
2025-12-07 12:30:00+00:00,oos,1.524832339425315,1.6238969942481654,False,True,False
2025-12-07 12:45:00+00:00,oos,0.46697580620051166,1.1117319930338572,False,False,False
2025-12-07 13:00:00+00:00,oos,0.7210148967254633,0.3034013150305984,False,False,False
2025-12-07 13:15:00+00:00,oos,-0.413855925143515,2.2608924375211314,False,True,False
2025-12-07 13:30:00+00:00,oos,0.1404236505301656,1.596211670162608,False,True,False
2025-12-07 13:45:00+00:00,oos,1.3893470239286527,1.6997382299906576,False,True,False
2025-12-07 14:00:00+00:00,oos,-0.8230895785729895,2.05522465339868,False,True,False
2025-12-07 14:15:00+00:00,oos,0.9438903765716313,0.8067720242070099,False,False,False
2025-12-07 14:30:00+00:00,oos,0.0008461711309332251,1.4988610031159122,False,True,False
2025-12-07 14:45:00+00:00,oos,-0.28133947227891026,-0.09140613129756224,False,False,False
2025-12-07 15:00:00+00:00,oos,0.5063802698107734,2.738866112026331,False,True,False
2025-12-07 15:15:00+00:00,oos,0.3065215031870085,0.6046085217711991,False,False,False
2025-12-07 15:30:00+00:00,oos,0.9040146335671041,-0.264532524153811,False,False,False
2025-12-07 15:45:00+00:00,oos,-0.6551979452496187,1.016365633767862,False,False,False
2025-12-07 16:00:00+00:00,oos,-1.0641975742525431,0.909595149855719,False,False,False
2025-12-07 16:15:00+00:00,oos,1.206002459353951,-0.036212286272021305,False,False,False
2025-12-07 16:30:00+00:00,oos,0.18200647290234526,-0.44113663755623134,False,False,False
2025-12-07 16:45:00+00:00,oos,0.626560530355824,-0.3309200691769702,False,False,False
2025-12-07 17:00:00+00:00,oos,-0.19064434912730616,0.5215967605491592,False,False,False
2025-12-07 17:15:00+00:00,oos,-0.9465025358807578,1.2150065468939546,False,False,False
2025-12-07 17:30:00+00:00,oos,0.10120985771317399,-0.36549789169111946,False,False,False
2025-12-07 17:45:00+00:00,oos,-0.12084254376617284,-0.6859887376731445,False,False,False
2025-12-07 18:00:00+00:00,oos,0.19338852102947707,0.733567254867077,False,False,False
2025-12-07 18:15:00+00:00,oos,0.2760618508146804,0.44588334417724546,False,False,False
2025-12-07 18:30:00+00:00,oos,-0.42424466867183214,-0.547322734466953,False,False,False
2025-12-07 18:45:00+00:00,oos,-0.935253830723077,-0.12521603264287773,False,False,False
2025-12-07 19:00:00+00:00,oos,-0.10682877741942096,0.06992419090572143,False,False,False
2025-12-07 19:15:00+00:00,oos,-2.097645402743652,0.2609282569989266,True,False,False
2025-12-07 19:30:00+00:00,oos,1.3579953507482674,1.193380725305136,False,False,False
2025-12-07 19:45:00+00:00,oos,-0.8393129184212847,0.5300934246584146,False,False,False
2025-12-07 20:00:00+00:00,oos,-1.0591048508946488,0.6370703310903846,False,False,False
2025-12-07 20:15:00+00:00,oos,1.0256515590516349,0.008760848366107347,False,False,False
2025-12-07 20:30:00+00:00,oos,-0.7327458412376655,-0.4123108740273935,False,False,False
2025-12-07 20:45:00+00:00,oos,1.0185848754045643,0.006685151674720452,False,False,False
2025-12-07 21:00:00+00:00,oos,-1.052513772593817,0.9959062770106604,False,False,False
2025-12-07 21:15:00+00:00,oos,-2.2220981321808715,0.7299872713463326,True,False,False
2025-12-07 21:30:00+00:00,oos,-1.8276788575145646,1.285866653434863,True,True,True
2025-12-07 21:45:00+00:00,oos,0.054285064083904995,1.9888302291078328,False,True,False
2025-12-07 22:00:00+00:00,oos,0.014168054025547612,2.6151600536877546,False,True,False
2025-12-07 22:15:00+00:00,oos,0.7133392184856279,3.718207840850305,False,True,False
2025-12-07 22:30:00+00:00,oos,0.22085840416701305,2.260743776446636,False,True,False
2025-12-07 22:45:00+00:00,oos,0.08150142068380355,1.1499111229706245,False,False,False
2025-12-07 23:00:00+00:00,oos,1.2410615634588886,-1.5190051293842053,False,False,False
2025-12-07 23:15:00+00:00,oos,1.5831002741612406,0.2404053685318232,True,False,False
2025-12-07 23:30:00+00:00,oos,-0.7661204812854635,-0.46407420571932934,False,False,False
2025-12-07 23:45:00+00:00,oos,1.5642435163224642,0.5827282899888483,False,False,False
2025-12-08 00:00:00+00:00,oos,-1.1301230210155433,2.1364672795207866,False,True,False
2025-12-08 00:15:00+00:00,oos,-1.3050846740865751,0.6041845525087414,False,False,False
2025-12-08 00:30:00+00:00,oos,1.4051133539583383,0.3255624530919593,False,False,False
2025-12-08 00:45:00+00:00,oos,0.06016941215923754,-0.024746143286209936,False,False,False
2025-12-08 01:00:00+00:00,oos,1.2763022343662287,0.7930157252225605,False,False,False
2025-12-08 01:15:00+00:00,oos,0.550286795237948,0.7460628247680546,False,False,False
2025-12-08 01:30:00+00:00,oos,0.016810581753884415,1.8793501325475994,False,True,False
2025-12-08 01:45:00+00:00,oos,-1.1156183911951667,-1.3226998743805216,False,False,False
2025-12-08 02:00:00+00:00,oos,0.22760873660874534,-0.47656738887940275,False,False,False
2025-12-08 02:15:00+00:00,oos,-0.09817430631507575,-0.5712606880971933,False,False,False
2025-12-08 02:30:00+00:00,oos,1.0542400772604323,0.2486766826281029,False,False,False
2025-12-08 02:45:00+00:00,oos,0.7591859394128933,-0.38189962103535285,False,False,False
2025-12-08 03:00:00+00:00,oos,0.03792895849763339,0.07850617084771505,False,False,False
2025-12-08 03:15:00+00:00,oos,-0.4360976123990274,0.662932497195372,False,False,False
2025-12-08 03:30:00+00:00,oos,-3.082451225864016,2.5173987722790327,True,True,True
2025-12-08 03:45:00+00:00,oos,-0.0627841586951534,0.6843196947136497,False,False,False
2025-12-08 04:00:00+00:00,oos,-1.366957598898755,1.3715518545394147,False,True,False
2025-12-08 04:15:00+00:00,oos,-0.6274512199269229,0.7244586821413421,False,False,False
2025-12-08 04:30:00+00:00,oos,-0.6957008034951484,1.4186828333476482,False,True,False
2025-12-08 04:45:00+00:00,oos,-0.7787215592659464,0.36764338396202934,False,False,False
2025-12-08 05:00:00+00:00,oos,-1.7392279975155933,0.7974052157992425,True,False,False
2025-12-08 05:15:00+00:00,oos,-0.08021181031630917,-0.055333060844403086,False,False,False
2025-12-08 05:30:00+00:00,oos,-0.007325316980046661,0.9622671954778246,False,False,False
2025-12-08 05:45:00+00:00,oos,-1.699015124203898,0.5436407525103016,True,False,False
2025-12-08 06:00:00+00:00,oos,0.7439011197774584,0.3470665647702782,False,False,False
2025-12-08 06:15:00+00:00,oos,-0.18985849964714782,0.18961898038663774,False,False,False
2025-12-08 06:30:00+00:00,oos,1.0173930413858896,0.1375198773072704,False,False,False
2025-12-08 06:45:00+00:00,oos,-0.9548579062466327,-0.30843848308751676,False,False,False
2025-12-08 07:00:00+00:00,oos,-0.7829817086691317,0.17123874507426554,False,False,False
2025-12-08 07:15:00+00:00,oos,0.753030575887036,-0.5076494469754078,False,False,False
2025-12-08 07:30:00+00:00,oos,1.5416948413829425,-0.11460318744006964,False,False,False
2025-12-08 07:45:00+00:00,oos,-0.6550666765751442,-0.07801884303905988,False,False,False
2025-12-08 08:00:00+00:00,oos,-0.5569735231038639,1.399172085566195,False,True,False
2025-12-08 08:15:00+00:00,oos,0.864232450047902,0.4360232962918546,False,False,False
2025-12-08 08:30:00+00:00,oos,1.043889064664292,0.507723871303146,False,False,False
2025-12-08 08:45:00+00:00,oos,-0.18113700114943534,0.7512617366231779,False,False,False
2025-12-08 09:00:00+00:00,oos,0.29012709567426165,1.1722470024519305,False,False,False
2025-12-08 09:15:00+00:00,oos,0.18699867203242795,-1.3386250704456844,False,False,False
2025-12-08 09:30:00+00:00,oos,-1.384053375328983,-0.6871149540743805,False,False,False
2025-12-08 09:45:00+00:00,oos,-0.6513889554664147,-0.24959459270952922,False,False,False
2025-12-08 10:00:00+00:00,oos,-0.6353057145613726,1.0099062700693406,False,False,False
2025-12-08 10:15:00+00:00,oos,0.11409028308759642,-1.2460913401920888,False,False,False
2025-12-08 10:30:00+00:00,oos,0.665889232658215,0.5990802586935838,False,False,False
2025-12-08 10:45:00+00:00,oos,-0.8702378154070465,0.6289887057386151,False,False,False
2025-12-08 11:00:00+00:00,oos,0.05335386456450431,-1.5239788634620919,False,False,False
2025-12-08 11:15:00+00:00,oos,-0.3849357655544153,-1.4786530785687604,False,False,False
2025-12-08 11:30:00+00:00,oos,-0.9134295663421236,1.4016922041821958,False,True,False
2025-12-08 11:45:00+00:00,oos,-0.8285329637140392,-0.053861873193344026,False,False,False
2025-12-08 12:00:00+00:00,oos,-0.017881716895556843,-0.2605539424941245,False,False,False
2025-12-08 12:15:00+00:00,oos,-0.13875104544201458,0.316320290958998,False,False,False
2025-12-08 12:30:00+00:00,oos,-0.7615519623362109,0.2363779870252197,False,False,False
2025-12-08 12:45:00+00:00,oos,1.5161497849650352,-0.08190295904149292,False,False,False
2025-12-08 13:00:00+00:00,oos,0.9570977437647521,0.06750958935995553,False,False,False
2025-12-08 13:15:00+00:00,oos,-1.1202562929685635,-0.6151320150177599,False,False,False
2025-12-08 13:30:00+00:00,oos,-0.9982506691552212,-0.3311993188252069,False,False,False
2025-12-08 13:45:00+00:00,oos,-0.9412732648282189,-0.21189930676242344,False,False,False
2025-12-08 14:00:00+00:00,oos,0.7710911101840382,-0.10574464448561752,False,False,False
2025-12-08 14:15:00+00:00,oos,-0.8618094766270925,0.7145799544035674,False,False,False
2025-12-08 14:30:00+00:00,oos,-0.4526105045780028,0.9971003597901291,False,False,False
2025-12-08 14:45:00+00:00,oos,-0.024480833045600295,0.744915286727635,False,False,False
2025-12-08 15:00:00+00:00,oos,-0.11848912151722832,0.40858016213421633,False,False,False
2025-12-08 15:15:00+00:00,oos,0.5053441836734415,-0.8247052699793712,False,False,False
2025-12-08 15:30:00+00:00,oos,1.054000544903144,2.1981641733070303,False,True,False
2025-12-08 15:45:00+00:00,oos,1.0676631425335055,1.099233613146707,False,False,False
2025-12-08 16:00:00+00:00,oos,-0.20325514872987713,0.15364111834062041,False,False,False
2025-12-08 16:15:00+00:00,oos,0.7837403869531993,2.0730381446549875,False,True,False
2025-12-08 16:30:00+00:00,oos,0.11906942248762752,1.0823061960848883,False,False,False
2025-12-08 16:45:00+00:00,oos,-1.8184039266910081,0.8214926535703938,True,False,False
2025-12-08 17:00:00+00:00,oos,0.3683639681555497,1.7348537213160544,False,True,False
2025-12-08 17:15:00+00:00,oos,-0.979720665716767,-0.25019664701151373,False,False,False
2025-12-08 17:30:00+00:00,oos,-0.529994623569345,0.7002702449262995,False,False,False
2025-12-08 17:45:00+00:00,oos,-0.03217312830351683,0.06957585133513308,False,False,False
2025-12-08 18:00:00+00:00,oos,-0.20371924740981226,1.0766913453013645,False,False,False
2025-12-08 18:15:00+00:00,oos,0.11230775934273102,0.8533049637943492,False,False,False
2025-12-08 18:30:00+00:00,oos,-1.5259456585672098,-0.3627123266691947,False,False,False
2025-12-08 18:45:00+00:00,oos,-0.5388830545468147,1.471779232144401,False,True,False
2025-12-08 19:00:00+00:00,oos,0.6052106457035047,1.5016775588649318,False,True,False
2025-12-08 19:15:00+00:00,oos,0.2929688553607781,-0.7683355253066712,False,False,False
2025-12-08 19:30:00+00:00,oos,0.6265423223668821,-0.014175825405433511,False,False,False
2025-12-08 19:45:00+00:00,oos,1.2489933558156945,0.44271111997621776,False,False,False
2025-12-08 20:00:00+00:00,oos,-0.5128375999332828,-0.37762365755836036,False,False,False
2025-12-08 20:15:00+00:00,oos,0.739681753501127,0.2953751371437028,False,False,False
2025-12-08 20:30:00+00:00,oos,-0.12829123909007803,0.49137821063772,False,False,False
2025-12-08 20:45:00+00:00,oos,1.6543299899079476,0.42772137487606143,True,False,False
2025-12-08 21:00:00+00:00,oos,0.18487785733334683,-0.010765715894877499,False,False,False
2025-12-08 21:15:00+00:00,oos,0.890063990978381,-0.21869369898947383,False,False,False
2025-12-08 21:30:00+00:00,oos,-1.471818948647478,0.5360779906494464,False,False,False
2025-12-08 21:45:00+00:00,oos,1.0245289974504537,-0.9636861762009676,False,False,False
2025-12-08 22:00:00+00:00,oos,0.003977946200241582,1.3763159385219395,False,True,False
2025-12-08 22:15:00+00:00,oos,0.6059975238424133,0.4203577482066192,False,False,False
2025-12-08 22:30:00+00:00,oos,-0.14231504640955092,2.5606978387147667,False,True,False
2025-12-08 22:45:00+00:00,oos,-1.499054207097463,1.1963637176553241,False,False,False
2025-12-08 23:00:00+00:00,oos,-0.13376545698550896,-1.1042581068183044,False,False,False
2025-12-08 23:15:00+00:00,oos,-1.20159856285515,0.15668264759057993,False,False,False
2025-12-08 23:30:00+00:00,oos,1.2580302669427084,-0.7453694130346726,False,False,False
2025-12-08 23:45:00+00:00,oos,0.4010940195736917,-1.2109046823416658,False,False,False
2025-12-09 00:00:00+00:00,oos,0.15926378810928035,0.6375334707326991,False,False,False
2025-12-09 00:15:00+00:00,oos,-0.15122096317239728,0.47502570983200154,False,False,False
2025-12-09 00:30:00+00:00,oos,-0.3197082679409809,0.8861764266397696,False,False,False
2025-12-09 00:45:00+00:00,oos,0.23808007514520232,-0.2863996974959689,False,False,False
2025-12-09 01:00:00+00:00,oos,-0.34718879523746465,1.238229900969223,False,False,False
2025-12-09 01:15:00+00:00,oos,-1.1458625331873507,-0.02856921991373159,False,False,False
2025-12-09 01:30:00+00:00,oos,-0.8532178892311202,0.31390366347814685,False,False,False
2025-12-09 01:45:00+00:00,oos,-1.3112016870780538,-0.025167178774848302,False,False,False
2025-12-09 02:00:00+00:00,oos,1.0513590048771435,0.17415225117813632,False,False,False
2025-12-09 02:15:00+00:00,oos,0.5624004198342915,-0.2693642265655401,False,False,False
2025-12-09 02:30:00+00:00,oos,0.6564661360709851,0.591241260884301,False,False,False
2025-12-09 02:45:00+00:00,oos,-0.4358757429885918,0.34821262085142207,False,False,False
2025-12-09 03:00:00+00:00,oos,-0.4518948373231717,-0.6186486694236774,False,False,False
2025-12-09 03:15:00+00:00,oos,0.8158321412264398,0.5127137704946276,False,False,False
2025-12-09 03:30:00+00:00,oos,2.29280035611483,0.3920785756969141,True,False,False
2025-12-09 03:45:00+00:00,oos,1.3783917795166292,-0.2509148907795835,False,False,False
2025-12-09 04:00:00+00:00,oos,0.3041785066194107,-0.3357564951842761,False,False,False
2025-12-09 04:15:00+00:00,oos,-1.033549608661424,0.2878546605964216,False,False,False
2025-12-09 04:30:00+00:00,oos,-1.1760899431445555,1.9061023200558256,False,True,False
2025-12-09 04:45:00+00:00,oos,-0.09674155970013791,0.699227259173145,False,False,False
2025-12-09 05:00:00+00:00,oos,-1.7202723300119716,0.0873552762821842,True,False,False
2025-12-09 05:15:00+00:00,oos,-0.8121263123903901,0.37187724127162514,False,False,False
2025-12-09 05:30:00+00:00,oos,0.9606962766456684,0.5563213970147818,False,False,False
2025-12-09 05:45:00+00:00,oos,-0.36952844477026986,-0.1771771054138126,False,False,False
2025-12-09 06:00:00+00:00,oos,0.405717706105421,1.6498280947675652,False,True,False
2025-12-09 06:15:00+00:00,oos,-1.7381447479247543,0.30770768445163316,True,False,False
2025-12-09 06:30:00+00:00,oos,0.4794069968148893,1.8034184235327801,False,True,False
2025-12-09 06:45:00+00:00,oos,0.1900491370837744,0.6061746098115285,False,False,False
2025-12-09 07:00:00+00:00,oos,-0.07681025189620311,-0.02674857241774947,False,False,False
2025-12-09 07:15:00+00:00,oos,-0.8974644072067302,0.8450606432309893,False,False,False
2025-12-09 07:30:00+00:00,oos,-0.2383661117954487,-1.252522477555615,False,False,False
2025-12-09 07:45:00+00:00,oos,0.22387807585341865,0.45596862840375274,False,False,False
2025-12-09 08:00:00+00:00,oos,-0.03023040073021282,0.7603491463465833,False,False,False
2025-12-09 08:15:00+00:00,oos,0.2983913561651672,-0.01783210565977354,False,False,False
2025-12-09 08:30:00+00:00,oos,-0.8906647969978403,0.2712512997324987,False,False,False
2025-12-09 08:45:00+00:00,oos,1.3357552622654674,1.5627262536630118,False,True,False
2025-12-09 09:00:00+00:00,oos,-2.523941450860046,0.9926782683711711,True,False,False
2025-12-09 09:15:00+00:00,oos,-1.688707302195,-0.7902089860629622,True,False,False
2025-12-09 09:30:00+00:00,oos,-1.6401679964249323,0.1775563289165694,True,False,False
2025-12-09 09:45:00+00:00,oos,-1.5127647995085098,0.26934204964985026,False,False,False
2025-12-09 10:00:00+00:00,oos,0.8410813419878598,1.302604465625,False,True,False
2025-12-09 10:15:00+00:00,oos,1.5273786972985266,-0.7201793511639173,False,False,False
2025-12-09 10:30:00+00:00,oos,-0.9259468943420117,0.36103326242067096,False,False,False
2025-12-09 10:45:00+00:00,oos,-0.4405361156455579,0.6679091340362641,False,False,False
2025-12-09 11:00:00+00:00,oos,-1.7927679146235294,-0.06668428276146496,True,False,False
2025-12-09 11:15:00+00:00,oos,-1.1795448882501518,-0.13456516002769545,False,False,False
2025-12-09 11:30:00+00:00,oos,1.0420857881470231,0.5541093839553509,False,False,False
2025-12-09 11:45:00+00:00,oos,0.13932415979928958,0.9228513316206363,False,False,False
2025-12-09 12:00:00+00:00,oos,0.46352256296270317,0.36200492576033716,False,False,False
2025-12-09 12:15:00+00:00,oos,0.7172373586602737,-0.02272644965685378,False,False,False
2025-12-09 12:30:00+00:00,oos,-0.15001839674522194,-0.867227915573926,False,False,False
2025-12-09 12:45:00+00:00,oos,0.5176683962618052,-0.5406474034259541,False,False,False
2025-12-09 13:00:00+00:00,oos,-1.4928494400739907,-0.23352486061526784,False,False,False
2025-12-09 13:15:00+00:00,oos,-0.6665608676034659,-0.021122395905933698,False,False,False
2025-12-09 13:30:00+00:00,oos,-0.5652531320894612,0.7390243356777066,False,False,False
2025-12-09 13:45:00+00:00,oos,1.332732924850031,0.10068838090095218,False,False,False
2025-12-09 14:00:00+00:00,oos,0.1957543658799889,-0.021693072379412873,False,False,False
2025-12-09 14:15:00+00:00,oos,-1.0127893177680065,0.19722770202528403,False,False,False
2025-12-09 14:30:00+00:00,oos,-0.060040901694077234,1.5835749799635765,False,True,False
2025-12-09 14:45:00+00:00,oos,0.17167217122881184,0.9932578405457071,False,False,False
2025-12-09 15:00:00+00:00,oos,-0.9048627547366999,2.12029438667196,False,True,False
2025-12-09 15:15:00+00:00,oos,-1.0285552305328305,0.8939595539878393,False,False,False
2025-12-09 15:30:00+00:00,oos,0.6892166175132604,1.1960869995285925,False,False,False
2025-12-09 15:45:00+00:00,oos,-0.7667456592042945,1.4611926738727126,False,True,False
2025-12-09 16:00:00+00:00,oos,-1.2743350595025917,-1.137820269354269,False,False,False
2025-12-09 16:15:00+00:00,oos,-0.5934758757894357,1.2421997129999718,False,False,False
2025-12-09 16:30:00+00:00,oos,-1.2233618291153572,0.13274902918198267,False,False,False
2025-12-09 16:45:00+00:00,oos,0.03963655044528574,0.352811687057387,False,False,False
2025-12-09 17:00:00+00:00,oos,-0.28395779127089704,-0.6631718334903973,False,False,False
2025-12-09 17:15:00+00:00,oos,-0.822562141760711,-0.28661362178541006,False,False,False
2025-12-09 17:30:00+00:00,oos,-1.067588134315253,-1.123021337405549,False,False,False
2025-12-09 17:45:00+00:00,oos,-0.2553999521212538,-1.0732325152116464,False,False,False
2025-12-09 18:00:00+00:00,oos,-0.6937945506840631,-0.22742119369217348,False,False,False
2025-12-09 18:15:00+00:00,oos,-1.8282585494942705,-0.26913161410200487,True,False,False
2025-12-09 18:30:00+00:00,oos,-2.0851186628760083,-0.0869509255536506,True,False,False
2025-12-09 18:45:00+00:00,oos,-1.6909920626411958,0.48840494748025104,True,False,False
2025-12-09 19:00:00+00:00,oos,-0.5912926905414873,-0.18505371597722242,False,False,False
2025-12-09 19:15:00+00:00,oos,-1.5279399582980373,-0.5746279455579055,False,False,False
2025-12-09 19:30:00+00:00,oos,-0.49923023224003643,0.8672309492481387,False,False,False
2025-12-09 19:45:00+00:00,oos,-1.3364672971152025,-0.3715603696153247,False,False,False
2025-12-09 20:00:00+00:00,oos,-0.9358090840360299,1.4965141203852552,False,True,False
2025-12-09 20:15:00+00:00,oos,-0.3817930959163177,1.03707494566714,False,False,False
2025-12-09 20:30:00+00:00,oos,-0.36862873561047743,-0.3652595446041036,False,False,False
2025-12-09 20:45:00+00:00,oos,-0.6348135018975185,-0.7742001005130971,False,False,False
2025-12-09 21:00:00+00:00,oos,-0.7433786510045267,0.3680055579038772,False,False,False
2025-12-09 21:15:00+00:00,oos,-0.02782989791544859,-0.3704845809210108,False,False,False
2025-12-09 21:30:00+00:00,oos,-1.6917913302478722,0.018262412664671643,True,False,False
2025-12-09 21:45:00+00:00,oos,-0.6493801902101117,2.382277583218861,False,True,False
2025-12-09 22:00:00+00:00,oos,-0.5847723162162762,0.7018925789838412,False,False,False
2025-12-09 22:15:00+00:00,oos,-0.6861059690439378,1.4452190135321343,False,True,False
2025-12-09 22:30:00+00:00,oos,-0.041195516033672566,3.0193860843351845,False,True,False
2025-12-09 22:45:00+00:00,oos,-0.4247213959337767,-0.006929324638704881,False,False,False
2025-12-09 23:00:00+00:00,oos,-1.3022945809377509,-2.168354974689878,False,False,False
2025-12-09 23:15:00+00:00,oos,-0.49204627697669623,-0.6481974933189074,False,False,False
2025-12-09 23:30:00+00:00,oos,1.3144621201108975,-0.2664474148397486,False,False,False
2025-12-09 23:45:00+00:00,oos,-0.7858150305880934,-0.6155807727169303,False,False,False
2025-12-10 00:00:00+00:00,oos,1.264629924708096,0.5547587865943405,False,False,False
2025-12-10 00:15:00+00:00,oos,0.0022162419050297975,0.3603823618145793,False,False,False
2025-12-10 00:30:00+00:00,oos,0.6191693917046429,-0.8702804872629495,False,False,False
2025-12-10 00:45:00+00:00,oos,-0.6292788544149068,0.8421289997966217,False,False,False
2025-12-10 01:00:00+00:00,oos,0.2621880639237041,-0.13771514546123856,False,False,False
2025-12-10 01:15:00+00:00,oos,-0.5600230060952708,0.6551983910612288,False,False,False
2025-12-10 01:30:00+00:00,oos,-0.27328088354597396,1.4162056591832926,False,True,False
2025-12-10 01:45:00+00:00,oos,1.0745313787500956,-0.6261802661577275,False,False,False
2025-12-10 02:00:00+00:00,oos,-0.12054837708464887,-0.5935040856691536,False,False,False
2025-12-10 02:15:00+00:00,oos,1.5592958513566633,1.207355907465303,False,False,False
2025-12-10 02:30:00+00:00,oos,0.04913977801593286,0.4253878847131014,False,False,False
2025-12-10 02:45:00+00:00,oos,1.0659532241183525,0.19424229706812493,False,False,False
2025-12-10 03:00:00+00:00,oos,-0.5063507632443259,0.18970845440235382,False,False,False
2025-12-10 03:15:00+00:00,oos,0.08285860929030718,0.5003280343025142,False,False,False
2025-12-10 03:30:00+00:00,oos,1.1787782470892483,0.4570408613066811,False,False,False
2025-12-10 03:45:00+00:00,oos,-0.6190645108123914,-0.12987199439864147,False,False,False
2025-12-10 04:00:00+00:00,oos,0.346153911362561,0.5452054023770815,False,False,False
2025-12-10 04:15:00+00:00,oos,1.5147144274851059,1.3228609988322564,False,True,False
2025-12-10 04:30:00+00:00,oos,1.8266852854629987,0.28626614629456065,True,False,False
2025-12-10 04:45:00+00:00,oos,0.5508687753104544,0.2786214346949482,False,False,False
2025-12-10 05:00:00+00:00,oos,-0.02926152103076639,0.41830704191034185,False,False,False
2025-12-10 05:15:00+00:00,oos,1.3701489262562379,1.2860430597080992,False,True,False
2025-12-10 05:30:00+00:00,oos,0.13765611364276473,0.07589270601579352,False,False,False
2025-12-10 05:45:00+00:00,oos,1.46121980340618,0.9431418947639765,False,False,False
2025-12-10 06:00:00+00:00,oos,0.3789627835322861,0.9037640237978313,False,False,False
2025-12-10 06:15:00+00:00,oos,-0.40894724004307625,-0.9103591893683762,False,False,False
2025-12-10 06:30:00+00:00,oos,0.9935560765149007,0.2565381781967757,False,False,False
2025-12-10 06:45:00+00:00,oos,-1.1033389375840437,-0.02242424630943697,False,False,False
2025-12-10 07:00:00+00:00,oos,-0.744592637885118,-0.6336688440610942,False,False,False
2025-12-10 07:15:00+00:00,oos,-1.5588262137500353,-0.6403969167598503,False,False,False
2025-12-10 07:30:00+00:00,oos,1.1122373763849673,-0.9747587280199065,False,False,False
2025-12-10 07:45:00+00:00,oos,1.3477243567067527,-0.3617867244216552,False,False,False
2025-12-10 08:00:00+00:00,oos,-0.2299601664488844,0.6826509449417826,False,False,False
2025-12-10 08:15:00+00:00,oos,0.5452460972121701,-0.27461592086491143,False,False,False
2025-12-10 08:30:00+00:00,oos,0.3473574654030708,0.3071363537375081,False,False,False
2025-12-10 08:45:00+00:00,oos,-2.0838941971937905,-1.2611540236511067,True,False,False
2025-12-10 09:00:00+00:00,oos,-0.15541810839856407,0.12773096547125198,False,False,False
2025-12-10 09:15:00+00:00,oos,0.03991314353556742,-0.5947113175223783,False,False,False
2025-12-10 09:30:00+00:00,oos,1.2854997951187235,-0.021096019577356784,False,False,False
2025-12-10 09:45:00+00:00,oos,0.3931559322171495,0.3747737274689488,False,False,False
2025-12-10 10:00:00+00:00,oos,0.2933662966486787,0.26910363929830294,False,False,False
2025-12-10 10:15:00+00:00,oos,-0.3734708486561238,-0.05922121523822033,False,False,False
2025-12-10 10:30:00+00:00,oos,0.13859340056542,1.55708791537878,False,True,False
2025-12-10 10:45:00+00:00,oos,0.08208517909786443,0.24555643755543394,False,False,False
2025-12-10 11:00:00+00:00,oos,0.31356736080608627,0.7247972130803688,False,False,False
2025-12-10 11:15:00+00:00,oos,1.5076331319584517,0.35382128565178617,False,False,False
2025-12-10 11:30:00+00:00,oos,-1.2944290959670932,1.3936994655881312,False,True,False
2025-12-10 11:45:00+00:00,oos,0.4631467957914575,0.18311556906586782,False,False,False
2025-12-10 12:00:00+00:00,oos,0.7464055306103123,-1.1818247726786486,False,False,False
2025-12-10 12:15:00+00:00,oos,-0.2669748638535379,0.6826277841816688,False,False,False
2025-12-10 12:30:00+00:00,oos,0.5387535762853564,-0.6063061539875872,False,False,False
2025-12-10 12:45:00+00:00,oos,0.03996191351290848,-1.3608295444237426,False,False,False
2025-12-10 13:00:00+00:00,oos,1.7012868717607477,-0.3533711753167672,True,False,False
2025-12-10 13:15:00+00:00,oos,0.9395088970678105,-0.45511916201981784,False,False,False
2025-12-10 13:30:00+00:00,oos,-0.04397695801066869,0.7593820842080239,False,False,False
2025-12-10 13:45:00+00:00,oos,0.3194177325592891,-1.3252588153054243,False,False,False
2025-12-10 14:00:00+00:00,oos,-0.09975073011070296,-0.7378905961523068,False,False,False
2025-12-10 14:15:00+00:00,oos,-0.46993451900379984,-0.44423526650700246,False,False,False
2025-12-10 14:30:00+00:00,oos,1.0448644988404312,1.4091889553040509,False,True,False
2025-12-10 14:45:00+00:00,oos,-0.18929246072034742,-0.9502355638664495,False,False,False
2025-12-10 15:00:00+00:00,oos,1.5829862204091485,-0.2961405634299869,True,False,False
2025-12-10 15:15:00+00:00,oos,0.9199170817846473,-0.8526050671836776,False,False,False
2025-12-10 15:30:00+00:00,oos,-0.3184358244041234,-0.36846659402536014,False,False,False
2025-12-10 15:45:00+00:00,oos,0.37816271601113105,0.38106178433361426,False,False,False
2025-12-10 16:00:00+00:00,oos,1.6227981446689086,-0.30509515953226757,True,False,False
2025-12-10 16:15:00+00:00,oos,0.4085326392936634,0.8617682864957306,False,False,False
2025-12-10 16:30:00+00:00,oos,-0.4101316701878665,-0.16319203157119327,False,False,False
2025-12-10 16:45:00+00:00,oos,-0.49619469069592054,-0.8508556538463574,False,False,False
2025-12-10 17:00:00+00:00,oos,-0.48981916408483017,-0.011868321716008857,False,False,False
2025-12-10 17:15:00+00:00,oos,0.7360308200159548,1.39952256438985,False,True,False
2025-12-10 17:30:00+00:00,oos,-0.022583312743595662,-0.15675589514627009,False,False,False
2025-12-10 17:45:00+00:00,oos,1.2746116952201594,-0.5624825973114964,False,False,False
2025-12-10 18:00:00+00:00,oos,-0.24305813354534644,-0.03699844408769708,False,False,False
2025-12-10 18:15:00+00:00,oos,0.6781944366291964,1.324333648545188,False,True,False
2025-12-10 18:30:00+00:00,oos,0.09182751055896883,1.8324044915363604,False,True,False
2025-12-10 18:45:00+00:00,oos,-1.5424001867928852,0.5400672933908691,False,False,False
2025-12-10 19:00:00+00:00,oos,-0.7655720318635869,3.4929708339851566,False,True,False
2025-12-10 19:15:00+00:00,oos,0.6609108240762508,-1.4394532092780346,False,False,False
2025-12-10 19:30:00+00:00,oos,-0.36041612378464444,3.0942864063443256,False,True,False
2025-12-10 19:45:00+00:00,oos,-0.6836404499046429,-0.20935791243702756,False,False,False
2025-12-10 20:00:00+00:00,oos,-1.3400978954442935,0.7372685458249825,False,False,False
2025-12-10 20:15:00+00:00,oos,1.432821204232653,3.5273937259266064,False,True,False
2025-12-10 20:30:00+00:00,oos,-0.38251673782586915,-1.3772992317910246,False,False,False
2025-12-10 20:45:00+00:00,oos,0.8972836157640546,1.2654051484514635,False,False,False
2025-12-10 21:00:00+00:00,oos,0.07681362323187203,1.9423627929192147,False,True,False
2025-12-10 21:15:00+00:00,oos,-0.06859803480296722,-0.19898282411190513,False,False,False
2025-12-10 21:30:00+00:00,oos,1.4129946560113031,1.0966513262655215,False,False,False
2025-12-10 21:45:00+00:00,oos,0.8170967833720897,0.43219903854896063,False,False,False
2025-12-10 22:00:00+00:00,oos,-0.2455924331592976,1.9952009409305431,False,True,False
2025-12-10 22:15:00+00:00,oos,-0.32924916455828956,3.6608222902978587,False,True,False
2025-12-10 22:30:00+00:00,oos,0.17199573772755747,2.687685936477438,False,True,False
2025-12-10 22:45:00+00:00,oos,0.4818795525383954,1.0015382679806168,False,False,False
2025-12-10 23:00:00+00:00,oos,-0.3912474358178747,-1.3324022252717875,False,False,False
2025-12-10 23:15:00+00:00,oos,-0.2026394958840391,-0.11528875757229495,False,False,False
2025-12-10 23:30:00+00:00,oos,-1.0001500965698027,0.10891385534192896,False,False,False
2025-12-10 23:45:00+00:00,oos,-0.4509827697774574,-0.13375919522387103,False,False,False
2025-12-11 00:00:00+00:00,oos,0.9597425586114553,0.3196568727798576,False,False,False
2025-12-11 00:15:00+00:00,oos,0.05650434520361467,0.5739004071813206,False,False,False
2025-12-11 00:30:00+00:00,oos,-0.30168534339447617,0.6707326748805931,False,False,False
2025-12-11 00:45:00+00:00,oos,-1.0902891738801879,2.211483010852008,False,True,False
2025-12-11 01:00:00+00:00,oos,-0.2311638988352174,-0.23947354780754262,False,False,False
2025-12-11 01:15:00+00:00,oos,-0.517129146810151,0.9696093092478442,False,False,False
2025-12-11 01:30:00+00:00,oos,-0.6000196186436322,-0.2030407967300944,False,False,False
2025-12-11 01:45:00+00:00,oos,-1.0652622631213422,0.7732437740218709,False,False,False
2025-12-11 02:00:00+00:00,oos,0.3051504265366199,0.6776341611053677,False,False,False
2025-12-11 02:15:00+00:00,oos,-0.006912683163794734,0.7724329222031426,False,False,False
2025-12-11 02:30:00+00:00,oos,0.42523121668661856,0.06757153576738786,False,False,False
2025-12-11 02:45:00+00:00,oos,0.8164945442503244,0.8694158218549998,False,False,False
2025-12-11 03:00:00+00:00,oos,-0.9253494793442744,0.590027258517999,False,False,False
2025-12-11 03:15:00+00:00,oos,1.0066273667639656,-0.06159744134619911,False,False,False
2025-12-11 03:30:00+00:00,oos,1.0079730980374437,1.2338544283751784,False,False,False
2025-12-11 03:45:00+00:00,oos,-0.3876190288877442,-0.4107958799312489,False,False,False
2025-12-11 04:00:00+00:00,oos,-0.5111120387339783,1.0936257229988164,False,False,False
2025-12-11 04:15:00+00:00,oos,-0.8580873488507733,-0.013305881164416162,False,False,False
2025-12-11 04:30:00+00:00,oos,1.071160007240015,0.21564664550606025,False,False,False
2025-12-11 04:45:00+00:00,oos,1.7383027317208974,0.6360197365336062,True,False,False
2025-12-11 05:00:00+00:00,oos,-0.4999293298868311,-0.284991732622396,False,False,False
2025-12-11 05:15:00+00:00,oos,1.3660435423678727,-0.43555980647201975,False,False,False
2025-12-11 05:30:00+00:00,oos,0.624210772264778,-0.6748394573518622,False,False,False
2025-12-11 05:45:00+00:00,oos,0.4197874775842515,0.4718919825117957,False,False,False
2025-12-11 06:00:00+00:00,oos,-0.11572181021911702,0.6830968434954735,False,False,False
2025-12-11 06:15:00+00:00,oos,-1.0172265035759265,-1.3207306571647697,False,False,False
2025-12-11 06:30:00+00:00,oos,-0.06266866478328884,-0.3244072531677517,False,False,False
2025-12-11 06:45:00+00:00,oos,-0.4417005957889755,-0.6364677996801039,False,False,False
2025-12-11 07:00:00+00:00,oos,0.1646555673439884,-0.7491255043301088,False,False,False
2025-12-11 07:15:00+00:00,oos,-0.49789016156412075,-0.5065671245801482,False,False,False
2025-12-11 07:30:00+00:00,oos,0.5101339632146448,0.45876305191433564,False,False,False
2025-12-11 07:45:00+00:00,oos,0.9234056574504121,0.13060279592985963,False,False,False
2025-12-11 08:00:00+00:00,oos,0.9202168824448453,-0.346209447802081,False,False,False
2025-12-11 08:15:00+00:00,oos,1.5430788247020084,0.7097508870074253,False,False,False
2025-12-11 08:30:00+00:00,oos,0.2501758636304559,-0.23221825343741176,False,False,False
2025-12-11 08:45:00+00:00,oos,1.080445909677693,-0.6417217318982761,False,False,False
2025-12-11 09:00:00+00:00,oos,-0.41442462660434537,-0.4972143154923037,False,False,False
2025-12-11 09:15:00+00:00,oos,1.5202653504030599,0.02771029672725797,False,False,False
2025-12-11 09:30:00+00:00,oos,-0.14016674527883852,-0.9258702008267624,False,False,False
2025-12-11 09:45:00+00:00,oos,-0.25054698613002946,0.7217593206712395,False,False,False
2025-12-11 10:00:00+00:00,oos,2.0242363397751513,1.0154259154600542,True,False,False
2025-12-11 10:15:00+00:00,oos,0.2880264039557263,-1.332424665460263,False,False,False
2025-12-11 10:30:00+00:00,oos,-0.6846230188721256,0.2770805938459704,False,False,False
2025-12-11 10:45:00+00:00,oos,1.4674527490934903,0.18094642417246645,False,False,False
2025-12-11 11:00:00+00:00,oos,-0.2645980097475827,-0.4348366921885813,False,False,False
2025-12-11 11:15:00+00:00,oos,-0.06547378174892793,-0.9140356934969008,False,False,False
2025-12-11 11:30:00+00:00,oos,0.8738465285036577,0.028696424467310213,False,False,False
2025-12-11 11:45:00+00:00,oos,-0.21444381668902662,-0.5051240316313237,False,False,False
2025-12-11 12:00:00+00:00,oos,-0.300012572025332,0.12681324156528834,False,False,False
2025-12-11 12:15:00+00:00,oos,-0.6028933182462185,-0.6024910947176867,False,False,False
2025-12-11 12:30:00+00:00,oos,1.3187049308291974,0.011156455248567123,False,False,False
2025-12-11 12:45:00+00:00,oos,0.7778330258115387,-0.9461477140765582,False,False,False
2025-12-11 13:00:00+00:00,oos,0.2449938077111745,-0.1379695096992664,False,False,False
2025-12-11 13:15:00+00:00,oos,1.438207073977466,-0.6605968719839309,False,False,False
2025-12-11 13:30:00+00:00,oos,0.37851073360755066,1.5409111501489556,False,True,False
2025-12-11 13:45:00+00:00,oos,-0.0905856440760284,-0.7528632254438897,False,False,False
2025-12-11 14:00:00+00:00,oos,0.3204629962291119,-1.2145526468232,False,False,False
2025-12-11 14:15:00+00:00,oos,-0.27229432171618,-0.7155453512477487,False,False,False
2025-12-11 14:30:00+00:00,oos,-0.11872515398652798,1.1458370103784157,False,False,False
2025-12-11 14:45:00+00:00,oos,0.2931908563093968,1.541187209550999,False,True,False
2025-12-11 15:00:00+00:00,oos,0.16225367263858056,-0.4492842203090196,False,False,False
2025-12-11 15:15:00+00:00,oos,-0.12272445729328349,0.7519539570015658,False,False,False
2025-12-11 15:30:00+00:00,oos,-0.18917091879727593,0.29319371852892345,False,False,False
2025-12-11 15:45:00+00:00,oos,0.7457872983977898,1.2362869228532565,False,False,False
2025-12-11 16:00:00+00:00,oos,0.7870934759596206,0.9448121962691358,False,False,False
2025-12-11 16:15:00+00:00,oos,-1.2768547060252546,0.07490576548619542,False,False,False
2025-12-11 16:30:00+00:00,oos,0.13165211866706214,1.5708088624309418,False,True,False
2025-12-11 16:45:00+00:00,oos,-0.7754955975902136,0.12591141702032407,False,False,False
2025-12-11 17:00:00+00:00,oos,0.3246610192027016,-0.08919711198288435,False,False,False
2025-12-11 17:15:00+00:00,oos,1.349977174927998,0.2840631850265502,False,False,False
2025-12-11 17:30:00+00:00,oos,0.27079238484489115,-0.26282907378008485,False,False,False
2025-12-11 17:45:00+00:00,oos,0.8467697943433055,0.2721167369883448,False,False,False
2025-12-11 18:00:00+00:00,oos,1.150264071182221,1.0725112735137223,False,False,False
2025-12-11 18:15:00+00:00,oos,0.8728787636124372,-0.5417811256140825,False,False,False
2025-12-11 18:30:00+00:00,oos,0.9073015889067284,0.9733127064132768,False,False,False
2025-12-11 18:45:00+00:00,oos,0.46968642748835415,0.9352534401880785,False,False,False
2025-12-11 19:00:00+00:00,oos,-0.40533938765452837,-1.072249396225541,False,False,False
2025-12-11 19:15:00+00:00,oos,0.06506846262562373,0.4877422178308395,False,False,False
2025-12-11 19:30:00+00:00,oos,0.4478962271751099,-0.062323065341010384,False,False,False
2025-12-11 19:45:00+00:00,oos,-0.48868063469707423,0.04992583674829752,False,False,False
2025-12-11 20:00:00+00:00,oos,-0.7635904600419998,-0.08334080278361933,False,False,False
2025-12-11 20:15:00+00:00,oos,-0.4290061541556669,-0.19161457393480294,False,False,False
2025-12-11 20:30:00+00:00,oos,0.27910921687394946,1.1220825207265162,False,False,False
2025-12-11 20:45:00+00:00,oos,0.7517627971668416,0.21491276907869625,False,False,False
2025-12-11 21:00:00+00:00,oos,-0.05461480194945117,1.316761595499684,False,True,False
2025-12-11 21:15:00+00:00,oos,0.043904878626583724,-0.2874093024673434,False,False,False
2025-12-11 21:30:00+00:00,oos,-0.17931249897021959,-0.0859950171815741,False,False,False
2025-12-11 21:45:00+00:00,oos,-1.5566156255227537,-0.3649671120626411,False,False,False
2025-12-11 22:00:00+00:00,oos,-0.3282362767733461,0.8401353858530671,False,False,False
2025-12-11 22:15:00+00:00,oos,-0.4559344222924057,2.019728448422732,False,True,False
2025-12-11 22:30:00+00:00,oos,-0.5848051975159075,1.3451477847483342,False,True,False
2025-12-11 22:45:00+00:00,oos,-0.2535585446450695,0.6421944532648999,False,False,False
2025-12-11 23:00:00+00:00,oos,-0.7970933617245682,-0.7857707565811726,False,False,False
2025-12-11 23:15:00+00:00,oos,-0.1822690009191673,-0.5308028818298615,False,False,False
2025-12-11 23:30:00+00:00,oos,0.26169714138467093,-0.042212169409134,False,False,False
2025-12-11 23:45:00+00:00,oos,-0.07865565290068051,0.8552322891608545,False,False,False
2025-12-12 00:00:00+00:00,oos,-1.246795977699607,0.219667515989623,False,False,False
2025-12-12 00:15:00+00:00,oos,-0.18204273192762202,1.2723599447563678,False,False,False
2025-12-12 00:30:00+00:00,oos,-1.4984105668265102,0.2893504685788251,False,False,False
2025-12-12 00:45:00+00:00,oos,-0.9157680522808272,0.8102968519505468,False,False,False
2025-12-12 01:00:00+00:00,oos,-0.3403242915561379,1.4092423438710795,False,True,False
2025-12-12 01:15:00+00:00,oos,0.5895713665872303,-0.5526714750820698,False,False,False
2025-12-12 01:30:00+00:00,oos,1.321840015050278,0.2626590258001314,False,False,False
2025-12-12 01:45:00+00:00,oos,-0.4038267242390923,0.17038318725314427,False,False,False
2025-12-12 02:00:00+00:00,oos,2.4617201059680176,-0.14182297415310066,True,False,False
2025-12-12 02:15:00+00:00,oos,-0.2635642431578795,0.632657879229102,False,False,False
2025-12-12 02:30:00+00:00,oos,-0.45051824446874905,-0.4644246543912053,False,False,False
2025-12-12 02:45:00+00:00,oos,0.34109552089748035,0.5801327242806231,False,False,False
2025-12-12 03:00:00+00:00,oos,-0.5962905127369258,-0.355604342624096,False,False,False
2025-12-12 03:15:00+00:00,oos,-0.8249080708161276,0.9043106859323616,False,False,False
2025-12-12 03:30:00+00:00,oos,-0.35974023524515203,-0.09711229079365763,False,False,False
2025-12-12 03:45:00+00:00,oos,-1.8955099547592273,-0.7440386449105464,True,False,False
2025-12-12 04:00:00+00:00,oos,-0.8765084569137855,-0.12239013379863223,False,False,False
2025-12-12 04:15:00+00:00,oos,-1.5657699468282424,-0.6207147310132216,False,False,False
2025-12-12 04:30:00+00:00,oos,0.46103888930145803,-0.48871653494215517,False,False,False
2025-12-12 04:45:00+00:00,oos,1.1819886530809947,-0.4285543219543694,False,False,False
2025-12-12 05:00:00+00:00,oos,0.6371272606348233,0.7189265505757109,False,False,False
2025-12-12 05:15:00+00:00,oos,-2.143642052372933,-0.0820192876736499,True,False,False
2025-12-12 05:30:00+00:00,oos,0.9501369976617868,-0.12996667069970388,False,False,False
2025-12-12 05:45:00+00:00,oos,0.347828243666577,-0.6538641807446048,False,False,False
2025-12-12 06:00:00+00:00,oos,-0.39025958456578913,1.2015994083662538,False,False,False
2025-12-12 06:15:00+00:00,oos,-1.0600872054082393,-0.24978754779826257,False,False,False
2025-12-12 06:30:00+00:00,oos,0.8090150285456797,-0.4224245327253363,False,False,False
2025-12-12 06:45:00+00:00,oos,-1.4412588163920963,-0.5085454060316946,False,False,False
2025-12-12 07:00:00+00:00,oos,-0.3949046586674608,-0.8550645438401385,False,False,False
2025-12-12 07:15:00+00:00,oos,-0.37793955585103184,-0.03377324112071472,False,False,False
2025-12-12 07:30:00+00:00,oos,0.5470440567458185,0.5145594130947564,False,False,False
2025-12-12 07:45:00+00:00,oos,-0.9666193087244577,-1.4766860836703555,False,False,False
2025-12-12 08:00:00+00:00,oos,-0.6480074593253019,-0.3800085481471847,False,False,False
2025-12-12 08:15:00+00:00,oos,-0.8649943378309117,-0.7223863406921467,False,False,False
2025-12-12 08:30:00+00:00,oos,-1.4950399824792506,0.41917403716793666,False,False,False
2025-12-12 08:45:00+00:00,oos,-0.2316596069084034,0.09361119742001775,False,False,False
2025-12-12 09:00:00+00:00,oos,0.5732334245136399,0.63250597649052,False,False,False
2025-12-12 09:15:00+00:00,oos,-1.8197523183315958,-0.6364351151912379,True,False,False
2025-12-12 09:30:00+00:00,oos,-0.8964437239212895,0.5189973944551909,False,False,False
2025-12-12 09:45:00+00:00,oos,-0.3747025723871149,-0.23068417470328606,False,False,False
2025-12-12 10:00:00+00:00,oos,-0.7561542727232742,-1.7029497793075619,False,False,False
2025-12-12 10:15:00+00:00,oos,-1.3384354890759145,-0.061475165374253536,False,False,False
2025-12-12 10:30:00+00:00,oos,0.5068503597735292,0.33481111916923145,False,False,False
2025-12-12 10:45:00+00:00,oos,0.10849712105390752,-0.8926066425947604,False,False,False
2025-12-12 11:00:00+00:00,oos,-0.15590431705295876,-0.14404951371140176,False,False,False
2025-12-12 11:15:00+00:00,oos,-0.9545271955746001,-0.5298687813504932,False,False,False
2025-12-12 11:30:00+00:00,oos,-1.288583788499582,-0.755888140953723,False,False,False
2025-12-12 11:45:00+00:00,oos,0.09823844666974171,-0.5835780571523271,False,False,False
2025-12-12 12:00:00+00:00,oos,-0.5809313963744782,-0.2999834497688659,False,False,False
2025-12-12 12:15:00+00:00,oos,-1.452104512494919,-1.2256260381362667,False,False,False
2025-12-12 12:30:00+00:00,oos,-1.2992895802930797,-0.731185817449479,False,False,False
2025-12-12 12:45:00+00:00,oos,1.1543796588121835,-0.37769925423333855,False,False,False
2025-12-12 13:00:00+00:00,oos,-1.5703726843710892,-0.017663632675627677,True,False,False
2025-12-12 13:15:00+00:00,oos,0.7262502594760751,-0.7674793060703876,False,False,False
2025-12-12 13:30:00+00:00,oos,-1.4844831289800209,-0.5495899604110099,False,False,False
2025-12-12 13:45:00+00:00,oos,1.617920434007953,-0.13560634575657787,True,False,False
2025-12-12 14:00:00+00:00,oos,-0.8018823895925844,-0.7512522131889569,False,False,False
2025-12-12 14:15:00+00:00,oos,-0.9956191989138029,0.2706935803606768,False,False,False
2025-12-12 14:30:00+00:00,oos,-1.6797265366723109,1.6712449000959915,True,True,True
2025-12-12 14:45:00+00:00,oos,0.355709974232653,0.270021640925111,False,False,False
2025-12-12 15:00:00+00:00,oos,-0.685448717221385,0.6598142038637672,False,False,False
2025-12-12 15:15:00+00:00,oos,0.18661401119980248,0.8351011851603319,False,False,False
2025-12-12 15:30:00+00:00,oos,0.5096052913374579,0.8641772339728954,False,False,False
2025-12-12 15:45:00+00:00,oos,0.581932440058023,-0.5108761677231388,False,False,False
2025-12-12 16:00:00+00:00,oos,1.1131187194814105,1.8372855136930362,False,True,False
2025-12-12 16:15:00+00:00,oos,-0.47361678812839797,0.7213202331991925,False,False,False
2025-12-12 16:30:00+00:00,oos,1.0552969179292777,1.2008158105275126,False,False,False
2025-12-12 16:45:00+00:00,oos,1.1225416761479954,0.6009302130525944,False,False,False
2025-12-12 17:00:00+00:00,oos,0.16691465140778697,1.7911333921721915,False,True,False
2025-12-12 17:15:00+00:00,oos,-0.22881736990888787,0.5455294651523868,False,False,False
2025-12-12 17:30:00+00:00,oos,0.49240247302004475,0.5455135265363591,False,False,False
2025-12-12 17:45:00+00:00,oos,1.4505616686430036,0.024424154275599665,False,False,False
2025-12-12 18:00:00+00:00,oos,1.6981026226879112,1.3583881631580361,True,True,True
2025-12-12 18:15:00+00:00,oos,0.7759409545330254,0.8697171379980815,False,False,False
2025-12-12 18:30:00+00:00,oos,0.33417529011060376,-0.02961825560051316,False,False,False
2025-12-12 18:45:00+00:00,oos,-0.07292314500004916,0.22327848329875147,False,False,False
2025-12-12 19:00:00+00:00,oos,0.009257153421641014,0.494241955164599,False,False,False
2025-12-12 19:15:00+00:00,oos,-0.30920456891956644,0.8070595877417497,False,False,False
2025-12-12 19:30:00+00:00,oos,-1.840133664307488,0.8367938809477266,True,False,False
2025-12-12 19:45:00+00:00,oos,-0.7049598446233399,-0.033715912662734125,False,False,False
2025-12-12 20:00:00+00:00,oos,-1.2893106352892103,0.6491295928202215,False,False,False
2025-12-12 20:15:00+00:00,oos,-0.7853483357656758,0.11602650173029239,False,False,False
2025-12-12 20:30:00+00:00,oos,-0.11382093682052245,-0.38799867886855477,False,False,False
2025-12-12 20:45:00+00:00,oos,-0.9476595935119619,0.5877235238014012,False,False,False
2025-12-12 21:00:00+00:00,oos,-0.7657501597928518,-0.5176983618789662,False,False,False
2025-12-12 21:15:00+00:00,oos,0.29507641218481034,0.28747448677263915,False,False,False
2025-12-12 21:30:00+00:00,oos,-1.333466845421198,-0.06305277964684979,False,False,False
2025-12-12 21:45:00+00:00,oos,-0.24727477650543875,0.16655293107607175,False,False,False
2025-12-12 22:00:00+00:00,oos,0.7632474408848552,0.8389614659831455,False,False,False
2025-12-12 22:15:00+00:00,oos,0.4911982921608715,1.6786095143848268,False,True,False
2025-12-12 22:30:00+00:00,oos,-0.5770411821720272,0.7788250996392012,False,False,False
2025-12-12 22:45:00+00:00,oos,0.18648500934181253,0.10324768997668712,False,False,False
2025-12-12 23:00:00+00:00,oos,0.5377804931786666,-2.03200326876376,False,False,False
2025-12-12 23:15:00+00:00,oos,0.5089403182017864,0.7087729862533803,False,False,False
2025-12-12 23:30:00+00:00,oos,0.21378532149879856,1.6539919189811765,False,True,False
2025-12-12 23:45:00+00:00,oos,-1.2982832174079368,0.5878746779041938,False,False,False
2025-12-13 00:00:00+00:00,oos,1.011771112669882,0.46871497762009334,False,False,False
2025-12-13 00:15:00+00:00,oos,-0.2682051644433121,0.7661660861337646,False,False,False
2025-12-13 00:30:00+00:00,oos,-0.4563359399340569,-0.16455917317005336,False,False,False
2025-12-13 00:45:00+00:00,oos,-0.6069039652768684,0.9120279105880872,False,False,False
2025-12-13 01:00:00+00:00,oos,0.07118206040230529,-0.646526323113213,False,False,False
2025-12-13 01:15:00+00:00,oos,-0.2915568433883981,-0.6513795489031676,False,False,False
2025-12-13 01:30:00+00:00,oos,-2.584548348954301,0.9328436109203332,True,False,False
2025-12-13 01:45:00+00:00,oos,-1.593991915810611,-0.22523566647632537,True,False,False
2025-12-13 02:00:00+00:00,oos,1.130021554217643,-0.1456393473469262,False,False,False
2025-12-13 02:15:00+00:00,oos,0.5328387399253115,-0.6890563042906958,False,False,False
2025-12-13 02:30:00+00:00,oos,0.9570133341783467,-0.38541113159542406,False,False,False
2025-12-13 02:45:00+00:00,oos,-1.037610255956359,0.8008423839319755,False,False,False
2025-12-13 03:00:00+00:00,oos,-0.7425620246408147,0.011975336764734031,False,False,False
2025-12-13 03:15:00+00:00,oos,0.48861677865235853,1.0402651863071914,False,False,False
2025-12-13 03:30:00+00:00,oos,0.763667637419852,0.7831792383150611,False,False,False
2025-12-13 03:45:00+00:00,oos,-0.6810548847425267,1.2934634847296784,False,True,False
2025-12-13 04:00:00+00:00,oos,0.2347428933225689,0.9176497710016023,False,False,False
2025-12-13 04:15:00+00:00,oos,0.7531456221002399,-0.15235493345574502,False,False,False
2025-12-13 04:30:00+00:00,oos,1.440964248874133,0.46989961065693997,False,False,False
2025-12-13 04:45:00+00:00,oos,1.3046028018076197,-1.0668101343866985,False,False,False
2025-12-13 05:00:00+00:00,oos,1.0796728755820917,-0.7764492644480917,False,False,False
2025-12-13 05:15:00+00:00,oos,0.08980761790171286,0.4950733462926386,False,False,False
2025-12-13 05:30:00+00:00,oos,-1.666386930558701,-0.25936780822612615,True,False,False
2025-12-13 05:45:00+00:00,oos,0.2937934285876545,0.5787585290704016,False,False,False
2025-12-13 06:00:00+00:00,oos,-0.8156705413425849,0.37412086795742083,False,False,False
2025-12-13 06:15:00+00:00,oos,-0.8562186369523767,0.48842070433770485,False,False,False
2025-12-13 06:30:00+00:00,oos,1.7936429359792359,-0.27724094192323784,True,False,False
2025-12-13 06:45:00+00:00,oos,0.9685682877950373,0.04227948469854201,False,False,False
2025-12-13 07:00:00+00:00,oos,0.322755442475122,-1.3687940707905109,False,False,False
2025-12-13 07:15:00+00:00,oos,1.9025384243153116,-0.5050628926951943,True,False,False
2025-12-13 07:30:00+00:00,oos,0.7757027395643062,-0.2695807056648979,False,False,False
2025-12-13 07:45:00+00:00,oos,0.7372508094387675,0.6742191436897335,False,False,False
2025-12-13 08:00:00+00:00,oos,0.43926773722185136,0.28622313779978986,False,False,False
2025-12-13 08:15:00+00:00,oos,-0.33434183455593025,1.8073219043265187,False,True,False
2025-12-13 08:30:00+00:00,oos,-0.3737623583914096,0.5326105100547023,False,False,False
2025-12-13 08:45:00+00:00,oos,1.1577477364241031,-0.28587641413669246,False,False,False
2025-12-13 09:00:00+00:00,oos,0.028463596383198665,0.26757341490508396,False,False,False
2025-12-13 09:15:00+00:00,oos,-1.701301910513306,-0.06726728258213201,True,False,False
2025-12-13 09:30:00+00:00,oos,-0.5321770984342332,-0.12786266654129452,False,False,False
2025-12-13 09:45:00+00:00,oos,0.28396384009084163,0.07429775477789434,False,False,False
2025-12-13 10:00:00+00:00,oos,-0.7991740617897365,-0.32114622444859053,False,False,False
2025-12-13 10:15:00+00:00,oos,0.025744054221931593,0.7474515744273905,False,False,False
2025-12-13 10:30:00+00:00,oos,0.9527432927001913,0.08531937559594394,False,False,False
2025-12-13 10:45:00+00:00,oos,-0.8172205154585555,-0.7553650736240388,False,False,False
2025-12-13 11:00:00+00:00,oos,-0.5589407066349003,-0.6017106873689242,False,False,False
2025-12-13 11:15:00+00:00,oos,-1.8537607528022602,-0.6104372684347671,True,False,False
2025-12-13 11:30:00+00:00,oos,-2.455765590655884,-0.4524561958391669,True,False,False
2025-12-13 11:45:00+00:00,oos,0.8295460619622802,0.20766350135792572,False,False,False
2025-12-13 12:00:00+00:00,oos,1.5072770126827773,-0.5662682485839884,False,False,False
2025-12-13 12:15:00+00:00,oos,-1.0163036553301672,-0.2663815946813593,False,False,False
2025-12-13 12:30:00+00:00,oos,-1.4911068166132628,-0.06985697879686616,False,False,False
2025-12-13 12:45:00+00:00,oos,-0.21225311377668052,-0.4637213763967248,False,False,False
2025-12-13 13:00:00+00:00,oos,0.559812141907092,0.13585795866021205,False,False,False
2025-12-13 13:15:00+00:00,oos,-0.8711040490041995,0.41924156411311,False,False,False
2025-12-13 13:30:00+00:00,oos,-0.8848172316616412,0.8774471685253904,False,False,False
2025-12-13 13:45:00+00:00,oos,-0.0629617018586414,-0.7998350845270193,False,False,False
2025-12-13 14:00:00+00:00,oos,1.9674810135215217,-0.28475900663139103,True,False,False
2025-12-13 14:15:00+00:00,oos,-0.6299052859325228,0.13709259600289936,False,False,False
2025-12-13 14:30:00+00:00,oos,1.7042234604567754,1.2230279796869332,True,False,False
2025-12-13 14:45:00+00:00,oos,-0.645880914977295,-0.16876064089554021,False,False,False
2025-12-13 15:00:00+00:00,oos,0.7205161400515808,1.1201877724481564,False,False,False
2025-12-13 15:15:00+00:00,oos,-0.9383769395363786,0.22971172865171685,False,False,False
2025-12-13 15:30:00+00:00,oos,0.5846276045846753,0.48484305094469093,False,False,False
2025-12-13 15:45:00+00:00,oos,-0.3584357480621267,-0.2051024063273913,False,False,False
2025-12-13 16:00:00+00:00,oos,0.09686901605149797,-0.9468403470295123,False,False,False
2025-12-13 16:15:00+00:00,oos,-2.065926742645673,0.3974539558969783,True,False,False
2025-12-13 16:30:00+00:00,oos,-0.9935494499876012,0.37555643961684154,False,False,False
2025-12-13 16:45:00+00:00,oos,0.5730591868292695,-0.8788474664156337,False,False,False
2025-12-13 17:00:00+00:00,oos,-0.7804779963287836,0.8282264448762798,False,False,False
2025-12-13 17:15:00+00:00,oos,-1.3636018466483002,-0.7242697170312191,False,False,False
2025-12-13 17:30:00+00:00,oos,0.7251146615564049,-0.4557469762490034,False,False,False
2025-12-13 17:45:00+00:00,oos,0.14341600384795625,-0.5250807065408881,False,False,False
2025-12-13 18:00:00+00:00,oos,0.5193092139686052,0.1748724335318373,False,False,False
2025-12-13 18:15:00+00:00,oos,-1.8607741537837073,0.8419952065532832,True,False,False
2025-12-13 18:30:00+00:00,oos,0.044675899891080055,2.349425128436423,False,True,False
2025-12-13 18:45:00+00:00,oos,-1.6275399233496135,0.9268672465120303,True,False,False
2025-12-13 19:00:00+00:00,oos,0.6672814125148091,0.7882671916987802,False,False,False
2025-12-13 19:15:00+00:00,oos,-0.2517384869682132,0.6699892405344472,False,False,False
2025-12-13 19:30:00+00:00,oos,1.7044578061399354,0.3881754981493083,True,False,False
2025-12-13 19:45:00+00:00,oos,-2.316228421079326,0.7205475183457629,True,False,False
2025-12-13 20:00:00+00:00,oos,1.0766464673594642,0.7031937315399805,False,False,False
2025-12-13 20:15:00+00:00,oos,0.6451936367503077,0.6506261679905152,False,False,False
2025-12-13 20:30:00+00:00,oos,-1.7103317610529618,1.0465836539313684,True,False,False
2025-12-13 20:45:00+00:00,oos,-1.4518704810647838,1.3011105851081854,False,True,False
2025-12-13 21:00:00+00:00,oos,-0.6203039926742107,0.3261589789214713,False,False,False
2025-12-13 21:15:00+00:00,oos,0.41168722258448914,0.6981208884047814,False,False,False
2025-12-13 21:30:00+00:00,oos,-1.444914321365007,1.2376620786294321,False,False,False
2025-12-13 21:45:00+00:00,oos,1.3514518945145138,0.014348519877857124,False,False,False
2025-12-13 22:00:00+00:00,oos,0.6829289400299569,0.9743827223359147,False,False,False
2025-12-13 22:15:00+00:00,oos,1.5538241117850617,1.2393812762449756,False,False,False
2025-12-13 22:30:00+00:00,oos,0.5460082776551434,0.9818415253185643,False,False,False
2025-12-13 22:45:00+00:00,oos,1.5176543032997776,0.9714337487603161,False,False,False
2025-12-13 23:00:00+00:00,oos,-0.20766456062576075,-1.5939664507838798,False,False,False
2025-12-13 23:15:00+00:00,oos,1.526071607334571,-1.019012008256401,False,False,False
2025-12-13 23:30:00+00:00,oos,0.7274969027738313,-0.7477351436172962,False,False,False
2025-12-13 23:45:00+00:00,oos,0.9442200496001729,-1.035705133517816,False,False,False
2025-12-14 00:00:00+00:00,oos,-1.895797108388104,1.3076027028549175,True,True,True
2025-12-14 00:15:00+00:00,oos,0.7890682833564393,-0.246559640160886,False,False,False
2025-12-14 00:30:00+00:00,oos,2.553300969228007,-0.12179227403832664,True,False,False
2025-12-14 00:45:00+00:00,oos,0.9065439307900157,-0.7415219272216681,False,False,False
2025-12-14 01:00:00+00:00,oos,1.9566033258216433,0.3984202743165774,True,False,False
2025-12-14 01:15:00+00:00,oos,0.04613824415615027,0.2967286482335701,False,False,False
2025-12-14 01:30:00+00:00,oos,-0.6347168609607877,0.13520147730633292,False,False,False
2025-12-14 01:45:00+00:00,oos,0.060386885850516325,-0.6384693317263896,False,False,False
2025-12-14 02:00:00+00:00,oos,1.7220814485671343,-0.3653941830182024,True,False,False
2025-12-14 02:15:00+00:00,oos,0.9780024233336491,-0.44099852519034954,False,False,False
2025-12-14 02:30:00+00:00,oos,-2.805729888498232,-0.5190725343077394,True,False,False
2025-12-14 02:45:00+00:00,oos,-0.5588583419393538,-0.6426422611098869,False,False,False
2025-12-14 03:00:00+00:00,oos,-0.024770501591545726,-0.2712840944701974,False,False,False
2025-12-14 03:15:00+00:00,oos,-1.3165497353837081,0.15142335960251965,False,False,False
2025-12-14 03:30:00+00:00,oos,1.4076866719567698,-0.48045153329056856,False,False,False
2025-12-14 03:45:00+00:00,oos,-0.887013111095673,-0.8076791106436274,False,False,False
2025-12-14 04:00:00+00:00,oos,-0.7923737975615075,-0.23003453927711626,False,False,False
2025-12-14 04:15:00+00:00,oos,-0.16324861717593708,-0.2233287426274733,False,False,False
2025-12-14 04:30:00+00:00,oos,-2.1659873846441977,0.703658094758495,True,False,False
2025-12-14 04:45:00+00:00,oos,-2.1534754864203163,0.31991331356899405,True,False,False
2025-12-14 05:00:00+00:00,oos,-0.8507733052659685,-0.3923757178068048,False,False,False
2025-12-14 05:15:00+00:00,oos,-0.7675959019822635,-0.566906888885694,False,False,False
2025-12-14 05:30:00+00:00,oos,0.6264363278596805,0.47498626473447064,False,False,False
2025-12-14 05:45:00+00:00,oos,1.175951021112643,-0.29645140374221507,False,False,False
2025-12-14 06:00:00+00:00,oos,1.550086279739917,0.8299534542574541,False,False,False
2025-12-14 06:15:00+00:00,oos,0.8209209056374651,1.173101817907841,False,False,False
2025-12-14 06:30:00+00:00,oos,1.4062724543711804,0.9759815083065073,False,False,False
2025-12-14 06:45:00+00:00,oos,1.7211030177265316,-1.2789789977950874,True,False,False
2025-12-14 07:00:00+00:00,oos,2.156772420312537,-0.3288384324557362,True,False,False
2025-12-14 07:15:00+00:00,oos,0.4666628643578325,0.35228501701117604,False,False,False
2025-12-14 07:30:00+00:00,oos,-1.5303122070352193,0.1611427964263801,False,False,False
2025-12-14 07:45:00+00:00,oos,1.0622897199223549,-0.7209592656942819,False,False,False
2025-12-14 08:00:00+00:00,oos,-0.02103116556695973,0.22864703477203696,False,False,False
2025-12-14 08:15:00+00:00,oos,-0.33055812081767727,0.25662546539647646,False,False,False
2025-12-14 08:30:00+00:00,oos,0.11898726813314818,-0.2361966168817488,False,False,False
2025-12-14 08:45:00+00:00,oos,-2.41386297405403,-0.440692170877405,True,False,False
2025-12-14 09:00:00+00:00,oos,0.2816571965176218,-0.42028598027761715,False,False,False
2025-12-14 09:15:00+00:00,oos,0.19349698396073758,-0.15730061781631283,False,False,False
2025-12-14 09:30:00+00:00,oos,0.006410194639034171,-0.006568718865544305,False,False,False
2025-12-14 09:45:00+00:00,oos,-1.6595737644231505,-0.5818042343183405,True,False,False
2025-12-14 10:00:00+00:00,oos,-0.5398999065833137,-0.23371691588649568,False,False,False
2025-12-14 10:15:00+00:00,oos,0.25313096143740904,2.068430568210676,False,True,False
2025-12-14 10:30:00+00:00,oos,-0.8602862971751665,-0.3399236170643921,False,False,False
2025-12-14 10:45:00+00:00,oos,-0.5222737126552094,-0.8901090281455931,False,False,False
2025-12-14 11:00:00+00:00,oos,-1.5631635976453642,0.962026462277132,False,False,False
2025-12-14 11:15:00+00:00,oos,-1.677208409924738,0.8592916761166505,True,False,False
2025-12-14 11:30:00+00:00,oos,-0.6237528469217424,1.6522359732425314,False,True,False
2025-12-14 11:45:00+00:00,oos,-0.037133411739670906,0.10939385975283564,False,False,False
2025-12-14 12:00:00+00:00,oos,-0.3168175998641163,-0.06995743307060177,False,False,False
2025-12-14 12:15:00+00:00,oos,1.5596010002489415,-0.3658891694696893,False,False,False
2025-12-14 12:30:00+00:00,oos,0.9680099336128359,0.4181896260033538,False,False,False
2025-12-14 12:45:00+00:00,oos,0.14763987104254386,0.7438516950097612,False,False,False
2025-12-14 13:00:00+00:00,oos,-1.1027531991273847,0.4947568871002058,False,False,False
2025-12-14 13:15:00+00:00,oos,-2.006655132674856,-0.07908784643636967,True,False,False
2025-12-14 13:30:00+00:00,oos,0.38795630479837123,0.59577495728098,False,False,False
2025-12-14 13:45:00+00:00,oos,0.8496456054355274,0.3997312102693581,False,False,False
2025-12-14 14:00:00+00:00,oos,0.1265229818513279,-0.9315091485298307,False,False,False
2025-12-14 14:15:00+00:00,oos,-0.26560795538369947,-0.0002851824800174222,False,False,False
2025-12-14 14:30:00+00:00,oos,-0.07534296541284134,1.1422892772795743,False,False,False
2025-12-14 14:45:00+00:00,oos,0.4428172657919759,0.8043027053929335,False,False,False
2025-12-14 15:00:00+00:00,oos,-0.3095251022220715,0.018681898016321415,False,False,False
2025-12-14 15:15:00+00:00,oos,-0.1799382150289263,-0.25870177492697993,False,False,False
2025-12-14 15:30:00+00:00,oos,2.1804688209906278,-0.04409554608809715,True,False,False
2025-12-14 15:45:00+00:00,oos,-1.5987896075218235,-0.21608760343182526,True,False,False
2025-12-14 16:00:00+00:00,oos,-0.01648161048967141,0.9017668149217668,False,False,False
2025-12-14 16:15:00+00:00,oos,2.0185847318310692,0.6337021173757212,True,False,False
2025-12-14 16:30:00+00:00,oos,-0.8520124328281307,0.42447005592975406,False,False,False
2025-12-14 16:45:00+00:00,oos,-0.7030936358088933,1.5659993910698622,False,True,False
2025-12-14 17:00:00+00:00,oos,0.08313517499496186,0.6239859342606198,False,False,False
2025-12-14 17:15:00+00:00,oos,1.1043702066021173,1.685540644820479,False,True,False
2025-12-14 17:30:00+00:00,oos,0.8194327685284095,-0.3994547604962945,False,False,False
2025-12-14 17:45:00+00:00,oos,1.8482946213474745,0.5405256161183858,True,False,False
2025-12-14 18:00:00+00:00,oos,0.9006552366830847,1.897905749289823,False,True,False
2025-12-14 18:15:00+00:00,oos,1.1943908636543017,0.3581363793648476,False,False,False
2025-12-14 18:30:00+00:00,oos,0.6459744485695832,0.33164314899557495,False,False,False
2025-12-14 18:45:00+00:00,oos,1.541479765787655,1.4013378789512527,False,True,False
2025-12-14 19:00:00+00:00,oos,0.4708514051799313,1.5333807142651896,False,True,False
2025-12-14 19:15:00+00:00,oos,0.205219487317429,0.856329576727081,False,False,False
2025-12-14 19:30:00+00:00,oos,-0.0017436367103989608,0.34420649877574344,False,False,False
2025-12-14 19:45:00+00:00,oos,1.358332558535287,0.8247085718153906,False,False,False
2025-12-14 20:00:00+00:00,oos,0.3412290835327938,-0.20257601264105532,False,False,False
2025-12-14 20:15:00+00:00,oos,1.4358450091775787,0.7155226875150424,False,False,False
2025-12-14 20:30:00+00:00,oos,1.0360415048626623,-0.31653605085117414,False,False,False
2025-12-14 20:45:00+00:00,oos,0.5157791605937141,0.5679844011923152,False,False,False
2025-12-14 21:00:00+00:00,oos,1.4297538918970445,-0.11197235353522307,False,False,False
2025-12-14 21:15:00+00:00,oos,-0.28358553909309864,0.010368977249125508,False,False,False
2025-12-14 21:30:00+00:00,oos,-0.030462001910795275,0.6744941691936269,False,False,False
2025-12-14 21:45:00+00:00,oos,1.0110613917085831,1.1110362468493662,False,False,False
2025-12-14 22:00:00+00:00,oos,-0.25876453702181623,0.45696190834847594,False,False,False
2025-12-14 22:15:00+00:00,oos,1.3182300953073667,2.6097541149677115,False,True,False
2025-12-14 22:30:00+00:00,oos,-0.8401317084482425,1.3146212150211825,False,True,False
2025-12-14 22:45:00+00:00,oos,1.8384728798343246,1.3393127936297191,True,True,True
2025-12-14 23:00:00+00:00,oos,-0.36499729508399853,-1.0279027650193584,False,False,False
2025-12-14 23:15:00+00:00,oos,-2.176773468195359,-0.24054721374667126,True,False,False
2025-12-14 23:30:00+00:00,oos,-0.48358292531693614,1.6846996199511943,False,True,False
2025-12-14 23:45:00+00:00,oos,1.7374889843180634,1.0847374146781275,True,False,False
2025-12-15 00:00:00+00:00,oos,0.9753539784619791,0.4072205641870965,False,False,False
2025-12-15 00:15:00+00:00,oos,0.505459157168958,0.5309020845639617,False,False,False
2025-12-15 00:30:00+00:00,oos,-1.2413170602935337,-0.2804157216557364,False,False,False
2025-12-15 00:45:00+00:00,oos,0.03617834094424911,0.7354697175003544,False,False,False
2025-12-15 01:00:00+00:00,oos,0.7433327583776118,-0.09560881953659835,False,False,False
2025-12-15 01:15:00+00:00,oos,-0.1603794161949345,-0.4359566403496187,False,False,False
2025-12-15 01:30:00+00:00,oos,1.3418750048848904,2.7714979947007157,False,True,False
2025-12-15 01:45:00+00:00,oos,0.6879954333187654,0.03907821088806938,False,False,False
2025-12-15 02:00:00+00:00,oos,1.151510884955886,1.0770346785904767,False,False,False
2025-12-15 02:15:00+00:00,oos,-0.0757548598198522,1.696065123538678,False,True,False
2025-12-15 02:30:00+00:00,oos,-0.7717667927054154,0.16933118289007926,False,False,False
2025-12-15 02:45:00+00:00,oos,-0.8653920435779788,-0.010117866381800173,False,False,False
2025-12-15 03:00:00+00:00,oos,0.8219957059393105,0.9748672536902248,False,False,False
2025-12-15 03:15:00+00:00,oos,2.359926302613063,2.3764953848411063,True,True,True
2025-12-15 03:30:00+00:00,oos,-0.15540058487998887,1.5692990471895962,False,True,False
2025-12-15 03:45:00+00:00,oos,-0.9432258333799736,1.6371989405475589,False,True,False
2025-12-15 04:00:00+00:00,oos,0.1565790509371588,1.7243715850304793,False,True,False
2025-12-15 04:15:00+00:00,oos,-0.30852230118825835,1.8967938079554014,False,True,False
2025-12-15 04:30:00+00:00,oos,-2.0974607616777092,1.773590516748859,True,True,True
2025-12-15 04:45:00+00:00,oos,-0.6543791580878336,1.6765727173423413,False,True,False
2025-12-15 05:00:00+00:00,oos,-0.9096864107590275,-0.020119808430753422,False,False,False
2025-12-15 05:15:00+00:00,oos,-1.2561098752089923,0.8647739595171029,False,False,False
2025-12-15 05:30:00+00:00,oos,-3.0256483992038175,0.6251637398946586,True,False,False
2025-12-15 05:45:00+00:00,oos,0.03981376815646556,-0.2249694698907229,False,False,False
2025-12-15 06:00:00+00:00,oos,-0.5631656398473315,1.0946171752490756,False,False,False
2025-12-15 06:15:00+00:00,oos,-1.187035409390276,-0.027156728795170375,False,False,False
2025-12-15 06:30:00+00:00,oos,0.8293508934531091,-0.340070405285158,False,False,False
2025-12-15 06:45:00+00:00,oos,0.4677527853809975,2.0579375340272463,False,True,False
2025-12-15 07:00:00+00:00,oos,-1.135381074157624,0.7579864080589401,False,False,False
2025-12-15 07:15:00+00:00,oos,1.4430388295530592,-0.6492673406491009,False,False,False
2025-12-15 07:30:00+00:00,oos,-0.5577584276935952,0.32183615608838867,False,False,False
2025-12-15 07:45:00+00:00,oos,1.8306557565544208,0.1626176761169725,True,False,False
2025-12-15 08:00:00+00:00,oos,0.9013564873869161,1.111126150131813,False,False,False
2025-12-15 08:15:00+00:00,oos,1.1325783585956781,0.3177318666734608,False,False,False
2025-12-15 08:30:00+00:00,oos,-0.3390712210693844,-0.3605702934822436,False,False,False
2025-12-15 08:45:00+00:00,oos,-1.0296867777288332,0.2927676390232792,False,False,False
2025-12-15 09:00:00+00:00,oos,-1.0560220499025106,0.9478628122862707,False,False,False
2025-12-15 09:15:00+00:00,oos,-0.22524516892033786,0.19978715930160335,False,False,False
2025-12-15 09:30:00+00:00,oos,1.2695164111448187,0.3227029600181947,False,False,False
2025-12-15 09:45:00+00:00,oos,0.7274245985971877,0.7986855151930708,False,False,False
2025-12-15 10:00:00+00:00,oos,0.4451115533768858,1.1573613437118464,False,False,False
2025-12-15 10:15:00+00:00,oos,0.02083431004305163,1.3604523762291563,False,True,False
2025-12-15 10:30:00+00:00,oos,-0.06438130197656883,1.3869048734632867,False,True,False
2025-12-15 10:45:00+00:00,oos,-0.7262623016612189,0.20629127372329834,False,False,False
2025-12-15 11:00:00+00:00,oos,-0.10503306918999733,-0.7462269357706456,False,False,False
2025-12-15 11:15:00+00:00,oos,-0.6359692909052023,-0.8130495428719227,False,False,False
2025-12-15 11:30:00+00:00,oos,-3.1370044384070783,-0.3095293014614539,True,False,False
2025-12-15 11:45:00+00:00,oos,-1.183791843690101,-0.013828175932993047,False,False,False
2025-12-15 12:00:00+00:00,oos,-2.1129848223625856,-0.2705818216229692,True,False,False
2025-12-15 12:15:00+00:00,oos,0.3410611503740395,0.34865942014604207,False,False,False
2025-12-15 12:30:00+00:00,oos,1.7388769094644816,0.1465228233805802,True,False,False
2025-12-15 12:45:00+00:00,oos,-1.059432229980303,0.21289627724415508,False,False,False
2025-12-15 13:00:00+00:00,oos,-1.7847893172056484,1.0247105672831016,True,False,False
2025-12-15 13:15:00+00:00,oos,-1.2826924491929932,1.3702103645209078,False,True,False
2025-12-15 13:30:00+00:00,oos,0.46325426660419167,-0.3067553753668023,False,False,False
2025-12-15 13:45:00+00:00,oos,-0.7485829563121724,-0.5808622368778548,False,False,False
2025-12-15 14:00:00+00:00,oos,1.374403884397866,0.9702663171309003,False,False,False
2025-12-15 14:15:00+00:00,oos,-0.0768397306158903,0.11969864501565271,False,False,False
2025-12-15 14:30:00+00:00,oos,0.30620675246166706,0.46913979093492486,False,False,False
2025-12-15 14:45:00+00:00,oos,0.8850300696149108,2.396135043765503,False,True,False
2025-12-15 15:00:00+00:00,oos,0.855570409996626,2.8961873817956185,False,True,False
2025-12-15 15:15:00+00:00,oos,0.6528664193729459,-0.3440484949794525,False,False,False
2025-12-15 15:30:00+00:00,oos,-0.1102203230237644,1.1330329065627562,False,False,False
2025-12-15 15:45:00+00:00,oos,1.4087554839682048,0.3018738737348062,False,False,False
2025-12-15 16:00:00+00:00,oos,0.8287995980878107,0.04051233919373098,False,False,False
2025-12-15 16:15:00+00:00,oos,-0.21692588206988106,1.437596705144202,False,True,False
2025-12-15 16:30:00+00:00,oos,0.16980567128829918,1.2082411381655556,False,False,False
2025-12-15 16:45:00+00:00,oos,0.6976365681794646,1.1042848994298324,False,False,False
2025-12-15 17:00:00+00:00,oos,0.05951922147823301,0.6058541821934837,False,False,False
2025-12-15 17:15:00+00:00,oos,-0.12028577219465783,-0.13400061598023752,False,False,False
2025-12-15 17:30:00+00:00,oos,-1.4323505022878706,-0.009160857697781685,False,False,False
2025-12-15 17:45:00+00:00,oos,-0.7499167905538959,0.15028547007220722,False,False,False
2025-12-15 18:00:00+00:00,oos,-0.26287112419364006,0.6234252728142345,False,False,False
2025-12-15 18:15:00+00:00,oos,-0.5085967418563788,0.6257960657685813,False,False,False
2025-12-15 18:30:00+00:00,oos,-1.5129849344547768,0.12068860029730129,False,False,False
2025-12-15 18:45:00+00:00,oos,0.7459661256150315,0.23386294102456126,False,False,False
2025-12-15 19:00:00+00:00,oos,-0.2216088077661644,1.3318240785475692,False,True,False
2025-12-15 19:15:00+00:00,oos,0.5686890921937927,0.08308075280224399,False,False,False
2025-12-15 19:30:00+00:00,oos,-0.1118857827008388,1.37451984006626,False,True,False
2025-12-15 19:45:00+00:00,oos,0.7273495011352542,1.7973505940833658,False,True,False
2025-12-15 20:00:00+00:00,oos,-0.9250589010490213,1.1691012946012818,False,False,False
2025-12-15 20:15:00+00:00,oos,0.4742889057075635,0.5268871340129393,False,False,False
2025-12-15 20:30:00+00:00,oos,-0.5385414618017162,0.8414946178518921,False,False,False
2025-12-15 20:45:00+00:00,oos,-0.6694897304725845,-0.21985723447572406,False,False,False
2025-12-15 21:00:00+00:00,oos,-0.537446763192403,0.1300141010536287,False,False,False
2025-12-15 21:15:00+00:00,oos,1.0507863058942204,-0.24274935821352636,False,False,False
2025-12-15 21:30:00+00:00,oos,-0.49500796472644737,0.5205743760428555,False,False,False
2025-12-15 21:45:00+00:00,oos,-0.2843668364507543,-0.18652275718540162,False,False,False
2025-12-15 22:00:00+00:00,oos,-1.5793588878698632,0.6638651225748832,True,False,False
2025-12-15 22:15:00+00:00,oos,-0.417886505010618,1.3028615209085554,False,True,False
2025-12-15 22:30:00+00:00,oos,0.24136623848184638,0.966790634761441,False,False,False
2025-12-15 22:45:00+00:00,oos,0.8932700825582294,0.6399353350029151,False,False,False
2025-12-15 23:00:00+00:00,oos,0.44210550613855587,1.3624940765405915,False,True,False
2025-12-15 23:15:00+00:00,oos,-0.34043579988770184,-1.4748492655952987,False,False,False
2025-12-15 23:30:00+00:00,oos,0.3507227412405848,1.0576250920636971,False,False,False
2025-12-15 23:45:00+00:00,oos,0.3953857102075093,-0.9725058005811632,False,False,False
2025-12-16 00:00:00+00:00,oos,1.1727798392897346,2.273754899245686,False,True,False
2025-12-16 00:15:00+00:00,oos,-0.33206826527897354,0.25980341252556755,False,False,False
2025-12-16 00:30:00+00:00,oos,-1.452583681520717,0.07401090250188189,False,False,False
2025-12-16 00:45:00+00:00,oos,-0.7090135485936373,0.5882604155464305,False,False,False
2025-12-16 01:00:00+00:00,oos,0.22399476345702027,0.8333879623606244,False,False,False
2025-12-16 01:15:00+00:00,oos,-0.3408170093414685,0.886842831174724,False,False,False
2025-12-16 01:30:00+00:00,oos,-1.0399130571722701,1.1225823054419204,False,False,False
2025-12-16 01:45:00+00:00,oos,-0.1628117400255157,-0.4717027633332454,False,False,False
2025-12-16 02:00:00+00:00,oos,-1.789796213878421,0.6847503204684395,True,False,False
2025-12-16 02:15:00+00:00,oos,-0.09565814081269733,0.17708562004400427,False,False,False
2025-12-16 02:30:00+00:00,oos,0.7825394016650155,0.5409986995658144,False,False,False
2025-12-16 02:45:00+00:00,oos,-0.8073736710096261,-0.2829572199041065,False,False,False
2025-12-16 03:00:00+00:00,oos,-1.6430294614884156,0.9479533080065015,True,False,False
2025-12-16 03:15:00+00:00,oos,0.10939623064374267,0.1376870046337255,False,False,False
2025-12-16 03:30:00+00:00,oos,-2.195147755756238,1.1158578424551313,True,False,False
2025-12-16 03:45:00+00:00,oos,1.739542634672286,-0.7620567317341178,True,False,False
2025-12-16 04:00:00+00:00,oos,-0.7558247695635297,0.5683735854973779,False,False,False
2025-12-16 04:15:00+00:00,oos,-2.6108703120675223,0.1777801137478369,True,False,False
2025-12-16 04:30:00+00:00,oos,-0.44710502273019154,0.05819760409040208,False,False,False
2025-12-16 04:45:00+00:00,oos,-1.619113534898399,0.9656887191546313,True,False,False
2025-12-16 05:00:00+00:00,oos,0.6468702184022963,-0.43447224031921733,False,False,False
2025-12-16 05:15:00+00:00,oos,0.19004479279211853,-0.7372841805724711,False,False,False
2025-12-16 05:30:00+00:00,oos,0.07789569573046447,0.7125715906216161,False,False,False
2025-12-16 05:45:00+00:00,oos,-0.28417707779775525,-0.01905534674391514,False,False,False
2025-12-16 06:00:00+00:00,oos,1.0417227580437016,0.2774871395953909,False,False,False
2025-12-16 06:15:00+00:00,oos,1.5187402011822737,-0.16497611272337825,False,False,False
2025-12-16 06:30:00+00:00,oos,1.1296274535862403,-0.168732405834922,False,False,False
2025-12-16 06:45:00+00:00,oos,1.204131291978265,0.001614555425951186,False,False,False
2025-12-16 07:00:00+00:00,oos,-0.6262707712964737,0.21030300651787986,False,False,False
2025-12-16 07:15:00+00:00,oos,-1.3078469542594038,0.4810401366224765,False,False,False
2025-12-16 07:30:00+00:00,oos,-1.2481528663637722,0.4655243036343444,False,False,False
2025-12-16 07:45:00+00:00,oos,-1.4533755490837172,0.007355136871223868,False,False,False
2025-12-16 08:00:00+00:00,oos,-0.4465965207272123,0.3439860546704391,False,False,False
2025-12-16 08:15:00+00:00,oos,-0.34654219732602126,0.6309197106471872,False,False,False
2025-12-16 08:30:00+00:00,oos,0.7384250797587214,0.9090438452902516,False,False,False
2025-12-16 08:45:00+00:00,oos,0.9384337853951605,0.24554032421238361,False,False,False
2025-12-16 09:00:00+00:00,oos,0.7232401548285892,2.150012804235672,False,True,False
2025-12-16 09:15:00+00:00,oos,0.8622896430768036,-0.7552945382602403,False,False,False
2025-12-16 09:30:00+00:00,oos,1.8059697351114545,0.19604164391823434,True,False,False
2025-12-16 09:45:00+00:00,oos,-0.2969006534065306,0.10939315540023935,False,False,False
2025-12-16 10:00:00+00:00,oos,0.0018937702282752096,-0.0022766044558827263,False,False,False
2025-12-16 10:15:00+00:00,oos,1.1190614669421164,-0.12868407070564966,False,False,False
2025-12-16 10:30:00+00:00,oos,0.7497859613115242,-0.17134519649129723,False,False,False
2025-12-16 10:45:00+00:00,oos,-0.3909397405071083,1.0612757901103285,False,False,False
2025-12-16 11:00:00+00:00,oos,-1.8235628782379736,-0.546098609646464,True,False,False
2025-12-16 11:15:00+00:00,oos,-0.4200914029456679,0.25978252986127554,False,False,False
2025-12-16 11:30:00+00:00,oos,0.6787642635148576,1.5426333598870337,False,True,False
2025-12-16 11:45:00+00:00,oos,0.42640178917498817,1.675212346459734,False,True,False
2025-12-16 12:00:00+00:00,oos,-0.17609158450706097,0.5998433917342996,False,False,False
2025-12-16 12:15:00+00:00,oos,-1.3340404464285938,-0.5732274613418453,False,False,False
2025-12-16 12:30:00+00:00,oos,-0.02305707617354583,0.47659208251567564,False,False,False
2025-12-16 12:45:00+00:00,oos,0.1323583170370887,1.6864705236452664,False,True,False
2025-12-16 13:00:00+00:00,oos,-1.673563355992774,0.3615856712799642,True,False,False
2025-12-16 13:15:00+00:00,oos,0.19472898705364255,2.6997514375038336,False,True,False
2025-12-16 13:30:00+00:00,oos,0.8544598470722469,2.9394235318367725,False,True,False
2025-12-16 13:45:00+00:00,oos,-0.5636615314739625,-1.0663544009220733,False,False,False
2025-12-16 14:00:00+00:00,oos,-1.2369611385317014,0.9318868860655936,False,False,False
2025-12-16 14:15:00+00:00,oos,1.0672557408352985,-0.4378893807656662,False,False,False
2025-12-16 14:30:00+00:00,oos,0.6289909506975832,1.7368698278787158,False,True,False
2025-12-16 14:45:00+00:00,oos,0.3052054298000701,1.1949102933945521,False,False,False
2025-12-16 15:00:00+00:00,oos,0.0045404379898809554,0.10321329835408022,False,False,False
2025-12-16 15:15:00+00:00,oos,0.4741966070032208,0.848467017869418,False,False,False
2025-12-16 15:30:00+00:00,oos,1.0342263620786314,0.31083972174842583,False,False,False
2025-12-16 15:45:00+00:00,oos,-1.698341174576215,-0.18045270424843993,True,False,False
2025-12-16 16:00:00+00:00,oos,0.5122852003994175,0.7980164089557681,False,False,False
2025-12-16 16:15:00+00:00,oos,1.1351573591055222,0.2951861069307877,False,False,False
2025-12-16 16:30:00+00:00,oos,-1.059223956983668,0.9008690774327123,False,False,False
2025-12-16 16:45:00+00:00,oos,0.93316796639376,-0.013467071383994549,False,False,False
2025-12-16 17:00:00+00:00,oos,0.5423567688208396,1.1591118166307561,False,False,False
2025-12-16 17:15:00+00:00,oos,-0.1079481175482663,0.9208955794206982,False,False,False
2025-12-16 17:30:00+00:00,oos,1.2490834212442834,0.3318439567430617,False,False,False
2025-12-16 17:45:00+00:00,oos,0.24822574927909896,0.19234963841929137,False,False,False
2025-12-16 18:00:00+00:00,oos,-1.3722752938633416,0.41544537976547996,False,False,False
2025-12-16 18:15:00+00:00,oos,0.42144861164365494,1.447248999720265,False,True,False
2025-12-16 18:30:00+00:00,oos,1.5971763336047924,0.6551246184854719,True,False,False
2025-12-16 18:45:00+00:00,oos,1.0909848530994324,-0.40822279721054944,False,False,False
2025-12-16 19:00:00+00:00,oos,-0.5577391678083417,1.6864274686832221,False,True,False
2025-12-16 19:15:00+00:00,oos,0.4989766531296749,0.8063353719263193,False,False,False
2025-12-16 19:30:00+00:00,oos,1.1236738880877468,1.1416582608160877,False,False,False
2025-12-16 19:45:00+00:00,oos,1.7024947037184857,-0.8856921040081566,True,False,False
2025-12-16 20:00:00+00:00,oos,0.28826321859084447,-0.16476910386542126,False,False,False
2025-12-16 20:15:00+00:00,oos,0.3804978712802804,0.8249421371097847,False,False,False
2025-12-16 20:30:00+00:00,oos,1.6287293750844325,-0.14184461507201912,True,False,False
2025-12-16 20:45:00+00:00,oos,-1.1981599619639172,0.18369663560232385,False,False,False
2025-12-16 21:00:00+00:00,oos,-1.852580464461748,0.6387124138662685,True,False,False
2025-12-16 21:15:00+00:00,oos,0.7682928590988856,-0.36952777207679954,False,False,False
2025-12-16 21:30:00+00:00,oos,-0.1518953176799083,0.4241542965228753,False,False,False
2025-12-16 21:45:00+00:00,oos,-0.910651448054267,-0.6104426154693798,False,False,False
2025-12-16 22:00:00+00:00,oos,-0.04841674321515079,0.8692647192186335,False,False,False
2025-12-16 22:15:00+00:00,oos,0.9804979058400277,1.020694582445554,False,False,False
2025-12-16 22:30:00+00:00,oos,-0.20318726564038608,2.3732820027047468,False,True,False
2025-12-16 22:45:00+00:00,oos,-0.8847920363141566,0.8492478883116208,False,False,False
2025-12-16 23:00:00+00:00,oos,-0.27863062607651234,-1.9899051756861206,False,False,False
2025-12-16 23:15:00+00:00,oos,0.8009949160526795,-0.17656887120777395,False,False,False
2025-12-16 23:30:00+00:00,oos,0.6130822605815869,-0.5404312666792335,False,False,False
2025-12-16 23:45:00+00:00,oos,0.7054556345217262,0.7634574794054004,False,False,False
2025-12-17 00:00:00+00:00,oos,-0.7292048635931228,-0.07803519717272007,False,False,False
2025-12-17 00:15:00+00:00,oos,-1.9319316701667395,0.3227448627207465,True,False,False
2025-12-17 00:30:00+00:00,oos,-0.5963945762935294,-0.10236254795716872,False,False,False
2025-12-17 00:45:00+00:00,oos,0.1969150779123416,-0.34197426737252884,False,False,False
2025-12-17 01:00:00+00:00,oos,1.1569187830605525,-0.6203387802054114,False,False,False
2025-12-17 01:15:00+00:00,oos,0.04059569791189383,0.7131612987110126,False,False,False
2025-12-17 01:30:00+00:00,oos,0.3290300792451618,1.027820981443477,False,False,False
2025-12-17 01:45:00+00:00,oos,-0.5532307189713193,0.647315759997737,False,False,False
2025-12-17 02:00:00+00:00,oos,-2.1198695401024783,0.8433371054796079,True,False,False
2025-12-17 02:15:00+00:00,oos,0.64412090450756,-0.3395724330536872,False,False,False
2025-12-17 02:30:00+00:00,oos,0.36082732788701427,0.09257340032903817,False,False,False
2025-12-17 02:45:00+00:00,oos,0.7081586257342762,0.19793882129995163,False,False,False
2025-12-17 03:00:00+00:00,oos,-0.15888216457276988,-1.000323003327407,False,False,False
2025-12-17 03:15:00+00:00,oos,-0.13651497893039438,0.14831089334890532,False,False,False
2025-12-17 03:30:00+00:00,oos,-1.1402621411635367,1.374718067974049,False,True,False
2025-12-17 03:45:00+00:00,oos,-0.18157331280440506,-0.0322064221824404,False,False,False
2025-12-17 04:00:00+00:00,oos,0.5042422749440948,0.4228088629344357,False,False,False
2025-12-17 04:15:00+00:00,oos,0.5529284701590043,0.21768820909340134,False,False,False
2025-12-17 04:30:00+00:00,oos,-1.7405946706370288,0.743382979815615,True,False,False
2025-12-17 04:45:00+00:00,oos,0.16646254788010903,-0.06682585515390098,False,False,False
2025-12-17 05:00:00+00:00,oos,-0.34352101795256024,1.5430578866536722,False,True,False
2025-12-17 05:15:00+00:00,oos,0.24381733420209967,1.0106089793569006,False,False,False
2025-12-17 05:30:00+00:00,oos,-0.1297259619024724,1.5162770039110212,False,True,False
2025-12-17 05:45:00+00:00,oos,0.6950200665119384,-0.4947008743911678,False,False,False
2025-12-17 06:00:00+00:00,oos,0.9243264485250449,0.36777135535371386,False,False,False
2025-12-17 06:15:00+00:00,oos,0.21419268447064868,-0.9463185624984434,False,False,False
2025-12-17 06:30:00+00:00,oos,-1.8842951170673035,0.0359469102458441,True,False,False
2025-12-17 06:45:00+00:00,oos,-2.2470810494410065,-0.22299933596823976,True,False,False
2025-12-17 07:00:00+00:00,oos,-1.1787312062799715,-0.2892262561754564,False,False,False
2025-12-17 07:15:00+00:00,oos,-1.6163433408072931,-0.6564413092587058,True,False,False
2025-12-17 07:30:00+00:00,oos,1.2195447606579168,0.0395048897359348,False,False,False
2025-12-17 07:45:00+00:00,oos,-1.1177055421851965,-0.3387150495069971,False,False,False
2025-12-17 08:00:00+00:00,oos,-1.3985259775274501,-0.07745536507967433,False,False,False
2025-12-17 08:15:00+00:00,oos,0.8144781852795905,-0.11394058829494594,False,False,False
2025-12-17 08:30:00+00:00,oos,1.442392118033237,0.2725815521373551,False,False,False
2025-12-17 08:45:00+00:00,oos,0.6200635897062506,0.33104335510430705,False,False,False
2025-12-17 09:00:00+00:00,oos,0.4210850599400651,-0.4093623897607036,False,False,False
2025-12-17 09:15:00+00:00,oos,0.23738738293902284,1.1276095843723484,False,False,False
2025-12-17 09:30:00+00:00,oos,1.6585327412077808,0.39394272337216507,True,False,False
2025-12-17 09:45:00+00:00,oos,0.3809876096705414,1.309880357203426,False,True,False
2025-12-17 10:00:00+00:00,oos,-0.9231192716346589,0.268114427371572,False,False,False
2025-12-17 10:15:00+00:00,oos,0.042785705741261254,1.2823051193049926,False,False,False
2025-12-17 10:30:00+00:00,oos,2.066682542611851,0.8537799538251569,True,False,False
2025-12-17 10:45:00+00:00,oos,0.38854099175491297,0.8891831102213663,False,False,False
2025-12-17 11:00:00+00:00,oos,0.8420484669511917,1.4836355339548033,False,True,False
2025-12-17 11:15:00+00:00,oos,-0.14680322120256342,0.6734465856758518,False,False,False
2025-12-17 11:30:00+00:00,oos,1.3854877425068535,-0.4896119629823411,False,False,False
2025-12-17 11:45:00+00:00,oos,0.468082597972018,0.6121762896633953,False,False,False
2025-12-17 12:00:00+00:00,oos,0.8580034426511216,1.009608061955702,False,False,False
2025-12-17 12:15:00+00:00,oos,-1.9340306695457468,0.3754596929249227,True,False,False
2025-12-17 12:30:00+00:00,oos,-0.44128187344246067,-0.4098797778993514,False,False,False
2025-12-17 12:45:00+00:00,oos,1.1667841602942801,-0.24113860786622715,False,False,False
2025-12-17 13:00:00+00:00,oos,0.2791591777078508,0.12429585956588153,False,False,False
2025-12-17 13:15:00+00:00,oos,-0.11667186748687867,0.8888410277537291,False,False,False
2025-12-17 13:30:00+00:00,oos,1.2633129432500458,-0.17939220885103443,False,False,False
2025-12-17 13:45:00+00:00,oos,0.043150571046162815,0.6595050063860394,False,False,False
2025-12-17 14:00:00+00:00,oos,-0.5658624752124091,0.06583028611881918,False,False,False
2025-12-17 14:15:00+00:00,oos,-0.12130917709016158,-0.6134490055558846,False,False,False
2025-12-17 14:30:00+00:00,oos,-0.22152448067774203,0.4966040953766879,False,False,False
2025-12-17 14:45:00+00:00,oos,-2.915215928437264,2.447062658258597,True,True,True
2025-12-17 15:00:00+00:00,oos,-0.5938092497745548,1.9060846452562556,False,True,False
2025-12-17 15:15:00+00:00,oos,0.6066103246819636,-1.2239543727623796,False,False,False
2025-12-17 15:30:00+00:00,oos,1.4899007658095607,0.8379967885943167,False,False,False
2025-12-17 15:45:00+00:00,oos,2.3094510968312187,1.6853183443349846,True,True,True
2025-12-17 16:00:00+00:00,oos,0.6048789829644148,1.298669674566999,False,True,False
2025-12-17 16:15:00+00:00,oos,0.7080134936171686,0.47601102651796495,False,False,False
2025-12-17 16:30:00+00:00,oos,0.46500686655534584,-0.2305713913906923,False,False,False
2025-12-17 16:45:00+00:00,oos,0.4229428798470872,0.06407144361732205,False,False,False
2025-12-17 17:00:00+00:00,oos,-0.21334785230445458,0.4547482207635449,False,False,False
2025-12-17 17:15:00+00:00,oos,0.8884781786274245,0.7669740607810386,False,False,False
2025-12-17 17:30:00+00:00,oos,-0.8701320544288157,-1.068137888712441,False,False,False
2025-12-17 17:45:00+00:00,oos,0.20871133772554304,0.13299980041612566,False,False,False
2025-12-17 18:00:00+00:00,oos,0.6185818336039379,0.22426465299461604,False,False,False
2025-12-17 18:15:00+00:00,oos,0.8173044188162909,-0.7713347750501423,False,False,False
2025-12-17 18:30:00+00:00,oos,-1.1005885214629265,1.0748537661614888,False,False,False
2025-12-17 18:45:00+00:00,oos,-0.8350847508558193,-0.03460094517585264,False,False,False
2025-12-17 19:00:00+00:00,oos,-1.2862505541991545,-0.3677451573531155,False,False,False
2025-12-17 19:15:00+00:00,oos,-0.07920982626855365,0.22823701387612425,False,False,False
2025-12-17 19:30:00+00:00,oos,0.005446286926836902,0.20084436877246806,False,False,False
2025-12-17 19:45:00+00:00,oos,0.3934981534070075,-0.4825243447667948,False,False,False
2025-12-17 20:00:00+00:00,oos,0.31197353119785887,0.06519946158906731,False,False,False
2025-12-17 20:15:00+00:00,oos,0.0537341727094621,1.19462031648612,False,False,False
2025-12-17 20:30:00+00:00,oos,0.09368877037934945,0.6433895446009021,False,False,False
2025-12-17 20:45:00+00:00,oos,0.7556467145725241,1.0219158671061022,False,False,False
2025-12-17 21:00:00+00:00,oos,0.5942128306582785,0.45425531401249913,False,False,False
2025-12-17 21:15:00+00:00,oos,-0.9069153007096515,-0.03948131545796551,False,False,False
2025-12-17 21:30:00+00:00,oos,-0.6849560360819789,0.8303020587884918,False,False,False
2025-12-17 21:45:00+00:00,oos,0.770334989902064,0.8178506397544675,False,False,False
2025-12-17 22:00:00+00:00,oos,0.3294249561096208,2.3655208720171172,False,True,False
2025-12-17 22:15:00+00:00,oos,0.48220670755992473,1.9039221433518492,False,True,False
2025-12-17 22:30:00+00:00,oos,-0.49291044137877266,1.9843470561748051,False,True,False
2025-12-17 22:45:00+00:00,oos,1.0350509821503253,1.57343737498984,False,True,False
2025-12-17 23:00:00+00:00,oos,-1.2647653363926576,-1.3777570329921316,False,False,False
2025-12-17 23:15:00+00:00,oos,-1.1306271369984726,-0.513253494532185,False,False,False
2025-12-17 23:30:00+00:00,oos,0.22477965285301843,0.726139158143409,False,False,False
2025-12-17 23:45:00+00:00,oos,0.4043794891732157,0.7517107554909808,False,False,False
2025-12-18 00:00:00+00:00,oos,-0.26075239576377224,0.618709403051079,False,False,False
2025-12-18 00:15:00+00:00,oos,-0.6802421369099821,0.239963703479366,False,False,False
2025-12-18 00:30:00+00:00,oos,-0.41178552838308197,-0.8819469155103928,False,False,False
2025-12-18 00:45:00+00:00,oos,0.108407307565479,0.3593308315349307,False,False,False
2025-12-18 01:00:00+00:00,oos,-1.0380205686479618,0.5060528400450975,False,False,False
2025-12-18 01:15:00+00:00,oos,-0.2921363873159803,-0.6972353070700645,False,False,False
2025-12-18 01:30:00+00:00,oos,-0.35433110150105684,-0.04354625496039578,False,False,False
2025-12-18 01:45:00+00:00,oos,0.01419913015491764,0.8005348930415751,False,False,False
2025-12-18 02:00:00+00:00,oos,1.2964872096333122,0.4668903521192001,False,False,False
2025-12-18 02:15:00+00:00,oos,1.5692276177626647,1.2616143795860162,True,False,False
2025-12-18 02:30:00+00:00,oos,-0.4865532723285426,-0.23666517146184193,False,False,False
2025-12-18 02:45:00+00:00,oos,1.3409971392528606,0.24146825997924348,False,False,False
2025-12-18 03:00:00+00:00,oos,-1.4774021363146421,-0.6682442804033246,False,False,False
2025-12-18 03:15:00+00:00,oos,-1.6045542112571873,-0.38508447319177186,True,False,False
2025-12-18 03:30:00+00:00,oos,-0.6889302044097712,0.8530828128979671,False,False,False
2025-12-18 03:45:00+00:00,oos,3.2001619588440016,0.8293387417661412,True,False,False
2025-12-18 04:00:00+00:00,oos,0.3442897800620792,1.0588257437942483,False,False,False
2025-12-18 04:15:00+00:00,oos,0.9878648672112145,-0.7505519185626163,False,False,False
2025-12-18 04:30:00+00:00,oos,0.13964482227254135,0.5238793877577241,False,False,False
2025-12-18 04:45:00+00:00,oos,-1.5250915241383503,0.6115272792419946,False,False,False
2025-12-18 05:00:00+00:00,oos,-0.660255965922511,0.08841990022474613,False,False,False
2025-12-18 05:15:00+00:00,oos,-0.3081133070207653,0.8264530185399648,False,False,False
2025-12-18 05:30:00+00:00,oos,0.980979592002017,0.23133235394562945,False,False,False
2025-12-18 05:45:00+00:00,oos,-0.2931647859814782,1.1134125669491841,False,False,False
2025-12-18 06:00:00+00:00,oos,2.8770155924727345,1.0510853764113441,True,False,False
2025-12-18 06:15:00+00:00,oos,-0.30881297878660857,-0.41689317075152355,False,False,False
2025-12-18 06:30:00+00:00,oos,0.75027436841911,0.4986759280369433,False,False,False
2025-12-18 06:45:00+00:00,oos,-1.1485258595759018,0.2846789676839951,False,False,False
2025-12-18 07:00:00+00:00,oos,1.1916793970701078,-0.05480417481658213,False,False,False
2025-12-18 07:15:00+00:00,oos,0.3650535750542345,-0.3253452257863678,False,False,False
2025-12-18 07:30:00+00:00,oos,0.2586214766679819,-0.12220320036625303,False,False,False
2025-12-18 07:45:00+00:00,oos,1.5057042421331222,0.2654681576804551,False,False,False
2025-12-18 08:00:00+00:00,oos,0.20350534452913785,-0.6751910726064775,False,False,False
2025-12-18 08:15:00+00:00,oos,0.8412824088560225,0.4761574182129096,False,False,False
2025-12-18 08:30:00+00:00,oos,-0.1633540946019042,1.8414088168029783,False,True,False
2025-12-18 08:45:00+00:00,oos,-0.06953463373834715,1.0953384603297671,False,False,False
2025-12-18 09:00:00+00:00,oos,0.6500223434789688,-0.39038083541970175,False,False,False
2025-12-18 09:15:00+00:00,oos,-0.8741936359392661,0.17066960933971537,False,False,False
2025-12-18 09:30:00+00:00,oos,0.5798274800678885,-0.4255134768789297,False,False,False
2025-12-18 09:45:00+00:00,oos,0.6643949237926686,-0.059144527904338016,False,False,False
2025-12-18 10:00:00+00:00,oos,-0.7920118826761838,0.2523359657858649,False,False,False
2025-12-18 10:15:00+00:00,oos,-0.18436000290357665,0.5574299595301508,False,False,False
2025-12-18 10:30:00+00:00,oos,1.108606906121943,-0.09701128174622346,False,False,False
2025-12-18 10:45:00+00:00,oos,-0.2780231758001844,0.24535878907882144,False,False,False
2025-12-18 11:00:00+00:00,oos,-0.1581512854076581,0.8564973119142967,False,False,False
2025-12-18 11:15:00+00:00,oos,0.3213847959256288,-0.5169611273929563,False,False,False
2025-12-18 11:30:00+00:00,oos,0.35528077873600666,0.189506778452422,False,False,False
2025-12-18 11:45:00+00:00,oos,0.7114378162990158,0.10826647407274441,False,False,False
2025-12-18 12:00:00+00:00,oos,-0.1821920196941998,0.6908189091209631,False,False,False
2025-12-18 12:15:00+00:00,oos,-1.0690088604977788,1.0815816100008113,False,False,False
2025-12-18 12:30:00+00:00,oos,0.25392080381715565,0.5103753299208504,False,False,False
2025-12-18 12:45:00+00:00,oos,-1.1084953323245106,0.16125989902956128,False,False,False
2025-12-18 13:00:00+00:00,oos,-0.17846808332891514,0.9716923865397138,False,False,False
2025-12-18 13:15:00+00:00,oos,-0.7019252677613185,1.6698753330120928,False,True,False
2025-12-18 13:30:00+00:00,oos,-1.58776528933972,1.617286988629313,True,True,True
2025-12-18 13:45:00+00:00,oos,-0.7103308362914708,-0.7381264762972379,False,False,False
2025-12-18 14:00:00+00:00,oos,0.6468770849298764,0.10944062447562643,False,False,False
2025-12-18 14:15:00+00:00,oos,-0.5524874391978741,0.915456457998118,False,False,False
2025-12-18 14:30:00+00:00,oos,0.7554467056464655,1.7057383111996847,False,True,False
2025-12-18 14:45:00+00:00,oos,-0.400783128856341,0.5691180694477378,False,False,False
2025-12-18 15:00:00+00:00,oos,0.3811959625238176,-0.24883959461586308,False,False,False
2025-12-18 15:15:00+00:00,oos,0.1295304025613526,0.7534819812383328,False,False,False
2025-12-18 15:30:00+00:00,oos,1.080140948927951,0.9797757091656115,False,False,False
2025-12-18 15:45:00+00:00,oos,-0.1602770486553847,-0.8553048726842977,False,False,False
2025-12-18 16:00:00+00:00,oos,0.9289427154506318,0.4482094272759073,False,False,False
2025-12-18 16:15:00+00:00,oos,-0.8966812769088723,0.622963720033842,False,False,False
2025-12-18 16:30:00+00:00,oos,-0.8247677978108289,0.27586100197786184,False,False,False
2025-12-18 16:45:00+00:00,oos,-0.29431191860621614,-0.544581399375592,False,False,False
2025-12-18 17:00:00+00:00,oos,1.1538801410589925,2.921702678636389,False,True,False
2025-12-18 17:15:00+00:00,oos,1.0448119980875048,2.191769420537697,False,True,False
2025-12-18 17:30:00+00:00,oos,0.304161336144199,0.5947925198704643,False,False,False
2025-12-18 17:45:00+00:00,oos,0.5955543266172292,-0.3199336373194864,False,False,False
2025-12-18 18:00:00+00:00,oos,1.26232813733299,0.3423308683575991,False,False,False
2025-12-18 18:15:00+00:00,oos,-0.1416715258943706,-0.1661463504407862,False,False,False
2025-12-18 18:30:00+00:00,oos,0.8405520922309578,-0.6658923227934708,False,False,False
2025-12-18 18:45:00+00:00,oos,-0.5466931614403526,0.6322321834873346,False,False,False
2025-12-18 19:00:00+00:00,oos,0.2894528390285136,1.0621707324604508,False,False,False
2025-12-18 19:15:00+00:00,oos,0.03774149018240243,-0.034747273296011044,False,False,False
2025-12-18 19:30:00+00:00,oos,0.04558383954492078,1.3424329585004986,False,True,False
2025-12-18 19:45:00+00:00,oos,-0.5398017354963855,-0.02516477129668541,False,False,False
2025-12-18 20:00:00+00:00,oos,0.32830523275186074,-0.22146176621921404,False,False,False
2025-12-18 20:15:00+00:00,oos,0.3901607498815706,-1.1024314813838432,False,False,False
2025-12-18 20:30:00+00:00,oos,0.19989613604691533,0.33669311365679977,False,False,False
2025-12-18 20:45:00+00:00,oos,0.10946643465073512,-0.33323229921333797,False,False,False
2025-12-18 21:00:00+00:00,oos,0.8565834164238776,3.125840244667056,False,True,False
2025-12-18 21:15:00+00:00,oos,1.629801960522534,0.2710130341356851,True,False,False
2025-12-18 21:30:00+00:00,oos,0.17703753532957875,0.9716815042396165,False,False,False
2025-12-18 21:45:00+00:00,oos,1.2906274641384816,-0.14557339140380857,False,False,False
2025-12-18 22:00:00+00:00,oos,0.7304759158233058,1.7749833708607263,False,True,False
2025-12-18 22:15:00+00:00,oos,-0.3293739809569395,1.7429292001864969,False,True,False
2025-12-18 22:30:00+00:00,oos,0.37949074869660326,1.9681154126072375,False,True,False
2025-12-18 22:45:00+00:00,oos,0.2378646144046112,-0.497039551054737,False,False,False
2025-12-18 23:00:00+00:00,oos,0.22863462952890243,-1.4366304198055109,False,False,False
2025-12-18 23:15:00+00:00,oos,0.3451505937941574,-1.0160935893024272,False,False,False
2025-12-18 23:30:00+00:00,oos,-0.040577396782678805,0.3216101112950468,False,False,False
2025-12-18 23:45:00+00:00,oos,-1.051537859500813,1.0596016628927964,False,False,False
2025-12-19 00:00:00+00:00,oos,0.45095686918806155,0.07607934208750683,False,False,False
2025-12-19 00:15:00+00:00,oos,0.6885405225273018,0.10999271969167504,False,False,False
2025-12-19 00:30:00+00:00,oos,-1.7416493355029632,0.5345253026177175,True,False,False
2025-12-19 00:45:00+00:00,oos,0.79084783031262,1.7050983612038753,False,True,False
2025-12-19 01:00:00+00:00,oos,-0.22868533854227266,1.313087353524392,False,True,False
2025-12-19 01:15:00+00:00,oos,-0.3860837705473558,0.8190179631439438,False,False,False
2025-12-19 01:30:00+00:00,oos,-0.7923532202125707,1.0574296699317192,False,False,False
2025-12-19 01:45:00+00:00,oos,-0.4626247485888087,0.9341110336183114,False,False,False
2025-12-19 02:00:00+00:00,oos,0.514604246882797,1.3933232100078334,False,True,False
2025-12-19 02:15:00+00:00,oos,1.0194986617933441,0.4320136279814747,False,False,False
2025-12-19 02:30:00+00:00,oos,1.6478771942100128,0.8802763521074082,True,False,False
2025-12-19 02:45:00+00:00,oos,1.3780227812509367,0.7774390556428574,False,False,False
2025-12-19 03:00:00+00:00,oos,-0.524417498940189,0.6521147569845183,False,False,False
2025-12-19 03:15:00+00:00,oos,-0.49257391620072577,1.5638514930914635,False,True,False
2025-12-19 03:30:00+00:00,oos,0.31942515676972144,1.758792366681732,False,True,False
2025-12-19 03:45:00+00:00,oos,-0.1523949421433751,-0.20894116579555413,False,False,False
2025-12-19 04:00:00+00:00,oos,1.2005700673238637,-0.46479385341902846,False,False,False
2025-12-19 04:15:00+00:00,oos,-0.9157518260390608,0.37999327510345815,False,False,False
2025-12-19 04:30:00+00:00,oos,0.37916716701947245,0.9660655996428745,False,False,False
2025-12-19 04:45:00+00:00,oos,0.6325197145209999,0.7674964599410408,False,False,False
2025-12-19 05:00:00+00:00,oos,-0.45981120712144374,1.3127843016772953,False,True,False
2025-12-19 05:15:00+00:00,oos,-0.5045468296127463,0.6868903650255425,False,False,False
2025-12-19 05:30:00+00:00,oos,0.06251736279919368,0.43258966809102417,False,False,False
2025-12-19 05:45:00+00:00,oos,-0.04820330480154648,0.0816438841544912,False,False,False
2025-12-19 06:00:00+00:00,oos,-0.19778928036899213,0.7234919347772686,False,False,False
2025-12-19 06:15:00+00:00,oos,0.41585389660215427,-0.419209353934766,False,False,False
2025-12-19 06:30:00+00:00,oos,0.504756803360803,0.4325909999304779,False,False,False
2025-12-19 06:45:00+00:00,oos,0.4772118880193524,0.597938480746063,False,False,False
2025-12-19 07:00:00+00:00,oos,-0.6470507268459504,1.7143899985571296,False,True,False
2025-12-19 07:15:00+00:00,oos,-0.020011326882672594,-0.17704940242956468,False,False,False
2025-12-19 07:30:00+00:00,oos,0.15207472994237342,0.3217480006352874,False,False,False
2025-12-19 07:45:00+00:00,oos,0.52152585808344,0.8511573434935195,False,False,False
2025-12-19 08:00:00+00:00,oos,0.08239733160891877,1.3357743834570817,False,True,False
2025-12-19 08:15:00+00:00,oos,-1.1061238234959168,0.44029243424786796,False,False,False
2025-12-19 08:30:00+00:00,oos,-0.7279714444852916,0.9081291241923954,False,False,False
2025-12-19 08:45:00+00:00,oos,-0.14099422236490647,-0.20337025857347069,False,False,False
2025-12-19 09:00:00+00:00,oos,0.3476793956603904,-0.22927137936072362,False,False,False
2025-12-19 09:15:00+00:00,oos,0.4621736466019147,0.5444642474430768,False,False,False
2025-12-19 09:30:00+00:00,oos,-0.5577414776748545,0.09175792452983896,False,False,False
2025-12-19 09:45:00+00:00,oos,0.2640332082914128,0.11902140272934236,False,False,False
2025-12-19 10:00:00+00:00,oos,-0.33203896641218117,1.0038256448285587,False,False,False
2025-12-19 10:15:00+00:00,oos,-0.5610806139626092,0.7097084964584373,False,False,False
2025-12-19 10:30:00+00:00,oos,-1.9572370973993556,-0.6545051115461619,True,False,False
2025-12-19 10:45:00+00:00,oos,1.7465960382059604,0.05721997710117826,True,False,False
2025-12-19 11:00:00+00:00,oos,-0.13939695736575994,0.15218476646033838,False,False,False
2025-12-19 11:15:00+00:00,oos,0.22911502937077743,-1.0954184363445083,False,False,False
2025-12-19 11:30:00+00:00,oos,1.1966884778475904,0.35026004558357654,False,False,False
2025-12-19 11:45:00+00:00,oos,-0.5331025973709123,-0.285654348047372,False,False,False
2025-12-19 12:00:00+00:00,oos,-0.3688994740261721,0.8810729954719096,False,False,False
2025-12-19 12:15:00+00:00,oos,0.7882816578866818,-0.2804949262485087,False,False,False
2025-12-19 12:30:00+00:00,oos,-0.09230480037679116,0.1365610673637261,False,False,False
2025-12-19 12:45:00+00:00,oos,0.13600079806695214,0.3119287320660304,False,False,False
2025-12-19 13:00:00+00:00,oos,0.4273957610534334,0.1976519573835392,False,False,False
2025-12-19 13:15:00+00:00,oos,0.01412961112615638,1.520111603562619,False,True,False
2025-12-19 13:30:00+00:00,oos,0.9869680924164828,1.9105960057424436,False,True,False
2025-12-19 13:45:00+00:00,oos,-1.2122063534912775,-0.8414879593806378,False,False,False
2025-12-19 14:00:00+00:00,oos,-1.1038442207603458,0.6352739230039064,False,False,False
2025-12-19 14:15:00+00:00,oos,0.10114786421004206,0.8565211136537862,False,False,False
2025-12-19 14:30:00+00:00,oos,-0.2484264704863492,1.215231887374695,False,False,False
2025-12-19 14:45:00+00:00,oos,0.04848464153589114,2.2413811496315974,False,True,False
2025-12-19 15:00:00+00:00,oos,0.6947100461553133,-0.5398012113728685,False,False,False
2025-12-19 15:15:00+00:00,oos,1.1096642489727502,1.3104551193248604,False,True,False
2025-12-19 15:30:00+00:00,oos,0.5220145965710198,0.30184013317194386,False,False,False
2025-12-19 15:45:00+00:00,oos,-1.6940158722146994,-0.0856346568083396,True,False,False
2025-12-19 16:00:00+00:00,oos,-0.8028607112392168,1.8762970991524963,False,True,False
2025-12-19 16:15:00+00:00,oos,-0.2689525091364563,-0.3287147548626983,False,False,False
2025-12-19 16:30:00+00:00,oos,0.5836776646828461,1.0624776882986853,False,False,False
2025-12-19 16:45:00+00:00,oos,-0.6221510523662659,0.07610027255070523,False,False,False
2025-12-19 17:00:00+00:00,oos,1.1398569392026245,0.5445273724455294,False,False,False
2025-12-19 17:15:00+00:00,oos,-0.5823212369151244,-0.28476119518324927,False,False,False
2025-12-19 17:30:00+00:00,oos,-1.0905135550177676,1.6028100586080278,False,True,False
2025-12-19 17:45:00+00:00,oos,0.25417620212735903,0.9141627711093367,False,False,False
2025-12-19 18:00:00+00:00,oos,-0.513968549865724,0.5342130846929269,False,False,False
2025-12-19 18:15:00+00:00,oos,1.106973185224623,0.7464260717611637,False,False,False
2025-12-19 18:30:00+00:00,oos,-0.5721796148504201,0.319936534208072,False,False,False
2025-12-19 18:45:00+00:00,oos,1.2286932578835545,0.5393500170945528,False,False,False
2025-12-19 19:00:00+00:00,oos,1.337325132559807,-0.7536317493060957,False,False,False
2025-12-19 19:15:00+00:00,oos,1.4979708410504735,1.2113128786681673,False,False,False
2025-12-19 19:30:00+00:00,oos,1.2681869303417028,0.5204891303601111,False,False,False
2025-12-19 19:45:00+00:00,oos,0.860057738568897,0.22177178208459458,False,False,False
2025-12-19 20:00:00+00:00,oos,0.027464269884272852,-0.3624041255655089,False,False,False
2025-12-19 20:15:00+00:00,oos,1.0573523616299505,0.7500542292999093,False,False,False
2025-12-19 20:30:00+00:00,oos,0.9193891803022284,0.24511074998675056,False,False,False
2025-12-19 20:45:00+00:00,oos,0.8088353881967681,0.4815115355200898,False,False,False
2025-12-19 21:00:00+00:00,oos,0.3852718676502342,0.7361743461566609,False,False,False
2025-12-19 21:15:00+00:00,oos,1.2193743664486265,1.735720833466746,False,True,False
2025-12-19 21:30:00+00:00,oos,-1.2918003688313857,2.7144373641632678,False,True,False
2025-12-19 21:45:00+00:00,oos,-0.5999398455423277,1.4042474533794835,False,True,False
2025-12-19 22:00:00+00:00,oos,0.07060101890008866,3.4314317867628596,False,True,False
2025-12-19 22:15:00+00:00,oos,0.4964139350614636,2.1239406171826563,False,True,False
2025-12-19 22:30:00+00:00,oos,0.5208298798873064,3.8702368619679404,False,True,False
2025-12-19 22:45:00+00:00,oos,-1.1740017812614343,2.228738882225715,False,True,False
2025-12-19 23:00:00+00:00,oos,0.5134563837182873,-0.562676311312203,False,False,False
2025-12-19 23:15:00+00:00,oos,0.6295667117400086,0.19752722575702,False,False,False
2025-12-19 23:30:00+00:00,oos,-2.997307362710997,0.9056452302812127,True,False,False
2025-12-19 23:45:00+00:00,oos,-0.9099217238628079,-0.0865210422400618,False,False,False
2025-12-20 00:00:00+00:00,oos,-0.09334835899784695,0.2317815069860203,False,False,False
2025-12-20 00:15:00+00:00,oos,1.2177944736895496,0.4474002517815383,False,False,False
2025-12-20 00:30:00+00:00,oos,0.48666696765411827,0.2629192235826247,False,False,False
2025-12-20 00:45:00+00:00,oos,-1.2124074825188638,0.38566448277833376,False,False,False
2025-12-20 01:00:00+00:00,oos,1.0162896591576422,-0.04699518889135466,False,False,False
2025-12-20 01:15:00+00:00,oos,1.0204343450188602,0.46937338277527063,False,False,False
2025-12-20 01:30:00+00:00,oos,-0.57013990149858,-0.1707587271865575,False,False,False
2025-12-20 01:45:00+00:00,oos,-0.18253718988610096,0.6322569391770854,False,False,False
2025-12-20 02:00:00+00:00,oos,-1.898356986233473,0.8682996862641722,True,False,False
2025-12-20 02:15:00+00:00,oos,-2.3671375114138153,0.8568555946877094,True,False,False
2025-12-20 02:30:00+00:00,oos,0.13283058670704181,0.5048890261876133,False,False,False
2025-12-20 02:45:00+00:00,oos,-0.05536503767711831,0.5274169085374207,False,False,False
2025-12-20 03:00:00+00:00,oos,-0.5859858288243334,-0.77307777116091,False,False,False
2025-12-20 03:15:00+00:00,oos,3.1353678224265673,0.07376949488041314,True,False,False
2025-12-20 03:30:00+00:00,oos,0.625845427135389,0.6593341723959711,False,False,False
2025-12-20 03:45:00+00:00,oos,-0.5575122922113699,-0.1075251454949209,False,False,False
2025-12-20 04:00:00+00:00,oos,-2.0161631866505103,0.8874417737022526,True,False,False
2025-12-20 04:15:00+00:00,oos,1.3984829184517458,0.3240620499648663,False,False,False
2025-12-20 04:30:00+00:00,oos,1.5872377944033509,-0.37686019133321774,True,False,False
2025-12-20 04:45:00+00:00,oos,0.4848790764925193,0.438722267759003,False,False,False
2025-12-20 05:00:00+00:00,oos,1.7669790135390957,1.4100435555783948,True,True,True
2025-12-20 05:15:00+00:00,oos,2.2426533292815884,1.5378424629203744,True,True,True
2025-12-20 05:30:00+00:00,oos,1.253406375430651,2.3301114796389095,False,True,False
2025-12-20 05:45:00+00:00,oos,-1.1159249212920035,1.6559811301500504,False,True,False
2025-12-20 06:00:00+00:00,oos,1.1926936136680282,2.005799775064805,False,True,False
2025-12-20 06:15:00+00:00,oos,-1.2794767572498091,3.0370945443892543,False,True,False
2025-12-20 06:30:00+00:00,oos,-0.3418630953422657,0.4584227844226441,False,False,False
2025-12-20 06:45:00+00:00,oos,-1.1847707724340795,1.7328998882435782,False,True,False
2025-12-20 07:00:00+00:00,oos,-0.6539939936165571,1.3703125826747555,False,True,False
2025-12-20 07:15:00+00:00,oos,0.2229041652714075,0.37641425721310934,False,False,False
2025-12-20 07:30:00+00:00,oos,1.3500987233875033,0.703682724108876,False,False,False
2025-12-20 07:45:00+00:00,oos,0.5047128752470419,0.11491260000942846,False,False,False
2025-12-20 08:00:00+00:00,oos,0.2685875773968623,0.4710731859380867,False,False,False
2025-12-20 08:15:00+00:00,oos,1.3914560620060332,-0.26603229374830856,False,False,False
2025-12-20 08:30:00+00:00,oos,-0.6860445666642757,0.5912065882719747,False,False,False
2025-12-20 08:45:00+00:00,oos,-1.2636671504345474,0.25587695592065773,False,False,False
2025-12-20 09:00:00+00:00,oos,1.6713656159516108,1.687548758481962,True,True,True
2025-12-20 09:15:00+00:00,oos,1.1270632051305471,0.3690390756941785,False,False,False
2025-12-20 09:30:00+00:00,oos,1.397424257665048,0.3709881262916879,False,False,False
2025-12-20 09:45:00+00:00,oos,-0.9029427249635118,-0.46128841274226035,False,False,False
2025-12-20 10:00:00+00:00,oos,-0.43782823187292874,0.38874462449363334,False,False,False
2025-12-20 10:15:00+00:00,oos,-1.497477670799497,1.0777278727977055,False,False,False
2025-12-20 10:30:00+00:00,oos,-0.7184108872624356,0.7532153846478433,False,False,False
2025-12-20 10:45:00+00:00,oos,-0.477892999639367,0.04264947708838618,False,False,False
2025-12-20 11:00:00+00:00,oos,-0.37993883157589053,0.4288725586062656,False,False,False
2025-12-20 11:15:00+00:00,oos,2.688392104709947,0.47844645910449135,True,False,False
2025-12-20 11:30:00+00:00,oos,0.6383043765545902,0.7212422282650283,False,False,False
2025-12-20 11:45:00+00:00,oos,0.9412779529090962,0.7233307049653314,False,False,False
2025-12-20 12:00:00+00:00,oos,-0.41839285652009833,0.11311722845539135,False,False,False
2025-12-20 12:15:00+00:00,oos,-1.8213747846142165,0.19730830238037092,True,False,False
2025-12-20 12:30:00+00:00,oos,-0.5478112847858144,0.692390566978383,False,False,False
2025-12-20 12:45:00+00:00,oos,0.10300180631493634,0.09170352744247717,False,False,False
2025-12-20 13:00:00+00:00,oos,-1.0030590769084973,0.9783793009457528,False,False,False
2025-12-20 13:15:00+00:00,oos,-1.0731327325496065,1.4555254099071997,False,True,False
2025-12-20 13:30:00+00:00,oos,1.2092988133588345,0.6165602374762705,False,False,False
2025-12-20 13:45:00+00:00,oos,2.549619889322279,1.5114677408884913,True,True,True
2025-12-20 14:00:00+00:00,oos,-0.6207282577306041,0.9523552556104972,False,False,False
2025-12-20 14:15:00+00:00,oos,-0.24693164705256204,-0.39079686261827284,False,False,False
2025-12-20 14:30:00+00:00,oos,1.0316364675431535,-0.05388399017935694,False,False,False
2025-12-20 14:45:00+00:00,oos,1.4635864332927224,0.9012433030356566,False,False,False
2025-12-20 15:00:00+00:00,oos,-0.7441137466252326,-0.12142695656384125,False,False,False
2025-12-20 15:15:00+00:00,oos,-1.4598538102646001,0.3259990694854251,False,False,False
2025-12-20 15:30:00+00:00,oos,2.4530171154916927,-0.11023153482712929,True,False,False
2025-12-20 15:45:00+00:00,oos,-0.9797337116533674,-0.06410497754904192,False,False,False
2025-12-20 16:00:00+00:00,oos,-0.3724174957086005,0.18835907125718468,False,False,False
2025-12-20 16:15:00+00:00,oos,0.2613023915405123,0.17098976841193353,False,False,False
2025-12-20 16:30:00+00:00,oos,-0.7993566417061497,-0.014388397333716614,False,False,False
2025-12-20 16:45:00+00:00,oos,-0.5060549841475604,0.8767389150475952,False,False,False
2025-12-20 17:00:00+00:00,oos,0.08094449857272894,1.3994792473004893,False,True,False
2025-12-20 17:15:00+00:00,oos,-0.5557402415484016,0.5563108058901938,False,False,False
2025-12-20 17:30:00+00:00,oos,0.23371799369373378,1.0625186962978386,False,False,False
2025-12-20 17:45:00+00:00,oos,2.4392270238743756,0.3534815554344176,True,False,False
2025-12-20 18:00:00+00:00,oos,-0.25111730920324515,1.320930717874754,False,True,False
2025-12-20 18:15:00+00:00,oos,1.5278304551568977,1.6408358446007407,False,True,False
2025-12-20 18:30:00+00:00,oos,0.44817893171602224,1.2528914374527234,False,False,False
2025-12-20 18:45:00+00:00,oos,2.740217718464685,1.312634062745106,True,True,True
2025-12-20 19:00:00+00:00,oos,1.097679082582883,1.802754606036233,False,True,False
2025-12-20 19:15:00+00:00,oos,0.6292196320251834,0.6620699446802442,False,False,False
2025-12-20 19:30:00+00:00,oos,-0.924351491069008,0.7932456010293694,False,False,False
2025-12-20 19:45:00+00:00,oos,-0.3847083991901874,2.008346717642872,False,True,False
2025-12-20 20:00:00+00:00,oos,-0.8511136911183629,1.728530510038754,False,True,False
2025-12-20 20:15:00+00:00,oos,0.7677585466681462,1.2526316392205987,False,False,False
2025-12-20 20:30:00+00:00,oos,1.9464937083554774,1.2061080369581143,True,False,False
2025-12-20 20:45:00+00:00,oos,1.170689329256552,1.2850981589092665,False,True,False
2025-12-20 21:00:00+00:00,oos,0.5367737768766792,0.7490678550323238,False,False,False
2025-12-20 21:15:00+00:00,oos,0.8064001492833639,0.4487757798007671,False,False,False
2025-12-20 21:30:00+00:00,oos,0.36011000474003674,1.0342951268538694,False,False,False
2025-12-20 21:45:00+00:00,oos,-2.2325991935628005,0.32453226729675566,True,False,False
2025-12-20 22:00:00+00:00,oos,-0.9286687735342318,1.8966079986788942,False,True,False
2025-12-20 22:15:00+00:00,oos,-0.02684907446044593,1.707195096047436,False,True,False
2025-12-20 22:30:00+00:00,oos,0.008247576653919578,1.715424126988333,False,True,False
2025-12-20 22:45:00+00:00,oos,-0.001601018495185258,1.0178626750086543,False,False,False
2025-12-20 23:00:00+00:00,oos,0.45854021285301577,-0.6236334282161988,False,False,False
2025-12-20 23:15:00+00:00,oos,0.40878205381643046,0.8412629709198439,False,False,False
2025-12-20 23:30:00+00:00,oos,0.8227228041704319,1.2227046777792814,False,False,False
2025-12-20 23:45:00+00:00,oos,-0.550157386858165,1.0981270363943199,False,False,False
2025-12-21 00:00:00+00:00,oos,-2.0237503028902752,1.75477951529323,True,True,True
2025-12-21 00:15:00+00:00,oos,1.1149509516837977,0.47924502676462866,False,False,False
2025-12-21 00:30:00+00:00,oos,-1.2493555278071908,1.4209054581912144,False,True,False
2025-12-21 00:45:00+00:00,oos,0.67706050353021,0.1458484221574938,False,False,False
2025-12-21 01:00:00+00:00,oos,-0.854855656406245,0.9402024107784968,False,False,False
2025-12-21 01:15:00+00:00,oos,0.276654255081652,0.43433041633058594,False,False,False
2025-12-21 01:30:00+00:00,oos,-1.1514485611060754,1.4191579326973995,False,True,False
2025-12-21 01:45:00+00:00,oos,-0.5818285453264956,1.5697301278666103,False,True,False
2025-12-21 02:00:00+00:00,oos,-0.8512731778605671,1.465568127951736,False,True,False
2025-12-21 02:15:00+00:00,oos,-0.4297277903618772,1.1836079087828586,False,False,False
2025-12-21 02:30:00+00:00,oos,-1.2563994669030416,1.0316806383719113,False,False,False
2025-12-21 02:45:00+00:00,oos,1.347513266951211,1.1600365576838152,False,False,False
2025-12-21 03:00:00+00:00,oos,0.8466424204939448,1.1003058988780956,False,False,False
2025-12-21 03:15:00+00:00,oos,0.7962939149553608,1.4078159479383423,False,True,False
2025-12-21 03:30:00+00:00,oos,-0.6019913825285852,1.4496548278537857,False,True,False
2025-12-21 03:45:00+00:00,oos,2.2480009293825534,0.483935367693447,True,False,False
2025-12-21 04:00:00+00:00,oos,-0.9195190055465181,0.6942480628102895,False,False,False
2025-12-21 04:15:00+00:00,oos,0.45747877360927064,1.1486245687740526,False,False,False
2025-12-21 04:30:00+00:00,oos,-1.9987387173633844,0.9654427905946333,True,False,False
2025-12-21 04:45:00+00:00,oos,-2.1262581446138564,-0.023178838339780093,True,False,False
2025-12-21 05:00:00+00:00,oos,-1.1776424205797629,0.5494234175968437,False,False,False
2025-12-21 05:15:00+00:00,oos,0.43633264332306265,0.5474470599065224,False,False,False
2025-12-21 05:30:00+00:00,oos,0.25682064305981617,1.084617865712052,False,False,False
2025-12-21 05:45:00+00:00,oos,-0.4950686452993055,0.7648600526776727,False,False,False
2025-12-21 06:00:00+00:00,oos,2.220042459838518,1.062578873633068,True,False,False
2025-12-21 06:15:00+00:00,oos,0.9253005861360892,0.7330958518459524,False,False,False
2025-12-21 06:30:00+00:00,oos,0.5464145512690314,-0.2407099473893111,False,False,False
2025-12-21 06:45:00+00:00,oos,-0.7362086521343166,-0.05110823260373636,False,False,False
2025-12-21 07:00:00+00:00,oos,1.2345971362726225,0.44556141388036613,False,False,False
2025-12-21 07:15:00+00:00,oos,-0.7016824384255314,0.946254490978515,False,False,False
2025-12-21 07:30:00+00:00,oos,-2.0071797555608986,0.6695324837047671,True,False,False
2025-12-21 07:45:00+00:00,oos,3.4625377264724118,0.7769076020099764,True,False,False
2025-12-21 08:00:00+00:00,oos,0.16223978136256023,1.992967118637018,False,True,False
2025-12-21 08:15:00+00:00,oos,1.489348508592076,0.9375232275832637,False,False,False
2025-12-21 08:30:00+00:00,oos,0.7645572628419017,0.7442442654449419,False,False,False
2025-12-21 08:45:00+00:00,oos,0.7151836143775477,-0.14117340231445097,False,False,False
2025-12-21 09:00:00+00:00,oos,0.7409225772194749,0.8590256293492996,False,False,False
2025-12-21 09:15:00+00:00,oos,0.7544140542135812,0.33845144446102154,False,False,False
2025-12-21 09:30:00+00:00,oos,1.2812806997928063,1.5351278429661852,False,True,False
2025-12-21 09:45:00+00:00,oos,1.4736911994486162,0.9037092306939728,False,False,False
2025-12-21 10:00:00+00:00,oos,0.013831799976826884,1.70616682612624,False,True,False
2025-12-21 10:15:00+00:00,oos,0.10263175416209233,1.378085023626934,False,True,False
2025-12-21 10:30:00+00:00,oos,-0.6185004038103225,1.812494672782221,False,True,False
2025-12-21 10:45:00+00:00,oos,-0.815498351332287,1.1412852498919055,False,False,False
2025-12-21 11:00:00+00:00,oos,-1.3812719634450785,1.4488259069348444,False,True,False
2025-12-21 11:15:00+00:00,oos,0.027919624507873726,1.5005825116875107,False,True,False
2025-12-21 11:30:00+00:00,oos,-0.7664382926227309,1.2269556328830489,False,False,False
2025-12-21 11:45:00+00:00,oos,0.818720365685365,1.365987101473465,False,True,False
2025-12-21 12:00:00+00:00,oos,1.6066242555892227,2.1322224258844362,True,True,True
2025-12-21 12:15:00+00:00,oos,0.05534339699063444,2.121886262521155,False,True,False
2025-12-21 12:30:00+00:00,oos,-1.0958966353886999,1.5293909221571438,False,True,False
2025-12-21 12:45:00+00:00,oos,-0.13393275008735248,1.4302830130323325,False,True,False
2025-12-21 13:00:00+00:00,oos,-1.7300267609962763,0.9528590924336228,True,False,False
2025-12-21 13:15:00+00:00,oos,-0.3804226730803952,1.880041676613182,False,True,False
2025-12-21 13:30:00+00:00,oos,-0.45790507104950173,2.167895062677501,False,True,False
2025-12-21 13:45:00+00:00,oos,-0.5924897758567979,0.8431699851315418,False,False,False
2025-12-21 14:00:00+00:00,oos,-0.03362101146154764,0.7566880248688982,False,False,False
2025-12-21 14:15:00+00:00,oos,0.18645626975682997,-0.5561572620837854,False,False,False
2025-12-21 14:30:00+00:00,oos,-0.5787978743271469,1.2654587962024308,False,False,False
2025-12-21 14:45:00+00:00,oos,-0.7196077034008019,0.7305413876503963,False,False,False
2025-12-21 15:00:00+00:00,oos,0.497874289680703,1.314808607897342,False,True,False
2025-12-21 15:15:00+00:00,oos,0.11336084031449355,1.5305669239216821,False,True,False
2025-12-21 15:30:00+00:00,oos,-0.8913587312409844,1.478879038791173,False,True,False
2025-12-21 15:45:00+00:00,oos,1.443476848486373,1.0581572131093235,False,False,False
2025-12-21 16:00:00+00:00,oos,-1.484160433481051,1.0058078188141604,False,False,False
2025-12-21 16:15:00+00:00,oos,0.5987669212473196,0.6760941747275919,False,False,False
2025-12-21 16:30:00+00:00,oos,-1.2367281688424219,0.44267197299709854,False,False,False
2025-12-21 16:45:00+00:00,oos,0.8604033047046551,0.39130029015032247,False,False,False
2025-12-21 17:00:00+00:00,oos,1.4296592505971637,1.1547975549381992,False,False,False
2025-12-21 17:15:00+00:00,oos,-0.4200939086473843,0.2745354480012028,False,False,False
2025-12-21 17:30:00+00:00,oos,-1.3467837798010136,0.2461248545344833,False,False,False
2025-12-21 17:45:00+00:00,oos,-1.3500768716950302,-0.0976723431245672,False,False,False
2025-12-21 18:00:00+00:00,oos,-1.4946788658151362,1.700157222096757,False,True,False
2025-12-21 18:15:00+00:00,oos,2.271134856455329,0.5644414315874888,True,False,False
2025-12-21 18:30:00+00:00,oos,0.329099843374257,1.2803346256678882,False,False,False
2025-12-21 18:45:00+00:00,oos,0.9035075443187542,1.4309338184183689,False,True,False
2025-12-21 19:00:00+00:00,oos,0.5017855367151651,0.49755591938054966,False,False,False
2025-12-21 19:15:00+00:00,oos,0.7038994033138357,-0.28828560892278937,False,False,False
2025-12-21 19:30:00+00:00,oos,-0.39860621190898304,0.7912592661600627,False,False,False
2025-12-21 19:45:00+00:00,oos,-0.8408161752559049,1.2853957068351205,False,True,False
2025-12-21 20:00:00+00:00,oos,-2.149890134152321,0.6185157639129888,True,False,False
2025-12-21 20:15:00+00:00,oos,-0.13612486297078252,0.2932900841780268,False,False,False
2025-12-21 20:30:00+00:00,oos,-1.0436180760588318,0.21591968897600283,False,False,False
2025-12-21 20:45:00+00:00,oos,-2.299342814494049,-0.17713669029500467,True,False,False
2025-12-21 21:00:00+00:00,oos,-0.7688644601921899,1.5686058520235031,False,True,False
2025-12-21 21:15:00+00:00,oos,0.34796480752378023,-0.0850995265739341,False,False,False
2025-12-21 21:30:00+00:00,oos,-2.0182939524862444,0.2500439125361177,True,False,False
2025-12-21 21:45:00+00:00,oos,-1.159260901633347,1.4235480451403266,False,True,False
2025-12-21 22:00:00+00:00,oos,1.2723430905804125,0.06476058002003456,False,False,False
2025-12-21 22:15:00+00:00,oos,0.4537330406805863,3.0029975221352068,False,True,False
2025-12-21 22:30:00+00:00,oos,1.2574397862848072,1.4001838100063884,False,True,False
2025-12-21 22:45:00+00:00,oos,0.40145380647315054,1.1141047194042109,False,False,False
2025-12-21 23:00:00+00:00,oos,0.9954050853327326,-0.9218088249857709,False,False,False
2025-12-21 23:15:00+00:00,oos,-0.8934726907906305,-0.6262444150278481,False,False,False
2025-12-21 23:30:00+00:00,oos,-1.1785837014236324,0.21460560794450703,False,False,False
2025-12-21 23:45:00+00:00,oos,0.4160078110679437,-0.3786074081249596,False,False,False
2025-12-22 00:00:00+00:00,oos,0.4873565507498794,0.5144892365825836,False,False,False
2025-12-22 00:15:00+00:00,oos,-0.18331880264633788,2.468956303717901,False,True,False
2025-12-22 00:30:00+00:00,oos,-0.16882155815517258,-0.7202923267471679,False,False,False
2025-12-22 00:45:00+00:00,oos,-2.16127327262464,1.279991039901354,True,False,False
2025-12-22 01:00:00+00:00,oos,1.3869777611988408,0.01903742239345345,False,False,False
2025-12-22 01:15:00+00:00,oos,1.1855605307169381,-0.028492166999704603,False,False,False
2025-12-22 01:30:00+00:00,oos,0.9648991705058692,0.5374364822735054,False,False,False
2025-12-22 01:45:00+00:00,oos,-0.5336981438080947,0.20072150233355912,False,False,False
2025-12-22 02:00:00+00:00,oos,-0.2841985369957411,1.8967878148203559,False,True,False
2025-12-22 02:15:00+00:00,oos,1.3899515218993126,-0.6714096244584947,False,False,False
2025-12-22 02:30:00+00:00,oos,0.7746170882685229,0.431033529038538,False,False,False
2025-12-22 02:45:00+00:00,oos,0.14947247522091991,0.2576692116816408,False,False,False
2025-12-22 03:00:00+00:00,oos,0.9656315976353401,0.30357738297931913,False,False,False
2025-12-22 03:15:00+00:00,oos,1.6109277859034186,-0.2591509987056655,True,False,False
2025-12-22 03:30:00+00:00,oos,1.3419995929380262,-0.3301928966500779,False,False,False
2025-12-22 03:45:00+00:00,oos,-2.2014679185602417,0.9925898824620988,True,False,False
2025-12-22 04:00:00+00:00,oos,0.563616835348434,1.8999842374093054,False,True,False
2025-12-22 04:15:00+00:00,oos,0.7121635242900923,0.2889056592665729,False,False,False
2025-12-22 04:30:00+00:00,oos,-0.14021204559962475,0.3095520712058671,False,False,False
2025-12-22 04:45:00+00:00,oos,-0.3782193579725595,0.9847333784995692,False,False,False
2025-12-22 05:00:00+00:00,oos,-0.7405179168982124,-0.9552787233120263,False,False,False
2025-12-22 05:15:00+00:00,oos,-2.313033235533255,1.489847469247501,True,True,True
2025-12-22 05:30:00+00:00,oos,-0.33562722926212474,1.8955253547540118,False,True,False
2025-12-22 05:45:00+00:00,oos,-0.770707477283748,0.2219513566819354,False,False,False
2025-12-22 06:00:00+00:00,oos,-0.9146827561397162,1.4043935568894663,False,True,False
2025-12-22 06:15:00+00:00,oos,0.07216610787888818,0.6364045785903357,False,False,False
2025-12-22 06:30:00+00:00,oos,-2.066653481975106,0.2834058652772497,True,False,False
2025-12-22 06:45:00+00:00,oos,-1.3748383325620404,0.054431039972921744,False,False,False
2025-12-22 07:00:00+00:00,oos,1.7258912534442747,0.7642139432881669,True,False,False
2025-12-22 07:15:00+00:00,oos,0.9499670005969204,0.2994594668205691,False,False,False
2025-12-22 07:30:00+00:00,oos,0.5935358781736719,0.2306925172770829,False,False,False
2025-12-22 07:45:00+00:00,oos,-0.5354722699374894,0.5240065150132315,False,False,False
2025-12-22 08:00:00+00:00,oos,-0.39247951872377845,1.0039446634202218,False,False,False
2025-12-22 08:15:00+00:00,oos,0.41057512936009843,0.9658948158243001,False,False,False
2025-12-22 08:30:00+00:00,oos,-1.665696877407699,-0.8450594791532292,True,False,False
2025-12-22 08:45:00+00:00,oos,-0.4546678974646639,0.1500535066056305,False,False,False
2025-12-22 09:00:00+00:00,oos,0.33892523137214947,0.23755717950725747,False,False,False
2025-12-22 09:15:00+00:00,oos,1.3504172088120419,1.4979665151103962,False,True,False
2025-12-22 09:30:00+00:00,oos,-0.16167417500144982,1.5037632383885466,False,True,False
2025-12-22 09:45:00+00:00,oos,-0.4208378704862788,0.337696657884124,False,False,False
2025-12-22 10:00:00+00:00,oos,-0.7989688154675113,1.0835247122094083,False,False,False
2025-12-22 10:15:00+00:00,oos,-0.28317999545742056,0.016945097510853355,False,False,False
2025-12-22 10:30:00+00:00,oos,1.0418214452000085,-0.4191310322461101,False,False,False
2025-12-22 10:45:00+00:00,oos,0.3286893061360299,-0.6967297643782847,False,False,False
2025-12-22 11:00:00+00:00,oos,0.22352581090713702,-0.6297483971713587,False,False,False
2025-12-22 11:15:00+00:00,oos,0.453419149622926,0.141024575424405,False,False,False
2025-12-22 11:30:00+00:00,oos,-0.1975424921246557,0.4876722576759406,False,False,False
2025-12-22 11:45:00+00:00,oos,0.293399029313637,-0.47628053371736556,False,False,False
2025-12-22 12:00:00+00:00,oos,0.20670565315003275,-0.4572574604602293,False,False,False
2025-12-22 12:15:00+00:00,oos,0.5287636559204865,0.16923639194286233,False,False,False
2025-12-22 12:30:00+00:00,oos,0.5105813240159077,0.9812961959112696,False,False,False
2025-12-22 12:45:00+00:00,oos,-0.07263054138886148,-0.1976942916433344,False,False,False
2025-12-22 13:00:00+00:00,oos,-0.820318679141189,0.7516187818717752,False,False,False
2025-12-22 13:15:00+00:00,oos,-1.246776657219572,-0.15527539088278447,False,False,False
2025-12-22 13:30:00+00:00,oos,-1.3619186645913137,0.8120124507356332,False,False,False
2025-12-22 13:45:00+00:00,oos,0.24165629280402004,0.2899745335193694,False,False,False
2025-12-22 14:00:00+00:00,oos,0.571965240340794,1.0876177745759361,False,False,False
2025-12-22 14:15:00+00:00,oos,0.7429677724028599,0.9593317980564277,False,False,False
2025-12-22 14:30:00+00:00,oos,-0.0954835728101653,2.8428188963543435,False,True,False
2025-12-22 14:45:00+00:00,oos,-0.9778034816115021,0.7944178111207962,False,False,False
2025-12-22 15:00:00+00:00,oos,0.007309801674670335,0.20540070740535551,False,False,False
2025-12-22 15:15:00+00:00,oos,-0.23242386556710923,1.1299248441160847,False,False,False
2025-12-22 15:30:00+00:00,oos,-0.20378392527226966,0.5170242145461349,False,False,False
2025-12-22 15:45:00+00:00,oos,0.2371208372356204,0.47439371033809663,False,False,False
2025-12-22 16:00:00+00:00,oos,0.6560446924783107,0.9319364401393583,False,False,False
2025-12-22 16:15:00+00:00,oos,-0.46577249785138514,0.13607730370542861,False,False,False
2025-12-22 16:30:00+00:00,oos,-1.7691957105628455,1.7739903409579914,True,True,True
2025-12-22 16:45:00+00:00,oos,1.0214730724459067,0.20257972874242167,False,False,False
2025-12-22 17:00:00+00:00,oos,-1.0009705992215976,1.2063626484709267,False,False,False
2025-12-22 17:15:00+00:00,oos,0.37252753770638675,0.331609399976534,False,False,False
2025-12-22 17:30:00+00:00,oos,0.5333414632017042,-0.27119060427375674,False,False,False
2025-12-22 17:45:00+00:00,oos,0.2827997835389508,-0.28310836382182886,False,False,False
2025-12-22 18:00:00+00:00,oos,0.6099724537691454,0.04295457487441852,False,False,False
2025-12-22 18:15:00+00:00,oos,0.4744037429498646,-0.2737414715916884,False,False,False
2025-12-22 18:30:00+00:00,oos,1.0856191655482772,0.27255922061462295,False,False,False
2025-12-22 18:45:00+00:00,oos,-0.8221011394431369,-0.37639586134396824,False,False,False
2025-12-22 19:00:00+00:00,oos,-1.085422281581979,2.081119306113692,False,True,False
2025-12-22 19:15:00+00:00,oos,-0.5137165792878752,0.13144139713298417,False,False,False
2025-12-22 19:30:00+00:00,oos,-0.3740713021128273,1.9507422264735779,False,True,False
2025-12-22 19:45:00+00:00,oos,-1.489526015204262,1.0200206357732575,False,False,False
2025-12-22 20:00:00+00:00,oos,0.2798782830324006,1.2404337058100185,False,False,False
2025-12-22 20:15:00+00:00,oos,-1.0845692752273846,0.6180534082904154,False,False,False
2025-12-22 20:30:00+00:00,oos,-0.2321942984597997,0.658769072207556,False,False,False
2025-12-22 20:45:00+00:00,oos,0.7515704730966832,1.0864336935974916,False,False,False
2025-12-22 21:00:00+00:00,oos,-0.11507585078034652,1.8812167145623873,False,True,False
2025-12-22 21:15:00+00:00,oos,0.8980333222070438,-0.6482805167993628,False,False,False
2025-12-22 21:30:00+00:00,oos,1.4880643514105982,0.12374460122987967,False,False,False
2025-12-22 21:45:00+00:00,oos,-0.11083133960496558,1.0265479630015626,False,False,False
2025-12-22 22:00:00+00:00,oos,-0.10240631962388594,2.0007238915416248,False,True,False
2025-12-22 22:15:00+00:00,oos,1.3900143310957116,3.5023678682502832,False,True,False
2025-12-22 22:30:00+00:00,oos,1.048589557570009,2.061172280778443,False,True,False
2025-12-22 22:45:00+00:00,oos,0.769884664496781,2.418832311804811,False,True,False
2025-12-22 23:00:00+00:00,oos,0.7357948014539417,-1.1747228388810214,False,False,False
2025-12-22 23:15:00+00:00,oos,1.0543032425807148,-0.6267042548707019,False,False,False
2025-12-22 23:30:00+00:00,oos,-1.140366658739158,-0.2503656273208877,False,False,False
2025-12-22 23:45:00+00:00,oos,-0.05912678981883675,0.15046672722939677,False,False,False
2025-12-23 00:00:00+00:00,oos,-0.9009749148604163,0.5125379055227247,False,False,False
2025-12-23 00:15:00+00:00,oos,0.9369070841179168,1.0260157291341474,False,False,False
2025-12-23 00:30:00+00:00,oos,-0.017504713582643477,0.4545228790350224,False,False,False
2025-12-23 00:45:00+00:00,oos,2.2513468846298452,0.07308128457223016,True,False,False
2025-12-23 01:00:00+00:00,oos,0.8945384176813553,1.516286146515179,False,True,False
2025-12-23 01:15:00+00:00,oos,-0.7427039320315965,0.8544940162937946,False,False,False
2025-12-23 01:30:00+00:00,oos,-0.7185959715865206,1.7146109265926335,False,True,False
2025-12-23 01:45:00+00:00,oos,0.2135502348546027,0.6632851244776173,False,False,False
2025-12-23 02:00:00+00:00,oos,-0.12595694269966445,0.993613657323551,False,False,False
2025-12-23 02:15:00+00:00,oos,-0.07740599586538227,0.08930541474376841,False,False,False
2025-12-23 02:30:00+00:00,oos,-1.3821235478516811,0.7100591105513091,False,False,False
2025-12-23 02:45:00+00:00,oos,-0.1818695326955011,-0.0881216938765823,False,False,False
2025-12-23 03:00:00+00:00,oos,-0.5125240591081379,1.657702756112578,False,True,False
2025-12-23 03:15:00+00:00,oos,1.3097191346913386,2.1566120270464433,False,True,False
2025-12-23 03:30:00+00:00,oos,0.8828872231661953,1.2070244764157536,False,False,False
2025-12-23 03:45:00+00:00,oos,-2.9081926259856656,0.22505689623220965,True,False,False
2025-12-23 04:00:00+00:00,oos,0.31684532587587483,0.2981785259712261,False,False,False
2025-12-23 04:15:00+00:00,oos,0.18761676130429011,0.5475021823162449,False,False,False
2025-12-23 04:30:00+00:00,oos,-1.6885419356844016,0.771903937943978,True,False,False
2025-12-23 04:45:00+00:00,oos,-1.4526644619402684,1.5177224962702358,False,True,False
2025-12-23 05:00:00+00:00,oos,-1.6561435642160687,1.041114183403721,True,False,False
2025-12-23 05:15:00+00:00,oos,0.775924974892889,0.3306827057037283,False,False,False
2025-12-23 05:30:00+00:00,oos,-2.013517935867502,1.4629392372655525,True,True,True
2025-12-23 05:45:00+00:00,oos,-0.687570066488545,0.09131630063173751,False,False,False
2025-12-23 06:00:00+00:00,oos,-0.028203956199994877,0.20929762549247152,False,False,False
2025-12-23 06:15:00+00:00,oos,-0.686115788831208,1.5707189825162962,False,True,False
2025-12-23 06:30:00+00:00,oos,-0.6364569305999214,-1.1061423820841707,False,False,False
2025-12-23 06:45:00+00:00,oos,1.4573795834265943,-0.052528624944876985,False,False,False
2025-12-23 07:00:00+00:00,oos,-0.03678671909995554,-0.037135541974427234,False,False,False
2025-12-23 07:15:00+00:00,oos,0.24155241138141095,1.007251739380811,False,False,False
2025-12-23 07:30:00+00:00,oos,-0.3646383113741437,0.7081806480131579,False,False,False
2025-12-23 07:45:00+00:00,oos,0.7234801124126373,0.2113244301258411,False,False,False
2025-12-23 08:00:00+00:00,oos,-0.17945798681291147,0.2744051447309036,False,False,False
2025-12-23 08:15:00+00:00,oos,0.9218781765117933,0.16307617724280174,False,False,False
2025-12-23 08:30:00+00:00,oos,0.9212235612751525,-0.5816953369522039,False,False,False
2025-12-23 08:45:00+00:00,oos,-1.6845165087789393,-0.39067896072357117,True,False,False
2025-12-23 09:00:00+00:00,oos,0.5308893737499585,1.2425609332119842,False,False,False
2025-12-23 09:15:00+00:00,oos,-1.4810232053983683,2.686483261628489,False,True,False
2025-12-23 09:30:00+00:00,oos,1.0152280180430429,1.4487614333387406,False,True,False
2025-12-23 09:45:00+00:00,oos,1.3366694109332815,1.984093699764476,False,True,False
2025-12-23 10:00:00+00:00,oos,0.3808305244980797,0.22781430379453507,False,False,False
2025-12-23 10:15:00+00:00,oos,1.4027515084474464,1.015805201786798,False,False,False
2025-12-23 10:30:00+00:00,oos,1.0767120786486963,0.9793031222314811,False,False,False
2025-12-23 10:45:00+00:00,oos,-0.36434969607708023,1.2307147835291443,False,False,False
2025-12-23 11:00:00+00:00,oos,-0.8756150711747216,2.1852072643414875,False,True,False
2025-12-23 11:15:00+00:00,oos,0.8356506746503676,1.815051400918662,False,True,False
2025-12-23 11:30:00+00:00,oos,-1.4594760465637675,0.6239348828375444,False,False,False
2025-12-23 11:45:00+00:00,oos,1.5263862356664086,1.5756118141618145,False,True,False
2025-12-23 12:00:00+00:00,oos,-1.0049139404400933,1.3983377853732488,False,True,False
2025-12-23 12:15:00+00:00,oos,-1.4597393446761373,1.540810992839216,False,True,False
2025-12-23 12:30:00+00:00,oos,0.9583565804784441,0.9182194433216098,False,False,False
2025-12-23 12:45:00+00:00,oos,0.4424106820480457,1.5142224396365043,False,True,False
2025-12-23 13:00:00+00:00,oos,-0.10636091503317675,3.1092373501021924,False,True,False
2025-12-23 13:15:00+00:00,oos,-0.5405295010613235,1.9379720982796405,False,True,False
2025-12-23 13:30:00+00:00,oos,-0.6227839855884462,2.2077416113534496,False,True,False
2025-12-23 13:45:00+00:00,oos,-0.05835573437817225,-0.10231533244262482,False,False,False
2025-12-23 14:00:00+00:00,oos,0.8157114490074634,1.449809371415513,False,True,False
2025-12-23 14:15:00+00:00,oos,0.2138087857363118,1.906685914676643,False,True,False
2025-12-23 14:30:00+00:00,oos,0.6247448516014326,1.151133733993573,False,False,False
2025-12-23 14:45:00+00:00,oos,-0.2653767104588411,1.3942747360004306,False,True,False
2025-12-23 15:00:00+00:00,oos,-0.2584210519850475,0.4542286356921745,False,False,False
2025-12-23 15:15:00+00:00,oos,0.22084897007440218,0.7518381666817563,False,False,False
2025-12-23 15:30:00+00:00,oos,-0.2156335055227469,1.3710546933068402,False,True,False
2025-12-23 15:45:00+00:00,oos,0.47504805719363524,1.6251022253172662,False,True,False
2025-12-23 16:00:00+00:00,oos,0.29487421263767905,2.2571087553742273,False,True,False
2025-12-23 16:15:00+00:00,oos,0.5336737991547079,1.2963513325214384,False,True,False
2025-12-23 16:30:00+00:00,oos,-1.5052661056022736,0.20750284356580978,False,False,False
2025-12-23 16:45:00+00:00,oos,1.5113480761349745,-0.10111439515693829,False,False,False
2025-12-23 17:00:00+00:00,oos,0.4340210719731058,1.9126822498577065,False,True,False
2025-12-23 17:15:00+00:00,oos,0.085633382331052,0.7393439479339333,False,False,False
2025-12-23 17:30:00+00:00,oos,0.07218439349019388,0.8243960360970812,False,False,False
2025-12-23 17:45:00+00:00,oos,-1.1056658295829356,1.0859334144935593,False,False,False
2025-12-23 18:00:00+00:00,oos,1.1324899379704179,0.6484758389142828,False,False,False
2025-12-23 18:15:00+00:00,oos,-0.5492447050328297,0.6859435174629828,False,False,False
2025-12-23 18:30:00+00:00,oos,1.1112907745414924,1.2447438173956762,False,False,False
2025-12-23 18:45:00+00:00,oos,1.2053138679715225,0.6444405031206824,False,False,False
2025-12-23 19:00:00+00:00,oos,-0.4777222842221159,-0.08461403036781866,False,False,False
2025-12-23 19:15:00+00:00,oos,-0.13024604879327736,0.39294838785543296,False,False,False
2025-12-23 19:30:00+00:00,oos,0.5675235786535043,0.17759422315707105,False,False,False
2025-12-23 19:45:00+00:00,oos,-0.629723844588655,0.44548951632981043,False,False,False
2025-12-23 20:00:00+00:00,oos,-1.8891343430464427,0.29587864964635424,True,False,False
2025-12-23 20:15:00+00:00,oos,0.6684142492744632,0.5273148166090567,False,False,False
2025-12-23 20:30:00+00:00,oos,0.815231811628849,-0.01355486318320982,False,False,False
2025-12-23 20:45:00+00:00,oos,-0.7777070239909437,0.6857264956405942,False,False,False
2025-12-23 21:00:00+00:00,oos,-0.23574636525528986,0.3875897923034977,False,False,False
2025-12-23 21:15:00+00:00,oos,-0.9884777825240093,-0.2303941816853424,False,False,False
2025-12-23 21:30:00+00:00,oos,0.9156874551126696,1.2417179053735632,False,False,False
2025-12-23 21:45:00+00:00,oos,-0.4420842697165141,0.0961996843882387,False,False,False
2025-12-23 22:00:00+00:00,oos,-0.24158938641062278,1.031968620553349,False,False,False
2025-12-23 22:15:00+00:00,oos,-0.7108604805379345,2.1686660599403234,False,True,False
2025-12-23 22:30:00+00:00,oos,-0.438423832609034,1.9638789620176358,False,True,False
2025-12-23 22:45:00+00:00,oos,-0.6094298376336338,0.6226232099815353,False,False,False
2025-12-23 23:00:00+00:00,oos,0.9988781869094058,-1.0177488574465299,False,False,False
2025-12-23 23:15:00+00:00,oos,1.874119279994592,0.012077712608992238,True,False,False
2025-12-23 23:30:00+00:00,oos,1.3115795425855403,-0.04237491845574446,False,False,False
2025-12-23 23:45:00+00:00,oos,0.7600908639920474,0.2218494984010519,False,False,False
2025-12-24 00:00:00+00:00,oos,0.8880896127090644,0.18824215118803223,False,False,False
2025-12-24 00:15:00+00:00,oos,-1.3370007909815378,0.878003705062219,False,False,False
2025-12-24 00:30:00+00:00,oos,-0.3958867163725473,0.7967182390472359,False,False,False
2025-12-24 00:45:00+00:00,oos,1.2271326518900563,0.39580644078374916,False,False,False
2025-12-24 01:00:00+00:00,oos,-0.6378903736746921,0.6137426729964885,False,False,False
2025-12-24 01:15:00+00:00,oos,-2.1156662205032455,-0.33630393323199353,True,False,False
2025-12-24 01:30:00+00:00,oos,-0.5113055594479048,0.7378753043467294,False,False,False
2025-12-24 01:45:00+00:00,oos,-1.6065768949891286,0.6654664235554093,True,False,False
2025-12-24 02:00:00+00:00,oos,-2.365629972847126,1.8721244162024961,True,True,True
2025-12-24 02:15:00+00:00,oos,-2.049295252717239,0.36553231463272606,True,False,False
2025-12-24 02:30:00+00:00,oos,-1.353870515222773,0.8224570703412492,False,False,False
2025-12-24 02:45:00+00:00,oos,0.3563543603796114,1.643180441234651,False,True,False
2025-12-24 03:00:00+00:00,oos,0.34092286395941973,0.18176743770480253,False,False,False
2025-12-24 03:15:00+00:00,oos,1.6585663150524501,-0.1109885350221653,True,False,False
2025-12-24 03:30:00+00:00,oos,0.4315407985838666,-0.4082419790228306,False,False,False
2025-12-24 03:45:00+00:00,oos,-1.2051646643743426,-0.3238445946680568,False,False,False
2025-12-24 04:00:00+00:00,oos,0.6964341010314651,-0.08540774768555276,False,False,False
2025-12-24 04:15:00+00:00,oos,-2.484465427406444,0.22140614414475812,True,False,False
2025-12-24 04:30:00+00:00,oos,-1.4713856506156284,-0.03928322608235153,False,False,False
2025-12-24 04:45:00+00:00,oos,-1.265433202752184,-0.024034109794480334,False,False,False
2025-12-24 05:00:00+00:00,oos,-0.9972099468197972,-0.10548834009146883,False,False,False
2025-12-24 05:15:00+00:00,oos,0.13430982468417885,0.932200756068484,False,False,False
2025-12-24 05:30:00+00:00,oos,-1.599740626508565,0.271515781790561,True,False,False
2025-12-24 05:45:00+00:00,oos,0.7661395122731917,-0.14285558070369128,False,False,False
2025-12-24 06:00:00+00:00,oos,-0.3590107422294537,0.33483676108804006,False,False,False
2025-12-24 06:15:00+00:00,oos,0.22837028178422203,0.7146660505964632,False,False,False
2025-12-24 06:30:00+00:00,oos,1.5428308519815237,-0.3309311216658325,False,False,False
2025-12-24 06:45:00+00:00,oos,1.4735092959501161,0.6770020787724189,False,False,False
2025-12-24 07:00:00+00:00,oos,0.5474037306390492,0.042274748509660065,False,False,False
2025-12-24 07:15:00+00:00,oos,-2.4199009060888717,0.7088347967479115,True,False,False
2025-12-24 07:30:00+00:00,oos,0.881137632369628,0.702980245591764,False,False,False
2025-12-24 07:45:00+00:00,oos,-1.3009562046143932,0.36244853194294474,False,False,False
2025-12-24 08:00:00+00:00,oos,1.2603630063929976,1.6026993496590478,False,True,False
2025-12-24 08:15:00+00:00,oos,-0.5645897850958645,0.7716965236544362,False,False,False
2025-12-24 08:30:00+00:00,oos,-0.49667919052980763,1.9457071287768593,False,True,False
2025-12-24 08:45:00+00:00,oos,-1.0072205760883495,1.3471610968936987,False,True,False
2025-12-24 09:00:00+00:00,oos,0.002750495221377697,1.1955204626710614,False,False,False
2025-12-24 09:15:00+00:00,oos,-0.6305587968499438,1.089221020329746,False,False,False
2025-12-24 09:30:00+00:00,oos,-0.8490577717004647,1.252438597887373,False,False,False
2025-12-24 09:45:00+00:00,oos,-0.9399932565099574,0.14595043956691847,False,False,False
2025-12-24 10:00:00+00:00,oos,-0.2458882595344325,0.5814742097147341,False,False,False
2025-12-24 10:15:00+00:00,oos,-0.03843610098908589,0.06319855185738685,False,False,False
2025-12-24 10:30:00+00:00,oos,1.4690996111002008,0.5048883512466311,False,False,False
2025-12-24 10:45:00+00:00,oos,-0.3179803196601952,1.4484581648080799,False,True,False
2025-12-24 11:00:00+00:00,oos,0.6409381637367293,0.1468545905515187,False,False,False
2025-12-24 11:15:00+00:00,oos,-1.9102235211983623,-1.5602649024172712,True,False,False
2025-12-24 11:30:00+00:00,oos,-1.5121314122962863,0.017363843229798052,False,False,False
2025-12-24 11:45:00+00:00,oos,-1.8478647536257533,-0.5710502617994025,True,False,False
2025-12-24 12:00:00+00:00,oos,-0.9950579628159996,-0.37378275018212037,False,False,False
2025-12-24 12:15:00+00:00,oos,0.30346827618583166,0.8123486266469003,False,False,False
2025-12-24 12:30:00+00:00,oos,1.422343391412504,0.1645463449668367,False,False,False
2025-12-24 12:45:00+00:00,oos,2.7976834359112153,0.03849217900092977,True,False,False
2025-12-24 13:00:00+00:00,oos,-3.1850209052754153,-0.08966143475095036,True,False,False
2025-12-24 13:15:00+00:00,oos,-1.5575087290663627,0.11406373426462507,False,False,False
2025-12-24 13:30:00+00:00,oos,-1.6936550137685347,0.576188243524552,True,False,False
2025-12-24 13:45:00+00:00,oos,0.5996917515389057,-1.1408164793076556,False,False,False
2025-12-24 14:00:00+00:00,oos,1.3119288732125378,-0.06387561507064099,False,False,False
2025-12-24 14:15:00+00:00,oos,1.3607481038880702,-0.5707525876898635,False,False,False
2025-12-24 14:30:00+00:00,oos,-0.05299741632087178,1.1786523248693481,False,False,False
2025-12-24 14:45:00+00:00,oos,-0.13501809247229993,1.0482749543118146,False,False,False
2025-12-24 15:00:00+00:00,oos,0.0042589925852415155,0.5973164531119967,False,False,False
2025-12-24 15:15:00+00:00,oos,0.32592689432845406,1.1791520985014592,False,False,False
2025-12-24 15:30:00+00:00,oos,1.082250491600933,0.8499169431668916,False,False,False
2025-12-24 15:45:00+00:00,oos,0.2650172334898494,0.14200463740038097,False,False,False
2025-12-24 16:00:00+00:00,oos,0.39008146758184864,1.2226828082301882,False,False,False
2025-12-24 16:15:00+00:00,oos,-0.199593095646923,0.36252567231993704,False,False,False
2025-12-24 16:30:00+00:00,oos,0.9896353752742583,1.6241861861717724,False,True,False
2025-12-24 16:45:00+00:00,oos,-0.786097175212741,-0.8185058531056858,False,False,False
2025-12-24 17:00:00+00:00,oos,0.7008190038181007,-0.31099035717414664,False,False,False
2025-12-24 17:15:00+00:00,oos,2.0189218371103252,0.8907628731043259,True,False,False
2025-12-24 17:30:00+00:00,oos,-0.8942671850017395,1.565245985216448,False,True,False
2025-12-24 17:45:00+00:00,oos,1.5193464911956112,0.8260843655942002,False,False,False
2025-12-24 18:00:00+00:00,oos,0.3052555023367212,0.9616287771823818,False,False,False
2025-12-24 18:15:00+00:00,oos,-0.14051005228924246,1.0211238157361662,False,False,False
2025-12-24 18:30:00+00:00,oos,1.141978553044917,-0.029439607463344904,False,False,False
2025-12-24 18:45:00+00:00,oos,0.3813603018528005,-0.11740166667654504,False,False,False
2025-12-24 19:00:00+00:00,oos,-0.2761981783374151,0.1479273070055007,False,False,False
2025-12-24 19:15:00+00:00,oos,0.4543818940605266,0.20511004866906202,False,False,False
2025-12-24 19:30:00+00:00,oos,0.27015711329570485,0.5331711763182827,False,False,False
2025-12-24 19:45:00+00:00,oos,-0.04782348907211227,0.27094834345835694,False,False,False
2025-12-24 20:00:00+00:00,oos,2.3852874156464527,0.4309149803971645,True,False,False
2025-12-24 20:15:00+00:00,oos,-2.1970327282531783,0.40365671884483784,True,False,False
2025-12-24 20:30:00+00:00,oos,-0.3290342023684486,0.37218727829554415,False,False,False
2025-12-24 20:45:00+00:00,oos,-2.8550074681756286,0.9034319307439317,True,False,False
2025-12-24 21:00:00+00:00,oos,0.8389979537451843,0.2034415096788248,False,False,False
2025-12-24 21:15:00+00:00,oos,1.8807011172142136,-0.4308917158346224,True,False,False
2025-12-24 21:30:00+00:00,oos,1.0454379259416136,0.8034173973620081,False,False,False
2025-12-24 21:45:00+00:00,oos,0.7351211602193468,-0.4315397806065722,False,False,False
2025-12-24 22:00:00+00:00,oos,-0.21583204751539933,0.786535924127175,False,False,False
2025-12-24 22:15:00+00:00,oos,-0.12434670502180643,2.147801869094318,False,True,False
2025-12-24 22:30:00+00:00,oos,1.2017781616336844,2.4300776402178736,False,True,False
2025-12-24 22:45:00+00:00,oos,2.0431803786897462,-0.6604564087282666,True,False,False
2025-12-24 23:00:00+00:00,oos,-0.3478761109173139,-0.4298757855503451,False,False,False
2025-12-24 23:15:00+00:00,oos,-0.0026610423940912216,0.28799815725915,False,False,False
2025-12-24 23:30:00+00:00,oos,1.5248803604645933,0.6576132258397965,False,False,False
2025-12-24 23:45:00+00:00,oos,-0.7100243828159029,0.5428323705862496,False,False,False
2025-12-25 00:00:00+00:00,oos,0.08437155696080569,1.142382736710115,False,False,False
2025-12-25 00:15:00+00:00,oos,-2.0066264120447994,0.8845959828866984,True,False,False
2025-12-25 00:30:00+00:00,oos,-0.39617049508996943,-0.003752934235588966,False,False,False
2025-12-25 00:45:00+00:00,oos,-0.6813324290414803,0.9368014181362796,False,False,False
2025-12-25 01:00:00+00:00,oos,1.8250620599288994,1.4184622457097262,True,True,True
2025-12-25 01:15:00+00:00,oos,0.304216357621965,0.21238366808267617,False,False,False
2025-12-25 01:30:00+00:00,oos,0.455625931865228,1.2906685418169694,False,True,False
2025-12-25 01:45:00+00:00,oos,0.5137407670779368,0.5535006901497682,False,False,False
2025-12-25 02:00:00+00:00,oos,0.498138645326389,1.541430609587362,False,True,False
2025-12-25 02:15:00+00:00,oos,0.33945048004966977,0.5772838304623202,False,False,False
2025-12-25 02:30:00+00:00,oos,0.6192660122588687,0.54008318112496,False,False,False
2025-12-25 02:45:00+00:00,oos,0.7585873222621073,0.41486989255037954,False,False,False
2025-12-25 03:00:00+00:00,oos,-1.0561560144732416,0.5037468872147868,False,False,False
2025-12-25 03:15:00+00:00,oos,-0.03122372313695241,0.6636304106242292,False,False,False
2025-12-25 03:30:00+00:00,oos,-3.054386478777086,0.3206052267569293,True,False,False
2025-12-25 03:45:00+00:00,oos,-0.21001084131264458,0.7066830826542184,False,False,False
2025-12-25 04:00:00+00:00,oos,-0.950420589902909,-0.12554466732577904,False,False,False
2025-12-25 04:15:00+00:00,oos,-1.9173383898022698,0.1816039850283227,True,False,False
2025-12-25 04:30:00+00:00,oos,0.6089144173616521,0.03191879894346942,False,False,False
2025-12-25 04:45:00+00:00,oos,1.0786666209883164,-1.0226860842706542,False,False,False
2025-12-25 05:00:00+00:00,oos,-2.4960687348778285,1.782895400054614,True,True,True
2025-12-25 05:15:00+00:00,oos,0.3945665203147258,-0.7263506539526436,False,False,False
2025-12-25 05:30:00+00:00,oos,-0.07578400237893898,1.6613404940811847,False,True,False
2025-12-25 05:45:00+00:00,oos,-0.6179921032404774,0.468473796540149,False,False,False
2025-12-25 06:00:00+00:00,oos,-0.07660319311496867,1.0822769571477489,False,False,False
2025-12-25 06:15:00+00:00,oos,0.48075328976243165,-1.1492103592880178,False,False,False
2025-12-25 06:30:00+00:00,oos,-0.8659830176571247,0.590948426974096,False,False,False
2025-12-25 06:45:00+00:00,oos,-0.28129783408195663,0.3700236098418252,False,False,False
2025-12-25 07:00:00+00:00,oos,-0.24218985691323547,0.036997615849848314,False,False,False
2025-12-25 07:15:00+00:00,oos,-0.26537487574439944,-0.5258158737999129,False,False,False
2025-12-25 07:30:00+00:00,oos,-0.1358030771714149,-0.2482445362031881,False,False,False
2025-12-25 07:45:00+00:00,oos,1.1572531947679163,0.7594234188119463,False,False,False
2025-12-25 08:00:00+00:00,oos,0.6678184374273551,1.3276642436959376,False,True,False
2025-12-25 08:15:00+00:00,oos,-1.222869676840786,1.1989480652282423,False,False,False
2025-12-25 08:30:00+00:00,oos,0.1913674876669813,0.7487370446037833,False,False,False
2025-12-25 08:45:00+00:00,oos,-0.8439926432958539,0.3493597718322717,False,False,False
2025-12-25 09:00:00+00:00,oos,-0.4735710328465404,1.971671666792815,False,True,False
2025-12-25 09:15:00+00:00,oos,-0.45645673788126867,0.4245589969924887,False,False,False
2025-12-25 09:30:00+00:00,oos,0.6401252015579846,2.0099515477738383,False,True,False
2025-12-25 09:45:00+00:00,oos,0.740854786090288,0.9575569514840496,False,False,False
2025-12-25 10:00:00+00:00,oos,-1.2897277649045313,-0.037577031919911554,False,False,False
2025-12-25 10:15:00+00:00,oos,-1.4679776772548494,-0.27489540243671357,False,False,False
2025-12-25 10:30:00+00:00,oos,-2.287330828723244,1.2818935863892862,True,False,False
2025-12-25 10:45:00+00:00,oos,1.0679270575827196,-1.0999134460859625,False,False,False
2025-12-25 11:00:00+00:00,oos,1.7577068226655366,0.7384189585927127,True,False,False
2025-12-25 11:15:00+00:00,oos,2.432617392394976,-0.85735064499539,True,False,False
2025-12-25 11:30:00+00:00,oos,0.10415125310339171,0.17229864616119728,False,False,False
2025-12-25 11:45:00+00:00,oos,-0.22741282759414627,0.3855202540440772,False,False,False
2025-12-25 12:00:00+00:00,oos,0.03184159882755455,0.6275765127857301,False,False,False
2025-12-25 12:15:00+00:00,oos,0.24054666473037728,0.39654586790630525,False,False,False
2025-12-25 12:30:00+00:00,oos,0.5735996219687218,1.0674237362141172,False,False,False
2025-12-25 12:45:00+00:00,oos,1.9793461405334125,0.20129186355947312,True,False,False
2025-12-25 13:00:00+00:00,oos,-0.6920485589721488,0.4440895685889392,False,False,False
2025-12-25 13:15:00+00:00,oos,-1.790143407778161,0.3012065031402038,True,False,False
2025-12-25 13:30:00+00:00,oos,0.9073746717734101,-0.23100147158590317,False,False,False
2025-12-25 13:45:00+00:00,oos,0.7893167249911732,0.15854431358951004,False,False,False
2025-12-25 14:00:00+00:00,oos,0.7478210889978175,-0.025632392231379565,False,False,False
2025-12-25 14:15:00+00:00,oos,-1.755525899145515,-0.1232581839776583,True,False,False
2025-12-25 14:30:00+00:00,oos,-0.2571038952516398,0.34205152846108594,False,False,False
2025-12-25 14:45:00+00:00,oos,1.7786457474736206,-0.25890761442201904,True,False,False
2025-12-25 15:00:00+00:00,oos,-0.0034731999042474262,-0.15773755399979075,False,False,False
2025-12-25 15:15:00+00:00,oos,2.175298699604482,0.3426173813980312,True,False,False
2025-12-25 15:30:00+00:00,oos,0.29129104369978015,1.280279453504471,False,False,False
2025-12-25 15:45:00+00:00,oos,-0.019305981555607775,1.7064255866964937,False,True,False
2025-12-25 16:00:00+00:00,oos,-1.4237957046604663,0.6099803968637232,False,False,False
2025-12-25 16:15:00+00:00,oos,0.7004909349608349,0.7244919392741719,False,False,False
2025-12-25 16:30:00+00:00,oos,-0.8085448858552738,-0.3586012950597565,False,False,False
2025-12-25 16:45:00+00:00,oos,-0.7845538955029302,0.3503139807873316,False,False,False
2025-12-25 17:00:00+00:00,oos,0.02906459820791371,0.803279964593901,False,False,False
2025-12-25 17:15:00+00:00,oos,-0.8352343964817073,-0.15212683168166444,False,False,False
2025-12-25 17:30:00+00:00,oos,0.4697286819368637,-0.4954639246094435,False,False,False
2025-12-25 17:45:00+00:00,oos,1.7191837319365748,0.10950790303691568,True,False,False
2025-12-25 18:00:00+00:00,oos,1.6120102642148495,-0.1062894788644534,True,False,False
2025-12-25 18:15:00+00:00,oos,-0.6226807174330868,-0.33317620635434114,False,False,False
2025-12-25 18:30:00+00:00,oos,2.9081402009727806,0.750554901674957,True,False,False
2025-12-25 18:45:00+00:00,oos,1.5182588266015484,-0.12448379288545082,False,False,False
2025-12-25 19:00:00+00:00,oos,-0.5805317743671731,0.010048036653376766,False,False,False
2025-12-25 19:15:00+00:00,oos,0.2010014879785866,1.3542180408548197,False,True,False
2025-12-25 19:30:00+00:00,oos,-0.5103630832194038,0.5534026161640586,False,False,False
2025-12-25 19:45:00+00:00,oos,-1.3455110806365396,0.13956892993014222,False,False,False
2025-12-25 20:00:00+00:00,oos,-0.0008640085830303349,0.6210696091725095,False,False,False
2025-12-25 20:15:00+00:00,oos,-2.0835975948952012,2.1298912181588547,True,True,True
2025-12-25 20:30:00+00:00,oos,0.8481820877967204,0.6551542072569828,False,False,False
2025-12-25 20:45:00+00:00,oos,0.39689111766808755,1.0508735613733753,False,False,False
2025-12-25 21:00:00+00:00,oos,0.012704653862891852,0.9707423288605176,False,False,False
2025-12-25 21:15:00+00:00,oos,-1.1451600734770722,0.42461801132707155,False,False,False
2025-12-25 21:30:00+00:00,oos,-1.605554697903743,0.9697931186858504,True,False,False
2025-12-25 21:45:00+00:00,oos,-1.820679222339706,1.5447016236666402,True,True,True
2025-12-25 22:00:00+00:00,oos,-0.5008558184171576,3.4391084188546728,False,True,False
2025-12-25 22:15:00+00:00,oos,0.1267890129328201,1.8055865933244009,False,True,False
2025-12-25 22:30:00+00:00,oos,-2.158163412904764,1.493069460142338,True,True,True
2025-12-25 22:45:00+00:00,oos,0.0016210703249094132,3.4837984079562934,False,True,False
2025-12-25 23:00:00+00:00,oos,0.43106480069789244,-1.1929790556345155,False,False,False
2025-12-25 23:15:00+00:00,oos,0.20122356018618545,2.0677825921044755,False,True,False
2025-12-25 23:30:00+00:00,oos,-0.4208650987724709,2.0694484140893663,False,True,False
2025-12-25 23:45:00+00:00,oos,0.26560957930100104,0.7850447065035165,False,False,False
2025-12-26 00:00:00+00:00,oos,0.394427239593758,0.9930777839459969,False,False,False
2025-12-26 00:15:00+00:00,oos,-0.09460834356142875,0.308619621099555,False,False,False
2025-12-26 00:30:00+00:00,oos,-0.4593861114252544,0.14191702176652746,False,False,False
2025-12-26 00:45:00+00:00,oos,1.7108398265286502,1.421372126630391,True,True,True
2025-12-26 01:00:00+00:00,oos,0.5829608536156483,0.24316573507320266,False,False,False
2025-12-26 01:15:00+00:00,oos,-0.215524342392488,1.5063317724302345,False,True,False
2025-12-26 01:30:00+00:00,oos,0.13702460157623084,0.8077685983547944,False,False,False
2025-12-26 01:45:00+00:00,oos,-0.2679823606175808,0.6931127001071136,False,False,False
2025-12-26 02:00:00+00:00,oos,-0.7671904449665762,1.3473502501065293,False,True,False
2025-12-26 02:15:00+00:00,oos,-0.7528740999216088,2.0915815829801883,False,True,False
2025-12-26 02:30:00+00:00,oos,0.14606779644237688,0.2791016556242926,False,False,False
2025-12-26 02:45:00+00:00,oos,-0.6203644056219692,0.22016290686529508,False,False,False
2025-12-26 03:00:00+00:00,oos,-1.578374063547443,1.788535948969735,True,True,True
2025-12-26 03:15:00+00:00,oos,-0.21593703895744132,2.2469405197424,False,True,False
2025-12-26 03:30:00+00:00,oos,-0.40069300076756537,0.28070806370357404,False,False,False
2025-12-26 03:45:00+00:00,oos,1.5081292580545294,1.8185015113969571,False,True,False
2025-12-26 04:00:00+00:00,oos,-0.7616009076131997,0.5866725798326201,False,False,False
2025-12-26 04:15:00+00:00,oos,-1.059064253533727,1.223934596157062,False,False,False
2025-12-26 04:30:00+00:00,oos,1.5720807743654697,1.0798383698447396,True,False,False
2025-12-26 04:45:00+00:00,oos,0.07352678810780215,0.206260727967909,False,False,False
2025-12-26 05:00:00+00:00,oos,0.4669406755792058,0.08677441102416951,False,False,False
2025-12-26 05:15:00+00:00,oos,-0.8219980187849788,0.3204882721282248,False,False,False
2025-12-26 05:30:00+00:00,oos,0.4199322567304683,0.7614191957972358,False,False,False
2025-12-26 05:45:00+00:00,oos,1.1481008378633117,0.7588441196282562,False,False,False
2025-12-26 06:00:00+00:00,oos,1.6539965337925369,-0.7378870816312625,True,False,False
2025-12-26 06:15:00+00:00,oos,1.1508766811090576,0.36271978312066994,False,False,False
2025-12-26 06:30:00+00:00,oos,1.562408180066871,-0.14541100968888854,False,False,False
2025-12-26 06:45:00+00:00,oos,0.6808243081695122,0.512274120214453,False,False,False
2025-12-26 07:00:00+00:00,oos,0.4050602624826068,-0.45946168007973454,False,False,False
2025-12-26 07:15:00+00:00,oos,0.08878593648234344,0.09686844356291083,False,False,False
2025-12-26 07:30:00+00:00,oos,-1.3999177089308306,-0.06283226332673754,False,False,False
2025-12-26 07:45:00+00:00,oos,-0.7479595649305815,-0.06818127047757293,False,False,False
2025-12-26 08:00:00+00:00,oos,0.032283066248199425,0.9195126108621218,False,False,False
2025-12-26 08:15:00+00:00,oos,0.9907282764150186,-0.34632892321139547,False,False,False
2025-12-26 08:30:00+00:00,oos,-1.041580694904086,0.5740953739686522,False,False,False
2025-12-26 08:45:00+00:00,oos,1.545182126059211,0.5980056678879568,False,False,False
2025-12-26 09:00:00+00:00,oos,-0.48260873747543764,0.3581122110058771,False,False,False
2025-12-26 09:15:00+00:00,oos,-0.005331913059524318,-0.5873574055551138,False,False,False
2025-12-26 09:30:00+00:00,oos,0.772765969313868,-0.2183410966494118,False,False,False
2025-12-26 09:45:00+00:00,oos,1.1042896764763157,1.5246305598619252,False,True,False
2025-12-26 10:00:00+00:00,oos,0.18131198222987235,0.7912479899960705,False,False,False
2025-12-26 10:15:00+00:00,oos,1.1702447193029495,1.2041923974043103,False,False,False
2025-12-26 10:30:00+00:00,oos,-0.47015520172894004,0.7009950716646435,False,False,False
2025-12-26 10:45:00+00:00,oos,-0.533703277257692,0.5943973520752266,False,False,False
2025-12-26 11:00:00+00:00,oos,1.0451285417093792,0.9188985769208274,False,False,False
2025-12-26 11:15:00+00:00,oos,-1.4879880598842143,0.12286517381555753,False,False,False
2025-12-26 11:30:00+00:00,oos,-0.13533762144785194,0.641100914544109,False,False,False
2025-12-26 11:45:00+00:00,oos,-1.3034098911705032,0.4025083088583552,False,False,False
2025-12-26 12:00:00+00:00,oos,-0.6206241746269046,-0.2663417154312097,False,False,False
2025-12-26 12:15:00+00:00,oos,1.1721882629320415,-0.1823188756918959,False,False,False
2025-12-26 12:30:00+00:00,oos,1.3299842169268905,0.08161937338649626,False,False,False
2025-12-26 12:45:00+00:00,oos,1.9266141838057158,0.05405440987895705,True,False,False
2025-12-26 13:00:00+00:00,oos,1.3886406049419622,0.3851167006115717,False,False,False
2025-12-26 13:15:00+00:00,oos,-1.000934037242917,-0.11929393864308446,False,False,False
2025-12-26 13:30:00+00:00,oos,1.8562400853473797,-0.09800599442044985,True,False,False
2025-12-26 13:45:00+00:00,oos,0.09621697159995392,0.5786267695668958,False,False,False
2025-12-26 14:00:00+00:00,oos,-1.3730064377949873,-0.20948637151267469,False,False,False
2025-12-26 14:15:00+00:00,oos,0.24730582867353734,-0.52594846075919,False,False,False
2025-12-26 14:30:00+00:00,oos,-0.19547348333887196,1.3327169673471944,False,True,False
2025-12-26 14:45:00+00:00,oos,0.7830734634898096,1.3539207339540293,False,True,False
2025-12-26 15:00:00+00:00,oos,0.49964328460817115,1.7447365153185754,False,True,False
2025-12-26 15:15:00+00:00,oos,-0.1307766183708661,1.0116464523174793,False,False,False
2025-12-26 15:30:00+00:00,oos,-0.06958846619046466,-0.3066651618386715,False,False,False
2025-12-26 15:45:00+00:00,oos,-0.35934147602748323,1.0016549875103458,False,False,False
2025-12-26 16:00:00+00:00,oos,-0.977641833649702,0.7290284586426123,False,False,False
2025-12-26 16:15:00+00:00,oos,0.11579449551511312,0.5453690622215356,False,False,False
2025-12-26 16:30:00+00:00,oos,0.5111405123938854,-0.3391233315086014,False,False,False
2025-12-26 16:45:00+00:00,oos,-1.366276674350845,0.43345462892027314,False,False,False
2025-12-26 17:00:00+00:00,oos,0.005958347568386469,0.5992855787182912,False,False,False
2025-12-26 17:15:00+00:00,oos,1.6859942409093045,-0.16770371440938175,True,False,False
2025-12-26 17:30:00+00:00,oos,1.1815938806159005,0.0500620067979523,False,False,False
2025-12-26 17:45:00+00:00,oos,0.5011615829416226,-0.7088881310575925,False,False,False
2025-12-26 18:00:00+00:00,oos,0.6550684446424109,0.7321339583970987,False,False,False
2025-12-26 18:15:00+00:00,oos,0.9000105717572271,-0.09293333905555262,False,False,False
2025-12-26 18:30:00+00:00,oos,0.12089549933915804,0.6417382520995543,False,False,False
2025-12-26 18:45:00+00:00,oos,-0.621717159450071,0.0036621583647556254,False,False,False
2025-12-26 19:00:00+00:00,oos,0.08606828295604213,-0.7482585162756924,False,False,False
2025-12-26 19:15:00+00:00,oos,-0.8424172710627718,-0.3471909399601746,False,False,False
2025-12-26 19:30:00+00:00,oos,1.0520253266076978,0.0023673662393103503,False,False,False
2025-12-26 19:45:00+00:00,oos,1.5624639664841906,0.5581233693633374,False,False,False
2025-12-26 20:00:00+00:00,oos,-1.4833649850405766,0.41624514788566963,False,False,False
2025-12-26 20:15:00+00:00,oos,0.723106610273678,-0.6675736100936954,False,False,False
2025-12-26 20:30:00+00:00,oos,-0.3061011515425884,0.49414943615196244,False,False,False
2025-12-26 20:45:00+00:00,oos,0.028511861129817316,1.9745644938254083,False,True,False
2025-12-26 21:00:00+00:00,oos,1.4381211891313956,0.6783800850301105,False,False,False
2025-12-26 21:15:00+00:00,oos,-2.7385419325192477,1.5693047974892376,True,True,True
2025-12-26 21:30:00+00:00,oos,-1.4834947782397683,1.6261795986359633,False,True,False
2025-12-26 21:45:00+00:00,oos,-2.032897232627274,0.999763612630754,True,False,False
2025-12-26 22:00:00+00:00,oos,-0.627576339283006,1.382227315401948,False,True,False
2025-12-26 22:15:00+00:00,oos,-0.21968823901361048,2.9416263869869783,False,True,False
2025-12-26 22:30:00+00:00,oos,-0.7602929346005777,1.1558284593922532,False,False,False
2025-12-26 22:45:00+00:00,oos,0.09767859516215129,0.6785150977941081,False,False,False
2025-12-26 23:00:00+00:00,oos,-2.1750591902259995,-0.2859687578846736,True,False,False
2025-12-26 23:15:00+00:00,oos,-1.3154071748207412,0.4800809551476756,False,False,False
2025-12-26 23:30:00+00:00,oos,0.7826502060516026,-0.8438369329642597,False,False,False
2025-12-26 23:45:00+00:00,oos,1.7862423580747244,0.4720984066164308,True,False,False
2025-12-27 00:00:00+00:00,oos,-0.8441023951395424,1.1014835416312498,False,False,False
2025-12-27 00:15:00+00:00,oos,-0.5013206858485669,0.9774367770092448,False,False,False
2025-12-27 00:30:00+00:00,oos,0.26579981471198383,0.6315730469092283,False,False,False
2025-12-27 00:45:00+00:00,oos,-1.2232498947656276,0.30990932641011576,False,False,False
2025-12-27 01:00:00+00:00,oos,-0.8701420448544597,0.12778983134273028,False,False,False
2025-12-27 01:15:00+00:00,oos,-0.8170762527599879,0.7546880816614542,False,False,False
2025-12-27 01:30:00+00:00,oos,0.28404229433479816,0.35602257186997766,False,False,False
2025-12-27 01:45:00+00:00,oos,1.5746806255525456,0.5263959944069369,True,False,False
2025-12-27 02:00:00+00:00,oos,0.4776219297086333,1.2536835220666438,False,False,False
2025-12-27 02:15:00+00:00,oos,0.08898196955145805,0.12124476512541174,False,False,False
2025-12-27 02:30:00+00:00,oos,1.142911774068901,-0.6781882759458164,False,False,False
2025-12-27 02:45:00+00:00,oos,0.15280688778629314,-0.3832033895289852,False,False,False
2025-12-27 03:00:00+00:00,oos,-0.2375945680142629,0.3591152056050561,False,False,False
2025-12-27 03:15:00+00:00,oos,1.4824626191562722,0.5337764620664552,False,False,False
2025-12-27 03:30:00+00:00,oos,1.2624325810499202,0.3382249064795187,False,False,False
2025-12-27 03:45:00+00:00,oos,1.3197475938581908,0.4451320510384305,False,False,False
2025-12-27 04:00:00+00:00,oos,-0.9143184658343537,0.44995453554154863,False,False,False
2025-12-27 04:15:00+00:00,oos,-2.5931078304874404,-0.2716319608523108,True,False,False
2025-12-27 04:30:00+00:00,oos,-0.3483318889034458,0.7369228123600988,False,False,False
2025-12-27 04:45:00+00:00,oos,1.4358792815622736,1.084381854194305,False,False,False
2025-12-27 05:00:00+00:00,oos,-0.03463916685168241,0.12423204897912078,False,False,False
2025-12-27 05:15:00+00:00,oos,-1.6484622689955069,0.44740508272287544,True,False,False
2025-12-27 05:30:00+00:00,oos,1.8008258092556588,0.32888922451420743,True,False,False
2025-12-27 05:45:00+00:00,oos,0.9630081003198858,-0.6207875880613564,False,False,False
2025-12-27 06:00:00+00:00,oos,0.7052534963431604,-0.42187824483496456,False,False,False
2025-12-27 06:15:00+00:00,oos,-2.8963987054850677,0.6590977335054953,True,False,False
2025-12-27 06:30:00+00:00,oos,-0.1822046296949684,0.4920435521215455,False,False,False
2025-12-27 06:45:00+00:00,oos,-0.04390373570677565,0.495125463362613,False,False,False
2025-12-27 07:00:00+00:00,oos,1.3122287029890236,0.23898584375474197,False,False,False
2025-12-27 07:15:00+00:00,oos,1.453358217668651,1.0972722989025527,False,False,False
2025-12-27 07:30:00+00:00,oos,0.6311323282028566,0.5372585697346642,False,False,False
2025-12-27 07:45:00+00:00,oos,1.1156064578276816,-0.25160183377962864,False,False,False
2025-12-27 08:00:00+00:00,oos,-1.8169270117483258,0.31860315120692523,True,False,False
2025-12-27 08:15:00+00:00,oos,-0.5578316268180646,0.7281891979457362,False,False,False
2025-12-27 08:30:00+00:00,oos,0.7370892361219389,0.04766522945389326,False,False,False
2025-12-27 08:45:00+00:00,oos,-2.9433775529380157,0.39350294796569163,True,False,False
2025-12-27 09:00:00+00:00,oos,0.9424721409592967,0.292232993326956,False,False,False
2025-12-27 09:15:00+00:00,oos,0.9163872563327214,0.1758339421279087,False,False,False
2025-12-27 09:30:00+00:00,oos,-0.8357393178519679,0.2624667879200979,False,False,False
2025-12-27 09:45:00+00:00,oos,-0.28985683766195797,0.6365994144770619,False,False,False
2025-12-27 10:00:00+00:00,oos,0.16140213896530245,-0.041083658311642464,False,False,False
2025-12-27 10:15:00+00:00,oos,-0.36384967435776505,0.5380577999684482,False,False,False
2025-12-27 10:30:00+00:00,oos,-1.7823504749005314,1.2626291939111856,True,False,False
2025-12-27 10:45:00+00:00,oos,0.5862428303102695,0.25583511060164693,False,False,False
2025-12-27 11:00:00+00:00,oos,-1.5403379073901557,-0.4176354085669919,False,False,False
2025-12-27 11:15:00+00:00,oos,-0.3473992357715618,0.3489829790226263,False,False,False
2025-12-27 11:30:00+00:00,oos,0.036196865461780685,0.6902947174935936,False,False,False
2025-12-27 11:45:00+00:00,oos,-0.4814735686583893,0.7799873629691665,False,False,False
2025-12-27 12:00:00+00:00,oos,-0.19167680612577057,0.8154934361989935,False,False,False
2025-12-27 12:15:00+00:00,oos,0.6421349800002122,0.7589731336618523,False,False,False
2025-12-27 12:30:00+00:00,oos,0.36344191694562356,0.83219165156855,False,False,False
2025-12-27 12:45:00+00:00,oos,-1.4152713133946115,0.13634536292310623,False,False,False
2025-12-27 13:00:00+00:00,oos,-1.740347833445947,0.645431086240034,True,False,False
2025-12-27 13:15:00+00:00,oos,-0.492582756809038,1.818148873094936,False,True,False
2025-12-27 13:30:00+00:00,oos,-0.48148927014320864,-0.16092387128351665,False,False,False
2025-12-27 13:45:00+00:00,oos,-1.2331332641767982,0.8579848264021877,False,False,False
2025-12-27 14:00:00+00:00,oos,0.11828409841428608,-0.6707806154236371,False,False,False
2025-12-27 14:15:00+00:00,oos,0.5850624634309322,0.31633502476886166,False,False,False
2025-12-27 14:30:00+00:00,oos,1.8608627509392772,0.6480255380644093,True,False,False
2025-12-27 14:45:00+00:00,oos,0.7321012877759232,-0.2901316699115231,False,False,False
2025-12-27 15:00:00+00:00,oos,1.0019157950318298,0.09327353384369504,False,False,False
2025-12-27 15:15:00+00:00,oos,-0.9502021723677668,-0.4179743030496284,False,False,False
2025-12-27 15:30:00+00:00,oos,1.739091242563704,0.47728581878589843,True,False,False
2025-12-27 15:45:00+00:00,oos,-0.011570905639652027,1.3148023517404848,False,True,False
2025-12-27 16:00:00+00:00,oos,0.30739552921102664,0.7538640409240217,False,False,False
2025-12-27 16:15:00+00:00,oos,-0.8408101433265235,0.21427665481606115,False,False,False
2025-12-27 16:30:00+00:00,oos,1.4639144967074744,0.762117793571592,False,False,False
2025-12-27 16:45:00+00:00,oos,-1.226259066179518,0.6879783877452136,False,False,False
2025-12-27 17:00:00+00:00,oos,0.9305883236999898,0.47810170488947484,False,False,False
2025-12-27 17:15:00+00:00,oos,0.3632930809646827,0.22985178746301205,False,False,False
2025-12-27 17:30:00+00:00,oos,0.5908588783231117,0.3784810685999091,False,False,False
2025-12-27 17:45:00+00:00,oos,0.44052459675811245,0.03861088622718417,False,False,False
2025-12-27 18:00:00+00:00,oos,-0.5248897093444229,-0.1240702478034879,False,False,False
2025-12-27 18:15:00+00:00,oos,-0.5990968235051349,-0.08622079956897309,False,False,False
2025-12-27 18:30:00+00:00,oos,-0.9144189180173732,1.060205678805076,False,False,False
2025-12-27 18:45:00+00:00,oos,0.034828464957095635,1.0301893960228676,False,False,False
2025-12-27 19:00:00+00:00,oos,2.962472631530596,1.3310177303193214,True,True,True
2025-12-27 19:15:00+00:00,oos,0.19852359461137523,1.0768165012931097,False,False,False
2025-12-27 19:30:00+00:00,oos,-1.3343395493927546,0.6641662961583136,False,False,False
2025-12-27 19:45:00+00:00,oos,0.7242250780711516,1.2710890711915146,False,False,False
2025-12-27 20:00:00+00:00,oos,1.157293112041216,1.460556042988022,False,True,False
2025-12-27 20:15:00+00:00,oos,-0.0880141007870892,0.3472393022926099,False,False,False
2025-12-27 20:30:00+00:00,oos,-1.5864950312121897,-0.6996228881835117,True,False,False
2025-12-27 20:45:00+00:00,oos,-2.3627570205260233,0.5957033241055599,True,False,False
2025-12-27 21:00:00+00:00,oos,2.0964897252028916,0.3554104978883054,True,False,False
2025-12-27 21:15:00+00:00,oos,-0.6960719864463725,0.5369116516262821,False,False,False
2025-12-27 21:30:00+00:00,oos,0.459999147374895,0.38707454416095666,False,False,False
2025-12-27 21:45:00+00:00,oos,1.6726612895216808,0.7876291879567086,True,False,False
2025-12-27 22:00:00+00:00,oos,1.3511255609204473,1.7824910128173943,False,True,False
2025-12-27 22:15:00+00:00,oos,-0.4633567688293454,3.3883508461972656,False,True,False
2025-12-27 22:30:00+00:00,oos,-1.31919547976226,1.8294591277471235,False,True,False
2025-12-27 22:45:00+00:00,oos,-1.0825792635556637,0.7621860973854812,False,False,False
2025-12-27 23:00:00+00:00,oos,-0.03261396356533969,-1.0554086704344656,False,False,False
2025-12-27 23:15:00+00:00,oos,0.3677491581947215,0.16674715785933888,False,False,False
2025-12-27 23:30:00+00:00,oos,-0.06554663497378756,0.02592205100514348,False,False,False
2025-12-27 23:45:00+00:00,oos,0.5596325254358588,1.6152489289075802,False,True,False
2025-12-28 00:00:00+00:00,oos,-1.099691123042715,0.3139378903425382,False,False,False
2025-12-28 00:15:00+00:00,oos,-1.6741162541914243,0.3354460165778657,True,False,False
2025-12-28 00:30:00+00:00,oos,1.2900403835484988,0.3168554619699023,False,False,False
2025-12-28 00:45:00+00:00,oos,-0.9834732488008835,0.4444435546601051,False,False,False
2025-12-28 01:00:00+00:00,oos,-0.0015671530035914405,-0.13018222079816902,False,False,False
2025-12-28 01:15:00+00:00,oos,-0.13744877164809746,1.191103072372746,False,False,False
2025-12-28 01:30:00+00:00,oos,1.0740266966282341,0.959541565174776,False,False,False
2025-12-28 01:45:00+00:00,oos,-1.1342810315166272,0.04710468694078998,False,False,False
2025-12-28 02:00:00+00:00,oos,0.9906590546191302,0.40803880648003243,False,False,False
2025-12-28 02:15:00+00:00,oos,0.9987445032095896,1.6178915970407857,False,True,False
2025-12-28 02:30:00+00:00,oos,-0.04857081675267126,1.3240533429680397,False,True,False
2025-12-28 02:45:00+00:00,oos,-0.49832941372151557,0.6994151347940691,False,False,False
2025-12-28 03:00:00+00:00,oos,-1.0824640926568088,1.1427112020836254,False,False,False
2025-12-28 03:15:00+00:00,oos,-1.4753065373578993,0.959291336208272,False,False,False
2025-12-28 03:30:00+00:00,oos,0.8069174821718973,0.9328267321734677,False,False,False
2025-12-28 03:45:00+00:00,oos,-2.5195789278552927,-0.5156851118637366,True,False,False
2025-12-28 04:00:00+00:00,oos,0.13349643934397326,0.3109352931516631,False,False,False
2025-12-28 04:15:00+00:00,oos,-1.7487846685006139,0.5389169264110912,True,False,False
2025-12-28 04:30:00+00:00,oos,-1.0128295175898931,-0.34518209782227294,False,False,False
2025-12-28 04:45:00+00:00,oos,-0.5802656273001064,-0.19073426041815,False,False,False
2025-12-28 05:00:00+00:00,oos,-0.10532581794150803,0.22323343758030295,False,False,False
2025-12-28 05:15:00+00:00,oos,-1.6514078388764661,0.4166158057288181,True,False,False
2025-12-28 05:30:00+00:00,oos,-0.20986801769354863,-0.04164712527630766,False,False,False
2025-12-28 05:45:00+00:00,oos,-0.7914845089756875,0.36708282538312825,False,False,False
2025-12-28 06:00:00+00:00,oos,0.9328180355199227,0.5326631995950227,False,False,False
2025-12-28 06:15:00+00:00,oos,0.3031944461501518,0.5520169623906666,False,False,False
2025-12-28 06:30:00+00:00,oos,2.1566477449006496,0.8891411521301086,True,False,False
2025-12-28 06:45:00+00:00,oos,1.3008172436974024,1.044038672517749,False,False,False
2025-12-28 07:00:00+00:00,oos,-0.1848650979533917,1.2850025013856912,False,True,False
2025-12-28 07:15:00+00:00,oos,-1.2795161625879152,1.9205355153618118,False,True,False
2025-12-28 07:30:00+00:00,oos,0.3085295874948822,1.356677582178685,False,True,False
2025-12-28 07:45:00+00:00,oos,2.0147415691650608,1.6378484196747563,True,True,True
2025-12-28 08:00:00+00:00,oos,0.790618984279343,0.3797089395263195,False,False,False
2025-12-28 08:15:00+00:00,oos,-0.3691337410725462,0.9958466937871673,False,False,False
2025-12-28 08:30:00+00:00,oos,-0.48420326547613984,1.5272028789432257,False,True,False
2025-12-28 08:45:00+00:00,oos,-0.08057627997668546,0.45349558239080995,False,False,False
2025-12-28 09:00:00+00:00,oos,-0.10228295513741406,1.1816206030066323,False,False,False
2025-12-28 09:15:00+00:00,oos,2.305351461852761,0.3444446232677104,True,False,False
2025-12-28 09:30:00+00:00,oos,-1.835364086384227,1.423312914129044,True,True,True
2025-12-28 09:45:00+00:00,oos,-1.0420486902894759,1.3779870863723622,False,True,False
2025-12-28 10:00:00+00:00,oos,1.7352203947982834,1.6672675048631957,True,True,True
2025-12-28 10:15:00+00:00,oos,1.5938450459694826,0.7720682324120025,True,False,False
2025-12-28 10:30:00+00:00,oos,0.7942939189366441,1.809907902355059,False,True,False
2025-12-28 10:45:00+00:00,oos,-0.4043910117831649,-0.32300379088586106,False,False,False
2025-12-28 11:00:00+00:00,oos,1.76769639795408,0.4274720791956411,True,False,False
2025-12-28 11:15:00+00:00,oos,-1.4179425624357942,-0.5181569205228627,False,False,False
2025-12-28 11:30:00+00:00,oos,-1.8979880563573086,0.6009403820879907,True,False,False
2025-12-28 11:45:00+00:00,oos,0.11696636624425676,-0.06702505198427303,False,False,False
2025-12-28 12:00:00+00:00,oos,-0.0687406847874884,0.06682077507245701,False,False,False
2025-12-28 12:15:00+00:00,oos,0.6037668146787202,-0.502499907952731,False,False,False
2025-12-28 12:30:00+00:00,oos,-0.26001200013094755,0.1602260496263251,False,False,False
2025-12-28 12:45:00+00:00,oos,0.9437183144448041,-0.22111853289702463,False,False,False
2025-12-28 13:00:00+00:00,oos,-0.14145883785948316,0.7975474355112244,False,False,False
2025-12-28 13:15:00+00:00,oos,-0.1337978700368712,0.9016216720635828,False,False,False
2025-12-28 13:30:00+00:00,oos,1.0420114519699397,-0.1967897235335073,False,False,False
2025-12-28 13:45:00+00:00,oos,-1.0533119955469474,0.5386820904397184,False,False,False
2025-12-28 14:00:00+00:00,oos,-0.9701439889543716,0.3652435746774908,False,False,False
2025-12-28 14:15:00+00:00,oos,0.413163761831237,0.17602058436823934,False,False,False
2025-12-28 14:30:00+00:00,oos,2.124814024179347,0.23781777203846435,True,False,False
2025-12-28 14:45:00+00:00,oos,-0.8012666918633568,0.5781683569473413,False,False,False
2025-12-28 15:00:00+00:00,oos,0.2441378653341859,0.5037327404998809,False,False,False
2025-12-28 15:15:00+00:00,oos,-0.7745505576907316,-0.750582035099393,False,False,False
2025-12-28 15:30:00+00:00,oos,0.05275524854818668,1.0921594807608388,False,False,False
2025-12-28 15:45:00+00:00,oos,-1.0222938666432075,0.4335613088311912,False,False,False
2025-12-28 16:00:00+00:00,oos,0.39986305048557486,0.9471012062538767,False,False,False
2025-12-28 16:15:00+00:00,oos,-0.9886220730259379,1.218584331467511,False,False,False
2025-12-28 16:30:00+00:00,oos,0.5670402709424608,-0.3037740979255735,False,False,False
2025-12-28 16:45:00+00:00,oos,0.02895991845954661,-0.8915263016932736,False,False,False
2025-12-28 17:00:00+00:00,oos,2.3141349947014036,-0.5395568510368708,True,False,False
2025-12-28 17:15:00+00:00,oos,1.1244265811998597,0.702769682073502,False,False,False
2025-12-28 17:30:00+00:00,oos,0.41930983288372015,-0.11175932357215668,False,False,False
2025-12-28 17:45:00+00:00,oos,-2.4950340309639456,0.8638250155265471,True,False,False
2025-12-28 18:00:00+00:00,oos,-0.948161720763801,0.7379826467690052,False,False,False
2025-12-28 18:15:00+00:00,oos,-0.6734570188069569,2.2404362321626503,False,True,False
2025-12-28 18:30:00+00:00,oos,-1.6973259264831315,-0.38092949464430353,True,False,False
2025-12-28 18:45:00+00:00,oos,-0.6488691415011121,1.027183685595376,False,False,False
2025-12-28 19:00:00+00:00,oos,-0.851537293530222,1.1595789524794897,False,False,False
2025-12-28 19:15:00+00:00,oos,-2.525329203864416,-0.01851705248011158,True,False,False
2025-12-28 19:30:00+00:00,oos,1.2911954089621804,0.2181632177362721,False,False,False
2025-12-28 19:45:00+00:00,oos,-2.004318299343961,-0.21618409452739526,True,False,False
2025-12-28 20:00:00+00:00,oos,-2.1780636223822905,0.9182372964413933,True,False,False
2025-12-28 20:15:00+00:00,oos,1.3517472406722202,-0.14387605225266759,False,False,False
2025-12-28 20:30:00+00:00,oos,1.922320604550005,-0.1150541304886936,True,False,False
2025-12-28 20:45:00+00:00,oos,-0.07039559915079796,-0.6403981658949794,False,False,False
2025-12-28 21:00:00+00:00,oos,-1.1206411744984541,-0.3977474597241043,False,False,False
2025-12-28 21:15:00+00:00,oos,-0.0788307794443159,-0.1284563189781649,False,False,False
2025-12-28 21:30:00+00:00,oos,2.656464696473393,0.1954332809182676,True,False,False
2025-12-28 21:45:00+00:00,oos,0.12682561731798175,-0.17729375407510936,False,False,False
2025-12-28 22:00:00+00:00,oos,-0.26828550277073854,-0.11025336859451813,False,False,False
2025-12-28 22:15:00+00:00,oos,-0.07059694651631024,2.7176895967386496,False,True,False
2025-12-28 22:30:00+00:00,oos,0.8524755038401792,0.6832398572920404,False,False,False
2025-12-28 22:45:00+00:00,oos,0.7515091919512868,1.534168953639179,False,True,False
2025-12-28 23:00:00+00:00,oos,-0.7366174408718975,-0.6982100252415638,False,False,False
2025-12-28 23:15:00+00:00,oos,0.8017573883687485,-0.9939220122771335,False,False,False
2025-12-28 23:30:00+00:00,oos,2.8973386791860394,1.0813322855791079,True,False,False
2025-12-28 23:45:00+00:00,oos,2.0376133139131847,0.9524021010544068,True,False,False
2025-12-29 00:00:00+00:00,oos,-0.8710719619754873,1.9335004370267035,False,True,False
2025-12-29 00:15:00+00:00,oos,-0.1475364222762217,0.5873383904567312,False,False,False
2025-12-29 00:30:00+00:00,oos,-0.4969558606451325,1.7635269661955821,False,True,False
2025-12-29 00:45:00+00:00,oos,4.4224204869622415e-05,1.1411490376776958,False,False,False
2025-12-29 01:00:00+00:00,oos,-0.6347584318120174,0.953329940690666,False,False,False
2025-12-29 01:15:00+00:00,oos,-0.5117196735230722,0.8309438118860284,False,False,False
2025-12-29 01:30:00+00:00,oos,-0.016184878656281057,1.8000321666617338,False,True,False
2025-12-29 01:45:00+00:00,oos,0.9353778819307946,0.02298173982906551,False,False,False
2025-12-29 02:00:00+00:00,oos,0.2748445720348287,0.9551278484085847,False,False,False
2025-12-29 02:15:00+00:00,oos,-0.8192446708833331,0.39583252165352245,False,False,False
2025-12-29 02:30:00+00:00,oos,-1.380469769094519,0.7651794227849172,False,False,False
2025-12-29 02:45:00+00:00,oos,0.2868922960280541,-0.08280253165038785,False,False,False
2025-12-29 03:00:00+00:00,oos,1.0003429894873186,1.3322452660087432,False,True,False
2025-12-29 03:15:00+00:00,oos,0.6746512809942372,1.2085546678551864,False,False,False
2025-12-29 03:30:00+00:00,oos,0.35561321857493006,1.6010864879381268,False,True,False
2025-12-29 03:45:00+00:00,oos,0.18404307576997436,2.1071840570173177,False,True,False
2025-12-29 04:00:00+00:00,oos,-0.7515952886177582,2.719924792948293,False,True,False
2025-12-29 04:15:00+00:00,oos,-0.76987792410476,1.543379023735909,False,True,False
2025-12-29 04:30:00+00:00,oos,1.416009026789412,1.3632081142678096,False,True,False
2025-12-29 04:45:00+00:00,oos,-0.8859209789805071,1.3735901063158944,False,True,False
2025-12-29 05:00:00+00:00,oos,0.27111039388198094,0.6099271890002596,False,False,False
2025-12-29 05:15:00+00:00,oos,-1.3083357547162822,1.4725337194788404,False,True,False
2025-12-29 05:30:00+00:00,oos,0.08889573806584317,0.403706026426407,False,False,False
2025-12-29 05:45:00+00:00,oos,-1.3491314487748356,0.4408803699558686,False,False,False
2025-12-29 06:00:00+00:00,oos,-1.0084180827090583,0.5261521964483258,False,False,False
2025-12-29 06:15:00+00:00,oos,-0.9333212666858426,0.44104250536043593,False,False,False
2025-12-29 06:30:00+00:00,oos,-0.04456975838914858,1.3126242100774317,False,True,False
2025-12-29 06:45:00+00:00,oos,-0.3856816917598071,0.5181877494094899,False,False,False
2025-12-29 07:00:00+00:00,oos,-1.116011595806365,1.9778978365435909,False,True,False
2025-12-29 07:15:00+00:00,oos,-1.882291815275152,0.29434135270297385,True,False,False
2025-12-29 07:30:00+00:00,oos,0.1507925128022301,-0.2525725352684397,False,False,False
2025-12-29 07:45:00+00:00,oos,-1.5287613759444556,-0.016511664577236046,False,False,False
2025-12-29 08:00:00+00:00,oos,-0.8595927680301313,1.3215685410147646,False,True,False
2025-12-29 08:15:00+00:00,oos,1.0978848813205744,0.3277830347336487,False,False,False
2025-12-29 08:30:00+00:00,oos,-0.945736611275366,1.5066795796520789,False,True,False
2025-12-29 08:45:00+00:00,oos,-0.5882329498749026,0.8843682533273612,False,False,False
2025-12-29 09:00:00+00:00,oos,-1.0025130008968417,0.8783644818633995,False,False,False
2025-12-29 09:15:00+00:00,oos,-0.49622075955610945,1.207978611366981,False,False,False
2025-12-29 09:30:00+00:00,oos,0.05984495241127598,1.8277518618623314,False,True,False
2025-12-29 09:45:00+00:00,oos,0.595528632529255,2.3690299046766485,False,True,False
2025-12-29 10:00:00+00:00,oos,0.08097971360622766,0.9446367774531985,False,False,False
2025-12-29 10:15:00+00:00,oos,0.3324776901430588,-0.6055037368226139,False,False,False
2025-12-29 10:30:00+00:00,oos,-0.42072472717009285,0.9997604649707759,False,False,False
2025-12-29 10:45:00+00:00,oos,-0.17132973631685672,0.21073434595160645,False,False,False
2025-12-29 11:00:00+00:00,oos,-0.9139781406642699,0.7521367919382066,False,False,False
2025-12-29 11:15:00+00:00,oos,0.3189382975743392,0.5172426168292176,False,False,False
2025-12-29 11:30:00+00:00,oos,-0.5597250220322305,0.7716437578543429,False,False,False
2025-12-29 11:45:00+00:00,oos,0.04564429682270612,0.42445298344246263,False,False,False
2025-12-29 12:00:00+00:00,oos,-0.055973888482426515,1.2962953758010498,False,True,False
2025-12-29 12:15:00+00:00,oos,0.33337325848050264,1.4238374739950586,False,True,False
2025-12-29 12:30:00+00:00,oos,0.2001908086105422,-0.6114967012174574,False,False,False
2025-12-29 12:45:00+00:00,oos,-0.22467613650086102,-0.4129357402109844,False,False,False
2025-12-29 13:00:00+00:00,oos,0.393922952434916,1.81651945558245,False,True,False
2025-12-29 13:15:00+00:00,oos,0.6957203168535888,-0.2669651983276489,False,False,False
2025-12-29 13:30:00+00:00,oos,-0.8112161270559188,0.6135447272576926,False,False,False
2025-12-29 13:45:00+00:00,oos,-0.08252304795683683,1.1684261939854588,False,False,False
2025-12-29 14:00:00+00:00,oos,-1.3141992401440532,0.5809807882615023,False,False,False
2025-12-29 14:15:00+00:00,oos,0.38486870223541664,1.4642761471301229,False,True,False
2025-12-29 14:30:00+00:00,oos,-0.9946558788378869,3.090677573998308,False,True,False
2025-12-29 14:45:00+00:00,oos,-0.05841211268177362,0.6251382583063075,False,False,False
2025-12-29 15:00:00+00:00,oos,0.02833738226542585,0.30432941716209455,False,False,False
2025-12-29 15:15:00+00:00,oos,-0.029927122677561462,0.711946215770096,False,False,False
2025-12-29 15:30:00+00:00,oos,0.95787077207098,0.5888828842471913,False,False,False
2025-12-29 15:45:00+00:00,oos,-0.1192819321869793,1.1934220121865522,False,False,False
2025-12-29 16:00:00+00:00,oos,0.5855825874454295,1.1777511234902576,False,False,False
2025-12-29 16:15:00+00:00,oos,-0.29110573791035915,0.8212543611249978,False,False,False
2025-12-29 16:30:00+00:00,oos,0.5425758073500272,1.4380673146027532,False,True,False
2025-12-29 16:45:00+00:00,oos,1.2940406044038129,1.690542389956716,False,True,False
2025-12-29 17:00:00+00:00,oos,1.3654197510877755,0.6659434297497657,False,False,False
2025-12-29 17:15:00+00:00,oos,0.4158021734632405,1.6968200203001522,False,True,False
2025-12-29 17:30:00+00:00,oos,1.7507561578165607,1.6147938853151267,True,True,True
2025-12-29 17:45:00+00:00,oos,1.435390928922607,1.965479609733845,False,True,False
2025-12-29 18:00:00+00:00,oos,0.12105366754065612,1.7724453222576022,False,True,False
2025-12-29 18:15:00+00:00,oos,-1.2108105420956796,2.429071843500694,False,True,False
2025-12-29 18:30:00+00:00,oos,-0.266321563208637,1.2427099207825711,False,False,False
2025-12-29 18:45:00+00:00,oos,-1.441603901054171,0.4870798058623749,False,False,False
2025-12-29 19:00:00+00:00,oos,1.5306266718721437,2.467712274787409,False,True,False
2025-12-29 19:15:00+00:00,oos,-1.3620645762640995,0.1482803225816317,False,False,False
2025-12-29 19:30:00+00:00,oos,0.10770177925029381,0.9848662339918981,False,False,False
2025-12-29 19:45:00+00:00,oos,0.8521793736593161,0.7503624036085195,False,False,False
2025-12-29 20:00:00+00:00,oos,0.3933329611718883,0.6133387990482724,False,False,False
2025-12-29 20:15:00+00:00,oos,0.8721661922570021,0.006238629009518944,False,False,False
2025-12-29 20:30:00+00:00,oos,-0.9733250524363524,-0.17560332442454232,False,False,False
2025-12-29 20:45:00+00:00,oos,0.5354412744691818,0.4575159606603172,False,False,False
2025-12-29 21:00:00+00:00,oos,1.2428193608009297,0.24940809532959018,False,False,False
2025-12-29 21:15:00+00:00,oos,1.4281220114099327,1.016524333364145,False,False,False
2025-12-29 21:30:00+00:00,oos,0.47460676166778276,1.3754256760551902,False,True,False
2025-12-29 21:45:00+00:00,oos,0.6998683736267417,0.6298046202903596,False,False,False
2025-12-29 22:00:00+00:00,oos,-0.5954953142965779,1.312019526728611,False,True,False
2025-12-29 22:15:00+00:00,oos,2.348733605035412,3.0595014806042276,True,True,True
2025-12-29 22:30:00+00:00,oos,1.2702245000393908,1.3053521106130934,False,True,False
2025-12-29 22:45:00+00:00,oos,0.7735794685751578,0.992528482489564,False,False,False
2025-12-29 23:00:00+00:00,oos,1.703421665128878,0.04328707953577045,True,False,False
2025-12-29 23:15:00+00:00,oos,0.2241061364745035,-0.4396753271740981,False,False,False
2025-12-29 23:30:00+00:00,oos,0.7264961762700511,0.32744644160370195,False,False,False
2025-12-29 23:45:00+00:00,oos,1.7609856175071608,0.02028608373836883,True,False,False
2025-12-30 00:00:00+00:00,oos,1.0824878073370092,0.7016466594020144,False,False,False
2025-12-30 00:15:00+00:00,oos,-0.7089275050697562,0.018151826007826777,False,False,False
2025-12-30 00:30:00+00:00,oos,0.7525078510309529,0.6338773915386835,False,False,False
2025-12-30 00:45:00+00:00,oos,0.5754372914271839,0.566515949340871,False,False,False
2025-12-30 01:00:00+00:00,oos,1.06691072433683,1.294414862846667,False,True,False
2025-12-30 01:15:00+00:00,oos,2.678010509686789,1.2630539910308929,True,False,False
2025-12-30 01:30:00+00:00,oos,1.0421915971499482,-0.016225143246502788,False,False,False
2025-12-30 01:45:00+00:00,oos,0.8736646885824202,0.5861276325040754,False,False,False
2025-12-30 02:00:00+00:00,oos,-1.6617492704402888,0.8117597251732612,True,False,False
2025-12-30 02:15:00+00:00,oos,-0.40932201043662586,1.0109583832303943,False,False,False
2025-12-30 02:30:00+00:00,oos,0.17998243635776692,1.3715145267493878,False,True,False
2025-12-30 02:45:00+00:00,oos,0.6902056351903993,1.0813341456141619,False,False,False
2025-12-30 03:00:00+00:00,oos,-1.5891674728015848,1.1564403693452654,True,False,False
2025-12-30 03:15:00+00:00,oos,-0.03463674470931076,1.0866210340234708,False,False,False
2025-12-30 03:30:00+00:00,oos,1.8816696121107097,0.008414000340798498,True,False,False
2025-12-30 03:45:00+00:00,oos,1.4313314595868292,0.21057360504177183,False,False,False
2025-12-30 04:00:00+00:00,oos,-0.8338315479189568,0.7468589571646361,False,False,False
2025-12-30 04:15:00+00:00,oos,-0.7074208892632574,0.6715124695594988,False,False,False
2025-12-30 04:30:00+00:00,oos,-0.10483801993905474,-0.18500607403918917,False,False,False
2025-12-30 04:45:00+00:00,oos,-1.4625778174119548,0.7979500949548136,False,False,False
2025-12-30 05:00:00+00:00,oos,0.8485598499505168,0.4779376990359396,False,False,False
2025-12-30 05:15:00+00:00,oos,-0.05173867663164882,0.20402885655515207,False,False,False
2025-12-30 05:30:00+00:00,oos,0.5541548074594935,1.0789419283880815,False,False,False
2025-12-30 05:45:00+00:00,oos,-1.055175586376663,0.13236217118894714,False,False,False
2025-12-30 06:00:00+00:00,oos,2.0963975571291744,-0.20749672260916746,True,False,False
2025-12-30 06:15:00+00:00,oos,-0.2386993062447059,0.1696394223120339,False,False,False
2025-12-30 06:30:00+00:00,oos,-0.29428496148700106,0.7689806464006687,False,False,False
2025-12-30 06:45:00+00:00,oos,-0.6921464535009415,1.1789257827435606,False,False,False
2025-12-30 07:00:00+00:00,oos,3.1976032408449435,1.1511999370563268,True,False,False
2025-12-30 07:15:00+00:00,oos,1.8887736080473507,0.642323893810156,True,False,False
2025-12-30 07:30:00+00:00,oos,1.2103240974242369,1.3077873598692504,False,True,False
2025-12-30 07:45:00+00:00,oos,-0.1577060220423286,0.4895057362873001,False,False,False
2025-12-30 08:00:00+00:00,oos,-0.4268970376397326,2.007863711779782,False,True,False
2025-12-30 08:15:00+00:00,oos,0.7492876021982375,1.2931133057859732,False,True,False
2025-12-30 08:30:00+00:00,oos,1.9350198714042905,0.02915519384973432,True,False,False
2025-12-30 08:45:00+00:00,oos,-0.011255468160270989,0.3277235472680158,False,False,False
2025-12-30 09:00:00+00:00,oos,0.6825081318561232,1.3108086948910427,False,True,False
2025-12-30 09:15:00+00:00,oos,-2.0399348710766567,0.6182744900828446,True,False,False
2025-12-30 09:30:00+00:00,oos,2.0509483429872897,1.316654157611791,True,True,True
2025-12-30 09:45:00+00:00,oos,2.1672284518220724,1.1150939306061374,True,False,False
2025-12-30 10:00:00+00:00,oos,0.23044209286390768,0.7688652837810817,False,False,False
2025-12-30 10:15:00+00:00,oos,-1.59987633321131,0.07896244553053958,True,False,False
2025-12-30 10:30:00+00:00,oos,-0.49064475683318237,0.7185184106580846,False,False,False
2025-12-30 10:45:00+00:00,oos,-0.9014398834895737,0.3244698913354179,False,False,False
2025-12-30 11:00:00+00:00,oos,-0.049054283921472805,0.009954289686133537,False,False,False
2025-12-30 11:15:00+00:00,oos,-0.9538957594976946,0.11186214567567959,False,False,False
2025-12-30 11:30:00+00:00,oos,1.2073646593061762,0.7905037974303286,False,False,False
2025-12-30 11:45:00+00:00,oos,-0.5022403694057114,1.6465938283339658,False,True,False
2025-12-30 12:00:00+00:00,oos,1.1144398550005161,-0.21153101029026677,False,False,False
2025-12-30 12:15:00+00:00,oos,-0.5782720716476218,0.7532149846209779,False,False,False
2025-12-30 12:30:00+00:00,oos,-0.07592988550355122,0.6668623831541276,False,False,False
2025-12-30 12:45:00+00:00,oos,0.2735900949969766,0.4227803401034622,False,False,False
2025-12-30 13:00:00+00:00,oos,-1.3533439667887726,0.7163255481183947,False,False,False
2025-12-30 13:15:00+00:00,oos,1.5760393463544449,1.5003823557516387,True,True,True
2025-12-30 13:30:00+00:00,oos,-0.9048446271096929,1.311995665607796,False,True,False
2025-12-30 13:45:00+00:00,oos,-0.15931797089131786,-0.14758076908357104,False,False,False
2025-12-30 14:00:00+00:00,oos,-1.8000121133276072,1.2684186198869094,True,False,False
2025-12-30 14:15:00+00:00,oos,-0.18088118186612215,0.44494211564835356,False,False,False
2025-12-30 14:30:00+00:00,oos,-1.1088515830326862,0.4708131736050188,False,False,False
2025-12-30 14:45:00+00:00,oos,-0.44389952383472864,1.2028944800058712,False,False,False
2025-12-30 15:00:00+00:00,oos,0.03145575460503799,0.8715293931831033,False,False,False
2025-12-30 15:15:00+00:00,oos,0.6071498625502298,-0.9146734321787167,False,False,False
2025-12-30 15:30:00+00:00,oos,1.1135630760803705,0.240868518366924,False,False,False
2025-12-30 15:45:00+00:00,oos,0.18701707560512154,0.4434025985147701,False,False,False
2025-12-30 16:00:00+00:00,oos,0.028739480408975074,0.37612783521081194,False,False,False
2025-12-30 16:15:00+00:00,oos,1.2979940416819744,1.1093910238847449,False,False,False
2025-12-30 16:30:00+00:00,oos,-0.573867306036043,0.5979354667945731,False,False,False
2025-12-30 16:45:00+00:00,oos,-0.29497958425232274,0.24658434362151369,False,False,False
2025-12-30 17:00:00+00:00,oos,0.5753106422595552,0.20959103868783313,False,False,False
2025-12-30 17:15:00+00:00,oos,-1.8351459850347775,0.6952326451526134,True,False,False
2025-12-30 17:30:00+00:00,oos,-0.2893041731682477,0.8847684997457969,False,False,False
2025-12-30 17:45:00+00:00,oos,-0.5609897851314268,0.9128140173597589,False,False,False
2025-12-30 18:00:00+00:00,oos,-0.5845234237279766,0.20420733142478403,False,False,False
2025-12-30 18:15:00+00:00,oos,0.4795569240460045,0.10288589451186912,False,False,False
2025-12-30 18:30:00+00:00,oos,0.7926103783144052,-0.1267386103775606,False,False,False
2025-12-30 18:45:00+00:00,oos,-0.1232989433009267,2.065901109332906,False,True,False
2025-12-30 19:00:00+00:00,oos,-0.4180119058961225,1.8953490383685538,False,True,False
2025-12-30 19:15:00+00:00,oos,1.300673217322132,0.31149455246046376,False,False,False
2025-12-30 19:30:00+00:00,oos,-0.3898655716410498,1.2770299564333951,False,False,False
2025-12-30 19:45:00+00:00,oos,-0.37975943209727436,0.36594363240378497,False,False,False
2025-12-30 20:00:00+00:00,oos,-0.07138953574911959,0.5922153104969252,False,False,False
2025-12-30 20:15:00+00:00,oos,-0.23821431756878517,0.20852086256987773,False,False,False
2025-12-30 20:30:00+00:00,oos,1.0515668807080416,1.2989829434255336,False,True,False
2025-12-30 20:45:00+00:00,oos,0.6431558180508467,1.4523556087533387,False,True,False
2025-12-30 21:00:00+00:00,oos,1.0310043472998032,1.3138887637910608,False,True,False
2025-12-30 21:15:00+00:00,oos,0.7696434857451584,1.2597896076544035,False,False,False
2025-12-30 21:30:00+00:00,oos,1.1868771925395816,0.4935411112948444,False,False,False
2025-12-30 21:45:00+00:00,oos,0.7110274673172733,0.5182871945470643,False,False,False
2025-12-30 22:00:00+00:00,oos,1.0175031470179283,1.0419916501243693,False,False,False
2025-12-30 22:15:00+00:00,oos,-0.5789143153923878,1.9576361574636216,False,True,False
2025-12-30 22:30:00+00:00,oos,-0.7517919742249173,2.398647896751547,False,True,False
2025-12-30 22:45:00+00:00,oos,0.5075760265484887,1.6882439986928444,False,True,False
2025-12-30 23:00:00+00:00,oos,2.482281498378471,0.23008383629773144,True,False,False
2025-12-30 23:15:00+00:00,oos,1.2239047156182965,0.3709735481547746,False,False,False
2025-12-30 23:30:00+00:00,oos,0.8008207423176253,0.6767065149656434,False,False,False
2025-12-30 23:45:00+00:00,oos,0.9694173405626357,2.0920861571789295,False,True,False
2025-12-31 00:00:00+00:00,oos,-0.6996633446864766,2.618744613725071,False,True,False
2025-12-31 00:15:00+00:00,oos,0.7051435597591884,1.3737931162518797,False,True,False
2025-12-31 00:30:00+00:00,oos,-0.32202134364545304,0.7690999711701888,False,False,False
2025-12-31 00:45:00+00:00,oos,-1.3288948515817498,0.3855234651256295,False,False,False
2025-12-31 01:00:00+00:00,oos,0.3984311002338093,0.5493394526415327,False,False,False
2025-12-31 01:15:00+00:00,oos,0.6027435379451301,0.4183240233797352,False,False,False
2025-12-31 01:30:00+00:00,oos,0.7757210574368069,0.6218872152419582,False,False,False
2025-12-31 01:45:00+00:00,oos,-0.2567332506019183,1.3284320199600967,False,True,False
2025-12-31 02:00:00+00:00,oos,0.12020790809742458,0.2510323254395171,False,False,False
2025-12-31 02:15:00+00:00,oos,-0.20737237358922053,0.9876117603205913,False,False,False
2025-12-31 02:30:00+00:00,oos,0.028784852879659203,1.4835750480633996,False,True,False
2025-12-31 02:45:00+00:00,oos,0.7375786502393042,0.47283582460425055,False,False,False
2025-12-31 03:00:00+00:00,oos,-1.25465638919451,0.012423245428104216,False,False,False
2025-12-31 03:15:00+00:00,oos,0.7479614203810421,0.3626423185213704,False,False,False
2025-12-31 03:30:00+00:00,oos,0.7208845101637298,-0.40146237550181596,False,False,False
2025-12-31 03:45:00+00:00,oos,0.5858801134868661,-0.595218147858033,False,False,False
2025-12-31 04:00:00+00:00,oos,-0.5720807140642694,0.013248537898985509,False,False,False
2025-12-31 04:15:00+00:00,oos,-0.004073720674192305,-0.5460869690752113,False,False,False
2025-12-31 04:30:00+00:00,oos,0.24131036038372805,0.1135975728542546,False,False,False
2025-12-31 04:45:00+00:00,oos,-1.3867415457362082,-0.5275007030990688,False,False,False
2025-12-31 05:00:00+00:00,oos,1.2462770876103493,-0.5318000491088261,False,False,False
2025-12-31 05:15:00+00:00,oos,1.0151567067844958,0.7798600159785126,False,False,False
2025-12-31 05:30:00+00:00,oos,-0.14257735298905583,0.11108605162478292,False,False,False
2025-12-31 05:45:00+00:00,oos,-0.4348932684918596,-0.7499699965245037,False,False,False
2025-12-31 06:00:00+00:00,oos,-0.08986669499328759,-0.26903470222612147,False,False,False
2025-12-31 06:15:00+00:00,oos,0.5485062242603581,0.20949254922898625,False,False,False
2025-12-31 06:30:00+00:00,oos,-0.7704386925518889,0.13208201522479168,False,False,False
2025-12-31 06:45:00+00:00,oos,0.9251883422886239,0.12776506452256184,False,False,False
2025-12-31 07:00:00+00:00,oos,-0.5966595329649298,1.1697728489418835,False,False,False
2025-12-31 07:15:00+00:00,oos,1.0018545502909484,1.1594348803800805,False,False,False
2025-12-31 07:30:00+00:00,oos,0.42168020641363646,1.2280203544917156,False,False,False
2025-12-31 07:45:00+00:00,oos,1.1993098661640884,0.7665748568540233,False,False,False
2025-12-31 08:00:00+00:00,oos,1.0399783302094145,0.5560907700321489,False,False,False
2025-12-31 08:15:00+00:00,oos,-1.1026324060762653,0.41437981042079836,False,False,False
2025-12-31 08:30:00+00:00,oos,-1.0102678618128684,-0.17990421044596527,False,False,False
2025-12-31 08:45:00+00:00,oos,0.6125091598520503,-0.11345625787162823,False,False,False
2025-12-31 09:00:00+00:00,oos,1.227590747556759,0.9037284125924645,False,False,False
2025-12-31 09:15:00+00:00,oos,-0.12065745457661864,-0.5614633357734323,False,False,False
2025-12-31 09:30:00+00:00,oos,-0.32062810116918383,0.07649022717588004,False,False,False
2025-12-31 09:45:00+00:00,oos,0.21774077917028964,0.5956165951115443,False,False,False
2025-12-31 10:00:00+00:00,oos,0.39337981060908433,0.3364007321780369,False,False,False
2025-12-31 10:15:00+00:00,oos,-0.3963377468472072,-0.3124411706678221,False,False,False
2025-12-31 10:30:00+00:00,oos,0.7642538343102383,-0.5518590095156337,False,False,False
2025-12-31 10:45:00+00:00,oos,0.1056720536916002,0.6946652264662277,False,False,False
2025-12-31 11:00:00+00:00,oos,0.6874803578892962,0.3303655579331132,False,False,False
2025-12-31 11:15:00+00:00,oos,2.326486510686795,0.22130037193278146,True,False,False
2025-12-31 11:30:00+00:00,oos,2.264802096986489,1.6240804744626733,True,True,True
2025-12-31 11:45:00+00:00,oos,-0.7255679673565865,0.5772311453997829,False,False,False
2025-12-31 12:00:00+00:00,oos,-1.0479299504134683,1.1118968565782608,False,False,False
2025-12-31 12:15:00+00:00,oos,-1.1895293577723491,0.9324850684790885,False,False,False
2025-12-31 12:30:00+00:00,oos,-1.0803732182115813,0.5435926909043253,False,False,False
2025-12-31 12:45:00+00:00,oos,-0.020744782034296458,0.6228326282999009,False,False,False
2025-12-31 13:00:00+00:00,oos,0.34922150728156043,-0.09747995948641683,False,False,False
2025-12-31 13:15:00+00:00,oos,0.7306446535256477,0.38068181544793006,False,False,False
2025-12-31 13:30:00+00:00,oos,-3.0236046124567926,1.400222370642759,True,True,True
2025-12-31 13:45:00+00:00,oos,0.8057998905355158,0.8065486435305473,False,False,False
2025-12-31 14:00:00+00:00,oos,0.7973401827596018,0.3353729531478227,False,False,False
2025-12-31 14:15:00+00:00,oos,-1.2086079156855303,0.20839855838775326,False,False,False
2025-12-31 14:30:00+00:00,oos,-0.5841972810367436,1.6309036680298175,False,True,False
2025-12-31 14:45:00+00:00,oos,-0.7702618284550073,-0.008924991385451194,False,False,False
2025-12-31 15:00:00+00:00,oos,-0.36947951095334997,-0.3649411379979484,False,False,False
2025-12-31 15:15:00+00:00,oos,1.0160238720572266,1.4818709065695312,False,True,False
2025-12-31 15:30:00+00:00,oos,0.42943996318246497,1.3593522298878031,False,True,False
2025-12-31 15:45:00+00:00,oos,-0.14331714169464255,1.5181343804348377,False,True,False
2025-12-31 16:00:00+00:00,oos,0.4554411322312441,1.9831392043039056,False,True,False
2025-12-31 16:15:00+00:00,oos,0.13108444201206862,1.077070659226868,False,False,False
2025-12-31 16:30:00+00:00,oos,0.4955079826101009,2.509997789149792,False,True,False
2025-12-31 16:45:00+00:00,oos,0.5745573222186631,1.9810393417269379,False,True,False
2025-12-31 17:00:00+00:00,oos,0.8046161441203823,-0.5559110329056647,False,False,False
2025-12-31 17:15:00+00:00,oos,1.960989873340932,0.6887611833179775,True,False,False
2025-12-31 17:30:00+00:00,oos,1.246943521118463,0.8717380922871131,False,False,False
2025-12-31 17:45:00+00:00,oos,-0.34370270128765523,-0.17382249723495455,False,False,False
2025-12-31 18:00:00+00:00,oos,1.8472889490831308,0.6437419095139614,True,False,False
2025-12-31 18:15:00+00:00,oos,-0.01859599931892474,0.8566200175920015,False,False,False
2025-12-31 18:30:00+00:00,oos,0.03962336574656548,0.5791976608792526,False,False,False
2025-12-31 18:45:00+00:00,oos,-0.20632018000503463,-0.12249467599133418,False,False,False
2025-12-31 19:00:00+00:00,oos,1.4021069414313512,0.8287267359415191,False,False,False
2025-12-31 19:15:00+00:00,oos,1.0481478414729795,0.5213298467055199,False,False,False
2025-12-31 19:30:00+00:00,oos,1.2605923146298792,0.726697952876406,False,False,False
2025-12-31 19:45:00+00:00,oos,-0.04733771153330421,1.5284869166053838,False,True,False
2025-12-31 20:00:00+00:00,oos,-0.2863025528406037,0.34000898455471223,False,False,False
2025-12-31 20:15:00+00:00,oos,0.5522563531572858,0.12773706099484075,False,False,False
2025-12-31 20:30:00+00:00,oos,-0.14821223905812317,0.9865043677929236,False,False,False
2025-12-31 20:45:00+00:00,oos,1.2073647323185177,1.0383829855370532,False,False,False
2025-12-31 21:00:00+00:00,oos,-0.7472863724153912,-0.11892310101753975,False,False,False
2025-12-31 21:15:00+00:00,oos,0.7302870516869111,-0.06336224497012885,False,False,False
2025-12-31 21:30:00+00:00,oos,0.9511216756017232,-0.6516233150728973,False,False,False
2025-12-31 21:45:00+00:00,oos,-0.5582392044290957,0.38526058811413894,False,False,False
2025-12-31 22:00:00+00:00,oos,0.9638048562345238,0.964211457821749,False,False,False
2025-12-31 22:15:00+00:00,oos,0.8480649541439451,1.6448105498824837,False,True,False
2025-12-31 22:30:00+00:00,oos,-0.5428747094226595,1.920879292388047,False,True,False
2025-12-31 22:45:00+00:00,oos,1.3158336559966162,0.23578051946061013,False,False,False
2025-12-31 23:00:00+00:00,oos,-0.4619892867676139,-1.5947390186969477,False,False,False
2025-12-31 23:15:00+00:00,oos,-0.9138688444525785,0.04994700150810517,False,False,False
2025-12-31 23:30:00+00:00,oos,0.6342078122021141,-0.24436753404902645,False,False,False
2025-12-31 23:45:00+00:00,oos,-0.6861663487749562,-0.5078364125705999,False,False,False
2026-01-01 00:00:00+00:00,oos,1.9298638397239258,0.2763093102485463,True,False,False
2026-01-01 00:15:00+00:00,oos,1.8270827419635425,-0.06609872581536655,True,False,False
2026-01-01 00:30:00+00:00,oos,-0.6051572297326097,-0.4412090680178844,False,False,False
2026-01-01 00:45:00+00:00,oos,0.856453099881595,0.6358254717190182,False,False,False
2026-01-01 01:00:00+00:00,oos,2.420386721904894,0.7980606145971431,True,False,False
2026-01-01 01:15:00+00:00,oos,0.08379207471428722,1.3828447783663091,False,True,False
2026-01-01 01:30:00+00:00,oos,-0.7586020212442259,0.7644030907425405,False,False,False
2026-01-01 01:45:00+00:00,oos,1.4828236650525632,2.5072435333871703,False,True,False
2026-01-01 02:00:00+00:00,oos,0.3458253685697338,1.7730791469886162,False,True,False
2026-01-01 02:15:00+00:00,oos,-0.5483339039485835,1.9664012338763122,False,True,False
2026-01-01 02:30:00+00:00,oos,-0.013999450096127932,2.4134625773535507,False,True,False
2026-01-01 02:45:00+00:00,oos,0.5767685210868779,0.9699476119019576,False,False,False
2026-01-01 03:00:00+00:00,oos,-0.4306294677516022,1.8437088461539224,False,True,False
2026-01-01 03:15:00+00:00,oos,0.8301412048049236,1.6949153311752094,False,True,False
2026-01-01 03:30:00+00:00,oos,-0.1333368910703618,2.5544118369842366,False,True,False
2026-01-01 03:45:00+00:00,oos,-0.9474869613666369,-0.3201581470405604,False,False,False
2026-01-01 04:00:00+00:00,oos,-1.5005261280536306,0.6922481332369776,False,False,False
2026-01-01 04:15:00+00:00,oos,0.4939187627167575,1.6073044231589395,False,True,False
2026-01-01 04:30:00+00:00,oos,-1.627926777105975,1.5229936108087265,True,True,True
2026-01-01 04:45:00+00:00,oos,1.5317816257150554,0.7789942212519243,False,False,False
2026-01-01 05:00:00+00:00,oos,0.05231657835576839,0.9338181836852759,False,False,False
2026-01-01 05:15:00+00:00,oos,-0.9283713431678615,1.3996730082814084,False,True,False
2026-01-01 05:30:00+00:00,oos,-1.3912586293672957,1.7023146022121882,False,True,False
2026-01-01 05:45:00+00:00,oos,-0.74155678328136,0.6587885465059456,False,False,False
2026-01-01 06:00:00+00:00,oos,-2.201288333524938,0.2824896130730267,True,False,False
2026-01-01 06:15:00+00:00,oos,-2.67875616698899,-0.20917519818210212,True,False,False
2026-01-01 06:30:00+00:00,oos,-2.301442665784483,-0.12806471266550223,True,False,False
2026-01-01 06:45:00+00:00,oos,-0.9625871779255242,0.8938967156375098,False,False,False
2026-01-01 07:00:00+00:00,oos,0.596564326782266,1.2781485487310116,False,False,False
2026-01-01 07:15:00+00:00,oos,0.2953061207829406,0.4406176296718378,False,False,False
2026-01-01 07:30:00+00:00,oos,-1.2069713193463854,0.15263665893763945,False,False,False
2026-01-01 07:45:00+00:00,oos,-1.2708350884606894,-0.176091148749859,False,False,False
2026-01-01 08:00:00+00:00,oos,-0.44696892779360703,-0.24757490563380496,False,False,False
2026-01-01 08:15:00+00:00,oos,-2.1049722893434812,-0.32564763126207746,True,False,False
2026-01-01 08:30:00+00:00,oos,-0.17415517235870015,0.12374591091743252,False,False,False
2026-01-01 08:45:00+00:00,oos,2.3326607810667017,0.34010160654823046,True,False,False
2026-01-01 09:00:00+00:00,oos,0.7166816267423605,0.5249464666227293,False,False,False
2026-01-01 09:15:00+00:00,oos,-2.151467349900702,-0.5458707827021976,True,False,False
2026-01-01 09:30:00+00:00,oos,2.145015702601622,0.14019471100404643,True,False,False
2026-01-01 09:45:00+00:00,oos,-2.1114271480705855,0.1366148663757819,True,False,False
2026-01-01 10:00:00+00:00,oos,-2.1637870768467535,-0.11765332681412877,True,False,False
2026-01-01 10:15:00+00:00,oos,-2.176950928694614,0.06410380526444429,True,False,False
2026-01-01 10:30:00+00:00,oos,-0.7141582977559635,0.7243174761227713,False,False,False
2026-01-01 10:45:00+00:00,oos,-0.9819853314061054,0.21824050237742632,False,False,False
2026-01-01 11:00:00+00:00,oos,-0.6560716522713287,0.45872299753428597,False,False,False
2026-01-01 11:15:00+00:00,oos,-1.5936887142686076,0.4837892665109869,True,False,False
2026-01-01 11:30:00+00:00,oos,-2.159971301550792,0.7836401276212758,True,False,False
2026-01-01 11:45:00+00:00,oos,1.9952309261670074,0.21756227704690936,True,False,False
2026-01-01 12:00:00+00:00,oos,-2.5590038233462655,0.9718285947710359,True,False,False
2026-01-01 12:15:00+00:00,oos,-1.3809532689375477,0.35882951585726863,False,False,False
2026-01-01 12:30:00+00:00,oos,-0.8285279326591851,1.3541810822447515,False,True,False
2026-01-01 12:45:00+00:00,oos,-1.6110076923756682,0.779899313235451,True,False,False
2026-01-01 13:00:00+00:00,oos,-0.7715573871957763,1.1152755385961644,False,False,False
2026-01-01 13:15:00+00:00,oos,-0.20881592376121624,0.22178472544234581,False,False,False
2026-01-01 13:30:00+00:00,oos,-1.7061834679681664,0.31868637610229167,True,False,False
2026-01-01 13:45:00+00:00,oos,-1.0746883037967678,0.014263797793136083,False,False,False
2026-01-01 14:00:00+00:00,oos,-1.486695398303678,0.949617576606868,False,False,False
2026-01-01 14:15:00+00:00,oos,-2.2025690148203774,1.0893050699534053,True,False,False
2026-01-01 14:30:00+00:00,oos,0.3603290819214187,0.8318454423844551,False,False,False
2026-01-01 14:45:00+00:00,oos,1.1240568142224114,0.9866796916293844,False,False,False
2026-01-01 15:00:00+00:00,oos,-0.9316424143586305,1.0547354926535664,False,False,False
2026-01-01 15:15:00+00:00,oos,0.3431591702929452,1.7801275817865478,False,True,False
2026-01-01 15:30:00+00:00,oos,0.4157147590406039,1.4212240446732398,False,True,False
2026-01-01 15:45:00+00:00,oos,0.32834779310663514,0.8139301538047408,False,False,False
2026-01-01 16:00:00+00:00,oos,-1.2167939625470894,1.1940170801377534,False,False,False
2026-01-01 16:15:00+00:00,oos,-1.932459297138059,1.4007798771469304,True,True,True
2026-01-01 16:30:00+00:00,oos,-0.5659160819439588,0.940134566913095,False,False,False
2026-01-01 16:45:00+00:00,oos,1.2347396390904535,0.501621131790853,False,False,False
2026-01-01 17:00:00+00:00,oos,-0.10710664440023057,0.49440043853765814,False,False,False
2026-01-01 17:15:00+00:00,oos,0.5950405745050286,-0.18574741325459784,False,False,False
2026-01-01 17:30:00+00:00,oos,0.3951571604974047,1.2029145887907202,False,False,False
2026-01-01 17:45:00+00:00,oos,-0.7292743644030032,0.9939451114461966,False,False,False
2026-01-01 18:00:00+00:00,oos,-0.8921654697836839,0.7867547040689471,False,False,False
2026-01-01 18:15:00+00:00,oos,-0.7642317163465411,0.5016025085388018,False,False,False
2026-01-01 18:30:00+00:00,oos,-1.27999408396033,0.9130486240701242,False,False,False
2026-01-01 18:45:00+00:00,oos,-0.3626330017158061,0.4886664339504751,False,False,False
2026-01-01 19:00:00+00:00,oos,-0.8102941414613374,1.1030675047550722,False,False,False
2026-01-01 19:15:00+00:00,oos,-0.3276969714239353,0.3917035502678808,False,False,False
2026-01-01 19:30:00+00:00,oos,0.10091457695640837,0.8186759696810452,False,False,False
2026-01-01 19:45:00+00:00,oos,-0.5519614688578439,0.7306302254662194,False,False,False
2026-01-01 20:00:00+00:00,oos,-0.2765005463419605,1.1942060168536577,False,False,False
2026-01-01 20:15:00+00:00,oos,-2.347681298003591,1.9851616702962847,True,True,True
2026-01-01 20:30:00+00:00,oos,-1.9732141631477251,0.819003952089449,True,False,False
2026-01-01 20:45:00+00:00,oos,1.0182176475482951,0.8946347064210357,False,False,False
2026-01-01 21:00:00+00:00,oos,-0.644103072903949,1.0751794902015237,False,False,False
2026-01-01 21:15:00+00:00,oos,-1.7255901904561264,0.3980072690980921,True,False,False
2026-01-01 21:30:00+00:00,oos,-1.37928201896424,0.6102119952424621,False,False,False
2026-01-01 21:45:00+00:00,oos,2.217261138115497,0.7273990746966141,True,False,False
2026-01-01 22:00:00+00:00,oos,-0.13622790936911747,0.892879289801594,False,False,False
2026-01-01 22:15:00+00:00,oos,0.10544293021745743,3.1800879625641487,False,True,False
2026-01-01 22:30:00+00:00,oos,-1.481598250535476,2.3640006294974665,False,True,False
2026-01-01 22:45:00+00:00,oos,0.7757519595941866,0.11955554445221793,False,False,False
2026-01-01 23:00:00+00:00,oos,-0.8547709637602778,-1.2175921709884654,False,False,False
2026-01-01 23:15:00+00:00,oos,1.0566079800574115,-0.24694431743102074,False,False,False
2026-01-01 23:30:00+00:00,oos,-0.2150696364618091,0.27272024588838595,False,False,False
2026-01-01 23:45:00+00:00,oos,0.6762182411196331,1.5524852231663901,False,True,False
2026-01-02 00:00:00+00:00,oos,-1.9684192608438966,0.5129937983275206,True,False,False
2026-01-02 00:15:00+00:00,oos,-1.9472482790628625,0.43938805080712917,True,False,False
2026-01-02 00:30:00+00:00,oos,-0.061181895849300436,0.8606471918938261,False,False,False
2026-01-02 00:45:00+00:00,oos,-0.20399339653767276,-0.5338942700152174,False,False,False
2026-01-02 01:00:00+00:00,oos,-1.257065779428286,0.3689162722500974,False,False,False
2026-01-02 01:15:00+00:00,oos,-0.8518818775125072,0.01665659792970873,False,False,False
2026-01-02 01:30:00+00:00,oos,-1.7120558006371642,-0.12937307098613446,True,False,False
2026-01-02 01:45:00+00:00,oos,-1.1700859432910318,0.002998768292540974,False,False,False
2026-01-02 02:00:00+00:00,oos,-2.1652691683627165,0.6022950016636561,True,False,False
2026-01-02 02:15:00+00:00,oos,0.42800501801798385,0.04720321058774423,False,False,False
2026-01-02 02:30:00+00:00,oos,1.3713846306790705,-0.49462012992516496,False,False,False
2026-01-02 02:45:00+00:00,oos,1.1174599506274092,0.38706305820243875,False,False,False
2026-01-02 03:00:00+00:00,oos,-0.045418893063319754,0.345371081502776,False,False,False
2026-01-02 03:15:00+00:00,oos,-0.9249430445608003,0.9739001426629609,False,False,False
2026-01-02 03:30:00+00:00,oos,0.9980969409986787,0.2410047200960129,False,False,False
2026-01-02 03:45:00+00:00,oos,-0.38840570984588174,1.5493077175315637,False,True,False
2026-01-02 04:00:00+00:00,oos,-0.8724077025286276,0.4210019017260894,False,False,False
2026-01-02 04:15:00+00:00,oos,-0.720149898198921,1.2315387690297839,False,False,False
2026-01-02 04:30:00+00:00,oos,-0.7144089049355156,0.7653142952926184,False,False,False
2026-01-02 04:45:00+00:00,oos,0.8064483813301848,0.8409357230582872,False,False,False
2026-01-02 05:00:00+00:00,oos,-0.2630364140054007,0.7845785967594848,False,False,False
2026-01-02 05:15:00+00:00,oos,-1.9459153675156486,1.6839703173088743,True,True,True
2026-01-02 05:30:00+00:00,oos,0.7411144388436987,0.5994204170205099,False,False,False
2026-01-02 05:45:00+00:00,oos,-0.6695753791271678,1.3127284721814856,False,True,False
2026-01-02 06:00:00+00:00,oos,-0.45729672126663157,1.1936021621057062,False,False,False
2026-01-02 06:15:00+00:00,oos,0.3660706388978706,0.4069040134180487,False,False,False
2026-01-02 06:30:00+00:00,oos,0.18832930648678847,0.3974625276505145,False,False,False
2026-01-02 06:45:00+00:00,oos,-1.6486579781559856,1.955749644115895,True,True,True
2026-01-02 07:00:00+00:00,oos,-1.0207438935298958,0.44896082164512824,False,False,False
2026-01-02 07:15:00+00:00,oos,-2.0919344702668345,0.7977635981605393,True,False,False
2026-01-02 07:30:00+00:00,oos,-2.1530309447092244,1.8857059342997005,True,True,True
2026-01-02 07:45:00+00:00,oos,-1.713079983559565,1.3034916848306037,True,True,True
2026-01-02 08:00:00+00:00,oos,-0.404507871201703,0.5591335546830855,False,False,False
2026-01-02 08:15:00+00:00,oos,-0.5410104814265685,0.3225423885279827,False,False,False
2026-01-02 08:30:00+00:00,oos,0.6946918022673214,1.8690531755109505,False,True,False
2026-01-02 08:45:00+00:00,oos,0.6154145455159464,-0.18959430693876578,False,False,False
2026-01-02 09:00:00+00:00,oos,0.850511518668174,1.1427553112054902,False,False,False
2026-01-02 09:15:00+00:00,oos,0.6518711276122799,0.17293939816044895,False,False,False
2026-01-02 09:30:00+00:00,oos,1.4873943875058742,-0.9745571261921446,False,False,False
2026-01-02 09:45:00+00:00,oos,-0.32547611994850023,1.3721417816239987,False,True,False
2026-01-02 10:00:00+00:00,oos,1.3920411755039381,0.6125324794796946,False,False,False
2026-01-02 10:15:00+00:00,oos,0.04464098177571915,0.33927455767461284,False,False,False
2026-01-02 10:30:00+00:00,oos,0.3831037959027313,0.8752056590165699,False,False,False
2026-01-02 10:45:00+00:00,oos,-0.6829234292470296,0.6315880726327618,False,False,False
2026-01-02 11:00:00+00:00,oos,-0.6690125239177139,-0.08825910194209652,False,False,False
2026-01-02 11:15:00+00:00,oos,-0.20841006022363662,-0.12764148385597926,False,False,False
2026-01-02 11:30:00+00:00,oos,-0.895798990221902,1.0693559107596908,False,False,False
2026-01-02 11:45:00+00:00,oos,-1.835232022343269,0.8451465905749553,True,False,False
2026-01-02 12:00:00+00:00,oos,0.2610728577636458,-0.42491909015117896,False,False,False
2026-01-02 12:15:00+00:00,oos,-0.20382759565083916,0.5428877752161703,False,False,False
2026-01-02 12:30:00+00:00,oos,-0.37744425918905494,0.73286056566307,False,False,False
2026-01-02 12:45:00+00:00,oos,-0.8034039607946003,-1.3296903413421242,False,False,False
2026-01-02 13:00:00+00:00,oos,0.1660395580722258,0.4462302329072673,False,False,False
2026-01-02 13:15:00+00:00,oos,-0.04564763709372836,0.24406131739249215,False,False,False
2026-01-02 13:30:00+00:00,oos,-0.4400595670231441,0.26923683956913647,False,False,False
2026-01-02 13:45:00+00:00,oos,-1.6098794997219255,-0.010454282963739887,True,False,False
2026-01-02 14:00:00+00:00,oos,-1.5355976735866592,1.2126255491612798,False,False,False
2026-01-02 14:15:00+00:00,oos,-0.7909529904857433,1.6557739819990325,False,True,False
2026-01-02 14:30:00+00:00,oos,0.6745017889893824,0.4622231483329431,False,False,False
2026-01-02 14:45:00+00:00,oos,0.24110415269906332,1.5389405350085383,False,True,False
2026-01-02 15:00:00+00:00,oos,-0.19144023130907223,-0.168338584461637,False,False,False
2026-01-02 15:15:00+00:00,oos,0.031515890133382705,0.5825625544534964,False,False,False
2026-01-02 15:30:00+00:00,oos,0.21219896922466883,0.6785964423628109,False,False,False
2026-01-02 15:45:00+00:00,oos,-0.09656525683957838,0.99711756513727,False,False,False
2026-01-02 16:00:00+00:00,oos,-0.4398959603676002,0.3080030351262725,False,False,False
2026-01-02 16:15:00+00:00,oos,-0.2041017563999279,2.348543103273678,False,True,False
2026-01-02 16:30:00+00:00,oos,-0.3964988212362145,0.43593644027839384,False,False,False
2026-01-02 16:45:00+00:00,oos,-0.16947743127930698,-0.2304965389654702,False,False,False
2026-01-02 17:00:00+00:00,oos,-0.5044518754476006,0.25049159471852295,False,False,False
2026-01-02 17:15:00+00:00,oos,0.7528217760466631,-0.44545684217200504,False,False,False
2026-01-02 17:30:00+00:00,oos,-1.2249758722722626,-0.7309253257244969,False,False,False
2026-01-02 17:45:00+00:00,oos,-1.3354679024427083,-0.06312980622947831,False,False,False
2026-01-02 18:00:00+00:00,oos,-0.30501727977617826,0.9211756494579023,False,False,False
2026-01-02 18:15:00+00:00,oos,0.07224331098333613,1.3570312389253452,False,True,False
2026-01-02 18:30:00+00:00,oos,-1.416294193735038,1.4113228075612516,False,True,False
2026-01-02 18:45:00+00:00,oos,-0.9385535282049662,0.6765983408384678,False,False,False
2026-01-02 19:00:00+00:00,oos,0.5315122317791284,0.41093057662111876,False,False,False
2026-01-02 19:15:00+00:00,oos,0.30464816982292425,1.293833295862581,False,True,False
2026-01-02 19:30:00+00:00,oos,0.6667447570690116,0.8153901554778298,False,False,False
2026-01-02 19:45:00+00:00,oos,-0.6755189925357188,-0.19272387375978603,False,False,False
2026-01-02 20:00:00+00:00,oos,0.24377230674337697,1.8240149993245058,False,True,False
2026-01-02 20:15:00+00:00,oos,-0.1817766691051265,0.7434830092586672,False,False,False
2026-01-02 20:30:00+00:00,oos,0.44762867435332293,-0.1727689126116501,False,False,False
2026-01-02 20:45:00+00:00,oos,-1.1219671304047891,1.2153526673602775,False,False,False
2026-01-02 21:00:00+00:00,oos,0.22316910884667926,-0.1137318528215578,False,False,False
2026-01-02 21:15:00+00:00,oos,1.2857868146815536,0.4774406527264077,False,False,False
2026-01-02 21:30:00+00:00,oos,2.1215788737256522,0.39322836224272356,True,False,False
2026-01-02 21:45:00+00:00,oos,1.2050369907187353,0.20145269705860847,False,False,False
2026-01-02 22:00:00+00:00,oos,0.17939647686120477,2.442257883321623,False,True,False
2026-01-02 22:15:00+00:00,oos,-0.6370443392428414,1.864918623299584,False,True,False
2026-01-02 22:30:00+00:00,oos,0.8518569450300473,1.410660255807137,False,True,False
2026-01-02 22:45:00+00:00,oos,-0.6754020900109395,0.7307194927086201,False,False,False
2026-01-02 23:00:00+00:00,oos,-0.40766178791040175,-1.7898528051752876,False,False,False
2026-01-02 23:15:00+00:00,oos,-1.1132770242565333,-0.8055770558098528,False,False,False
2026-01-02 23:30:00+00:00,oos,1.1412610585677878,0.7722222471467932,False,False,False
2026-01-02 23:45:00+00:00,oos,-0.9703619548167212,1.4112560899550897,False,True,False
2026-01-03 00:00:00+00:00,oos,0.49907888598281575,1.1180066013867005,False,False,False
2026-01-03 00:15:00+00:00,oos,0.4240251444435136,-0.27629486352660315,False,False,False
2026-01-03 00:30:00+00:00,oos,0.6412955009083409,0.3276747595564962,False,False,False
2026-01-03 00:45:00+00:00,oos,0.6433616551158828,0.7141792969930973,False,False,False
2026-01-03 01:00:00+00:00,oos,0.6518843222935274,1.0232454369627044,False,False,False
2026-01-03 01:15:00+00:00,oos,0.014330635405877345,1.681889345823146,False,True,False
2026-01-03 01:30:00+00:00,oos,0.7828548314906418,-0.15375160139704488,False,False,False
2026-01-03 01:45:00+00:00,oos,2.207348925514711,0.7387776338980225,True,False,False
2026-01-03 02:00:00+00:00,oos,-0.7244020490686467,0.9755651336616293,False,False,False
2026-01-03 02:15:00+00:00,oos,0.41380075122796867,0.33911032514532086,False,False,False
2026-01-03 02:30:00+00:00,oos,1.7263579131948834,0.469581119459144,True,False,False
2026-01-03 02:45:00+00:00,oos,1.4350882730168786,1.6838887824986404,False,True,False
2026-01-03 03:00:00+00:00,oos,-0.6764655432455435,0.045099574450925474,False,False,False
2026-01-03 03:15:00+00:00,oos,0.6710737421584246,0.8712297882088444,False,False,False
2026-01-03 03:30:00+00:00,oos,1.7989811920012164,0.39301190581254225,True,False,False
2026-01-03 03:45:00+00:00,oos,0.47199730568668,0.16977989211590663,False,False,False
2026-01-03 04:00:00+00:00,oos,0.12114370165191062,-0.3284765181418603,False,False,False
2026-01-03 04:15:00+00:00,oos,1.008804399509126,-0.07917916280559759,False,False,False
2026-01-03 04:30:00+00:00,oos,-0.9849033673788966,0.4344029961278434,False,False,False
2026-01-03 04:45:00+00:00,oos,-0.9783621712908609,-0.34241922836093497,False,False,False
2026-01-03 05:00:00+00:00,oos,0.003827213520286765,0.20303693032980266,False,False,False
2026-01-03 05:15:00+00:00,oos,-0.6044518301581266,0.5296265533087248,False,False,False
2026-01-03 05:30:00+00:00,oos,-0.8954868507209156,1.0682289562382086,False,False,False
2026-01-03 05:45:00+00:00,oos,0.5432622038404196,0.20642142084955453,False,False,False
2026-01-03 06:00:00+00:00,oos,1.2428947600593716,0.7854521388878823,False,False,False
2026-01-03 06:15:00+00:00,oos,-2.347574695238037,0.5217832299445214,True,False,False
2026-01-03 06:30:00+00:00,oos,-1.2354184120492357,0.19414292048027135,False,False,False
2026-01-03 06:45:00+00:00,oos,-1.8621837402395174,0.7882840237593046,True,False,False
2026-01-03 07:00:00+00:00,oos,-2.257330923091702,-0.22623477847316473,True,False,False
2026-01-03 07:15:00+00:00,oos,-0.6880082779590676,2.366784821995068,False,True,False
2026-01-03 07:30:00+00:00,oos,-0.8688906602553238,0.9765803154694228,False,False,False
2026-01-03 07:45:00+00:00,oos,0.05088932248156105,-0.2540258007924643,False,False,False
2026-01-03 08:00:00+00:00,oos,-0.4686840133295129,0.9570643611685354,False,False,False
2026-01-03 08:15:00+00:00,oos,1.9893390622681641,1.5075471507195741,True,True,True
2026-01-03 08:30:00+00:00,oos,0.5189630423501774,0.32551719320435607,False,False,False
2026-01-03 08:45:00+00:00,oos,0.22937960055332318,1.2609437760997186,False,False,False
2026-01-03 09:00:00+00:00,oos,1.1569852790599806,0.5700433567456696,False,False,False
2026-01-03 09:15:00+00:00,oos,1.1547687735215457,1.3593687634670117,False,True,False
2026-01-03 09:30:00+00:00,oos,0.07107618750537455,0.6926522263313881,False,False,False
2026-01-03 09:45:00+00:00,oos,-0.10831801682379429,0.7213806267683391,False,False,False
2026-01-03 10:00:00+00:00,oos,-0.1100265894938955,0.20187048972739538,False,False,False
2026-01-03 10:15:00+00:00,oos,0.08695103410150384,0.4184472206235094,False,False,False
2026-01-03 10:30:00+00:00,oos,-0.6718996573311282,-0.9928971071783491,False,False,False
2026-01-03 10:45:00+00:00,oos,-0.6595571048835069,0.7589562155664203,False,False,False
2026-01-03 11:00:00+00:00,oos,-1.1135822370709942,-0.30882184299845966,False,False,False
2026-01-03 11:15:00+00:00,oos,-1.3993160569667304,0.10638589201741733,False,False,False
2026-01-03 11:30:00+00:00,oos,0.4432543868508815,-0.052526421213708895,False,False,False
2026-01-03 11:45:00+00:00,oos,1.8086653096393241,0.7448666845763491,True,False,False
2026-01-03 12:00:00+00:00,oos,-0.6382480058398398,0.28588136268611236,False,False,False
2026-01-03 12:15:00+00:00,oos,2.378722101950652,-0.11446984952140149,True,False,False
2026-01-03 12:30:00+00:00,oos,0.2951563937440743,-0.26742229663067935,False,False,False
2026-01-03 12:45:00+00:00,oos,0.8905105175964423,0.2882019161187934,False,False,False
2026-01-03 13:00:00+00:00,oos,-1.488551845022742,0.7352793420458603,False,False,False
2026-01-03 13:15:00+00:00,oos,1.3750144841744065,-0.848925994821976,False,False,False
2026-01-03 13:30:00+00:00,oos,-0.10067443973506879,1.0847132861556494,False,False,False
2026-01-03 13:45:00+00:00,oos,0.6915982942769824,-0.28089316996120256,False,False,False
2026-01-03 14:00:00+00:00,oos,2.3145661096374734,0.15276734258715163,True,False,False
2026-01-03 14:15:00+00:00,oos,1.7669758926428032,1.0278468967549317,True,False,False
2026-01-03 14:30:00+00:00,oos,0.3929980725253488,0.6241794937172453,False,False,False
2026-01-03 14:45:00+00:00,oos,-0.760972869846621,1.1763433918003487,False,False,False
2026-01-03 15:00:00+00:00,oos,-1.214502139613909,0.5876301245054708,False,False,False
2026-01-03 15:15:00+00:00,oos,0.5249651057492121,-0.9728068561017924,False,False,False
2026-01-03 15:30:00+00:00,oos,-0.6832837726371143,0.9774553721914321,False,False,False
2026-01-03 15:45:00+00:00,oos,-1.7992030774449734,-0.19477776321034826,True,False,False
2026-01-03 16:00:00+00:00,oos,-0.09276696636828878,0.9343737581022737,False,False,False
2026-01-03 16:15:00+00:00,oos,-0.5358004537799024,-0.5735746738091742,False,False,False
2026-01-03 16:30:00+00:00,oos,0.7451474672531218,0.47180813832196283,False,False,False
2026-01-03 16:45:00+00:00,oos,-1.4464245414230659,0.29673927713239207,False,False,False
2026-01-03 17:00:00+00:00,oos,-1.0916660889374328,-0.15648506005332424,False,False,False
2026-01-03 17:15:00+00:00,oos,1.2300395920395044,0.1560891115399222,False,False,False
2026-01-03 17:30:00+00:00,oos,1.9734565892413123,0.5243888564706963,True,False,False
2026-01-03 17:45:00+00:00,oos,0.8735161700650909,-0.7500696436132233,False,False,False
2026-01-03 18:00:00+00:00,oos,-0.6026425369527627,-0.047903291893487326,False,False,False
2026-01-03 18:15:00+00:00,oos,2.6583944762407743,0.6301084816377409,True,False,False
2026-01-03 18:30:00+00:00,oos,1.0318087433461542,0.17326933295357314,False,False,False
2026-01-03 18:45:00+00:00,oos,-1.5510244590958995,-0.1759384213338749,False,False,False
2026-01-03 19:00:00+00:00,oos,-0.9857674957415385,0.6422126694105017,False,False,False
2026-01-03 19:15:00+00:00,oos,0.28654121671121957,-0.08460083530054614,False,False,False
2026-01-03 19:30:00+00:00,oos,0.032416292063765624,-0.15952852161422496,False,False,False
2026-01-03 19:45:00+00:00,oos,-0.5376046263580488,-0.9079650569299631,False,False,False
2026-01-03 20:00:00+00:00,oos,-2.6561233756527494,0.5864401026700768,True,False,False
2026-01-03 20:15:00+00:00,oos,1.9385345956723057,-0.1236893191135159,True,False,False
2026-01-03 20:30:00+00:00,oos,0.90266283242032,0.4654650193782141,False,False,False
2026-01-03 20:45:00+00:00,oos,0.01745215579976204,-0.9271909978299611,False,False,False
2026-01-03 21:00:00+00:00,oos,0.6231612476657418,0.8518530281339883,False,False,False
2026-01-03 21:15:00+00:00,oos,1.4521746701630933,0.4877266465798375,False,False,False
2026-01-03 21:30:00+00:00,oos,-0.33668902912386106,0.3501912377005047,False,False,False
2026-01-03 21:45:00+00:00,oos,-0.2402281926828805,-0.41038043497010834,False,False,False
2026-01-03 22:00:00+00:00,oos,0.38163869863476735,1.809341576549171,False,True,False
2026-01-03 22:15:00+00:00,oos,2.042975180179497,2.7275413195103955,True,True,True
2026-01-03 22:30:00+00:00,oos,0.7104514748932023,1.712167147140705,False,True,False
2026-01-03 22:45:00+00:00,oos,-0.29068456058695596,-0.41594755806709743,False,False,False
2026-01-03 23:00:00+00:00,oos,0.4219339224649714,-1.2749490932992735,False,False,False
2026-01-03 23:15:00+00:00,oos,1.7221101520376452,-0.4533905991229463,True,False,False
2026-01-03 23:30:00+00:00,oos,0.561644404123947,0.6155342700227379,False,False,False
2026-01-03 23:45:00+00:00,oos,-0.23861942576715747,-1.1618202964093984,False,False,False
2026-01-04 00:00:00+00:00,oos,0.5093835237650556,2.4986417884755405,False,True,False
2026-01-04 00:15:00+00:00,oos,0.40543310604100197,-0.12584052252222086,False,False,False
2026-01-04 00:30:00+00:00,oos,0.6748836874118489,0.2732131008201769,False,False,False
2026-01-04 00:45:00+00:00,oos,2.0181362591207157,-0.13046212135169405,True,False,False
2026-01-04 01:00:00+00:00,oos,0.2912710319174257,0.10342316809045132,False,False,False
2026-01-04 01:15:00+00:00,oos,-1.0416231943498686,1.9291035668703456,False,True,False
2026-01-04 01:30:00+00:00,oos,-0.010111893888914782,0.8383267311816854,False,False,False
2026-01-04 01:45:00+00:00,oos,0.16188130726220942,-0.0651677970752979,False,False,False
2026-01-04 02:00:00+00:00,oos,0.4916060699858246,0.7310775426627539,False,False,False
2026-01-04 02:15:00+00:00,oos,0.28471679400645145,0.38973836583407706,False,False,False
2026-01-04 02:30:00+00:00,oos,-0.5632536625730231,-0.05681441022159488,False,False,False
2026-01-04 02:45:00+00:00,oos,-0.7920306444811069,-0.13883147493061396,False,False,False
2026-01-04 03:00:00+00:00,oos,0.7677429027174766,0.5761695461105144,False,False,False
2026-01-04 03:15:00+00:00,oos,0.03649907229041187,0.8114487894478726,False,False,False
2026-01-04 03:30:00+00:00,oos,-0.0641143100644693,1.204745716958555,False,False,False
2026-01-04 03:45:00+00:00,oos,1.342668932113905,1.5363799475528854,False,True,False
2026-01-04 04:00:00+00:00,oos,1.2684187335101336,-0.0028181746974186832,False,False,False
2026-01-04 04:15:00+00:00,oos,1.4714290004267607,1.0327240501844177,False,False,False
2026-01-04 04:30:00+00:00,oos,1.1546353099757711,-0.15016186613464697,False,False,False
2026-01-04 04:45:00+00:00,oos,-0.17215168330817926,0.33547838688230125,False,False,False
2026-01-04 05:00:00+00:00,oos,0.05407925832840868,1.046392125923087,False,False,False
2026-01-04 05:15:00+00:00,oos,1.0882358425806877,0.16513003524888645,False,False,False
2026-01-04 05:30:00+00:00,oos,-0.527086028269438,-0.3220983268572472,False,False,False
2026-01-04 05:45:00+00:00,oos,1.2161209743811416,-0.8149850943463685,False,False,False
2026-01-04 06:00:00+00:00,oos,1.9075018534218457,0.32494750141931755,True,False,False
2026-01-04 06:15:00+00:00,oos,0.9291574056458209,1.3940226165899299,False,True,False
2026-01-04 06:30:00+00:00,oos,0.041450007518425744,0.7722720587534203,False,False,False
2026-01-04 06:45:00+00:00,oos,-0.41854441336878406,0.8578993891984814,False,False,False
2026-01-04 07:00:00+00:00,oos,0.6937367474065256,0.8804648963134173,False,False,False
2026-01-04 07:15:00+00:00,oos,-1.2704321539792438,0.6661174437538011,False,False,False
2026-01-04 07:30:00+00:00,oos,-0.15681574290839076,0.4665642555756367,False,False,False
2026-01-04 07:45:00+00:00,oos,-1.7471212451851053,0.31404549634578866,True,False,False
2026-01-04 08:00:00+00:00,oos,-1.5098403918323915,2.0202574146849837,False,True,False
2026-01-04 08:15:00+00:00,oos,-0.7781417579215129,0.14830514140063758,False,False,False
2026-01-04 08:30:00+00:00,oos,1.6375081092464459,-0.40148666602415606,True,False,False
2026-01-04 08:45:00+00:00,oos,0.2180162908282027,-0.10971716696293474,False,False,False
2026-01-04 09:00:00+00:00,oos,0.2888514497984712,0.08914960911164238,False,False,False
2026-01-04 09:15:00+00:00,oos,-1.3952030568680238,1.0952879988963762,False,False,False
2026-01-04 09:30:00+00:00,oos,-0.2760362315927525,-0.07802741122447365,False,False,False
2026-01-04 09:45:00+00:00,oos,0.4417570240257123,0.019511521513215016,False,False,False
2026-01-04 10:00:00+00:00,oos,0.684391182208606,0.6679326305927806,False,False,False
2026-01-04 10:15:00+00:00,oos,0.4418707328000569,-0.2667570500911964,False,False,False
2026-01-04 10:30:00+00:00,oos,0.8755900768989718,-0.2287412090181992,False,False,False
2026-01-04 10:45:00+00:00,oos,1.8682231926823165,0.5359357558581487,True,False,False
2026-01-04 11:00:00+00:00,oos,-1.1713858073119696,0.9126154438558607,False,False,False
2026-01-04 11:15:00+00:00,oos,-0.07744835855106215,-0.6496172277593795,False,False,False
2026-01-04 11:30:00+00:00,oos,-0.8549892786164498,0.04450980429837074,False,False,False
2026-01-04 11:45:00+00:00,oos,0.3330452244958749,-1.125928804643038e-05,False,False,False
2026-01-04 12:00:00+00:00,oos,0.027941159882665045,0.07786382945507382,False,False,False
2026-01-04 12:15:00+00:00,oos,1.2906949126809382,-0.2537437285573741,False,False,False
2026-01-04 12:30:00+00:00,oos,0.13564978436319555,0.7664230171657328,False,False,False
2026-01-04 12:45:00+00:00,oos,0.5518538776422989,-0.6492603133772158,False,False,False
2026-01-04 13:00:00+00:00,oos,-0.3740923385994554,-0.4248641253947652,False,False,False
2026-01-04 13:15:00+00:00,oos,-1.4461680631576903,1.1666380185579832,False,False,False
2026-01-04 13:30:00+00:00,oos,0.5913081745681009,1.7820582051803073,False,True,False
2026-01-04 13:45:00+00:00,oos,1.2382988727339521,1.4006910371546366,False,True,False
2026-01-04 14:00:00+00:00,oos,0.9583302939909801,0.33065801868753664,False,False,False
2026-01-04 14:15:00+00:00,oos,-2.3947863195001644,0.874529083205017,True,False,False
2026-01-04 14:30:00+00:00,oos,0.3369495194842851,1.0101287723297834,False,False,False
2026-01-04 14:45:00+00:00,oos,-0.2753971960856329,-0.6193967553805934,False,False,False
2026-01-04 15:00:00+00:00,oos,1.1371606486664325,0.5195637371031333,False,False,False
2026-01-04 15:15:00+00:00,oos,-0.2559622653706576,-0.06517092917143712,False,False,False
2026-01-04 15:30:00+00:00,oos,-0.5275307540981887,0.5077164529938696,False,False,False
2026-01-04 15:45:00+00:00,oos,-0.4323839022897673,1.0745391131310906,False,False,False
2026-01-04 16:00:00+00:00,oos,0.12138235480514042,1.6860537354045646,False,True,False
2026-01-04 16:15:00+00:00,oos,-0.6318693878695728,0.2740858044196534,False,False,False
2026-01-04 16:30:00+00:00,oos,0.5853364873928666,-0.1398505571969803,False,False,False
2026-01-04 16:45:00+00:00,oos,0.923208245493846,1.1027749738749175,False,False,False
2026-01-04 17:00:00+00:00,oos,1.7860691846450625,0.43995541272314426,True,False,False
2026-01-04 17:15:00+00:00,oos,-0.2149220626915459,-0.2444892017880519,False,False,False
2026-01-04 17:30:00+00:00,oos,0.06874819737991752,-0.4011977999742955,False,False,False
2026-01-04 17:45:00+00:00,oos,-0.37125512182153014,-1.0329532469649534,False,False,False
2026-01-04 18:00:00+00:00,oos,-1.2762227739978815,0.18613823148442818,False,False,False
2026-01-04 18:15:00+00:00,oos,-1.8590846273933093,-0.17826486404487604,True,False,False
2026-01-04 18:30:00+00:00,oos,-0.9313376858417299,0.5276891021398361,False,False,False
2026-01-04 18:45:00+00:00,oos,0.6559079333770169,0.6895793807432974,False,False,False
2026-01-04 19:00:00+00:00,oos,-0.25268680317274167,1.0802823008765299,False,False,False
2026-01-04 19:15:00+00:00,oos,1.5042426358451164,-0.017975405156270555,False,False,False
2026-01-04 19:30:00+00:00,oos,-0.3779668840113414,0.49540221392147293,False,False,False
2026-01-04 19:45:00+00:00,oos,1.7906214771652587,0.38163361525956796,True,False,False
2026-01-04 20:00:00+00:00,oos,1.1331590390970134,0.867386085640955,False,False,False
2026-01-04 20:15:00+00:00,oos,1.4479207023898315,-0.1871682825819041,False,False,False
2026-01-04 20:30:00+00:00,oos,-0.8421083592642243,0.3948462435902364,False,False,False
2026-01-04 20:45:00+00:00,oos,-1.8232735458907334,0.6816072397779944,True,False,False
2026-01-04 21:00:00+00:00,oos,1.2845117313318117,0.3379351096269188,False,False,False
2026-01-04 21:15:00+00:00,oos,-0.6066383852746704,1.1999383658925147,False,False,False
2026-01-04 21:30:00+00:00,oos,-0.7485823261689019,0.7402653780671922,False,False,False
2026-01-04 21:45:00+00:00,oos,1.6797443683042814,0.9109324794370357,True,False,False
2026-01-04 22:00:00+00:00,oos,-0.5840602875829619,0.568537420268186,False,False,False
2026-01-04 22:15:00+00:00,oos,0.032442479065482706,1.871901079195411,False,True,False
2026-01-04 22:30:00+00:00,oos,-1.3101273434257792,-0.06982677954084322,False,False,False
2026-01-04 22:45:00+00:00,oos,-0.1387365571807973,0.27888288372029946,False,False,False
2026-01-04 23:00:00+00:00,oos,-0.011025559171476514,0.15972719142419445,False,False,False
2026-01-04 23:15:00+00:00,oos,-0.5509899648242657,-0.5542289299606504,False,False,False
2026-01-04 23:30:00+00:00,oos,0.21161548716128425,-0.3564337043933679,False,False,False
2026-01-04 23:45:00+00:00,oos,0.008202747836083601,0.10145775957817103,False,False,False
2026-01-05 00:00:00+00:00,oos,0.5629044628267537,2.0511249607912396,False,True,False
2026-01-05 00:15:00+00:00,oos,-0.3610746822138494,0.17895773623742567,False,False,False
2026-01-05 00:30:00+00:00,oos,0.6486377187418287,0.4796346433009374,False,False,False
2026-01-05 00:45:00+00:00,oos,1.137067243014563,1.3316032603916568,False,True,False
2026-01-05 01:00:00+00:00,oos,-0.11960215649062368,0.08969433313847817,False,False,False
2026-01-05 01:15:00+00:00,oos,0.21258623264964863,0.49081503857963693,False,False,False
2026-01-05 01:30:00+00:00,oos,0.08021559787261899,0.8320003465663639,False,False,False
2026-01-05 01:45:00+00:00,oos,-0.8894693205342028,0.20367433321416561,False,False,False
2026-01-05 02:00:00+00:00,oos,-0.5860114299157777,0.21571695375507585,False,False,False
2026-01-05 02:15:00+00:00,oos,-0.08975256793486408,-0.024002028495675294,False,False,False
2026-01-05 02:30:00+00:00,oos,0.40381605456632824,0.7643906488980005,False,False,False
2026-01-05 02:45:00+00:00,oos,-0.18766360125602582,-0.1458199303933048,False,False,False
2026-01-05 03:00:00+00:00,oos,-0.05705620694392685,-0.5594249773346928,False,False,False
2026-01-05 03:15:00+00:00,oos,1.1648787549850406,-0.12014817248931418,False,False,False
2026-01-05 03:30:00+00:00,oos,0.9364122838248747,0.7510888785876275,False,False,False
2026-01-05 03:45:00+00:00,oos,-0.824178467126288,-0.6850476031560492,False,False,False
2026-01-05 04:00:00+00:00,oos,-1.757510172648962,-0.0980062448230537,True,False,False
2026-01-05 04:15:00+00:00,oos,-0.5655497761715625,-0.5946573474621455,False,False,False
2026-01-05 04:30:00+00:00,oos,-0.8017222068201578,0.16320995473864955,False,False,False
2026-01-05 04:45:00+00:00,oos,0.9932485742562182,-0.3866970209992947,False,False,False
2026-01-05 05:00:00+00:00,oos,-0.1274921690429577,0.651056279563945,False,False,False
2026-01-05 05:15:00+00:00,oos,1.1582502459387642,0.2736968768472891,False,False,False
2026-01-05 05:30:00+00:00,oos,-0.5686663732404439,0.19340444727764575,False,False,False
2026-01-05 05:45:00+00:00,oos,-1.2198977738669838,0.793750832633455,False,False,False
2026-01-05 06:00:00+00:00,oos,1.0676244605627614,-0.22501223636717943,False,False,False
2026-01-05 06:15:00+00:00,oos,-0.3697117543971429,-0.44929109001564627,False,False,False
2026-01-05 06:30:00+00:00,oos,0.06475409943286842,0.9318130439253148,False,False,False
2026-01-05 06:45:00+00:00,oos,0.43040463153453445,1.008648645091301,False,False,False
2026-01-05 07:00:00+00:00,oos,0.1662122532292528,0.2144914195510678,False,False,False
2026-01-05 07:15:00+00:00,oos,-0.1934788182188344,0.2868714716336406,False,False,False
2026-01-05 07:30:00+00:00,oos,-1.0265712154680644,1.1765325124486326,False,False,False
2026-01-05 07:45:00+00:00,oos,0.4934427991633344,-0.10602800781426913,False,False,False
2026-01-05 08:00:00+00:00,oos,1.2327517347261039,0.6075105973183793,False,False,False
2026-01-05 08:15:00+00:00,oos,0.8400952560094899,0.11193696557494281,False,False,False
2026-01-05 08:30:00+00:00,oos,-0.7905473102166111,0.19275340837875707,False,False,False
2026-01-05 08:45:00+00:00,oos,0.6274269283518411,-0.6298883752305382,False,False,False
2026-01-05 09:00:00+00:00,oos,0.21811004068354978,1.531448825868997,False,True,False
2026-01-05 09:15:00+00:00,oos,0.04225293327695661,0.36556968608186446,False,False,False
2026-01-05 09:30:00+00:00,oos,-0.03898553660949841,0.2539886237301389,False,False,False
2026-01-05 09:45:00+00:00,oos,-0.3517344937035554,1.1173113209650007,False,False,False
2026-01-05 10:00:00+00:00,oos,0.9558376052198946,0.24985826159277205,False,False,False
2026-01-05 10:15:00+00:00,oos,-0.33819293982638143,-0.526802504511551,False,False,False
2026-01-05 10:30:00+00:00,oos,-0.320139110038552,1.7183987618110834,False,True,False
2026-01-05 10:45:00+00:00,oos,1.01449959331777,-0.407846072383045,False,False,False
2026-01-05 11:00:00+00:00,oos,-0.699553111220709,-0.4069902878639255,False,False,False
2026-01-05 11:15:00+00:00,oos,-0.07363302384203131,-0.6727961432534152,False,False,False
2026-01-05 11:30:00+00:00,oos,1.9258244388384311,0.4702945337545365,True,False,False
2026-01-05 11:45:00+00:00,oos,0.27621365373356227,-0.4391067689140898,False,False,False
2026-01-05 12:00:00+00:00,oos,-0.6722729823641416,1.0123670590619007,False,False,False
2026-01-05 12:15:00+00:00,oos,-0.2271670746116684,0.7460276295575401,False,False,False
2026-01-05 12:30:00+00:00,oos,-1.3591759726912167,0.07390374400908334,False,False,False
2026-01-05 12:45:00+00:00,oos,-0.6239700570918054,0.23350957611922427,False,False,False
2026-01-05 13:00:00+00:00,oos,0.3210491890079897,1.069257521583822,False,False,False
2026-01-05 13:15:00+00:00,oos,-0.7013232959582067,0.27286562631676486,False,False,False
2026-01-05 13:30:00+00:00,oos,-1.2235439110836488,0.7306721361971865,False,False,False
2026-01-05 13:45:00+00:00,oos,0.884636506714107,0.10149260793720717,False,False,False
2026-01-05 14:00:00+00:00,oos,0.6159828456859608,0.6548938999173929,False,False,False
2026-01-05 14:15:00+00:00,oos,0.9680374280232913,-0.6103497914207264,False,False,False
2026-01-05 14:30:00+00:00,oos,0.1470400416991135,1.7485945213473608,False,True,False
2026-01-05 14:45:00+00:00,oos,0.5757155107968535,0.9998620668954489,False,False,False
2026-01-05 15:00:00+00:00,oos,-0.3241108211768575,1.006622119301863,False,False,False
2026-01-05 15:15:00+00:00,oos,-0.5674016858373765,-0.04787467041350387,False,False,False
2026-01-05 15:30:00+00:00,oos,-0.6874114471832723,0.7945595133628846,False,False,False
2026-01-05 15:45:00+00:00,oos,-1.0746613373114544,1.2582929065039032,False,False,False
2026-01-05 16:00:00+00:00,oos,0.16957324657706285,-0.24088767437463937,False,False,False
2026-01-05 16:15:00+00:00,oos,-0.7975714850794281,1.8281569703889735,False,True,False
2026-01-05 16:30:00+00:00,oos,0.9080004872717147,0.3934814862453569,False,False,False
2026-01-05 16:45:00+00:00,oos,0.1741530062458211,1.2570214334048608,False,False,False
2026-01-05 17:00:00+00:00,oos,-0.4275615936781653,0.39044062696844517,False,False,False
2026-01-05 17:15:00+00:00,oos,-1.1533278586987417,0.21983263426127891,False,False,False
2026-01-05 17:30:00+00:00,oos,1.9525524548217676,-0.2232236729719028,True,False,False
2026-01-05 17:45:00+00:00,oos,0.1958216992988725,0.7458409605804182,False,False,False
2026-01-05 18:00:00+00:00,oos,-0.10029150140543357,0.7904380710651789,False,False,False
2026-01-05 18:15:00+00:00,oos,-0.8712982151885142,0.5452099186693379,False,False,False
2026-01-05 18:30:00+00:00,oos,0.03767900339391204,0.8277671627301602,False,False,False
2026-01-05 18:45:00+00:00,oos,0.2709587811326333,0.9200107129630023,False,False,False
2026-01-05 19:00:00+00:00,oos,-0.35441372828468365,0.19407612921886616,False,False,False
2026-01-05 19:15:00+00:00,oos,0.1836190514933906,-0.721218444421397,False,False,False
2026-01-05 19:30:00+00:00,oos,-0.8916075785286091,0.2801750781727867,False,False,False
2026-01-05 19:45:00+00:00,oos,0.23484238707177832,-0.49987353444943056,False,False,False
2026-01-05 20:00:00+00:00,oos,0.06898052689490415,0.5627474626647018,False,False,False
2026-01-05 20:15:00+00:00,oos,1.1843907967418636,-0.30307223110304654,False,False,False
2026-01-05 20:30:00+00:00,oos,-0.016166283517224128,0.5581884044254398,False,False,False
2026-01-05 20:45:00+00:00,oos,-1.5541929165747101,-0.5661663442778545,False,False,False
2026-01-05 21:00:00+00:00,oos,-0.8592445671393295,-0.19563906712762,False,False,False
2026-01-05 21:15:00+00:00,oos,-0.3727110504934315,0.9053842784675613,False,False,False
2026-01-05 21:30:00+00:00,oos,1.1654266827754554,0.48086279759107253,False,False,False
2026-01-05 21:45:00+00:00,oos,-1.0833763116918231,-0.6686360590934365,False,False,False
2026-01-05 22:00:00+00:00,oos,-0.10629839421733636,0.3815764432844475,False,False,False
2026-01-05 22:15:00+00:00,oos,0.7249098445428221,2.252985546103865,False,True,False
2026-01-05 22:30:00+00:00,oos,0.0406966958524363,0.8120273540801469,False,False,False
2026-01-05 22:45:00+00:00,oos,0.13149898139754043,0.048122203838344764,False,False,False
2026-01-05 23:00:00+00:00,oos,-0.7257981826949048,-1.4497145344393467,False,False,False
2026-01-05 23:15:00+00:00,oos,-0.3503693167070006,0.20053997469483656,False,False,False
2026-01-05 23:30:00+00:00,oos,-0.47017056293047643,-0.4590529101978613,False,False,False
2026-01-05 23:45:00+00:00,oos,-0.6778505742877255,0.050646611858330845,False,False,False
2026-01-06 00:00:00+00:00,oos,-1.1200016080211617,0.43908396907301744,False,False,False
2026-01-06 00:15:00+00:00,oos,0.9085280406199854,-0.47411578402054066,False,False,False
2026-01-06 00:30:00+00:00,oos,-0.778019288264501,0.31114860519746806,False,False,False
2026-01-06 00:45:00+00:00,oos,-0.407683985236838,1.083048253641188,False,False,False
2026-01-06 01:00:00+00:00,oos,0.5374442175801003,0.6290415600737884,False,False,False
2026-01-06 01:15:00+00:00,oos,0.47373694592017807,-0.5880948810801596,False,False,False
2026-01-06 01:30:00+00:00,oos,0.0826068701754383,0.8454991314934122,False,False,False
2026-01-06 01:45:00+00:00,oos,-0.4444617944705463,0.5493182940912095,False,False,False
2026-01-06 02:00:00+00:00,oos,-0.38036033571640393,-0.23463111324866004,False,False,False
2026-01-06 02:15:00+00:00,oos,-1.012865216784268,0.413257722151951,False,False,False
2026-01-06 02:30:00+00:00,oos,0.3937643056795575,0.4131604449950058,False,False,False
2026-01-06 02:45:00+00:00,oos,-0.2650975311226018,0.09988454421027568,False,False,False
2026-01-06 03:00:00+00:00,oos,0.7912103357192257,-0.34443584968833674,False,False,False
2026-01-06 03:15:00+00:00,oos,0.3254231360414509,0.1924161579662,False,False,False
2026-01-06 03:30:00+00:00,oos,0.31624258831994645,1.4529706655601136,False,True,False
2026-01-06 03:45:00+00:00,oos,0.03627974245123437,0.4810453578897218,False,False,False
2026-01-06 04:00:00+00:00,oos,-0.5591237016630385,0.8539286940294925,False,False,False
2026-01-06 04:15:00+00:00,oos,-0.9601857569003547,0.739554665357041,False,False,False
2026-01-06 04:30:00+00:00,oos,-0.7434930780390397,0.858991710884552,False,False,False
2026-01-06 04:45:00+00:00,oos,-0.4947624303067735,-0.5818528404217975,False,False,False
2026-01-06 05:00:00+00:00,oos,-1.76157736922065,0.17725039293055064,True,False,False
2026-01-06 05:15:00+00:00,oos,0.18548511703130177,-0.3877930157184977,False,False,False
2026-01-06 05:30:00+00:00,oos,-0.22332038195398268,-0.7270336697609291,False,False,False
2026-01-06 05:45:00+00:00,oos,-0.7869188691903745,0.013287571974492153,False,False,False
2026-01-06 06:00:00+00:00,oos,-0.254755125124631,0.6032001004480363,False,False,False
2026-01-06 06:15:00+00:00,oos,0.06978450951396342,0.32387583174486584,False,False,False
2026-01-06 06:30:00+00:00,oos,0.8310165045785837,0.15648929988168916,False,False,False
2026-01-06 06:45:00+00:00,oos,0.01626456842292651,0.3986659761463152,False,False,False
2026-01-06 07:00:00+00:00,oos,-1.3147354197051764,0.2736857736243388,False,False,False
2026-01-06 07:15:00+00:00,oos,-1.17709183249705,0.06939188199136666,False,False,False
2026-01-06 07:30:00+00:00,oos,-0.7577140792606755,0.3581377988168951,False,False,False
2026-01-06 07:45:00+00:00,oos,-0.5932830563057081,0.6541775146110007,False,False,False
2026-01-06 08:00:00+00:00,oos,0.751101312812288,1.0485189360884342,False,False,False
2026-01-06 08:15:00+00:00,oos,-0.5298455769075524,0.30891778429639194,False,False,False
2026-01-06 08:30:00+00:00,oos,-0.1456056149202805,-0.16624662799346843,False,False,False
2026-01-06 08:45:00+00:00,oos,0.2360518283025523,-0.12262596710039908,False,False,False
2026-01-06 09:00:00+00:00,oos,0.39044650157455496,-0.07037251450587438,False,False,False
2026-01-06 09:15:00+00:00,oos,0.5498885534850612,0.28530425057177927,False,False,False
2026-01-06 09:30:00+00:00,oos,-0.7241514226897,-0.9420847190692764,False,False,False
2026-01-06 09:45:00+00:00,oos,0.604279509073156,-0.2786537477378185,False,False,False
2026-01-06 10:00:00+00:00,oos,-0.22963597868001812,0.8757535162560375,False,False,False
2026-01-06 10:15:00+00:00,oos,0.02284936477423958,0.46296257696369597,False,False,False
2026-01-06 10:30:00+00:00,oos,0.17434602888943207,0.7203686039686439,False,False,False
2026-01-06 10:45:00+00:00,oos,-0.5023637358394776,0.811760422870056,False,False,False
2026-01-06 11:00:00+00:00,oos,1.387801242964142,0.6657329053114803,False,False,False
2026-01-06 11:15:00+00:00,oos,0.6305493346701178,-0.4910117114908992,False,False,False
2026-01-06 11:30:00+00:00,oos,-0.9651931647866029,0.31613036636155334,False,False,False
2026-01-06 11:45:00+00:00,oos,1.4309258030545728,0.435043014163092,False,False,False
2026-01-06 12:00:00+00:00,oos,0.5964482392929088,0.9465797033909619,False,False,False
2026-01-06 12:15:00+00:00,oos,-0.08728538996942027,0.3612759730067485,False,False,False
2026-01-06 12:30:00+00:00,oos,-1.2618505423516257,0.18475459943598502,False,False,False
2026-01-06 12:45:00+00:00,oos,0.9408663399081078,0.6731484462914317,False,False,False
2026-01-06 13:00:00+00:00,oos,-0.5041143521348639,0.3268782168322464,False,False,False
2026-01-06 13:15:00+00:00,oos,0.5240819719100615,0.5492139402227185,False,False,False
2026-01-06 13:30:00+00:00,oos,-0.44324986446014575,-0.8014410666054061,False,False,False
2026-01-06 13:45:00+00:00,oos,0.33754683163858823,-0.44669162175141525,False,False,False
2026-01-06 14:00:00+00:00,oos,0.015320620223411345,1.355780306244588,False,True,False
2026-01-06 14:15:00+00:00,oos,0.029784569508083284,2.1567176870873155,False,True,False
2026-01-06 14:30:00+00:00,oos,0.07972805867822291,-0.10817054962341774,False,False,False
2026-01-06 14:45:00+00:00,oos,-0.7299977685647201,0.13447691232367073,False,False,False
2026-01-06 15:00:00+00:00,oos,0.009262834449399543,0.19151640367143208,False,False,False
2026-01-06 15:15:00+00:00,oos,0.35640939887317125,0.7646319030224717,False,False,False
2026-01-06 15:30:00+00:00,oos,0.04522133909137742,0.04382959637171932,False,False,False
2026-01-06 15:45:00+00:00,oos,-0.22364166196275437,0.13096293577643014,False,False,False
2026-01-06 16:00:00+00:00,oos,-0.498965323662947,0.197142825691289,False,False,False
2026-01-06 16:15:00+00:00,oos,0.4979755109286616,0.7962868927900065,False,False,False
2026-01-06 16:30:00+00:00,oos,-0.42402243818421503,1.5212431862136573,False,True,False
2026-01-06 16:45:00+00:00,oos,-0.16554243976614308,2.1187772974994155,False,True,False
2026-01-06 17:00:00+00:00,oos,0.03452555915306456,-0.7548375072789643,False,False,False
2026-01-06 17:15:00+00:00,oos,1.1438122006384948,-0.14057851003440955,False,False,False
2026-01-06 17:30:00+00:00,oos,-0.5045996910934044,1.0962456275250057,False,False,False
2026-01-06 17:45:00+00:00,oos,0.04803410122565091,2.364961370879645,False,True,False
2026-01-06 18:00:00+00:00,oos,-0.03717008697816398,1.021430965642109,False,False,False
2026-01-06 18:15:00+00:00,oos,0.1416463963471716,-0.9997858311233728,False,False,False
2026-01-06 18:30:00+00:00,oos,1.0010849472463323,-0.0016962827092673416,False,False,False
2026-01-06 18:45:00+00:00,oos,1.103716838207667,1.6602985420347407,False,True,False
2026-01-06 19:00:00+00:00,oos,-0.36575087632590647,-0.14004004023994734,False,False,False
2026-01-06 19:15:00+00:00,oos,1.3756961105091168,0.4177902204483789,False,False,False
2026-01-06 19:30:00+00:00,oos,0.17103238274536445,1.3642867313513827,False,True,False
2026-01-06 19:45:00+00:00,oos,-0.5301164807036286,0.6322417733652789,False,False,False
2026-01-06 20:00:00+00:00,oos,0.9247494988355454,1.783949770638856,False,True,False
2026-01-06 20:15:00+00:00,oos,0.8587158519939574,0.1265684784817506,False,False,False
2026-01-06 20:30:00+00:00,oos,1.282922119773844,0.7566379928470442,False,False,False
2026-01-06 20:45:00+00:00,oos,-0.3377995386505135,0.4522242261842613,False,False,False
2026-01-06 21:00:00+00:00,oos,0.8261020795793851,2.199177970909549,False,True,False
2026-01-06 21:15:00+00:00,oos,-0.7072236384520711,2.3729330900104513,False,True,False
2026-01-06 21:30:00+00:00,oos,0.3705353451443793,-0.608774516438456,False,False,False
2026-01-06 21:45:00+00:00,oos,-0.3153449253369025,-0.062278363762233904,False,False,False
2026-01-06 22:00:00+00:00,oos,0.4095922309164489,1.750574918254244,False,True,False
2026-01-06 22:15:00+00:00,oos,-0.047815378654332455,1.7931277191078299,False,True,False
2026-01-06 22:30:00+00:00,oos,-0.44972940412846113,0.768368378860268,False,False,False
2026-01-06 22:45:00+00:00,oos,0.9342903479694408,0.5365581681614192,False,False,False
2026-01-06 23:00:00+00:00,oos,0.5867231451877325,-1.926555522592974,False,False,False
2026-01-06 23:15:00+00:00,oos,0.1819302998652652,-1.1478527426985379,False,False,False
2026-01-06 23:30:00+00:00,oos,0.6016026273726081,-0.4911206061835129,False,False,False
2026-01-06 23:45:00+00:00,oos,1.5116693991581638,0.05061582154139093,False,False,False
2026-01-07 00:00:00+00:00,oos,-0.7293495674399681,0.6520602905761032,False,False,False
2026-01-07 00:15:00+00:00,oos,1.8366673621741059,0.8340679763868071,True,False,False
2026-01-07 00:30:00+00:00,oos,-0.7661821738380722,-0.2033021472241753,False,False,False
2026-01-07 00:45:00+00:00,oos,-1.1668857299226443,0.29264562023292995,False,False,False
2026-01-07 01:00:00+00:00,oos,0.14810551505841305,1.5101079489920501,False,True,False
2026-01-07 01:15:00+00:00,oos,-0.37000029881127156,0.23219265646051238,False,False,False
2026-01-07 01:30:00+00:00,oos,-0.49294756399556616,0.8905035419426401,False,False,False
2026-01-07 01:45:00+00:00,oos,0.36017699598431807,0.46632967694159705,False,False,False
2026-01-07 02:00:00+00:00,oos,1.1074567564152626,0.4468461098759968,False,False,False
2026-01-07 02:15:00+00:00,oos,0.32767772412683616,0.7889071359511347,False,False,False
2026-01-07 02:30:00+00:00,oos,0.15157533677134666,-0.48784480321526963,False,False,False
2026-01-07 02:45:00+00:00,oos,1.17155275554453,-0.5073665987077803,False,False,False
2026-01-07 03:00:00+00:00,oos,-0.8016639312293691,1.1623394734393149,False,False,False
2026-01-07 03:15:00+00:00,oos,-0.7649418211566131,0.45436845112886143,False,False,False
2026-01-07 03:30:00+00:00,oos,-2.2617141865044648,1.5863531233598895,True,True,True
2026-01-07 03:45:00+00:00,oos,-2.60484294531552,0.738893632979814,True,False,False
2026-01-07 04:00:00+00:00,oos,0.6058253912153941,0.039511971285139356,False,False,False
2026-01-07 04:15:00+00:00,oos,1.2997385764788212,0.2543653714539358,False,False,False
2026-01-07 04:30:00+00:00,oos,0.6886861686511813,1.3608976039597682,False,True,False
2026-01-07 04:45:00+00:00,oos,-0.12760012032256907,0.786150422782527,False,False,False
2026-01-07 05:00:00+00:00,oos,-0.09944795061744946,0.784952444112326,False,False,False
2026-01-07 05:15:00+00:00,oos,0.014307329560531254,1.2382465809786796,False,False,False
2026-01-07 05:30:00+00:00,oos,0.21697015400561934,1.3586730311051904,False,True,False
2026-01-07 05:45:00+00:00,oos,-0.6950005720950068,1.0137867485060879,False,False,False
2026-01-07 06:00:00+00:00,oos,0.1353340026334095,1.1631200829248673,False,False,False
2026-01-07 06:15:00+00:00,oos,0.13196481686683226,-0.08674433615732464,False,False,False
2026-01-07 06:30:00+00:00,oos,1.5342048192688456,0.702881283359996,False,False,False
2026-01-07 06:45:00+00:00,oos,-0.5617520887340668,0.9592565615544932,False,False,False
2026-01-07 07:00:00+00:00,oos,0.8804107102169958,0.6960448276452638,False,False,False
2026-01-07 07:15:00+00:00,oos,1.1508064495207282,-0.06589692590386322,False,False,False
2026-01-07 07:30:00+00:00,oos,0.29490696472901173,1.228557708107892,False,False,False
2026-01-07 07:45:00+00:00,oos,-0.33478210447834217,1.1194021457440961,False,False,False
2026-01-07 08:00:00+00:00,oos,0.7564672336013136,0.6446622642880949,False,False,False
2026-01-07 08:15:00+00:00,oos,-0.4724393444203839,0.3546762159713997,False,False,False
2026-01-07 08:30:00+00:00,oos,-0.34319588281242047,0.6466093280158346,False,False,False
2026-01-07 08:45:00+00:00,oos,-0.8181542675955611,1.1829937259527923,False,False,False
2026-01-07 09:00:00+00:00,oos,-1.5489111375300904,0.8252823202036221,False,False,False
2026-01-07 09:15:00+00:00,oos,-0.003831926571411904,-0.21726880856558617,False,False,False
2026-01-07 09:30:00+00:00,oos,-0.9722193332126013,1.8358979767940107,False,True,False
2026-01-07 09:45:00+00:00,oos,0.9936507568526246,-0.1293222588582544,False,False,False
2026-01-07 10:00:00+00:00,oos,-0.1967726061957844,0.8230142436122396,False,False,False
2026-01-07 10:15:00+00:00,oos,-1.314377102642735,0.9072369068353464,False,False,False
2026-01-07 10:30:00+00:00,oos,0.881823701400999,2.54134383605657,False,True,False
2026-01-07 10:45:00+00:00,oos,2.01073301720795,-1.5184197501459968,True,False,False
2026-01-07 11:00:00+00:00,oos,0.8420496054758344,1.0506592759255373,False,False,False
2026-01-07 11:15:00+00:00,oos,-1.0061565066945497,-0.40604437485333084,False,False,False
2026-01-07 11:30:00+00:00,oos,-0.9898913512276335,0.36988437585454104,False,False,False
2026-01-07 11:45:00+00:00,oos,0.767144964612646,0.08688987080071138,False,False,False
2026-01-07 12:00:00+00:00,oos,0.784119861195952,0.3508572202800516,False,False,False
2026-01-07 12:15:00+00:00,oos,0.2616192266584465,0.9479325185609793,False,False,False
2026-01-07 12:30:00+00:00,oos,-1.206799734351967,-0.6989055528203699,False,False,False
2026-01-07 12:45:00+00:00,oos,-0.8315903655446186,0.21162761921665246,False,False,False
2026-01-07 13:00:00+00:00,oos,-0.47790195403719493,0.5011685739557885,False,False,False
2026-01-07 13:15:00+00:00,oos,0.9674851010613118,0.10037320816394042,False,False,False
2026-01-07 13:30:00+00:00,oos,-0.3757831384283489,-0.6466018017945566,False,False,False
2026-01-07 13:45:00+00:00,oos,0.05514755307921773,-0.18851078795067963,False,False,False
2026-01-07 14:00:00+00:00,oos,-1.0304222971859527,1.238759533998659,False,False,False
2026-01-07 14:15:00+00:00,oos,-1.1519400330717955,0.03784818245145366,False,False,False
2026-01-07 14:30:00+00:00,oos,-0.34658782684399514,2.007255325722306,False,True,False
2026-01-07 14:45:00+00:00,oos,1.0408482128337626,0.9899545398328592,False,False,False
2026-01-07 15:00:00+00:00,oos,0.33057267961209263,0.07427216525173139,False,False,False
2026-01-07 15:15:00+00:00,oos,0.21534059391839885,-0.16704028886090405,False,False,False
2026-01-07 15:30:00+00:00,oos,-0.09956631331383987,1.786659467154904,False,True,False
2026-01-07 15:45:00+00:00,oos,0.21188391138406912,1.2055052652102856,False,False,False
2026-01-07 16:00:00+00:00,oos,-0.9986311039164235,0.057196569348778856,False,False,False
2026-01-07 16:15:00+00:00,oos,0.1997865397734021,1.7420146581842837,False,True,False
2026-01-07 16:30:00+00:00,oos,-1.1395291759327018,1.6547645494147232,False,True,False
2026-01-07 16:45:00+00:00,oos,-0.8077641129306948,0.13106497068634682,False,False,False
2026-01-07 17:00:00+00:00,oos,0.26931879956425336,0.5250704387902626,False,False,False
2026-01-07 17:15:00+00:00,oos,0.8871018996041848,0.22429058979746733,False,False,False
2026-01-07 17:30:00+00:00,oos,0.00539826401548577,0.3341487168457667,False,False,False
2026-01-07 17:45:00+00:00,oos,0.8081907034309199,0.4158837678721083,False,False,False
2026-01-07 18:00:00+00:00,oos,-1.6148164774858238,0.5517102791096341,True,False,False
2026-01-07 18:15:00+00:00,oos,-0.10823560049615998,-0.16480670727865204,False,False,False
2026-01-07 18:30:00+00:00,oos,-0.6589569851415846,-0.0019624249678385514,False,False,False
2026-01-07 18:45:00+00:00,oos,-0.40369878883338245,0.28152388435399023,False,False,False
2026-01-07 19:00:00+00:00,oos,-0.23342459222639314,0.687730334314047,False,False,False
2026-01-07 19:15:00+00:00,oos,-0.49400907087281776,0.28963969436966175,False,False,False
2026-01-07 19:30:00+00:00,oos,1.2039163156103496,1.093685882821869,False,False,False
2026-01-07 19:45:00+00:00,oos,0.5883028002488728,0.2470515558083495,False,False,False
2026-01-07 20:00:00+00:00,oos,-0.8616654695209844,-0.1156635433632899,False,False,False
2026-01-07 20:15:00+00:00,oos,-0.09364604949352587,-0.5170886137859709,False,False,False
2026-01-07 20:30:00+00:00,oos,0.06300154447987098,0.6564298140898397,False,False,False
2026-01-07 20:45:00+00:00,oos,0.8481749554766791,1.0756781217515232,False,False,False
2026-01-07 21:00:00+00:00,oos,0.1489823557508836,0.5303028582208859,False,False,False
2026-01-07 21:15:00+00:00,oos,-0.054860083106358565,0.6460473585763884,False,False,False
2026-01-07 21:30:00+00:00,oos,-1.053714003008867,0.44595956886330435,False,False,False
2026-01-07 21:45:00+00:00,oos,-0.3012314500393127,0.45062971046931427,False,False,False
2026-01-07 22:00:00+00:00,oos,0.7551461157615156,1.1631223527976393,False,False,False
2026-01-07 22:15:00+00:00,oos,2.4896983707826923,1.7277716974680501,True,True,True
2026-01-07 22:30:00+00:00,oos,1.5192651533883679,2.8002860848442377,False,True,False
2026-01-07 22:45:00+00:00,oos,0.07505025338750157,0.41219162207089904,False,False,False
2026-01-07 23:00:00+00:00,oos,1.3870767927818146,-0.625207250394322,False,False,False
2026-01-07 23:15:00+00:00,oos,1.5353058149992354,1.430362449457169,False,True,False
2026-01-07 23:30:00+00:00,oos,0.7914846039756259,-0.14657565930841576,False,False,False
2026-01-07 23:45:00+00:00,oos,2.2656488790960156,0.7028912739957967,True,False,False
2026-01-08 00:00:00+00:00,oos,0.9493831603130339,1.169545743366174,False,False,False
2026-01-08 00:15:00+00:00,oos,0.11597840855952389,1.1436825496564997,False,False,False
2026-01-08 00:30:00+00:00,oos,1.6691101633578282,-0.020474844080845607,True,False,False
2026-01-08 00:45:00+00:00,oos,0.41769115281315583,0.18253727654046556,False,False,False
2026-01-08 01:00:00+00:00,oos,0.22488963850074845,-0.46987462803039964,False,False,False
2026-01-08 01:15:00+00:00,oos,0.9324106496638717,0.01989055619348757,False,False,False
2026-01-08 01:30:00+00:00,oos,-0.008257791918361854,0.7827488468636659,False,False,False
2026-01-08 01:45:00+00:00,oos,-1.1595339482917826,-0.3459814034482258,False,False,False
2026-01-08 02:00:00+00:00,oos,0.7666665491492892,0.3896336352389737,False,False,False
2026-01-08 02:15:00+00:00,oos,-0.6091892871276281,1.5264329306535958,False,True,False
2026-01-08 02:30:00+00:00,oos,-0.42866022633017475,0.7173500938727381,False,False,False
2026-01-08 02:45:00+00:00,oos,0.18438060968232511,0.5038574337643189,False,False,False
2026-01-08 03:00:00+00:00,oos,0.3109271401756438,0.8286724461761963,False,False,False
2026-01-08 03:15:00+00:00,oos,-0.31090001766116704,0.4261046775355956,False,False,False
2026-01-08 03:30:00+00:00,oos,-2.118084362877481,-0.03457414662405688,True,False,False
2026-01-08 03:45:00+00:00,oos,-0.5089822359556583,0.8165420883843866,False,False,False
2026-01-08 04:00:00+00:00,oos,-0.5974012152916238,0.850019249592065,False,False,False
2026-01-08 04:15:00+00:00,oos,0.9931170309304268,0.6863328659348208,False,False,False
2026-01-08 04:30:00+00:00,oos,1.2371229581452703,0.4647313795254399,False,False,False
2026-01-08 04:45:00+00:00,oos,0.7914957903862048,0.8649686640467483,False,False,False
2026-01-08 05:00:00+00:00,oos,0.8792562608313388,1.0895938788726116,False,False,False
2026-01-08 05:15:00+00:00,oos,-0.16309619056581592,0.8778941671337589,False,False,False
2026-01-08 05:30:00+00:00,oos,-1.0479635194953332,0.6806294055903152,False,False,False
2026-01-08 05:45:00+00:00,oos,-1.8847622300789626,0.29655558422102396,True,False,False
2026-01-08 06:00:00+00:00,oos,0.19861103349235634,-0.14947633519034997,False,False,False
2026-01-08 06:15:00+00:00,oos,-0.4903109625054673,0.5506157655443613,False,False,False
2026-01-08 06:30:00+00:00,oos,0.04936839822357645,-0.09168746741998306,False,False,False
2026-01-08 06:45:00+00:00,oos,-2.176822407621623,0.4377952368587072,True,False,False
2026-01-08 07:00:00+00:00,oos,-0.8631217145351262,0.7881970472093691,False,False,False
2026-01-08 07:15:00+00:00,oos,0.9229349452741838,0.5790051398040734,False,False,False
2026-01-08 07:30:00+00:00,oos,1.3929818227486863,-0.21616464266602683,False,False,False
2026-01-08 07:45:00+00:00,oos,0.9633092382731128,0.7895723999547533,False,False,False
2026-01-08 08:00:00+00:00,oos,0.6738497053144316,0.5406928363217715,False,False,False
2026-01-08 08:15:00+00:00,oos,1.8900788136659126,-0.26416677439592084,True,False,False
2026-01-08 08:30:00+00:00,oos,-0.6881905889204509,0.9463637490321671,False,False,False
2026-01-08 08:45:00+00:00,oos,-1.3488440903252834,0.42811089237443506,False,False,False
2026-01-08 09:00:00+00:00,oos,0.5656639809130591,0.8889572086644361,False,False,False
2026-01-08 09:15:00+00:00,oos,-0.9146099867305908,-0.37936390934856085,False,False,False
2026-01-08 09:30:00+00:00,oos,-0.6886537185465037,2.120817162012266,False,True,False
2026-01-08 09:45:00+00:00,oos,0.9007818329380534,-1.3427024173092357,False,False,False
2026-01-08 10:00:00+00:00,oos,0.013212786219136343,0.5985941427390891,False,False,False
2026-01-08 10:15:00+00:00,oos,1.7276961533036628,0.9231015542202848,True,False,False
2026-01-08 10:30:00+00:00,oos,-0.47645631431470004,-0.019544809484792206,False,False,False
2026-01-08 10:45:00+00:00,oos,1.9013958061422005,0.7219072333144421,True,False,False
2026-01-08 11:00:00+00:00,oos,-1.405321792574024,0.9995167544024859,False,False,False
2026-01-08 11:15:00+00:00,oos,0.07285362670211673,1.5025705221417995,False,True,False
2026-01-08 11:30:00+00:00,oos,0.4429358511824421,0.15159493871471075,False,False,False
2026-01-08 11:45:00+00:00,oos,1.2217925927388154,-0.0074055602278641115,False,False,False
2026-01-08 12:00:00+00:00,oos,-2.058708558314283,0.929243094221197,True,False,False
2026-01-08 12:15:00+00:00,oos,1.5540867108647742,-0.026944555016013193,False,False,False
2026-01-08 12:30:00+00:00,oos,-0.37095104767164605,-0.00681749640369427,False,False,False
2026-01-08 12:45:00+00:00,oos,0.16673626937319247,0.10583756906259953,False,False,False
2026-01-08 13:00:00+00:00,oos,2.049200893985347,0.87572442342586,True,False,False
2026-01-08 13:15:00+00:00,oos,0.5515143838350148,0.2825227169654915,False,False,False
2026-01-08 13:30:00+00:00,oos,-0.47325637865734704,1.0669715520046157,False,False,False
2026-01-08 13:45:00+00:00,oos,1.8342411980337552,-1.645941353320579,True,False,False
2026-01-08 14:00:00+00:00,oos,-0.7049976725782204,-0.11788333286853732,False,False,False
2026-01-08 14:15:00+00:00,oos,-0.2975755133424436,-0.31321393845889994,False,False,False
2026-01-08 14:30:00+00:00,oos,0.40359529444176545,2.890407892505414,False,True,False
2026-01-08 14:45:00+00:00,oos,-0.3486350975134105,1.1778321996324987,False,False,False
2026-01-08 15:00:00+00:00,oos,-0.7228030232797316,0.12085678499936316,False,False,False
2026-01-08 15:15:00+00:00,oos,0.38452301574211273,0.9030323090737703,False,False,False
2026-01-08 15:30:00+00:00,oos,-0.304524071634469,2.0919998902850137,False,True,False
2026-01-08 15:45:00+00:00,oos,-0.10586832391741112,-0.33943597384800506,False,False,False
2026-01-08 16:00:00+00:00,oos,0.25836878898728866,0.8011556782701504,False,False,False
2026-01-08 16:15:00+00:00,oos,-0.46562248439303894,0.08064003583942468,False,False,False
2026-01-08 16:30:00+00:00,oos,-0.35427979657800257,0.6354031863711538,False,False,False
2026-01-08 16:45:00+00:00,oos,0.5055344486149823,0.5313478723472587,False,False,False
2026-01-08 17:00:00+00:00,oos,1.122413284699038,-0.10728338015429559,False,False,False
2026-01-08 17:15:00+00:00,oos,-1.5004598800715776,0.2853104190163298,False,False,False
2026-01-08 17:30:00+00:00,oos,0.542603315721886,-0.14520965276680284,False,False,False
2026-01-08 17:45:00+00:00,oos,0.45582516464876227,0.4747464324308503,False,False,False
2026-01-08 18:00:00+00:00,oos,0.46121254587652455,1.0873130778707116,False,False,False
2026-01-08 18:15:00+00:00,oos,-0.27493295649725175,-0.048718063779293865,False,False,False
2026-01-08 18:30:00+00:00,oos,-1.1599420091333565,1.457338366714621,False,True,False
2026-01-08 18:45:00+00:00,oos,-0.07464618717209386,1.0558190107067504,False,False,False
2026-01-08 19:00:00+00:00,oos,0.6512357019511353,0.40891453383385995,False,False,False
2026-01-08 19:15:00+00:00,oos,-1.7901250204955164,0.2146804126300031,True,False,False
2026-01-08 19:30:00+00:00,oos,0.37741088004316586,0.08503332308665634,False,False,False
2026-01-08 19:45:00+00:00,oos,-2.101494926106075,0.9359875251932969,True,False,False
2026-01-08 20:00:00+00:00,oos,-0.21396738807710552,0.7280951293060084,False,False,False
2026-01-08 20:15:00+00:00,oos,-0.137911838168431,0.6160514193957956,False,False,False
2026-01-08 20:30:00+00:00,oos,0.04861621842812905,0.19881735107371554,False,False,False
2026-01-08 20:45:00+00:00,oos,1.1707618096376484,-0.024870563947506627,False,False,False
2026-01-08 21:00:00+00:00,oos,0.03345103246446507,0.2628709611504262,False,False,False
2026-01-08 21:15:00+00:00,oos,0.9811077092336766,-0.6054663532168992,False,False,False
2026-01-08 21:30:00+00:00,oos,0.8154889866493433,0.8138225879537629,False,False,False
2026-01-08 21:45:00+00:00,oos,0.5455598375989497,-1.4965869428473206,False,False,False
2026-01-08 22:00:00+00:00,oos,1.4701425019169774,1.8182837060448958,False,True,False
2026-01-08 22:15:00+00:00,oos,-0.5314482711206443,1.4524883150887489,False,True,False
2026-01-08 22:30:00+00:00,oos,-0.1158729965469934,2.103147980350924,False,True,False
2026-01-08 22:45:00+00:00,oos,0.12618286140536528,-0.9435068383641416,False,False,False
2026-01-08 23:00:00+00:00,oos,1.6485135201387981,-1.2141768041371104,True,False,False
2026-01-08 23:15:00+00:00,oos,1.4099460962615464,-1.0819959393758098,False,False,False
2026-01-08 23:30:00+00:00,oos,-0.33775927694833,0.2711752669688417,False,False,False
2026-01-08 23:45:00+00:00,oos,0.11132591980666044,0.2668307910574115,False,False,False
2026-01-09 00:00:00+00:00,oos,1.5489671089309147,-0.08225543567953428,False,False,False
2026-01-09 00:15:00+00:00,oos,1.0544338019662955,-0.7143995965833875,False,False,False
2026-01-09 00:30:00+00:00,oos,1.0084258738668008,-0.9586363009958826,False,False,False
2026-01-09 00:45:00+00:00,oos,-0.6153419265874394,-0.14320605667587494,False,False,False
2026-01-09 01:00:00+00:00,oos,1.6419470916666186,0.11961973588999714,True,False,False
2026-01-09 01:15:00+00:00,oos,1.5780162268099898,0.7417991359191107,True,False,False
2026-01-09 01:30:00+00:00,oos,-0.5057286370776776,3.0170510342918306,False,True,False
2026-01-09 01:45:00+00:00,oos,-0.27648174014403437,-1.52263484992083,False,False,False
2026-01-09 02:00:00+00:00,oos,0.7011786499048269,0.37290312101366496,False,False,False
2026-01-09 02:15:00+00:00,oos,-0.18082738711069815,-0.7906675504645194,False,False,False
2026-01-09 02:30:00+00:00,oos,-3.0493484566601157,1.7561938928947962,True,True,True
2026-01-09 02:45:00+00:00,oos,-0.9749324501676901,0.646738883785221,False,False,False
2026-01-09 03:00:00+00:00,oos,1.0761082596635787,1.5642550774784116,False,True,False
2026-01-09 03:15:00+00:00,oos,0.39477934870746445,0.702992948330105,False,False,False
2026-01-09 03:30:00+00:00,oos,1.5987416276112079,-0.499717705901156,True,False,False
2026-01-09 03:45:00+00:00,oos,0.3202651260831523,0.6861137044302985,False,False,False
2026-01-09 04:00:00+00:00,oos,-0.13511721878246552,0.5673682810143927,False,False,False
2026-01-09 04:15:00+00:00,oos,1.2254336631772729,-0.2595233199963024,False,False,False
2026-01-09 04:30:00+00:00,oos,-0.2351940201533035,-0.37049978929488675,False,False,False
2026-01-09 04:45:00+00:00,oos,0.951564182557101,0.2674962961235617,False,False,False
2026-01-09 05:00:00+00:00,oos,1.315242015230784,0.7942498394654957,False,False,False
2026-01-09 05:15:00+00:00,oos,-1.3203396623912222,0.013178918902324546,False,False,False
2026-01-09 05:30:00+00:00,oos,0.8217337948336587,-1.1294633625758301,False,False,False
2026-01-09 05:45:00+00:00,oos,0.937189704208422,0.47498701920841796,False,False,False
2026-01-09 06:00:00+00:00,oos,-0.3554815985862857,-0.5465782715545808,False,False,False
2026-01-09 06:15:00+00:00,oos,-1.052891982414771,1.1475389805107594,False,False,False
2026-01-09 06:30:00+00:00,oos,-0.807605434724894,-0.4849360962623541,False,False,False
2026-01-09 06:45:00+00:00,oos,1.4169821550620447,0.19076275720375077,False,False,False
2026-01-09 07:00:00+00:00,oos,-0.4694816005055813,0.11890701573606002,False,False,False
2026-01-09 07:15:00+00:00,oos,-2.131854449305212,-0.91619740414985,True,False,False
2026-01-09 07:30:00+00:00,oos,-0.21318688707810227,0.4591688343454316,False,False,False
2026-01-09 07:45:00+00:00,oos,-1.424997835426139,-0.46176643035378223,False,False,False
2026-01-09 08:00:00+00:00,oos,-1.4022803475329124,0.5427685770348183,False,False,False
2026-01-09 08:15:00+00:00,oos,-0.15607974295977672,-0.052623809767557435,False,False,False
2026-01-09 08:30:00+00:00,oos,-0.2134907643308254,0.6222193369788006,False,False,False
2026-01-09 08:45:00+00:00,oos,-0.8125219240113677,1.2680117809455502,False,False,False
2026-01-09 09:00:00+00:00,oos,0.37779375872628757,0.6674608205232534,False,False,False
2026-01-09 09:15:00+00:00,oos,0.2626244121163343,-0.10727053458591963,False,False,False
2026-01-09 09:30:00+00:00,oos,-1.0975667315492663,-0.3938847388320029,False,False,False
2026-01-09 09:45:00+00:00,oos,-1.5938118942728603,0.7708483373500673,True,False,False
2026-01-09 10:00:00+00:00,oos,0.7135861458392762,-0.2482272073658656,False,False,False
2026-01-09 10:15:00+00:00,oos,-0.15222423438435143,-0.016179344688926324,False,False,False
2026-01-09 10:30:00+00:00,oos,1.898286507860383,0.15616709154489997,True,False,False
2026-01-09 10:45:00+00:00,oos,1.7120100434920855,0.09051101129453787,True,False,False
2026-01-09 11:00:00+00:00,oos,0.3817934525643558,0.3643550696016941,False,False,False
2026-01-09 11:15:00+00:00,oos,0.25666107562109175,1.0742515081584927,False,False,False
2026-01-09 11:30:00+00:00,oos,-1.918439197454196,-0.09851155699798149,True,False,False
2026-01-09 11:45:00+00:00,oos,-0.8599907194226168,1.1651002662949488,False,False,False
2026-01-09 12:00:00+00:00,oos,-1.1576675830437029,1.1695833947597574,False,False,False
2026-01-09 12:15:00+00:00,oos,-0.0567494539140922,1.128612417332931,False,False,False
2026-01-09 12:30:00+00:00,oos,0.5754921679083359,-0.2541455539946065,False,False,False
2026-01-09 12:45:00+00:00,oos,0.6619039268463518,0.7443243774205051,False,False,False
2026-01-09 13:00:00+00:00,oos,1.0048000077635606,0.8390251059009884,False,False,False
2026-01-09 13:15:00+00:00,oos,-0.9752017252898096,1.574207837946145,False,True,False
2026-01-09 13:30:00+00:00,oos,0.4126414507867058,1.3714639554324148,False,True,False
2026-01-09 13:45:00+00:00,oos,1.080519160345788,-0.551933408436863,False,False,False
2026-01-09 14:00:00+00:00,oos,-0.7445044465202181,0.05024267974455957,False,False,False
2026-01-09 14:15:00+00:00,oos,1.6483474077820277,0.6979714096268321,True,False,False
2026-01-09 14:30:00+00:00,oos,-0.4331365950884247,0.5982226882621401,False,False,False
2026-01-09 14:45:00+00:00,oos,-0.9893764062276732,0.7835540008788923,False,False,False
2026-01-09 15:00:00+00:00,oos,-0.6549847474689042,0.44862359441967103,False,False,False
2026-01-09 15:15:00+00:00,oos,-0.5671362268749911,-0.26268083968659645,False,False,False
2026-01-09 15:30:00+00:00,oos,0.2974039747701613,1.8021482796565977,False,True,False
2026-01-09 15:45:00+00:00,oos,-0.23058621081828537,-0.13836029367499586,False,False,False
2026-01-09 16:00:00+00:00,oos,0.9103581235366386,0.24439294916001283,False,False,False
2026-01-09 16:15:00+00:00,oos,-1.153746156602831,0.17113546604944535,False,False,False
2026-01-09 16:30:00+00:00,oos,-0.41359767776872586,0.571162469876417,False,False,False
2026-01-09 16:45:00+00:00,oos,-0.2451822636516992,-0.9206812138909484,False,False,False
2026-01-09 17:00:00+00:00,oos,-0.03395215861490244,0.5305823602842511,False,False,False
2026-01-09 17:15:00+00:00,oos,0.46990664989247016,0.44387708051605645,False,False,False
2026-01-09 17:30:00+00:00,oos,0.11084403132034275,0.7629556026076035,False,False,False
2026-01-09 17:45:00+00:00,oos,0.6553392843810203,0.02920926178649369,False,False,False
2026-01-09 18:00:00+00:00,oos,0.636935278356411,0.6042848130072151,False,False,False
2026-01-09 18:15:00+00:00,oos,-0.8457228652619676,0.1271448981475568,False,False,False
2026-01-09 18:30:00+00:00,oos,0.059189077048862615,0.8580771460037366,False,False,False
2026-01-09 18:45:00+00:00,oos,-0.36322604169404826,0.02114233195720544,False,False,False
2026-01-09 19:00:00+00:00,oos,1.0322304155353306,0.2100815762086814,False,False,False
2026-01-09 19:15:00+00:00,oos,1.0983847881871436,0.04891873099297543,False,False,False
2026-01-09 19:30:00+00:00,oos,0.3146832217990297,-0.5215252642283703,False,False,False
2026-01-09 19:45:00+00:00,oos,0.602544720406598,0.03934315733541021,False,False,False
2026-01-09 20:00:00+00:00,oos,0.0832382520690579,0.3631608845081823,False,False,False
2026-01-09 20:15:00+00:00,oos,0.19207363386015003,-1.1292518626746544,False,False,False
2026-01-09 20:30:00+00:00,oos,0.054047809437481685,0.6303418901176567,False,False,False
2026-01-09 20:45:00+00:00,oos,0.6067892547106791,-0.6091813054477201,False,False,False
2026-01-09 21:00:00+00:00,oos,-0.11542323720307582,-0.713573703054048,False,False,False
2026-01-09 21:15:00+00:00,oos,1.5115924095261772,0.02594555152314122,False,False,False
2026-01-09 21:30:00+00:00,oos,-0.20296689131927706,0.07831470457297125,False,False,False
2026-01-09 21:45:00+00:00,oos,1.7362750344660631,-0.5317815936121706,True,False,False
2026-01-09 22:00:00+00:00,oos,-1.705387026255939,0.925026205732288,True,False,False
2026-01-09 22:15:00+00:00,oos,0.5124673456665961,1.9177339835761045,False,True,False
2026-01-09 22:30:00+00:00,oos,-0.07270707969680099,1.0963410971333,False,False,False
2026-01-09 22:45:00+00:00,oos,0.8032327582530235,-0.499525487272559,False,False,False
2026-01-09 23:00:00+00:00,oos,0.10451928784384112,-1.5548577372080274,False,False,False
2026-01-09 23:15:00+00:00,oos,-0.09716187066912639,-0.9481621680710661,False,False,False
2026-01-09 23:30:00+00:00,oos,-0.5493342449737924,-0.016693817138565496,False,False,False
2026-01-09 23:45:00+00:00,oos,-1.3627135174068135,-0.20450047148019582,False,False,False
2026-01-10 00:00:00+00:00,oos,-1.4894541759060682,-0.46764605460116526,False,False,False
2026-01-10 00:15:00+00:00,oos,-1.0667599910276833,-0.2422338253477602,False,False,False
2026-01-10 00:30:00+00:00,oos,0.1875657151286151,0.5263478853750484,False,False,False
2026-01-10 00:45:00+00:00,oos,-0.6779053002148938,-0.6987881150798642,False,False,False
2026-01-10 01:00:00+00:00,oos,-0.4071278207938331,0.13313793636029123,False,False,False
2026-01-10 01:15:00+00:00,oos,-0.9901419385464901,0.20819758431312949,False,False,False
2026-01-10 01:30:00+00:00,oos,2.6611737445309416,0.17451305124475405,True,False,False
2026-01-10 01:45:00+00:00,oos,1.6035746414330707,-0.8357937106132244,True,False,False
2026-01-10 02:00:00+00:00,oos,0.49584635135227106,-0.7987118101578098,False,False,False
2026-01-10 02:15:00+00:00,oos,0.1534500968303277,0.09206049266468176,False,False,False
2026-01-10 02:30:00+00:00,oos,-1.6115235975323232,-0.2731357869231887,True,False,False
2026-01-10 02:45:00+00:00,oos,1.8360376222261776,-0.5763648818813366,True,False,False
2026-01-10 03:00:00+00:00,oos,-1.1216343334420824,0.12443396323554395,False,False,False
2026-01-10 03:15:00+00:00,oos,1.9339390887108077,0.08281968714675847,True,False,False
2026-01-10 03:30:00+00:00,oos,-0.007882927465156002,0.6165826040415173,False,False,False
2026-01-10 03:45:00+00:00,oos,-0.39844543528783594,1.090507323126478,False,False,False
2026-01-10 04:00:00+00:00,oos,-1.5478126139956072,0.03883948637419968,False,False,False
2026-01-10 04:15:00+00:00,oos,1.3871025762248748,-0.24381861803828012,False,False,False
2026-01-10 04:30:00+00:00,oos,0.029814048929012293,0.2163593359425311,False,False,False
2026-01-10 04:45:00+00:00,oos,-2.8121517994670437,-0.3718299815016904,True,False,False
2026-01-10 05:00:00+00:00,oos,1.5424116272552382,0.07260874198145838,False,False,False
2026-01-10 05:15:00+00:00,oos,0.013389084848966682,-0.9781067382841513,False,False,False
2026-01-10 05:30:00+00:00,oos,1.9972632865028987,-0.048027041440699365,True,False,False
2026-01-10 05:45:00+00:00,oos,-0.6489453474081114,0.41119570693171503,False,False,False
2026-01-10 06:00:00+00:00,oos,-1.7099614709700786,-0.21539466794008388,True,False,False
2026-01-10 06:15:00+00:00,oos,-0.5597571840716841,1.2027117874462045,False,False,False
2026-01-10 06:30:00+00:00,oos,-2.041057106121029,-0.18228662113095123,True,False,False
2026-01-10 06:45:00+00:00,oos,2.127863694614166,-1.0185460197394631,True,False,False
2026-01-10 07:00:00+00:00,oos,2.0890539172326545,0.08677450837740966,True,False,False
2026-01-10 07:15:00+00:00,oos,0.536300355200003,0.02203779765378814,False,False,False
2026-01-10 07:30:00+00:00,oos,1.6772732833585442,0.07731993347623962,True,False,False
2026-01-10 07:45:00+00:00,oos,-0.29307430133707385,0.5407870925004141,False,False,False
2026-01-10 08:00:00+00:00,oos,-0.7269765993121283,0.07848267351629014,False,False,False
2026-01-10 08:15:00+00:00,oos,-1.080016066563754,0.6318525694986472,False,False,False
2026-01-10 08:30:00+00:00,oos,-1.046889864734816,0.49133996552311904,False,False,False
2026-01-10 08:45:00+00:00,oos,1.6599342149896128,0.6704746327980364,True,False,False
2026-01-10 09:00:00+00:00,oos,-0.030458906718447424,0.39989954607834105,False,False,False
2026-01-10 09:15:00+00:00,oos,0.9272762563647047,-0.12621922012653203,False,False,False
2026-01-10 09:30:00+00:00,oos,0.01568495301052589,0.08770393036230262,False,False,False
2026-01-10 09:45:00+00:00,oos,1.6529142122256173,0.14251922581151794,True,False,False
2026-01-10 10:00:00+00:00,oos,0.4991689197382767,-0.2207136879424345,False,False,False
2026-01-10 10:15:00+00:00,oos,-0.45370357958364155,-0.1767228160425272,False,False,False
2026-01-10 10:30:00+00:00,oos,3.2062130056674962,0.14945492169613983,True,False,False
2026-01-10 10:45:00+00:00,oos,0.7523681466367658,0.02303804604883749,False,False,False
2026-01-10 11:00:00+00:00,oos,-2.073651450867784,-0.5434725504595483,True,False,False
2026-01-10 11:15:00+00:00,oos,0.48942121740489547,-0.8477936148499077,False,False,False
2026-01-10 11:30:00+00:00,oos,0.551996826472889,-0.1828525047026922,False,False,False
2026-01-10 11:45:00+00:00,oos,0.23154294740732267,0.013924676252721466,False,False,False
2026-01-10 12:00:00+00:00,oos,0.6413726414914844,0.10882365320111582,False,False,False
2026-01-10 12:15:00+00:00,oos,1.0612503478353676,0.9095276670780559,False,False,False
2026-01-10 12:30:00+00:00,oos,-1.1286716591529882,0.2558760678025004,False,False,False
2026-01-10 12:45:00+00:00,oos,1.5481735933120737,1.5466841655093022,False,True,False
2026-01-10 13:00:00+00:00,oos,-0.8168669340135221,0.3750212080324997,False,False,False
2026-01-10 13:15:00+00:00,oos,-0.43511097827953266,1.1920015978779543,False,False,False
2026-01-10 13:30:00+00:00,oos,0.13392187692111024,0.2018041850641584,False,False,False
2026-01-10 13:45:00+00:00,oos,0.2527840116040793,-0.3742542624048515,False,False,False
2026-01-10 14:00:00+00:00,oos,-1.7119696758816612,-0.44675237212579433,True,False,False
2026-01-10 14:15:00+00:00,oos,2.0693892555931,0.4966995629407572,True,False,False
2026-01-10 14:30:00+00:00,oos,-0.7238690474716978,0.2679008449451722,False,False,False
2026-01-10 14:45:00+00:00,oos,-0.6396191358552146,0.4613785741415165,False,False,False
2026-01-10 15:00:00+00:00,oos,0.6891653751649583,0.5176895081053425,False,False,False
2026-01-10 15:15:00+00:00,oos,-1.1295504589027558,-0.056527778092761966,False,False,False
2026-01-10 15:30:00+00:00,oos,0.5327165374912955,-0.003489738076890119,False,False,False
2026-01-10 15:45:00+00:00,oos,0.2969143008176383,-0.33680687282379185,False,False,False
2026-01-10 16:00:00+00:00,oos,-0.9140576380263693,-0.05429058920059736,False,False,False
2026-01-10 16:15:00+00:00,oos,-0.5329129991721302,0.07970718673904888,False,False,False
2026-01-10 16:30:00+00:00,oos,1.9473316463028911,-0.7080384190001682,True,False,False
2026-01-10 16:45:00+00:00,oos,-0.3759329806087242,-0.7256940291892812,False,False,False
2026-01-10 17:00:00+00:00,oos,1.946323967354406,-0.21569152545984172,True,False,False
2026-01-10 17:15:00+00:00,oos,0.39925006114201866,0.22106922864954184,False,False,False
2026-01-10 17:30:00+00:00,oos,-3.0070435832373144,-0.21347933595766283,True,False,False
2026-01-10 17:45:00+00:00,oos,-0.5078133984347775,1.484285109659797,False,True,False
2026-01-10 18:00:00+00:00,oos,-3.126712034310619,0.08436751335638944,True,False,False
2026-01-10 18:15:00+00:00,oos,3.06288182164857,0.13036302803684602,True,False,False
2026-01-10 18:30:00+00:00,oos,-0.49053601002314606,-0.6372039298631361,False,False,False
2026-01-10 18:45:00+00:00,oos,-0.6055939198436113,-0.39353226080125736,False,False,False
2026-01-10 19:00:00+00:00,oos,-0.4949776305060939,-0.026182152542104466,False,False,False
2026-01-10 19:15:00+00:00,oos,0.8801039874370458,-0.883755152357307,False,False,False
2026-01-10 19:30:00+00:00,oos,-0.7750107454834572,0.09790076551270863,False,False,False
2026-01-10 19:45:00+00:00,oos,1.615595353991997,0.03509506512692965,True,False,False
2026-01-10 20:00:00+00:00,oos,0.7347557402275489,-0.03350115875095955,False,False,False
2026-01-10 20:15:00+00:00,oos,-1.9334405574151212,-0.15349666552612176,True,False,False
2026-01-10 20:30:00+00:00,oos,-1.0099563632338773,-0.418766639927891,False,False,False
2026-01-10 20:45:00+00:00,oos,-0.5542138970144169,-0.3796099083581635,False,False,False
2026-01-10 21:00:00+00:00,oos,0.4502235974423624,0.19568103887258453,False,False,False
2026-01-10 21:15:00+00:00,oos,0.542830684929394,-0.28114862534608875,False,False,False
2026-01-10 21:30:00+00:00,oos,-0.34739212806753866,-0.1531145175249795,False,False,False
2026-01-10 21:45:00+00:00,oos,-1.1286322522116758,0.2547554268545319,False,False,False
2026-01-10 22:00:00+00:00,oos,-0.9184737593471178,-0.041902228517934494,False,False,False
2026-01-10 22:15:00+00:00,oos,-0.1827317193460911,2.3068463841662057,False,True,False
2026-01-10 22:30:00+00:00,oos,-0.31271494380947423,-0.5632502203813958,False,False,False
2026-01-10 22:45:00+00:00,oos,0.22949592932199583,0.48940257451820735,False,False,False
2026-01-10 23:00:00+00:00,oos,-0.18596056311668718,-1.2381661106914672,False,False,False
2026-01-10 23:15:00+00:00,oos,-2.1283672744864583,-0.6796337386754348,True,False,False
2026-01-10 23:30:00+00:00,oos,1.1357891471700723,-0.8919918866089734,False,False,False
2026-01-10 23:45:00+00:00,oos,-1.857841022893895,0.10120639134287959,True,False,False
2026-01-11 00:00:00+00:00,oos,0.647123106978167,0.63108061503721,False,False,False
2026-01-11 00:15:00+00:00,oos,1.5153112096450359,-0.30745364062287106,False,False,False
2026-01-11 00:30:00+00:00,oos,-1.5770049541162852,-0.9553169215209436,True,False,False
2026-01-11 00:45:00+00:00,oos,2.5183946698212165,0.6839620476787022,True,False,False
2026-01-11 01:00:00+00:00,oos,0.7198049117629887,0.30109778254102504,False,False,False
2026-01-11 01:15:00+00:00,oos,0.5651508229223248,0.3931931958719428,False,False,False
2026-01-11 01:30:00+00:00,oos,0.6871279005685355,-0.5384443659514936,False,False,False
2026-01-11 01:45:00+00:00,oos,1.3585809025024658,0.5457526220522569,False,False,False
2026-01-11 02:00:00+00:00,oos,1.4292430967626035,-1.0259115961670324,False,False,False
2026-01-11 02:15:00+00:00,oos,1.0575025454443048,-0.053774670441143084,False,False,False
2026-01-11 02:30:00+00:00,oos,0.6821411770477737,0.1493854801269164,False,False,False
2026-01-11 02:45:00+00:00,oos,1.093969220196879,-0.12293824494002342,False,False,False
2026-01-11 03:00:00+00:00,oos,2.138925837474923,0.25354368685191175,True,False,False
2026-01-11 03:15:00+00:00,oos,0.6989549635100486,0.15607334659611405,False,False,False
2026-01-11 03:30:00+00:00,oos,2.6093313123583823,-0.5137500676334035,True,False,False
2026-01-11 03:45:00+00:00,oos,2.1562635844476,0.10465384178231936,True,False,False
2026-01-11 04:00:00+00:00,oos,0.3813294323147652,-0.513193065767264,False,False,False
2026-01-11 04:15:00+00:00,oos,-0.2750376234919565,-0.7872254980008332,False,False,False
2026-01-11 04:30:00+00:00,oos,2.291808580026318,0.29134453291744516,True,False,False
2026-01-11 04:45:00+00:00,oos,-0.4537949648860256,-0.6799187651533084,False,False,False
2026-01-11 05:00:00+00:00,oos,0.40702022632593904,-0.9102839433742679,False,False,False
2026-01-11 05:15:00+00:00,oos,0.9884441502420493,-0.8201856677974765,False,False,False
2026-01-11 05:30:00+00:00,oos,3.9622200973855093,-0.4245000072520939,True,False,False
2026-01-11 05:45:00+00:00,oos,0.9638136737063774,0.1504926873181862,False,False,False
2026-01-11 06:00:00+00:00,oos,-0.2854641464449164,-0.5776679856652874,False,False,False
2026-01-11 06:15:00+00:00,oos,-0.5439324295821908,0.08985039910028182,False,False,False
2026-01-11 06:30:00+00:00,oos,0.2753677282578846,0.07968180601975593,False,False,False
2026-01-11 06:45:00+00:00,oos,0.7598970950089922,0.01913412262948604,False,False,False
2026-01-11 07:00:00+00:00,oos,-2.941800408109679,0.7458111670043812,True,False,False
2026-01-11 07:15:00+00:00,oos,1.243685200383237,0.16405601891294533,False,False,False
2026-01-11 07:30:00+00:00,oos,1.7257199644254457,-0.040198413284141005,True,False,False
2026-01-11 07:45:00+00:00,oos,-0.1812892367917971,-0.5218868533739747,False,False,False
2026-01-11 08:00:00+00:00,oos,0.6868776023358254,1.1219331404168238,False,False,False
2026-01-11 08:15:00+00:00,oos,1.320128528584574,-0.209772314397469,False,False,False
2026-01-11 08:30:00+00:00,oos,-0.9561731653911337,0.37300522808733627,False,False,False
2026-01-11 08:45:00+00:00,oos,2.4936549632524434,-0.4045942578259799,True,False,False
2026-01-11 09:00:00+00:00,oos,0.1953274664478961,-0.025638130765650975,False,False,False
2026-01-11 09:15:00+00:00,oos,2.2312452892063197,0.5014028233883973,True,False,False
2026-01-11 09:30:00+00:00,oos,0.08356807767611803,0.6826752215634418,False,False,False
2026-01-11 09:45:00+00:00,oos,0.6420519141587515,-0.5598430911340805,False,False,False
2026-01-11 10:00:00+00:00,oos,1.4713809496434969,0.03184753520976504,False,False,False
2026-01-11 10:15:00+00:00,oos,-1.0435477166669025,-0.7598749791134305,False,False,False
2026-01-11 10:30:00+00:00,oos,0.1508462940102385,-0.3138131358447541,False,False,False
2026-01-11 10:45:00+00:00,oos,0.2822951773808868,1.0734591535929803,False,False,False
2026-01-11 11:00:00+00:00,oos,-0.03066534026657423,0.6046087808943368,False,False,False
2026-01-11 11:15:00+00:00,oos,-0.20796542501825713,0.16122027778439826,False,False,False
2026-01-11 11:30:00+00:00,oos,0.4321985557149994,1.3046013779709222,False,True,False
2026-01-11 11:45:00+00:00,oos,-0.13549229918088032,0.06774968575984072,False,False,False
2026-01-11 12:00:00+00:00,oos,1.340560671675474,0.46117170771305555,False,False,False
2026-01-11 12:15:00+00:00,oos,1.3100822837509847,0.8782625556765523,False,False,False
2026-01-11 12:30:00+00:00,oos,0.6863084922575321,0.64601765964603,False,False,False
2026-01-11 12:45:00+00:00,oos,1.5019770871291296,0.44812343299349927,False,False,False
2026-01-11 13:00:00+00:00,oos,0.4937377209401528,0.5829318856047141,False,False,False
2026-01-11 13:15:00+00:00,oos,-1.1471853776725351,0.12511755474529468,False,False,False
2026-01-11 13:30:00+00:00,oos,-1.4965425456937862,-0.13515943124958496,False,False,False
2026-01-11 13:45:00+00:00,oos,0.7853821061813662,0.32809214490097266,False,False,False
2026-01-11 14:00:00+00:00,oos,1.1856528584288437,0.18808367021850958,False,False,False
2026-01-11 14:15:00+00:00,oos,2.7562814786560237,-0.9416556708612139,True,False,False
2026-01-11 14:30:00+00:00,oos,1.7074809041786425,0.7112744054220206,True,False,False
2026-01-11 14:45:00+00:00,oos,1.0555257554102528,1.267024267938641,False,False,False
2026-01-11 15:00:00+00:00,oos,-0.7609002237798265,0.6682589612686312,False,False,False
2026-01-11 15:15:00+00:00,oos,0.8709820555467707,1.0312364745570466,False,False,False
2026-01-11 15:30:00+00:00,oos,-1.1183138893715907,0.33421999645418976,False,False,False
2026-01-11 15:45:00+00:00,oos,0.1655747202356486,2.3374182125032883,False,True,False
2026-01-11 16:00:00+00:00,oos,2.41769271541519,-0.6227827808897336,True,False,False
2026-01-11 16:15:00+00:00,oos,2.1544685537433783,0.2306062414899796,True,False,False
2026-01-11 16:30:00+00:00,oos,0.6606419835444969,2.710205935499729,False,True,False
2026-01-11 16:45:00+00:00,oos,-1.0774911883990927,-0.6378913718595914,False,False,False
2026-01-11 17:00:00+00:00,oos,-0.037263955434032686,0.24342900637649217,False,False,False
2026-01-11 17:15:00+00:00,oos,-0.5409173523084105,0.8459507082325257,False,False,False
2026-01-11 17:30:00+00:00,oos,-1.2953322225930661,-0.0846643643303443,False,False,False
2026-01-11 17:45:00+00:00,oos,1.216507182424493,0.7514030265595136,False,False,False
2026-01-11 18:00:00+00:00,oos,-1.4401915154001639,0.9593565094344533,False,False,False
2026-01-11 18:15:00+00:00,oos,0.021839777301453374,0.6682018769200018,False,False,False
2026-01-11 18:30:00+00:00,oos,-0.10722747572790384,1.5291650871459201,False,True,False
2026-01-11 18:45:00+00:00,oos,1.4713127168295932,0.5146411314120757,False,False,False
2026-01-11 19:00:00+00:00,oos,0.09298231404758078,0.3990551602275481,False,False,False
2026-01-11 19:15:00+00:00,oos,-0.3128853220313456,0.6133647221587748,False,False,False
2026-01-11 19:30:00+00:00,oos,-1.589807435966433,0.23472563713989214,True,False,False
2026-01-11 19:45:00+00:00,oos,-1.3782625604056142,1.8749196693481365,False,True,False
2026-01-11 20:00:00+00:00,oos,-1.0082980978762803,2.2822419151806477,False,True,False
2026-01-11 20:15:00+00:00,oos,-0.9388253586324955,1.3644039322402346,False,True,False
2026-01-11 20:30:00+00:00,oos,0.8280862557420485,0.10448867442928791,False,False,False
2026-01-11 20:45:00+00:00,oos,1.6768319442570638,-0.31738135222686,True,False,False
2026-01-11 21:00:00+00:00,oos,-0.02062253910066056,0.5617907701229048,False,False,False
2026-01-11 21:15:00+00:00,oos,-0.30217217655072903,0.7219536648167696,False,False,False
2026-01-11 21:30:00+00:00,oos,0.6627017485508534,0.011176040903045676,False,False,False
2026-01-11 21:45:00+00:00,oos,0.034135842232848455,-0.011480973547582306,False,False,False
2026-01-11 22:00:00+00:00,oos,-0.2849011994077733,0.8266241735454414,False,False,False
2026-01-11 22:15:00+00:00,oos,-0.20295223106942792,1.8665123984077392,False,True,False
2026-01-11 22:30:00+00:00,oos,1.109480863492896,0.8892669130701334,False,False,False
2026-01-11 22:45:00+00:00,oos,-1.0534974175880245,1.7290799212969952,False,True,False
2026-01-11 23:00:00+00:00,oos,-0.2649569104788815,-0.3164826179078319,False,False,False
2026-01-11 23:15:00+00:00,oos,-0.5128505867758777,0.7449761074144507,False,False,False
2026-01-11 23:30:00+00:00,oos,1.5820485717609072,-0.6676320862521002,True,False,False
2026-01-11 23:45:00+00:00,oos,0.705525838041118,-0.07763310738914068,False,False,False
2026-01-12 00:00:00+00:00,oos,-0.0020286209699664887,-0.3122781205336547,False,False,False
2026-01-12 00:15:00+00:00,oos,1.0182414744793695,0.29057430168886056,False,False,False
2026-01-12 00:30:00+00:00,oos,0.13830640504070046,0.177725529382684,False,False,False
2026-01-12 00:45:00+00:00,oos,1.0234556022244887,1.0820587979602527,False,False,False
2026-01-12 01:00:00+00:00,oos,0.467776842015301,1.2511242817421648,False,False,False
2026-01-12 01:15:00+00:00,oos,-0.18779031895494047,-0.21526710546264324,False,False,False
2026-01-12 01:30:00+00:00,oos,-0.8816022279804187,0.34864090626493155,False,False,False
2026-01-12 01:45:00+00:00,oos,0.17581797891151413,0.8177684801202348,False,False,False
2026-01-12 02:00:00+00:00,oos,0.8159031930406003,1.3172887850406891,False,True,False
2026-01-12 02:15:00+00:00,oos,-0.0056173505544245324,0.2407221428551934,False,False,False
2026-01-12 02:30:00+00:00,oos,0.6417769285828927,0.018431093120233284,False,False,False
2026-01-12 02:45:00+00:00,oos,0.22677023732638724,0.7996142381709279,False,False,False
2026-01-12 03:00:00+00:00,oos,-0.8700153369480704,-0.23276268862417682,False,False,False
2026-01-12 03:15:00+00:00,oos,0.6886723084744344,0.9404445447389729,False,False,False
2026-01-12 03:30:00+00:00,oos,-1.173640765322878,1.3887391935589393,False,True,False
2026-01-12 03:45:00+00:00,oos,-1.3996420118377355,0.07873285601166642,False,False,False
2026-01-12 04:00:00+00:00,oos,-0.1387498036502934,0.8119205153564775,False,False,False
2026-01-12 04:15:00+00:00,oos,-0.9492203646836345,0.10458680879994096,False,False,False
2026-01-12 04:30:00+00:00,oos,0.3519947260633972,0.3553480031371091,False,False,False
2026-01-12 04:45:00+00:00,oos,0.4021584643113502,0.19609940167027162,False,False,False
2026-01-12 05:00:00+00:00,oos,-0.52774395313054,0.3389847520748597,False,False,False
2026-01-12 05:15:00+00:00,oos,1.3953640521856372,0.08749982566067391,False,False,False
2026-01-12 05:30:00+00:00,oos,-0.8924282682848381,0.7950541086924046,False,False,False
2026-01-12 05:45:00+00:00,oos,-1.1329902342361622,-0.2175129346531644,False,False,False
2026-01-12 06:00:00+00:00,oos,-0.6055005335025088,1.2262854917905925,False,False,False
2026-01-12 06:15:00+00:00,oos,0.017224884372093994,-0.3275301118780115,False,False,False
2026-01-12 06:30:00+00:00,oos,-0.006250900008852964,0.4638841844479253,False,False,False
2026-01-12 06:45:00+00:00,oos,0.17718145727343315,1.5433299751917193,False,True,False
2026-01-12 07:00:00+00:00,oos,0.6228288019408321,0.832543691105397,False,False,False
2026-01-12 07:15:00+00:00,oos,-0.18844372015669333,1.0087388424274086,False,False,False
2026-01-12 07:30:00+00:00,oos,-0.9224621883668203,1.4279162082499401,False,True,False
2026-01-12 07:45:00+00:00,oos,-0.34848554420223343,0.36021710615755576,False,False,False
2026-01-12 08:00:00+00:00,oos,0.9807694788915432,1.4271469695765449,False,True,False
2026-01-12 08:15:00+00:00,oos,1.2871648066199337,0.7099964896191325,False,False,False
2026-01-12 08:30:00+00:00,oos,0.14593364836841935,1.6625386315691448,False,True,False
2026-01-12 08:45:00+00:00,oos,2.155880737562489,0.8352866685854088,True,False,False
2026-01-12 09:00:00+00:00,oos,-0.33701950077860593,1.5175124794427106,False,True,False
2026-01-12 09:15:00+00:00,oos,1.5969991460156996,2.275990451315174,True,True,True
2026-01-12 09:30:00+00:00,oos,0.44707435134484036,2.3683095036256625,False,True,False
2026-01-12 09:45:00+00:00,oos,-0.2251529376469036,1.2437777740430604,False,False,False
2026-01-12 10:00:00+00:00,oos,-0.9983249561602985,1.1297262857797712,False,False,False
2026-01-12 10:15:00+00:00,oos,-0.5322536474723306,-0.06710719461338473,False,False,False
2026-01-12 10:30:00+00:00,oos,1.0244104903413496,1.9485967543734857,False,True,False
2026-01-12 10:45:00+00:00,oos,-2.10900660934161,-1.2194725744108543,True,False,False
2026-01-12 11:00:00+00:00,oos,0.8619771189333011,0.031269191665191674,False,False,False
2026-01-12 11:15:00+00:00,oos,3.0926592041319947,-0.33160947648801486,True,False,False
2026-01-12 11:30:00+00:00,oos,-0.450741497888571,0.6600564566814294,False,False,False
2026-01-12 11:45:00+00:00,oos,0.26129187870931603,0.9932073914154534,False,False,False
2026-01-12 12:00:00+00:00,oos,1.564406222159785,0.4323399392798922,False,False,False
2026-01-12 12:15:00+00:00,oos,1.060735418657812,0.7886577083515477,False,False,False
2026-01-12 12:30:00+00:00,oos,-1.3600993401761947,0.7829341777320306,False,False,False
2026-01-12 12:45:00+00:00,oos,0.6275216989840301,0.8927819103229495,False,False,False
2026-01-12 13:00:00+00:00,oos,-1.9563606243010332,0.17695509380710167,True,False,False
2026-01-12 13:15:00+00:00,oos,-0.06252918251799008,0.7603111683633249,False,False,False
2026-01-12 13:30:00+00:00,oos,0.14229244445618727,0.1852059884522528,False,False,False
2026-01-12 13:45:00+00:00,oos,-0.352571450344893,-0.11012617529324885,False,False,False
2026-01-12 14:00:00+00:00,oos,0.6690602843011908,0.7179370725279741,False,False,False
2026-01-12 14:15:00+00:00,oos,-1.306438126327497,0.46868239829773,False,False,False
2026-01-12 14:30:00+00:00,oos,0.1603053612305969,2.547457102564135,False,True,False
2026-01-12 14:45:00+00:00,oos,0.02365195802204219,0.9533738954945632,False,False,False
2026-01-12 15:00:00+00:00,oos,-1.1349881706829295,2.0189388307631244,False,True,False
2026-01-12 15:15:00+00:00,oos,-0.5427048834134084,1.5808619769533188,False,True,False
2026-01-12 15:30:00+00:00,oos,-0.12077986523260743,1.7004980666083678,False,True,False
2026-01-12 15:45:00+00:00,oos,-0.5128070190670326,1.628155112514494,False,True,False
2026-01-12 16:00:00+00:00,oos,-0.6696717676935466,0.9064866150317012,False,False,False
2026-01-12 16:15:00+00:00,oos,-0.16567986382549027,1.2025334744913774,False,False,False
2026-01-12 16:30:00+00:00,oos,-0.5581867860705733,0.4374584685321339,False,False,False
2026-01-12 16:45:00+00:00,oos,-1.6313522136581056,0.9762158591242057,True,False,False
2026-01-12 17:00:00+00:00,oos,-1.5690718477286152,1.082579077312262,True,False,False
2026-01-12 17:15:00+00:00,oos,-1.3335369800038102,1.0017809457613729,False,False,False
2026-01-12 17:30:00+00:00,oos,0.24213710644140227,1.9480275540135514,False,True,False
2026-01-12 17:45:00+00:00,oos,-0.056894427899587464,0.6386130220229284,False,False,False
2026-01-12 18:00:00+00:00,oos,0.1477254095078099,0.2221936034386368,False,False,False
2026-01-12 18:15:00+00:00,oos,0.9271968203859081,1.3496999323365364,False,True,False
2026-01-12 18:30:00+00:00,oos,0.17455712183581978,1.7840708783949588,False,True,False
2026-01-12 18:45:00+00:00,oos,-0.7596970927246424,0.06133737217275674,False,False,False
2026-01-12 19:00:00+00:00,oos,-0.7820120324684424,1.5213212934540095,False,True,False
2026-01-12 19:15:00+00:00,oos,-0.47566254759871157,1.5389010405783468,False,True,False
2026-01-12 19:30:00+00:00,oos,1.5592424643238343,1.1211212378402196,False,False,False
2026-01-12 19:45:00+00:00,oos,0.5380858596771222,1.6817833044449082,False,True,False
2026-01-12 20:00:00+00:00,oos,0.8830962549820919,1.5344873234197953,False,True,False
2026-01-12 20:15:00+00:00,oos,-1.9913376334814177,1.5400190619722565,True,True,True
2026-01-12 20:30:00+00:00,oos,-1.0048974719347097,2.5398685706906807,False,True,False
2026-01-12 20:45:00+00:00,oos,-1.1626690435565425,1.3099533596759634,False,True,False
2026-01-12 21:00:00+00:00,oos,-0.3871388323058419,0.8521903877424843,False,False,False
2026-01-12 21:15:00+00:00,oos,0.8184036344215971,0.401544857727431,False,False,False
2026-01-12 21:30:00+00:00,oos,-1.7503924371052788,1.1752258138637495,True,False,False
2026-01-12 21:45:00+00:00,oos,-2.0120921441424784,1.7857437516046168,True,True,True
2026-01-12 22:00:00+00:00,oos,0.9776346790955096,1.023267649654704,False,False,False
2026-01-12 22:15:00+00:00,oos,-0.002645335534631667,1.6339946214405494,False,True,False
2026-01-12 22:30:00+00:00,oos,-0.006684248165546969,1.6758608956027516,False,True,False
2026-01-12 22:45:00+00:00,oos,-0.1968470943614204,0.575210716390732,False,False,False
2026-01-12 23:00:00+00:00,oos,-2.0892655008489927,0.6086412917490311,True,False,False
2026-01-12 23:15:00+00:00,oos,1.3101933696568104,-1.0147702168661432,False,False,False
2026-01-12 23:30:00+00:00,oos,0.36515086490964044,0.059946375296170314,False,False,False
2026-01-12 23:45:00+00:00,oos,0.10327613802812183,-0.7545926246698293,False,False,False
2026-01-13 00:00:00+00:00,oos,1.8308170567217412,0.29098865621784137,True,False,False
2026-01-13 00:15:00+00:00,oos,0.8520341346462469,-0.4687081709864833,False,False,False
2026-01-13 00:30:00+00:00,oos,-1.8282870542789371,0.7187167778319451,True,False,False
2026-01-13 00:45:00+00:00,oos,0.188749774520689,0.030041641847674726,False,False,False
2026-01-13 01:00:00+00:00,oos,-0.5187785879011836,-0.15958715358543488,False,False,False
2026-01-13 01:15:00+00:00,oos,-2.180698908955903,0.8476584354103874,True,False,False
2026-01-13 01:30:00+00:00,oos,-1.0639681823003926,0.9460634203649022,False,False,False
2026-01-13 01:45:00+00:00,oos,0.5502187018653123,0.13418899517639046,False,False,False
2026-01-13 02:00:00+00:00,oos,1.661978250630989,0.3749616884257049,True,False,False
2026-01-13 02:15:00+00:00,oos,0.5786810933830308,0.5404491653868624,False,False,False
2026-01-13 02:30:00+00:00,oos,-1.4052533429550227,0.6897406323183333,False,False,False
2026-01-13 02:45:00+00:00,oos,-1.4686085986199988,0.6597731670562891,False,False,False
2026-01-13 03:00:00+00:00,oos,0.9690278246083313,-0.006497409209325188,False,False,False
2026-01-13 03:15:00+00:00,oos,0.5270921010832675,0.42836482449825725,False,False,False
2026-01-13 03:30:00+00:00,oos,1.4612716718106862,0.23640987292930848,False,False,False
2026-01-13 03:45:00+00:00,oos,-0.10609204473615513,0.20304733696791358,False,False,False
2026-01-13 04:00:00+00:00,oos,0.6833920962658648,0.07271745154224753,False,False,False
2026-01-13 04:15:00+00:00,oos,1.0677359487160338,0.5975149653272418,False,False,False
2026-01-13 04:30:00+00:00,oos,-0.5391359042184436,-0.02820211509738476,False,False,False
2026-01-13 04:45:00+00:00,oos,0.12267032711746603,-0.550990852465324,False,False,False
2026-01-13 05:00:00+00:00,oos,0.6008409769576935,0.03539047690455717,False,False,False
2026-01-13 05:15:00+00:00,oos,0.33422266253614263,0.10214686670099263,False,False,False
2026-01-13 05:30:00+00:00,oos,-1.0488011270933753,1.5131648783206852,False,True,False
2026-01-13 05:45:00+00:00,oos,-0.6471617227006694,-0.16337041662801774,False,False,False
2026-01-13 06:00:00+00:00,oos,-0.1975295064332196,0.01126327129975225,False,False,False
2026-01-13 06:15:00+00:00,oos,-1.3874776007945924,-0.27053458554167553,False,False,False
2026-01-13 06:30:00+00:00,oos,-0.16554451071675638,-0.24742733050855337,False,False,False
2026-01-13 06:45:00+00:00,oos,0.4785191551682003,0.3943018155520432,False,False,False
2026-01-13 07:00:00+00:00,oos,-0.7753623320957638,-0.8258863646695159,False,False,False
2026-01-13 07:15:00+00:00,oos,-1.873225242812782,0.013026833441359706,True,False,False
2026-01-13 07:30:00+00:00,oos,-1.3110439006674335,0.8223928620043944,False,False,False
2026-01-13 07:45:00+00:00,oos,-1.2808499647184568,0.22177182843224022,False,False,False
2026-01-13 08:00:00+00:00,oos,2.17858005242565,0.22777611943251116,True,False,False
2026-01-13 08:15:00+00:00,oos,-1.375438637610922,0.24322680781476755,False,False,False
2026-01-13 08:30:00+00:00,oos,2.139270613677402,-0.12492338921969295,True,False,False
2026-01-13 08:45:00+00:00,oos,0.15082080338474996,0.41862906162429725,False,False,False
2026-01-13 09:00:00+00:00,oos,0.5214135797900853,0.9150798637308241,False,False,False
2026-01-13 09:15:00+00:00,oos,0.8481259456988733,-0.3935044183036107,False,False,False
2026-01-13 09:30:00+00:00,oos,-2.033403971817429,1.5934847771771952,True,True,True
2026-01-13 09:45:00+00:00,oos,1.9488209611895975,0.6778277809133701,True,False,False
2026-01-13 10:00:00+00:00,oos,0.8827543065261081,0.6513824306197616,False,False,False
2026-01-13 10:15:00+00:00,oos,-1.8378505611081741,0.2640534200416843,True,False,False
2026-01-13 10:30:00+00:00,oos,-1.1444745344984304,1.8933770268591186,False,True,False
2026-01-13 10:45:00+00:00,oos,-0.37459920832039256,2.6854880660885527,False,True,False
2026-01-13 11:00:00+00:00,oos,0.7596248805894577,0.7576639004781468,False,False,False
2026-01-13 11:15:00+00:00,oos,-1.2122059475659106,0.41185081302957915,False,False,False
2026-01-13 11:30:00+00:00,oos,-1.5094707576193591,0.7738779055131568,False,False,False
2026-01-13 11:45:00+00:00,oos,-1.3111884755916234,-0.5778393102264835,False,False,False
2026-01-13 12:00:00+00:00,oos,-0.45500233859571265,0.01805192156230537,False,False,False
2026-01-13 12:15:00+00:00,oos,1.8422100894140523,-0.058161993531086836,True,False,False
2026-01-13 12:30:00+00:00,oos,1.3120746540964114,-1.2521546867858153,False,False,False
2026-01-13 12:45:00+00:00,oos,1.24173208509231,0.5187878311441744,False,False,False
2026-01-13 13:00:00+00:00,oos,0.42192520486505336,0.43734004088990197,False,False,False
2026-01-13 13:15:00+00:00,oos,0.44077006738659513,0.9302333004433335,False,False,False
2026-01-13 13:30:00+00:00,oos,-0.4882907105872214,3.7377784166488066,False,True,False
2026-01-13 13:45:00+00:00,oos,-0.39897866202144183,-1.7404305624066245,False,False,False
2026-01-13 14:00:00+00:00,oos,-0.20653001575442212,0.16283972863284696,False,False,False
2026-01-13 14:15:00+00:00,oos,-0.07609298629704431,0.6894901756155386,False,False,False
2026-01-13 14:30:00+00:00,oos,0.295889322132701,1.0991555586628663,False,False,False
2026-01-13 14:45:00+00:00,oos,-1.1726058874873764,0.5715412447130903,False,False,False
2026-01-13 15:00:00+00:00,oos,-0.9330526369879653,0.2885006677520171,False,False,False
2026-01-13 15:15:00+00:00,oos,-0.8077732598425237,0.42335808112557466,False,False,False
2026-01-13 15:30:00+00:00,oos,-0.42546453088102254,1.4110966843392059,False,True,False
2026-01-13 15:45:00+00:00,oos,1.4678128932037902,-0.38593734708231403,False,False,False
2026-01-13 16:00:00+00:00,oos,-0.11891306054376126,1.8139610643782604,False,True,False
2026-01-13 16:15:00+00:00,oos,-0.4490831195914985,0.8865563934671651,False,False,False
2026-01-13 16:30:00+00:00,oos,0.6629760709183703,2.149612802422137,False,True,False
2026-01-13 16:45:00+00:00,oos,-1.7326056830496146,0.06510165349030692,True,False,False
2026-01-13 17:00:00+00:00,oos,-0.5839196790093157,0.9349682697621952,False,False,False
2026-01-13 17:15:00+00:00,oos,-0.6520323952108124,0.3814456659984452,False,False,False
2026-01-13 17:30:00+00:00,oos,-0.4173356198695237,0.9476454655795533,False,False,False
2026-01-13 17:45:00+00:00,oos,-0.041478084130360866,-0.1281953658485747,False,False,False
2026-01-13 18:00:00+00:00,oos,0.391078106417509,0.19270005117103367,False,False,False
2026-01-13 18:15:00+00:00,oos,0.04030670647861365,0.09886161904477092,False,False,False
2026-01-13 18:30:00+00:00,oos,-1.2249766612511677,0.7029450342211975,False,False,False
2026-01-13 18:45:00+00:00,oos,1.07648335569571,0.21769775166228927,False,False,False
2026-01-13 19:00:00+00:00,oos,0.12297423599658924,-0.3665625007654417,False,False,False
2026-01-13 19:15:00+00:00,oos,2.049184274515102,-0.40766511841233966,True,False,False
2026-01-13 19:30:00+00:00,oos,0.050698278745088185,0.9245366728066741,False,False,False
2026-01-13 19:45:00+00:00,oos,-0.17102745791713161,0.5739317459847443,False,False,False
2026-01-13 20:00:00+00:00,oos,0.11183044996692672,1.0295654192209995,False,False,False
2026-01-13 20:15:00+00:00,oos,-0.8890921009741918,-0.3445604773045115,False,False,False
2026-01-13 20:30:00+00:00,oos,-1.0031355351308524,0.7033653474978641,False,False,False
2026-01-13 20:45:00+00:00,oos,-0.12104304706738069,0.018070967180931118,False,False,False
2026-01-13 21:00:00+00:00,oos,0.15146728926914535,0.37778929563348335,False,False,False
2026-01-13 21:15:00+00:00,oos,-0.09729301422594751,0.3720416857577107,False,False,False
2026-01-13 21:30:00+00:00,oos,0.7468301519515338,0.7147077009268218,False,False,False
2026-01-13 21:45:00+00:00,oos,-0.2454359213095717,0.20456269014565237,False,False,False
2026-01-13 22:00:00+00:00,oos,-2.3674215684381488,2.2834570330589616,True,True,True
2026-01-13 22:15:00+00:00,oos,-0.17350599798541386,2.4906460963778287,False,True,False
2026-01-13 22:30:00+00:00,oos,0.8779429879086466,0.29820015779253495,False,False,False
2026-01-13 22:45:00+00:00,oos,1.4001913497650704,-2.3492386469043005,False,False,False
2026-01-13 23:00:00+00:00,oos,-0.31183571933175896,0.15900118369721608,False,False,False
2026-01-13 23:15:00+00:00,oos,-0.7543808460675757,-0.5604029349295483,False,False,False
2026-01-13 23:30:00+00:00,oos,-0.8558201537699949,0.9547817593803747,False,False,False
2026-01-13 23:45:00+00:00,oos,0.5018126074905134,0.8597171840753948,False,False,False
2026-01-14 00:00:00+00:00,oos,0.3835219419726465,0.6326514802960697,False,False,False
2026-01-14 00:15:00+00:00,oos,-0.46702215547576553,-0.6878008877890517,False,False,False
2026-01-14 00:30:00+00:00,oos,-0.4101075406944505,-0.6723356988630566,False,False,False
2026-01-14 00:45:00+00:00,oos,0.09274318045226666,0.3514625720579838,False,False,False
2026-01-14 01:00:00+00:00,oos,1.2097687868656257,1.2202592438824316,False,False,False
2026-01-14 01:15:00+00:00,oos,1.3792914720174279,-0.4434459693333503,False,False,False
2026-01-14 01:30:00+00:00,oos,-0.4917306791114845,0.24034717058180785,False,False,False
2026-01-14 01:45:00+00:00,oos,-0.6272653548222441,-0.7913508613190694,False,False,False
2026-01-14 02:00:00+00:00,oos,0.7827783304064273,-0.09963982233406787,False,False,False
2026-01-14 02:15:00+00:00,oos,0.37188673583514775,-0.2113365511531085,False,False,False
2026-01-14 02:30:00+00:00,oos,-1.2001264886747265,-0.5218460752444143,False,False,False
2026-01-14 02:45:00+00:00,oos,-0.7438497111143271,-0.09756312484190653,False,False,False
2026-01-14 03:00:00+00:00,oos,-0.581879452094601,-0.5871316584638917,False,False,False
2026-01-14 03:15:00+00:00,oos,0.48238767170252184,-0.6554273604514369,False,False,False
2026-01-14 03:30:00+00:00,oos,1.262194887694586,-0.3858129016058248,False,False,False
2026-01-14 03:45:00+00:00,oos,1.7493284614351432,-0.2944967777096922,True,False,False
2026-01-14 04:00:00+00:00,oos,-0.7103268956524141,0.6831549957638052,False,False,False
2026-01-14 04:15:00+00:00,oos,-1.4404442871107423,-1.2480891703748935,False,False,False
2026-01-14 04:30:00+00:00,oos,-1.4862576241147374,0.2537109597147937,False,False,False
2026-01-14 04:45:00+00:00,oos,0.14236238870691612,0.6217859092842619,False,False,False
2026-01-14 05:00:00+00:00,oos,0.13788261724964385,1.1114340901812405,False,False,False
2026-01-14 05:15:00+00:00,oos,-0.3112940388361852,0.10820899163283229,False,False,False
2026-01-14 05:30:00+00:00,oos,-0.3073864334505677,-0.4038498659741472,False,False,False
2026-01-14 05:45:00+00:00,oos,0.3376105075524842,0.4965020142424682,False,False,False
2026-01-14 06:00:00+00:00,oos,-1.6568004486453223,-0.13121061524722497,True,False,False
2026-01-14 06:15:00+00:00,oos,-2.0280747905221,-0.2085633277476927,True,False,False
2026-01-14 06:30:00+00:00,oos,0.2938776960537928,1.3373972050440217,False,True,False
2026-01-14 06:45:00+00:00,oos,1.3250285606055054,-0.5801839624204979,False,False,False
2026-01-14 07:00:00+00:00,oos,-1.8418977781804875,0.06929071240894064,True,False,False
2026-01-14 07:15:00+00:00,oos,-0.7633805241878678,0.3272565013344811,False,False,False
2026-01-14 07:30:00+00:00,oos,-1.3350134192891911,-0.3663818200325153,False,False,False
2026-01-14 07:45:00+00:00,oos,-0.24509459604716338,0.2837678560635459,False,False,False
2026-01-14 08:00:00+00:00,oos,0.8109087255381628,0.7972661379288214,False,False,False
2026-01-14 08:15:00+00:00,oos,-0.36337542799926076,0.6739878606769257,False,False,False
2026-01-14 08:30:00+00:00,oos,-1.2680121297297624,0.062407147041001775,False,False,False
2026-01-14 08:45:00+00:00,oos,-1.4604797762014066,-0.35580268702333784,False,False,False
2026-01-14 09:00:00+00:00,oos,1.5786369590277527,0.6846551549423996,True,False,False
2026-01-14 09:15:00+00:00,oos,-0.4807807567907707,-0.4313318903710971,False,False,False
2026-01-14 09:30:00+00:00,oos,0.004912431719768251,-0.5770022470773792,False,False,False
2026-01-14 09:45:00+00:00,oos,-0.2660368528569277,0.08086066148827643,False,False,False
2026-01-14 10:00:00+00:00,oos,0.5465790467836021,1.0273485906837774,False,False,False
2026-01-14 10:15:00+00:00,oos,-0.606549478619923,-0.947128333219661,False,False,False
2026-01-14 10:30:00+00:00,oos,-0.12718275005316262,-0.4131326958165331,False,False,False
2026-01-14 10:45:00+00:00,oos,0.29861316300268065,-0.40843978615773435,False,False,False
2026-01-14 11:00:00+00:00,oos,-0.19238416299583383,-0.4114261730752215,False,False,False
2026-01-14 11:15:00+00:00,oos,-0.9194666029308752,0.6298082692300605,False,False,False
2026-01-14 11:30:00+00:00,oos,-1.5772977964252082,0.3842845141794477,True,False,False
2026-01-14 11:45:00+00:00,oos,-1.4559488404768879,-0.3103709374099479,False,False,False
2026-01-14 12:00:00+00:00,oos,0.6247801322367992,0.8124129470437526,False,False,False
2026-01-14 12:15:00+00:00,oos,0.03971606606856044,0.7220647501300019,False,False,False
2026-01-14 12:30:00+00:00,oos,-1.051713605564819,1.0566791119755505,False,False,False
2026-01-14 12:45:00+00:00,oos,-1.421734776104911,0.5440202861015739,False,False,False
2026-01-14 13:00:00+00:00,oos,0.478054780635983,0.7198894372582789,False,False,False
2026-01-14 13:15:00+00:00,oos,2.0716150601923276,1.056295198159285,True,False,False
2026-01-14 13:30:00+00:00,oos,-0.8640068536254664,0.10674197906308153,False,False,False
2026-01-14 13:45:00+00:00,oos,-0.4004578792777778,0.36485251801367724,False,False,False
2026-01-14 14:00:00+00:00,oos,1.4956848491354806,1.1180811566373088,False,False,False
2026-01-14 14:15:00+00:00,oos,0.604679088883789,1.8771373768016835,False,True,False
2026-01-14 14:30:00+00:00,oos,-0.4003747798489971,0.29014004899755336,False,False,False
2026-01-14 14:45:00+00:00,oos,0.6210833823073802,1.8627455705934761,False,True,False
2026-01-14 15:00:00+00:00,oos,-0.3453703344176585,0.026729587448305114,False,False,False
2026-01-14 15:15:00+00:00,oos,-0.6335943294185726,-1.1854888351716342,False,False,False
2026-01-14 15:30:00+00:00,oos,0.12782053204017976,0.5092633523173975,False,False,False
2026-01-14 15:45:00+00:00,oos,-0.1540029142917169,1.3722161349669397,False,True,False
2026-01-14 16:00:00+00:00,oos,0.8967209212018162,0.20306500340273864,False,False,False
2026-01-14 16:15:00+00:00,oos,0.35014423771460346,0.09950606325800256,False,False,False
2026-01-14 16:30:00+00:00,oos,0.1130379068359571,-0.33078266017707064,False,False,False
2026-01-14 16:45:00+00:00,oos,-0.12399800702600582,0.552949728498134,False,False,False
2026-01-14 17:00:00+00:00,oos,-0.1494209801726395,0.021506868582482366,False,False,False
2026-01-14 17:15:00+00:00,oos,-0.20043903329513227,0.3862129660072241,False,False,False
2026-01-14 17:30:00+00:00,oos,-0.9380656204733793,1.2119322320408699,False,False,False
2026-01-14 17:45:00+00:00,oos,-0.5918777735825126,-0.030009327990203408,False,False,False
2026-01-14 18:00:00+00:00,oos,-0.994347329210731,0.8916028274190886,False,False,False
2026-01-14 18:15:00+00:00,oos,-0.3617730651470097,-0.19526949936764357,False,False,False
2026-01-14 18:30:00+00:00,oos,0.9072703189465505,-0.42026077898804115,False,False,False
2026-01-14 18:45:00+00:00,oos,0.20674825507880965,0.690617117757265,False,False,False
2026-01-14 19:00:00+00:00,oos,1.0479623493240504,0.33034923630245533,False,False,False
2026-01-14 19:15:00+00:00,oos,1.52806691726808,1.4663388383472487,False,True,False
2026-01-14 19:30:00+00:00,oos,-0.2953899027307564,0.35683346280835726,False,False,False
2026-01-14 19:45:00+00:00,oos,-1.1647724437179174,-0.9981839038836522,False,False,False
2026-01-14 20:00:00+00:00,oos,-0.304574759327582,-0.25170718352966887,False,False,False
2026-01-14 20:15:00+00:00,oos,-1.567683343259859,0.6163650124201487,False,False,False
2026-01-14 20:30:00+00:00,oos,-0.0249632797477863,-0.37222634936773696,False,False,False
2026-01-14 20:45:00+00:00,oos,-0.13101318041790166,-0.16338586769436814,False,False,False
2026-01-14 21:00:00+00:00,oos,-0.5953712253401229,0.6115524927513202,False,False,False
2026-01-14 21:15:00+00:00,oos,0.8758305383064754,0.14216958318681158,False,False,False
2026-01-14 21:30:00+00:00,oos,0.001138037468412111,0.4731479240267855,False,False,False
2026-01-14 21:45:00+00:00,oos,-0.9628310203991152,0.28986251158557585,False,False,False
2026-01-14 22:00:00+00:00,oos,-0.2965143108673964,0.8941172271378535,False,False,False
2026-01-14 22:15:00+00:00,oos,-0.9517132088655318,1.1750445273873837,False,False,False
2026-01-14 22:30:00+00:00,oos,0.06103276994797295,1.7323688414449991,False,True,False
2026-01-14 22:45:00+00:00,oos,-0.043038867670307304,-0.21655568425414745,False,False,False
2026-01-14 23:00:00+00:00,oos,0.4575204021192925,-2.486981734971224,False,False,False
2026-01-14 23:15:00+00:00,oos,-0.021797586330952714,-0.5802865939232272,False,False,False
2026-01-14 23:30:00+00:00,oos,1.5011068101099085,-0.5346919954,False,False,False
2026-01-14 23:45:00+00:00,oos,1.0990816206160967,0.31253563872414547,False,False,False
2026-01-15 00:00:00+00:00,oos,0.615184906806102,-0.1389747374768149,False,False,False
2026-01-15 00:15:00+00:00,oos,-0.4495292204708894,0.16524583977453203,False,False,False
2026-01-15 00:30:00+00:00,oos,-1.1694176568566683,0.4220803099981351,False,False,False
2026-01-15 00:45:00+00:00,oos,-1.3847046790536348,0.44051435663084265,False,False,False
2026-01-15 01:00:00+00:00,oos,0.07229022014346792,0.25187594874027636,False,False,False
2026-01-15 01:15:00+00:00,oos,-0.13497266065915425,0.09275344456719879,False,False,False
2026-01-15 01:30:00+00:00,oos,-0.7274011341624192,0.8700135017235797,False,False,False
2026-01-15 01:45:00+00:00,oos,-0.4494403979620438,0.3290834152308087,False,False,False
2026-01-15 02:00:00+00:00,oos,1.375841873219811,-0.6106362583674235,False,False,False
2026-01-15 02:15:00+00:00,oos,0.40732104337536423,0.770356463280215,False,False,False
2026-01-15 02:30:00+00:00,oos,-1.0329267078307014,0.6130975288478799,False,False,False
2026-01-15 02:45:00+00:00,oos,0.6188620760508488,-0.02699792287359336,False,False,False
2026-01-15 03:00:00+00:00,oos,-0.9198995734584289,0.5885745609070817,False,False,False
2026-01-15 03:15:00+00:00,oos,-1.0450769394907182,0.36839736995327893,False,False,False
2026-01-15 03:30:00+00:00,oos,-1.0415348867650314,0.9641320922438825,False,False,False
2026-01-15 03:45:00+00:00,oos,0.41512974744766057,0.5595249736574599,False,False,False
2026-01-15 04:00:00+00:00,oos,1.1183464268881618,0.22071733860944495,False,False,False
2026-01-15 04:15:00+00:00,oos,0.8900449953845673,2.2515578571903845,False,True,False
2026-01-15 04:30:00+00:00,oos,-0.2691662905647741,1.5137280902263797,False,True,False
2026-01-15 04:45:00+00:00,oos,0.368651563083244,0.3037019087818418,False,False,False
2026-01-15 05:00:00+00:00,oos,-0.5579587996742671,1.4250301276389676,False,True,False
2026-01-15 05:15:00+00:00,oos,-0.6364328161456202,0.8614152531523631,False,False,False
2026-01-15 05:30:00+00:00,oos,-0.5578431016864271,0.8988832072496041,False,False,False
2026-01-15 05:45:00+00:00,oos,1.1317783236556156,0.7575801992754896,False,False,False
2026-01-15 06:00:00+00:00,oos,-0.8672258437873245,0.18999759428051743,False,False,False
2026-01-15 06:15:00+00:00,oos,0.8123015298875115,1.4291732891979008,False,True,False
2026-01-15 06:30:00+00:00,oos,-0.6787950746594974,-0.4937668779478378,False,False,False
2026-01-15 06:45:00+00:00,oos,-1.031196052186575,0.3523723059064714,False,False,False
2026-01-15 07:00:00+00:00,oos,-0.3209723940625071,1.0292226111608787,False,False,False
2026-01-15 07:15:00+00:00,oos,-0.23598261152450292,1.2083435352581597,False,False,False
2026-01-15 07:30:00+00:00,oos,1.3905251873044617,1.232826575745627,False,False,False
2026-01-15 07:45:00+00:00,oos,0.6511295674760101,0.5796961193867249,False,False,False
2026-01-15 08:00:00+00:00,oos,-1.6859451048059562,1.4106815654735159,True,True,True
2026-01-15 08:15:00+00:00,oos,0.5860841428876055,0.555479551459596,False,False,False
2026-01-15 08:30:00+00:00,oos,0.29248126727069734,1.0335314768640138,False,False,False
2026-01-15 08:45:00+00:00,oos,1.9703068079742718,1.9037380621876814,True,True,True
2026-01-15 09:00:00+00:00,oos,0.5954398979178568,0.9352372583847204,False,False,False
2026-01-15 09:15:00+00:00,oos,1.0312992809834804,0.49168565513611845,False,False,False
2026-01-15 09:30:00+00:00,oos,1.3447556860242764,1.1910205739059492,False,False,False
2026-01-15 09:45:00+00:00,oos,1.7715911936329674,-0.11184165976264722,True,False,False
2026-01-15 10:00:00+00:00,oos,0.4365853047326866,0.5104142135209225,False,False,False
2026-01-15 10:15:00+00:00,oos,0.0770116032446605,0.2834087635678943,False,False,False
2026-01-15 10:30:00+00:00,oos,1.72909820031354,-0.06451959351108334,True,False,False
2026-01-15 10:45:00+00:00,oos,2.1063533814108597,0.8381869654621487,True,False,False
2026-01-15 11:00:00+00:00,oos,-1.697528269232226,0.8025688563567532,True,False,False
2026-01-15 11:15:00+00:00,oos,1.619099071211641,0.6367644043465541,True,False,False
2026-01-15 11:30:00+00:00,oos,-0.7069098573025818,-0.06545762308557075,False,False,False
2026-01-15 11:45:00+00:00,oos,-1.5205022470151746,0.06846876339482968,False,False,False
2026-01-15 12:00:00+00:00,oos,0.3736959522584528,0.7064987207931209,False,False,False
2026-01-15 12:15:00+00:00,oos,-0.4519147573540491,-0.022271624635233273,False,False,False
2026-01-15 12:30:00+00:00,oos,1.442285292886375,0.19870087396990124,False,False,False
2026-01-15 12:45:00+00:00,oos,-0.15346078254741183,-0.3052663698517407,False,False,False
2026-01-15 13:00:00+00:00,oos,-0.9512135884727438,0.41521833850909073,False,False,False
2026-01-15 13:15:00+00:00,oos,-0.42761527538513444,0.9032777607334656,False,False,False
2026-01-15 13:30:00+00:00,oos,-0.9029059831120331,1.5758564264957626,False,True,False
2026-01-15 13:45:00+00:00,oos,0.6760536265609376,-0.577401004219894,False,False,False
2026-01-15 14:00:00+00:00,oos,0.6976423022556097,0.4611833301601109,False,False,False
2026-01-15 14:15:00+00:00,oos,-0.343133726945422,0.456848625704089,False,False,False
2026-01-15 14:30:00+00:00,oos,0.014292987548343754,1.7627954644620647,False,True,False
2026-01-15 14:45:00+00:00,oos,-0.3393189836055263,0.48141161955368533,False,False,False
2026-01-15 15:00:00+00:00,oos,0.8496249301976259,-0.4816148553535001,False,False,False
2026-01-15 15:15:00+00:00,oos,-0.0048041114503110304,0.5980775679321786,False,False,False
2026-01-15 15:30:00+00:00,oos,-0.1028176443493666,0.7131890072054612,False,False,False
2026-01-15 15:45:00+00:00,oos,-0.7503735025627182,1.8986679107515403,False,True,False
2026-01-15 16:00:00+00:00,oos,0.8379074296911472,-0.17600552648370243,False,False,False
2026-01-15 16:15:00+00:00,oos,0.5439505744226195,0.912964465681927,False,False,False
2026-01-15 16:30:00+00:00,oos,0.0013413254982092523,-0.15815445605380551,False,False,False
2026-01-15 16:45:00+00:00,oos,0.23030965546363355,0.6641103308975678,False,False,False
2026-01-15 17:00:00+00:00,oos,-0.4497495110166629,0.2258238609131569,False,False,False
2026-01-15 17:15:00+00:00,oos,0.951894963088715,0.7510845509765752,False,False,False
2026-01-15 17:30:00+00:00,oos,1.6296082005712935,0.414436181146238,True,False,False
2026-01-15 17:45:00+00:00,oos,-0.8151626051073093,1.2594612600755488,False,False,False
2026-01-15 18:00:00+00:00,oos,-0.8793459479480464,-0.09684771279574768,False,False,False
2026-01-15 18:15:00+00:00,oos,0.21698998233956376,0.6387569192582947,False,False,False
2026-01-15 18:30:00+00:00,oos,-0.7014064500728028,0.4381562580663022,False,False,False
2026-01-15 18:45:00+00:00,oos,0.06279097521701574,1.2440025631679656,False,False,False
2026-01-15 19:00:00+00:00,oos,0.10010333104057172,0.10477619569415866,False,False,False
2026-01-15 19:15:00+00:00,oos,1.2324207956163347,1.4694853677560213,False,True,False
2026-01-15 19:30:00+00:00,oos,-0.5129244875575747,1.3330211892419228,False,True,False
2026-01-15 19:45:00+00:00,oos,0.5440122198939178,0.2612562146536448,False,False,False
2026-01-15 20:00:00+00:00,oos,1.3642569942920846,-0.0999518166938729,False,False,False
2026-01-15 20:15:00+00:00,oos,-1.1608364664785906,1.1820367922886856,False,False,False
2026-01-15 20:30:00+00:00,oos,0.12852860935425367,-0.05337962670689302,False,False,False
2026-01-15 20:45:00+00:00,oos,-0.8098727858105257,1.4827510363174414,False,True,False
2026-01-15 21:00:00+00:00,oos,2.1154750401628615,0.9050850480047012,True,False,False
2026-01-15 21:15:00+00:00,oos,2.204502150317787,-0.3549201950789934,True,False,False
2026-01-15 21:30:00+00:00,oos,1.3167491259290267,1.1454771905984293,False,False,False
2026-01-15 21:45:00+00:00,oos,1.869362655566557,1.5694042026896067,True,True,True
2026-01-15 22:00:00+00:00,oos,1.909997878384275,1.1019366839869644,True,False,False
2026-01-15 22:15:00+00:00,oos,1.9931625949926846,3.416527315009204,True,True,True
2026-01-15 22:30:00+00:00,oos,0.01592666246920203,1.8356292985580343,False,True,False
2026-01-15 22:45:00+00:00,oos,1.1911623413818844,2.1474692702980187,False,True,False
2026-01-15 23:00:00+00:00,oos,1.248532612558431,-1.2687924129373487,False,False,False
2026-01-15 23:15:00+00:00,oos,0.42532335657759796,-0.05195687584773105,False,False,False
2026-01-15 23:30:00+00:00,oos,-0.06548054916631435,0.052507766019513784,False,False,False
2026-01-15 23:45:00+00:00,oos,1.195795799575223,1.1408929869070699,False,False,False
2026-01-16 00:00:00+00:00,oos,1.323874563300607,1.0458779590603704,False,False,False
2026-01-16 00:15:00+00:00,oos,0.10276492050460609,0.9785353780366539,False,False,False
2026-01-16 00:30:00+00:00,oos,0.9433966831898125,1.2724695782294035,False,False,False
2026-01-16 00:45:00+00:00,oos,-1.9145117829275178,0.4131809469138217,True,False,False
2026-01-16 01:00:00+00:00,oos,-1.4202761023274713,0.3774747521776674,False,False,False
2026-01-16 01:15:00+00:00,oos,1.3736288149472284,0.30466250613090795,False,False,False
2026-01-16 01:30:00+00:00,oos,1.0394871163694512,0.622973824147774,False,False,False
2026-01-16 01:45:00+00:00,oos,1.7214494432384495,0.3871074037063565,True,False,False
2026-01-16 02:00:00+00:00,oos,-0.42175665616537594,0.38293245312877555,False,False,False
2026-01-16 02:15:00+00:00,oos,0.12343024002022436,0.6619881487622982,False,False,False
2026-01-16 02:30:00+00:00,oos,-2.4985218917915106,-1.0175129622028096,True,False,False
2026-01-16 02:45:00+00:00,oos,1.0697183379549218,-0.2061158199002234,False,False,False
2026-01-16 03:00:00+00:00,oos,2.0345233098535265,-0.5795872941771598,True,False,False
2026-01-16 03:15:00+00:00,oos,-0.5545803678766464,0.08150845470825055,False,False,False
2026-01-16 03:30:00+00:00,oos,0.8770188372604683,-0.1933410995781163,False,False,False
2026-01-16 03:45:00+00:00,oos,-0.2561660866109075,-0.0028331238521163028,False,False,False
2026-01-16 04:00:00+00:00,oos,0.8116920345190295,-0.48570074119133155,False,False,False
2026-01-16 04:15:00+00:00,oos,-0.21838278458679353,0.3220794683711268,False,False,False
2026-01-16 04:30:00+00:00,oos,-1.9471307371105633,0.913050378480627,True,False,False
2026-01-16 04:45:00+00:00,oos,0.0221261286201514,-0.21043410802853574,False,False,False
2026-01-16 05:00:00+00:00,oos,2.242150577602827,0.0816282564243743,True,False,False
2026-01-16 05:15:00+00:00,oos,-0.4506303674399149,-0.07638491414185883,False,False,False
2026-01-16 05:30:00+00:00,oos,0.7168744632809526,0.4833430149376503,False,False,False
2026-01-16 05:45:00+00:00,oos,1.790796515728772,0.923611103151187,True,False,False
2026-01-16 06:00:00+00:00,oos,-1.236813465559797,1.0330622664524667,False,False,False
2026-01-16 06:15:00+00:00,oos,0.42159876524477047,0.7799504196636815,False,False,False
2026-01-16 06:30:00+00:00,oos,1.7802967029498198,0.3360604025887246,True,False,False
2026-01-16 06:45:00+00:00,oos,0.06542215589536042,-0.08730267390224739,False,False,False
2026-01-16 07:00:00+00:00,oos,-0.18266922913428238,0.8952256699085034,False,False,False
2026-01-16 07:15:00+00:00,oos,-1.260518727362621,1.0195558248158245,False,False,False
2026-01-16 07:30:00+00:00,oos,-2.527125159538147,1.22377975999466,True,False,False
2026-01-16 07:45:00+00:00,oos,1.1640506210573522,1.0104110708730025,False,False,False
2026-01-16 08:00:00+00:00,oos,0.8247169700979433,0.7391837854544367,False,False,False
2026-01-16 08:15:00+00:00,oos,0.12222799938504968,0.2923361960269563,False,False,False
2026-01-16 08:30:00+00:00,oos,-0.9317974918908251,0.6395203670437595,False,False,False
2026-01-16 08:45:00+00:00,oos,-1.0575881699426073,0.5113912856463529,False,False,False
2026-01-16 09:00:00+00:00,oos,-2.771642302710333,0.5995563901216425,True,False,False
2026-01-16 09:15:00+00:00,oos,-0.026417653351897746,1.2795448423800795,False,False,False
2026-01-16 09:30:00+00:00,oos,-1.7288762565988725,0.002645852658036175,True,False,False
2026-01-16 09:45:00+00:00,oos,-0.6852905376941527,0.3886642255950222,False,False,False
2026-01-16 10:00:00+00:00,oos,-0.6735204430661468,0.26017127431821896,False,False,False
2026-01-16 10:15:00+00:00,oos,-0.5753189321305341,-0.837064778553142,False,False,False
2026-01-16 10:30:00+00:00,oos,0.324754932919044,-0.20215625946264015,False,False,False
2026-01-16 10:45:00+00:00,oos,0.20618599836683826,-0.0745070171152753,False,False,False
2026-01-16 11:00:00+00:00,oos,-0.9600597311807482,-0.3356474260634342,False,False,False
2026-01-16 11:15:00+00:00,oos,-1.272091599119679,0.9513756083415871,False,False,False
2026-01-16 11:30:00+00:00,oos,-0.19883382562860366,0.3582317354456608,False,False,False
2026-01-16 11:45:00+00:00,oos,1.0209141874365977,-0.12141799483950602,False,False,False
2026-01-16 12:00:00+00:00,oos,0.7846737553056756,0.4756767848790204,False,False,False
2026-01-16 12:15:00+00:00,oos,0.9533340982681907,-0.5225708678614915,False,False,False
2026-01-16 12:30:00+00:00,oos,0.9239738193294932,1.0934661199652456,False,False,False
2026-01-16 12:45:00+00:00,oos,-0.190166465276626,1.81891088331394,False,True,False
2026-01-16 13:00:00+00:00,oos,0.9702500673152149,1.7101119239528002,False,True,False
2026-01-16 13:15:00+00:00,oos,-1.7104095353147164,1.4853759883451405,True,True,True
2026-01-16 13:30:00+00:00,oos,-1.4827782103642293,2.312765075135757,False,True,False
2026-01-16 13:45:00+00:00,oos,-0.0807002619583488,1.465835937737471,False,True,False
2026-01-16 14:00:00+00:00,oos,-0.1341197188347732,1.5795955900605982,False,True,False
2026-01-16 14:15:00+00:00,oos,0.25750400751752395,1.5353679897487218,False,True,False
2026-01-16 14:30:00+00:00,oos,-0.06492074020816846,0.759259830466094,False,False,False
2026-01-16 14:45:00+00:00,oos,-0.19701196271498167,1.0649841790542645,False,False,False
2026-01-16 15:00:00+00:00,oos,-0.1350807494483735,0.7318397883085356,False,False,False
2026-01-16 15:15:00+00:00,oos,-0.2897698082486525,1.2230775561716891,False,False,False
2026-01-16 15:30:00+00:00,oos,-0.5177742118508171,0.6262657693399871,False,False,False
2026-01-16 15:45:00+00:00,oos,-1.3095363934830364,0.5685931062493683,False,False,False
2026-01-16 16:00:00+00:00,oos,0.15866346629697778,1.1384857891830011,False,False,False
2026-01-16 16:15:00+00:00,oos,1.115693221516617,0.32451221637932515,False,False,False
2026-01-16 16:30:00+00:00,oos,0.5952348582628995,1.4236999306661988,False,True,False
2026-01-16 16:45:00+00:00,oos,0.726399866005793,1.2545873755961634,False,False,False
2026-01-16 17:00:00+00:00,oos,-0.8747934198048118,0.8962762657879361,False,False,False
2026-01-16 17:15:00+00:00,oos,1.5377732162400928,1.6361933243578148,False,True,False
2026-01-16 17:30:00+00:00,oos,1.787768674282172,1.2203752816529176,True,False,False
2026-01-16 17:45:00+00:00,oos,0.8769902262494182,0.23949223481308554,False,False,False
2026-01-16 18:00:00+00:00,oos,-0.14319438708040272,1.0836416060712848,False,False,False
2026-01-16 18:15:00+00:00,oos,0.9623143068887653,0.8115502958221349,False,False,False
2026-01-16 18:30:00+00:00,oos,0.0653517100927744,1.3880955594126354,False,True,False
2026-01-16 18:45:00+00:00,oos,0.6558474787448129,1.3061502549755313,False,True,False
2026-01-16 19:00:00+00:00,oos,-0.3840350874907969,0.9924151336838365,False,False,False
2026-01-16 19:15:00+00:00,oos,-0.6036089325958467,1.102215711361768,False,False,False
2026-01-16 19:30:00+00:00,oos,1.5435568720447834,0.7639760739869004,False,False,False
2026-01-16 19:45:00+00:00,oos,1.9158796842565031,0.4278705023870587,True,False,False
2026-01-16 20:00:00+00:00,oos,-0.6521346221896235,1.179406840664496,False,False,False
2026-01-16 20:15:00+00:00,oos,2.207797432122282,0.46751858428269777,True,False,False
2026-01-16 20:30:00+00:00,oos,0.23694838565089446,0.37957186174686325,False,False,False
2026-01-16 20:45:00+00:00,oos,1.579949171260771,0.020062308694198023,True,False,False
2026-01-16 21:00:00+00:00,oos,-0.3894276210889867,2.028580683105865,False,True,False
2026-01-16 21:15:00+00:00,oos,-0.6090935118333117,0.8776119710644925,False,False,False
2026-01-16 21:30:00+00:00,oos,0.910106478768475,1.4185580992861275,False,True,False
2026-01-16 21:45:00+00:00,oos,0.09078220789555402,1.3536344057462584,False,True,False
2026-01-16 22:00:00+00:00,oos,0.09196756243079009,3.1973590744615192,False,True,False
2026-01-16 22:15:00+00:00,oos,-0.00925595279200375,3.2725704964030977,False,True,False
2026-01-16 22:30:00+00:00,oos,0.6097480414614851,1.096928937184384,False,False,False
2026-01-16 22:45:00+00:00,oos,1.722222831905562,2.110189330781743,True,True,True
2026-01-16 23:00:00+00:00,oos,1.5715470890638796,-1.0755990912556312,True,False,False
2026-01-16 23:15:00+00:00,oos,0.8713113239842392,-0.6467073529929598,False,False,False
2026-01-16 23:30:00+00:00,oos,-1.3321873265059583,0.3048783983067822,False,False,False
2026-01-16 23:45:00+00:00,oos,-0.2884929156682265,-0.07844729412808568,False,False,False
2026-01-17 00:00:00+00:00,oos,-0.8481066225554544,0.04774880137116186,False,False,False
2026-01-17 00:15:00+00:00,oos,-0.7678014879843177,-0.5015263549886291,False,False,False
2026-01-17 00:30:00+00:00,oos,-0.6964169565824634,-0.46981441326328843,False,False,False
2026-01-17 00:45:00+00:00,oos,-0.0036358874084464047,-0.9590332858178839,False,False,False
2026-01-17 01:00:00+00:00,oos,-1.741374449490679,0.7717950368620817,True,False,False
2026-01-17 01:15:00+00:00,oos,-0.024509618330014832,-0.044606303389722185,False,False,False
2026-01-17 01:30:00+00:00,oos,-1.1761385870167909,0.07932966541667995,False,False,False
2026-01-17 01:45:00+00:00,oos,-0.18787257199642018,-0.76175551376679,False,False,False
2026-01-17 02:00:00+00:00,oos,-3.036373103708364,0.47157507902472906,True,False,False
2026-01-17 02:15:00+00:00,oos,-1.361338731310703,0.6041748266999873,False,False,False
2026-01-17 02:30:00+00:00,oos,-0.7400708047329478,0.06569338848221151,False,False,False
2026-01-17 02:45:00+00:00,oos,0.5035262879653997,-0.3243273950208699,False,False,False
2026-01-17 03:00:00+00:00,oos,0.20117059679457683,-0.2156524528792778,False,False,False
2026-01-17 03:15:00+00:00,oos,1.5694330906235279,0.2947309697742369,True,False,False
2026-01-17 03:30:00+00:00,oos,-2.070784146814635,0.42988588310677467,True,False,False
2026-01-17 03:45:00+00:00,oos,0.36032731459675155,-0.5906838767338403,False,False,False
2026-01-17 04:00:00+00:00,oos,-1.6252949532132883,-0.2573158210020173,True,False,False
2026-01-17 04:15:00+00:00,oos,2.2197745506223923,0.048631597606532795,True,False,False
2026-01-17 04:30:00+00:00,oos,1.4226937732475051,-0.14585538194347672,False,False,False
2026-01-17 04:45:00+00:00,oos,-1.0534045204586309,0.35452738021332064,False,False,False
2026-01-17 05:00:00+00:00,oos,-1.4835999950467866,-0.336922597723819,False,False,False
2026-01-17 05:15:00+00:00,oos,0.7901295266790063,0.15569304513230367,False,False,False
2026-01-17 05:30:00+00:00,oos,0.017324883173870893,-0.5543566415591261,False,False,False
2026-01-17 05:45:00+00:00,oos,1.2065207823371193,-0.6526124363959485,False,False,False
2026-01-17 06:00:00+00:00,oos,-0.8325308712116984,0.8749245279979191,False,False,False
2026-01-17 06:15:00+00:00,oos,-2.9066659072412184,0.3105345871784462,True,False,False
2026-01-17 06:30:00+00:00,oos,1.1962171091643052,-0.4198294072220663,False,False,False
2026-01-17 06:45:00+00:00,oos,-1.5768043370440423,-0.39447431747994,True,False,False
2026-01-17 07:00:00+00:00,oos,-2.877394785020716,0.38419112747612777,True,False,False
2026-01-17 07:15:00+00:00,oos,2.440642313655584,-0.42137067025246044,True,False,False
2026-01-17 07:30:00+00:00,oos,0.15342364736734992,-0.38687577895658615,False,False,False
2026-01-17 07:45:00+00:00,oos,-1.2749775638276057,-0.5345851325515453,False,False,False
2026-01-17 08:00:00+00:00,oos,-1.6905905691268144,-0.92962140298442,True,False,False
2026-01-17 08:15:00+00:00,oos,-0.243431866174515,-1.1547505389511616,False,False,False
2026-01-17 08:30:00+00:00,oos,0.7516411901695204,-0.005008162784251508,False,False,False
2026-01-17 08:45:00+00:00,oos,0.8208281143660299,-0.31103238196904265,False,False,False
2026-01-17 09:00:00+00:00,oos,-1.1136307183440004,-0.6759713735876335,False,False,False
2026-01-17 09:15:00+00:00,oos,0.24188165021561137,-0.530062523117794,False,False,False
2026-01-17 09:30:00+00:00,oos,0.6880384786814314,-0.9881622600094703,False,False,False
2026-01-17 09:45:00+00:00,oos,-1.0868661943505842,-0.30432628184778027,False,False,False
2026-01-17 10:00:00+00:00,oos,0.5744574813796595,-0.9030529096067592,False,False,False
2026-01-17 10:15:00+00:00,oos,0.3410090677150423,-0.9077803134543199,False,False,False
2026-01-17 10:30:00+00:00,oos,-1.7632512138065286,-0.09928611853271559,True,False,False
2026-01-17 10:45:00+00:00,oos,-0.1068615630878993,-0.830971621469483,False,False,False
2026-01-17 11:00:00+00:00,oos,-0.7914796659738654,0.19917036622613382,False,False,False
2026-01-17 11:15:00+00:00,oos,-0.4975607712932665,0.24143795615391672,False,False,False
2026-01-17 11:30:00+00:00,oos,-0.22895294878708836,-0.7827447648260256,False,False,False
2026-01-17 11:45:00+00:00,oos,2.425447365529538,-1.2444873544322421,True,False,False
2026-01-17 12:00:00+00:00,oos,1.9753647446552638,-0.741449839277733,True,False,False
2026-01-17 12:15:00+00:00,oos,1.1800750547921397,0.6388391931014931,False,False,False
2026-01-17 12:30:00+00:00,oos,1.0355861012553131,-1.0346575593805984,False,False,False
2026-01-17 12:45:00+00:00,oos,-1.6948566929335551,-0.6085643947162966,True,False,False
2026-01-17 13:00:00+00:00,oos,-0.9995174160602063,0.669484915767051,False,False,False
2026-01-17 13:15:00+00:00,oos,0.20018785430700167,-0.08088996170749375,False,False,False
2026-01-17 13:30:00+00:00,oos,1.316560465993887,0.3442887946955206,False,False,False
2026-01-17 13:45:00+00:00,oos,-0.5717333714513712,-0.4495652662112008,False,False,False
2026-01-17 14:00:00+00:00,oos,0.5506781424967991,-0.3372773167007172,False,False,False
2026-01-17 14:15:00+00:00,oos,-0.30673500915496565,0.5292815539627354,False,False,False
2026-01-17 14:30:00+00:00,oos,0.3491389828461111,-0.10140292082180288,False,False,False
2026-01-17 14:45:00+00:00,oos,0.16475661079478354,0.08505598600235187,False,False,False
2026-01-17 15:00:00+00:00,oos,2.037570854968306,-0.0046197183193332604,True,False,False
2026-01-17 15:15:00+00:00,oos,0.38347080719842,0.7033532674993003,False,False,False
2026-01-17 15:30:00+00:00,oos,2.0685095856869045,-0.42668569654335203,True,False,False
2026-01-17 15:45:00+00:00,oos,0.865089591098299,0.55381855464077,False,False,False
2026-01-17 16:00:00+00:00,oos,-1.5887182029094946,0.27180882724408045,True,False,False
2026-01-17 16:15:00+00:00,oos,-1.1236650574032148,0.3503741447709071,False,False,False
2026-01-17 16:30:00+00:00,oos,-0.4154414176976287,0.7341016309448969,False,False,False
2026-01-17 16:45:00+00:00,oos,-0.2254870393251245,0.06091622979725524,False,False,False
2026-01-17 17:00:00+00:00,oos,1.2310752647652006,-0.18931404036443925,False,False,False
2026-01-17 17:15:00+00:00,oos,1.4994540351673362,-0.15755376465587964,False,False,False
2026-01-17 17:30:00+00:00,oos,0.051580592440207663,-0.3935701972500641,False,False,False
2026-01-17 17:45:00+00:00,oos,-0.40408629849113925,0.40472878573289695,False,False,False
2026-01-17 18:00:00+00:00,oos,-1.7741903532872545,-0.029115330801798657,True,False,False
2026-01-17 18:15:00+00:00,oos,0.7615226846101675,-0.018919476482589015,False,False,False
2026-01-17 18:30:00+00:00,oos,-0.44431745520197774,0.8107927948187802,False,False,False
2026-01-17 18:45:00+00:00,oos,1.914813948708525,0.9511581053498158,True,False,False
2026-01-17 19:00:00+00:00,oos,-0.6544223436731386,0.08003009340483898,False,False,False
2026-01-17 19:15:00+00:00,oos,-0.18335054005346485,0.17906063712993966,False,False,False
2026-01-17 19:30:00+00:00,oos,1.6119673995179713,0.07380363475330232,True,False,False
2026-01-17 19:45:00+00:00,oos,-2.0371733443013023,0.6358735045710432,True,False,False
2026-01-17 20:00:00+00:00,oos,1.4036398892438342,-0.45331861946222957,False,False,False
2026-01-17 20:15:00+00:00,oos,0.5574295939262239,0.7740549163117829,False,False,False
2026-01-17 20:30:00+00:00,oos,-2.1774256712950306,-1.264742570887379,True,False,False
2026-01-17 20:45:00+00:00,oos,0.05343632742139536,-1.5592463353131767,False,False,False
2026-01-17 21:00:00+00:00,oos,-2.030361799352425,-0.6099889741080768,True,False,False
2026-01-17 21:15:00+00:00,oos,-0.8219989752651512,0.3380735586911931,False,False,False
2026-01-17 21:30:00+00:00,oos,0.5676884771208397,-0.015224539840699661,False,False,False
2026-01-17 21:45:00+00:00,oos,1.5169597503327992,-1.0818610416968348,False,False,False
2026-01-17 22:00:00+00:00,oos,-1.3491819515539187,0.17818649903461048,False,False,False
2026-01-17 22:15:00+00:00,oos,-1.9061823074439685,1.0660513052065035,True,False,False
2026-01-17 22:30:00+00:00,oos,-1.5515997479785129,2.603574661448355,False,True,False
2026-01-17 22:45:00+00:00,oos,-0.20482191972304797,0.0033643316255041636,False,False,False
2026-01-17 23:00:00+00:00,oos,0.5548889468632434,-0.09536884688695332,False,False,False
2026-01-17 23:15:00+00:00,oos,-0.12478726209042851,-0.3591510682939113,False,False,False
2026-01-17 23:30:00+00:00,oos,1.4483572023218283,-0.05097146010931578,False,False,False
2026-01-17 23:45:00+00:00,oos,2.024324291361058,-1.0427498164289055,True,False,False
2026-01-18 00:00:00+00:00,oos,-0.10738668139597889,-0.43791216238790504,False,False,False
2026-01-18 00:15:00+00:00,oos,1.2788660214079821,0.09526723708318656,False,False,False
2026-01-18 00:30:00+00:00,oos,-1.5140493333540825,0.6522244081171275,False,False,False
2026-01-18 00:45:00+00:00,oos,-1.5595902544761944,0.4923177354903412,False,False,False
2026-01-18 01:00:00+00:00,oos,-2.9687237673995552,0.8589814669369302,True,False,False
2026-01-18 01:15:00+00:00,oos,0.19018666189547528,0.5741937373759719,False,False,False
2026-01-18 01:30:00+00:00,oos,-1.467108271163893,0.4568967081444632,False,False,False
2026-01-18 01:45:00+00:00,oos,0.020529839414795224,0.4480671836493171,False,False,False
2026-01-18 02:00:00+00:00,oos,0.982999269755681,0.10399025947094358,False,False,False
2026-01-18 02:15:00+00:00,oos,0.34317514751673855,0.7582591088357103,False,False,False
2026-01-18 02:30:00+00:00,oos,-1.408086801166811,-0.5291153109758511,False,False,False
2026-01-18 02:45:00+00:00,oos,1.3650363947587323,-0.5433300814546386,False,False,False
2026-01-18 03:00:00+00:00,oos,0.7932677640662421,0.4239613571323611,False,False,False
2026-01-18 03:15:00+00:00,oos,2.119474802432502,0.25770073358369744,True,False,False
2026-01-18 03:30:00+00:00,oos,2.504433949724375,0.03403645895725435,True,False,False
2026-01-18 03:45:00+00:00,oos,-0.8690257921948283,-0.5902998226834315,False,False,False
2026-01-18 04:00:00+00:00,oos,-0.5086095213105968,0.023460246173818634,False,False,False
2026-01-18 04:15:00+00:00,oos,-0.6835450243419178,-0.3030823616835497,False,False,False
2026-01-18 04:30:00+00:00,oos,2.063820965383429,0.6585394898074536,True,False,False
2026-01-18 04:45:00+00:00,oos,1.2476834631818088,0.7675214709233106,False,False,False
2026-01-18 05:00:00+00:00,oos,-0.734057984092485,-0.22118146970997582,False,False,False
2026-01-18 05:15:00+00:00,oos,0.4616465244405668,-0.11426757268402632,False,False,False
2026-01-18 05:30:00+00:00,oos,0.9292681448542051,1.1474243920385412,False,False,False
2026-01-18 05:45:00+00:00,oos,0.9513232896781234,0.20682910080856648,False,False,False
2026-01-18 06:00:00+00:00,oos,-0.446199713978012,0.23686731546523485,False,False,False
2026-01-18 06:15:00+00:00,oos,-1.4690362974164088,0.3444118331766368,False,False,False
2026-01-18 06:30:00+00:00,oos,0.40303220571517767,-0.21561850693003815,False,False,False
2026-01-18 06:45:00+00:00,oos,-0.8483292145804443,-0.13825056093673058,False,False,False
2026-01-18 07:00:00+00:00,oos,-2.5590513502967314,0.46657049154128044,True,False,False
2026-01-18 07:15:00+00:00,oos,1.578288932216198,0.24325031368386366,True,False,False
2026-01-18 07:30:00+00:00,oos,-0.40264496892030915,-0.05625020656315632,False,False,False
2026-01-18 07:45:00+00:00,oos,0.5029241870452287,0.2780149783762069,False,False,False
2026-01-18 08:00:00+00:00,oos,-0.6944877374295806,0.711933719439922,False,False,False
2026-01-18 08:15:00+00:00,oos,1.0081945791710276,0.6378446132149397,False,False,False
2026-01-18 08:30:00+00:00,oos,0.7875212189057477,0.8529549894640199,False,False,False
2026-01-18 08:45:00+00:00,oos,0.5501815306507019,-0.6775973514305068,False,False,False
2026-01-18 09:00:00+00:00,oos,-0.347595328648899,0.3557106153936068,False,False,False
2026-01-18 09:15:00+00:00,oos,2.2390716963484625,0.8099253515337926,True,False,False
2026-01-18 09:30:00+00:00,oos,1.7757874140901435,-0.11285450691626983,True,False,False
2026-01-18 09:45:00+00:00,oos,-0.956676455696165,1.0348457199165348,False,False,False
2026-01-18 10:00:00+00:00,oos,-0.10466281979178606,0.49819470820071593,False,False,False
2026-01-18 10:15:00+00:00,oos,1.3088207746856424,-0.5288905514410046,False,False,False
2026-01-18 10:30:00+00:00,oos,1.6991127157251502,-0.0025784393460205144,True,False,False
2026-01-18 10:45:00+00:00,oos,0.9244450381406655,0.22563293970426057,False,False,False
2026-01-18 11:00:00+00:00,oos,-0.4925147526543994,-0.6909805784667553,False,False,False
2026-01-18 11:15:00+00:00,oos,-1.510260676727709,0.418211807028731,False,False,False
2026-01-18 11:30:00+00:00,oos,-0.022826952812855635,0.2977821997385381,False,False,False
2026-01-18 11:45:00+00:00,oos,-0.4495441302200601,1.6664639924706708,False,True,False
2026-01-18 12:00:00+00:00,oos,-0.671951594909642,0.6087787134013147,False,False,False
2026-01-18 12:15:00+00:00,oos,1.355578519278678,0.5926020897447234,False,False,False
2026-01-18 12:30:00+00:00,oos,-0.3859587448653484,-0.8405649745167918,False,False,False
2026-01-18 12:45:00+00:00,oos,0.14000497134078826,0.2791260982275104,False,False,False
2026-01-18 13:00:00+00:00,oos,-2.89419487203468,-0.4126216893897066,True,False,False
2026-01-18 13:15:00+00:00,oos,-1.1523746546970781,0.6403272760711947,False,False,False
2026-01-18 13:30:00+00:00,oos,3.285277053702016,0.25470115458241116,True,False,False
2026-01-18 13:45:00+00:00,oos,-0.4358043072660157,1.2541214534152128,False,False,False
2026-01-18 14:00:00+00:00,oos,2.0829659831536183,-0.17860998402119396,True,False,False
2026-01-18 14:15:00+00:00,oos,0.5555244958229187,0.5952761606299025,False,False,False
2026-01-18 14:30:00+00:00,oos,0.41840358655212934,0.20523299415343957,False,False,False
2026-01-18 14:45:00+00:00,oos,-1.7257424499442242,1.0501246599517655,True,False,False
2026-01-18 15:00:00+00:00,oos,-0.11206151661534884,-0.7267277722019264,False,False,False
2026-01-18 15:15:00+00:00,oos,-0.1263708515946002,-0.13302059122310933,False,False,False
2026-01-18 15:30:00+00:00,oos,0.13692320825628862,-0.35473648650098144,False,False,False
2026-01-18 15:45:00+00:00,oos,-0.4580514134990583,-0.6775351151698178,False,False,False
2026-01-18 16:00:00+00:00,oos,0.43044023916940244,0.33492605087184824,False,False,False
2026-01-18 16:15:00+00:00,oos,-0.11612014802787757,-0.1460479390709995,False,False,False
2026-01-18 16:30:00+00:00,oos,0.6995399796505387,-0.7172969729988468,False,False,False
2026-01-18 16:45:00+00:00,oos,0.022340638779401095,0.1745478490987243,False,False,False
2026-01-18 17:00:00+00:00,oos,-1.213304911250947,0.39954569480432095,False,False,False
2026-01-18 17:15:00+00:00,oos,1.467106294849445,0.518714997219302,False,False,False
2026-01-18 17:30:00+00:00,oos,1.5176599407900424,0.337395168824885,False,False,False
2026-01-18 17:45:00+00:00,oos,3.3433841708447147,-0.9160653023966346,True,False,False
2026-01-18 18:00:00+00:00,oos,-1.4655177036605038,0.8442522449077455,False,False,False
2026-01-18 18:15:00+00:00,oos,2.6398543467616054,0.9195416897123596,True,False,False
2026-01-18 18:30:00+00:00,oos,0.7420964863360197,1.6436796451027456,False,True,False
2026-01-18 18:45:00+00:00,oos,1.4262018946575623,-0.400239905492574,False,False,False
2026-01-18 19:00:00+00:00,oos,2.285451933287749,0.2240790688563403,True,False,False
2026-01-18 19:15:00+00:00,oos,0.10149011741349759,0.9766491352971118,False,False,False
2026-01-18 19:30:00+00:00,oos,-1.6218403075327217,0.9458607802955311,True,False,False
2026-01-18 19:45:00+00:00,oos,0.5733073850560092,0.3865798252328157,False,False,False
2026-01-18 20:00:00+00:00,oos,0.09926827866058893,1.188250751102778,False,False,False
2026-01-18 20:15:00+00:00,oos,3.001304914325291,0.9697205368572394,True,False,False
2026-01-18 20:30:00+00:00,oos,-3.0385299266557966,0.7291381806436618,True,False,False
2026-01-18 20:45:00+00:00,oos,0.9124709479742301,0.9630424858971551,False,False,False
2026-01-18 21:00:00+00:00,oos,1.7214032024010566,0.497248827589096,True,False,False
2026-01-18 21:15:00+00:00,oos,-0.09711622120203067,-0.36670133520441595,False,False,False
2026-01-18 21:30:00+00:00,oos,1.82499938787389,-0.3941090262257798,True,False,False
2026-01-18 21:45:00+00:00,oos,-2.181928497098873,0.12278546139368164,True,False,False
2026-01-18 22:00:00+00:00,oos,0.49017088841415385,-0.12889916417250116,False,False,False
2026-01-18 22:15:00+00:00,oos,-1.4720786783238367,1.4110582435797998,False,True,False
2026-01-18 22:30:00+00:00,oos,-1.819210685821626,0.811183805502124,True,False,False
2026-01-18 22:45:00+00:00,oos,1.0466338300083164,-0.048107881394879946,False,False,False
2026-01-18 23:00:00+00:00,oos,-0.17215301829236676,0.09018316510738965,False,False,False
2026-01-18 23:15:00+00:00,oos,0.5630301851075877,-0.6052313032832763,False,False,False
2026-01-18 23:30:00+00:00,oos,-0.54280976770667,1.4343652981441781,False,True,False
2026-01-18 23:45:00+00:00,oos,0.48811453522280424,0.9467318036339379,False,False,False
2026-01-19 00:00:00+00:00,oos,3.0445049978551384,3.664827865127761,True,True,True
2026-01-19 00:15:00+00:00,oos,0.24102455449887455,0.27543741556023627,False,False,False
2026-01-19 00:30:00+00:00,oos,0.35192936365272176,0.6857141661754601,False,False,False
2026-01-19 00:45:00+00:00,oos,0.22872755187600546,-1.0961315410993844,False,False,False
2026-01-19 01:00:00+00:00,oos,0.03431120156045557,0.3692549242978105,False,False,False
2026-01-19 01:15:00+00:00,oos,0.8434500663348746,2.0655345840137773,False,True,False
2026-01-19 01:30:00+00:00,oos,0.008700097021490013,2.4667104163085347,False,True,False
2026-01-19 01:45:00+00:00,oos,-0.18088700839952704,0.5076120270472164,False,False,False
2026-01-19 02:00:00+00:00,oos,0.17414725185960345,1.4495756169531167,False,True,False
2026-01-19 02:15:00+00:00,oos,0.8343039451198118,0.4134938991256583,False,False,False
2026-01-19 02:30:00+00:00,oos,0.15349130994101642,1.0153675225449295,False,False,False
2026-01-19 02:45:00+00:00,oos,-0.35500050900635416,0.5459033072483385,False,False,False
2026-01-19 03:00:00+00:00,oos,0.531079531707566,0.04245316151869504,False,False,False
2026-01-19 03:15:00+00:00,oos,-0.06263674036228553,2.082277343009881,False,True,False
2026-01-19 03:30:00+00:00,oos,0.9298067792874272,1.7024762532734181,False,True,False
2026-01-19 03:45:00+00:00,oos,2.763233008082691,1.9410150226195229,True,True,True
2026-01-19 04:00:00+00:00,oos,-0.3740163728410929,1.4754383561407531,False,True,False
2026-01-19 04:15:00+00:00,oos,0.029622434156408348,0.8932594302789595,False,False,False
2026-01-19 04:30:00+00:00,oos,0.8578810697817714,0.29849239005921824,False,False,False
2026-01-19 04:45:00+00:00,oos,0.03755658418947347,0.6045402996438952,False,False,False
2026-01-19 05:00:00+00:00,oos,-0.2173301616038139,0.07262338880034805,False,False,False
2026-01-19 05:15:00+00:00,oos,0.16711493379998787,0.3232921902816435,False,False,False
2026-01-19 05:30:00+00:00,oos,1.0226251608951116,1.4134920155172652,False,True,False
2026-01-19 05:45:00+00:00,oos,0.12193184136916366,0.17643003362598605,False,False,False
2026-01-19 06:00:00+00:00,oos,0.19178027900381045,0.36842362333610895,False,False,False
2026-01-19 06:15:00+00:00,oos,-0.04601040616093635,0.5366461561450397,False,False,False
2026-01-19 06:30:00+00:00,oos,0.6965515365370655,-0.3257141821383907,False,False,False
2026-01-19 06:45:00+00:00,oos,1.3430118000043938,1.203966364818428,False,False,False
2026-01-19 07:00:00+00:00,oos,1.8856302962031197,0.2300415777224801,True,False,False
2026-01-19 07:15:00+00:00,oos,2.54696977030874,0.4021285096483835,True,False,False
2026-01-19 07:30:00+00:00,oos,1.5217049038192914,0.4421457402271754,False,False,False
2026-01-19 07:45:00+00:00,oos,1.6978226135216632,0.9071660417208642,True,False,False
2026-01-19 08:00:00+00:00,oos,-0.3452096228693272,1.527780746721401,False,True,False
2026-01-19 08:15:00+00:00,oos,0.6967987325275861,1.1483834456016433,False,False,False
2026-01-19 08:30:00+00:00,oos,0.40622695416019483,0.0777504150243685,False,False,False
2026-01-19 08:45:00+00:00,oos,0.7750977139542538,2.0312225454875477,False,True,False
2026-01-19 09:00:00+00:00,oos,-0.5571664612811175,1.5216596902872754,False,True,False
2026-01-19 09:15:00+00:00,oos,1.146978811332122,1.4828379265230511,False,True,False
2026-01-19 09:30:00+00:00,oos,-0.7310698414467454,-0.5919556348005715,False,False,False
2026-01-19 09:45:00+00:00,oos,-0.09167999451485573,-0.10015580641009698,False,False,False
2026-01-19 10:00:00+00:00,oos,0.10853390511701702,0.6082165400638272,False,False,False
2026-01-19 10:15:00+00:00,oos,0.43176371554999676,0.717419945943075,False,False,False
2026-01-19 10:30:00+00:00,oos,0.4948315889918844,-0.47474159452532394,False,False,False
2026-01-19 10:45:00+00:00,oos,-0.12542048285217341,0.5482193408630741,False,False,False
2026-01-19 11:00:00+00:00,oos,1.2077349584919301,1.368465463943589,False,True,False
2026-01-19 11:15:00+00:00,oos,0.5410154465442675,-0.6165087797260821,False,False,False
2026-01-19 11:30:00+00:00,oos,0.8624676000979499,-0.38644967231028743,False,False,False
2026-01-19 11:45:00+00:00,oos,0.8568054870035213,0.43466363872565333,False,False,False
2026-01-19 12:00:00+00:00,oos,-0.09376415395757669,0.8312446684595775,False,False,False
2026-01-19 12:15:00+00:00,oos,0.6836501748235098,0.5542701079222696,False,False,False
2026-01-19 12:30:00+00:00,oos,0.5101251861908871,1.3761743887154876,False,True,False
2026-01-19 12:45:00+00:00,oos,-0.23494157154362555,0.5125032569882351,False,False,False
2026-01-19 13:00:00+00:00,oos,-0.09779170505645814,0.4840224375574744,False,False,False
2026-01-19 13:15:00+00:00,oos,-1.2520913809490706,0.9559532195137354,False,False,False
2026-01-19 13:30:00+00:00,oos,1.8696912466514364,0.9492128469550412,True,False,False
2026-01-19 13:45:00+00:00,oos,-1.554811961204231,-0.07127079430315938,False,False,False
2026-01-19 14:00:00+00:00,oos,-0.844187184668123,0.9932329065221926,False,False,False
2026-01-19 14:15:00+00:00,oos,0.5563705663380548,1.4084832991614535,False,True,False
2026-01-19 14:30:00+00:00,oos,0.5305262516015556,2.3849151824281547,False,True,False
2026-01-19 14:45:00+00:00,oos,0.10592977323151463,0.7746643241486524,False,False,False
2026-01-19 15:00:00+00:00,oos,0.9518660833437943,0.5818500422828241,False,False,False
2026-01-19 15:15:00+00:00,oos,-0.7440218840122659,0.728151966111274,False,False,False
2026-01-19 15:30:00+00:00,oos,0.09857954072452876,0.742362899806185,False,False,False
2026-01-19 15:45:00+00:00,oos,1.0479305260292866,-0.18615860618524965,False,False,False
2026-01-19 16:00:00+00:00,oos,-0.1966121881754522,0.401587980966524,False,False,False
2026-01-19 16:15:00+00:00,oos,1.1922263872938677,0.34051870898401476,False,False,False
2026-01-19 16:30:00+00:00,oos,0.08212533522925476,0.21414790917844936,False,False,False
2026-01-19 16:45:00+00:00,oos,0.997141536959996,0.0711353919090566,False,False,False
2026-01-19 17:00:00+00:00,oos,-0.4188832678873831,1.006207544598658,False,False,False
2026-01-19 17:15:00+00:00,oos,-0.972934399900285,0.3590910848078535,False,False,False
2026-01-19 17:30:00+00:00,oos,-0.23046863220669359,1.0277361022050657,False,False,False
2026-01-19 17:45:00+00:00,oos,-0.34494666230230514,-0.07124385766381583,False,False,False
2026-01-19 18:00:00+00:00,oos,0.2502945367404779,0.5473720904973634,False,False,False
2026-01-19 18:15:00+00:00,oos,-0.7466565855948096,0.01343745927641301,False,False,False
2026-01-19 18:30:00+00:00,oos,-0.3022895223893199,-0.8582618174273062,False,False,False
2026-01-19 18:45:00+00:00,oos,0.0025710614471705293,0.4538629715917953,False,False,False
2026-01-19 19:00:00+00:00,oos,-0.3045371339841449,-0.04954567274153196,False,False,False
2026-01-19 19:15:00+00:00,oos,0.2610176866842551,0.028490555360567764,False,False,False
2026-01-19 19:30:00+00:00,oos,-0.30078308013105276,0.09688526087961497,False,False,False
2026-01-19 19:45:00+00:00,oos,0.6971002679941678,0.3867463080469635,False,False,False
2026-01-19 20:00:00+00:00,oos,0.33766506572550364,-0.30602808367248796,False,False,False
2026-01-19 20:15:00+00:00,oos,1.8647258063636427,1.1368592162809539,True,False,False
2026-01-19 20:30:00+00:00,oos,-1.000642788638576,0.7600130687055162,False,False,False
2026-01-19 20:45:00+00:00,oos,0.22944110802684994,0.6292144910957913,False,False,False
2026-01-19 21:00:00+00:00,oos,-0.7562833171109598,1.3953070398585874,False,True,False
2026-01-19 21:15:00+00:00,oos,-0.4100958632402025,-0.037307724286252945,False,False,False
2026-01-19 21:30:00+00:00,oos,-1.1839936591675426,-0.4862786083367644,False,False,False
2026-01-19 21:45:00+00:00,oos,-1.7708874392468614,0.6045469277302709,True,False,False
2026-01-19 22:00:00+00:00,oos,-0.5310385840027525,2.1830025572852985,False,True,False
2026-01-19 22:15:00+00:00,oos,0.4065415443694351,1.309450518729269,False,True,False
2026-01-19 22:30:00+00:00,oos,-0.9866412085133297,1.8843956351160849,False,True,False
2026-01-19 22:45:00+00:00,oos,-0.8304878664090547,-0.07358918932533419,False,False,False
2026-01-19 23:00:00+00:00,oos,-0.4442155031518244,-0.34882857311368104,False,False,False
2026-01-19 23:15:00+00:00,oos,-0.5015838552993158,-1.19327678007582,False,False,False
2026-01-19 23:30:00+00:00,oos,0.35690182487931543,0.423972622532415,False,False,False
2026-01-19 23:45:00+00:00,oos,0.2686798142025516,0.2475049337923563,False,False,False
2026-01-20 00:00:00+00:00,oos,1.2075964213339814,0.22694542307212182,False,False,False
2026-01-20 00:15:00+00:00,oos,-1.1647396823713159,0.7159158858638693,False,False,False
2026-01-20 00:30:00+00:00,oos,1.955653575440079,0.5597739077477065,True,False,False
2026-01-20 00:45:00+00:00,oos,0.3808799894329838,0.6687248899892588,False,False,False
2026-01-20 01:00:00+00:00,oos,0.32054079226961857,1.0552425370182537,False,False,False
2026-01-20 01:15:00+00:00,oos,0.6272329436747243,1.4963388614893336,False,True,False
2026-01-20 01:30:00+00:00,oos,0.241244079043837,1.059604059416427,False,False,False
2026-01-20 01:45:00+00:00,oos,-1.544792293715008,0.35714526101928334,False,False,False
2026-01-20 02:00:00+00:00,oos,-0.6731701857881249,0.9761275876630944,False,False,False
2026-01-20 02:15:00+00:00,oos,-0.3270534327188111,-0.15843898256293476,False,False,False
2026-01-20 02:30:00+00:00,oos,0.9952967388367027,0.7306398734580382,False,False,False
2026-01-20 02:45:00+00:00,oos,1.053551251454194,0.07011047797985434,False,False,False
2026-01-20 03:00:00+00:00,oos,0.4834289086677908,0.5709414429170929,False,False,False
2026-01-20 03:15:00+00:00,oos,-0.8072249048893957,0.3857500760109157,False,False,False
2026-01-20 03:30:00+00:00,oos,-0.20571017202267355,0.9985110585548508,False,False,False
2026-01-20 03:45:00+00:00,oos,0.24478840123701656,0.2167765314232872,False,False,False
2026-01-20 04:00:00+00:00,oos,-0.17071264015520274,0.15476958209159455,False,False,False
2026-01-20 04:15:00+00:00,oos,-1.3874952797922768,0.5484088347090651,False,False,False
2026-01-20 04:30:00+00:00,oos,-1.096640508735059,1.2717493510062987,False,False,False
2026-01-20 04:45:00+00:00,oos,-2.0039654809534255,0.05945271970247819,True,False,False
2026-01-20 05:00:00+00:00,oos,-0.13613918790359228,1.6860629203852135,False,True,False
2026-01-20 05:15:00+00:00,oos,0.21853507951346213,0.06935057161701999,False,False,False
2026-01-20 05:30:00+00:00,oos,0.6494502096896306,-0.02128414516197409,False,False,False
2026-01-20 05:45:00+00:00,oos,1.077638171073189,0.5747479451124303,False,False,False
2026-01-20 06:00:00+00:00,oos,-1.8781807871128615,-0.6655852498461285,True,False,False
2026-01-20 06:15:00+00:00,oos,-0.8493087423614374,2.0958454062571596,False,True,False
2026-01-20 06:30:00+00:00,oos,-0.6225998392203583,1.3031817821292433,False,True,False
2026-01-20 06:45:00+00:00,oos,-1.1346871011840896,-0.6911965860984016,False,False,False
2026-01-20 07:00:00+00:00,oos,-0.48780455500999276,0.5703565325294663,False,False,False
2026-01-20 07:15:00+00:00,oos,-0.04667390520085037,0.7196876913393034,False,False,False
2026-01-20 07:30:00+00:00,oos,0.22232461245849672,-0.43334596234543876,False,False,False
2026-01-20 07:45:00+00:00,oos,-0.0067974530638273585,-0.3836813531954379,False,False,False
2026-01-20 08:00:00+00:00,oos,-1.6188464992054594,0.463260871961737,True,False,False
2026-01-20 08:15:00+00:00,oos,0.8980167647220522,1.7100278473615593,False,True,False
2026-01-20 08:30:00+00:00,oos,-0.6273791944376357,1.6764304515867534,False,True,False
2026-01-20 08:45:00+00:00,oos,-0.03780333751949087,0.8148248550008294,False,False,False
2026-01-20 09:00:00+00:00,oos,0.8818667625221159,0.7911731763892927,False,False,False
2026-01-20 09:15:00+00:00,oos,1.2489212820449977,1.3311134771294515,False,True,False
2026-01-20 09:30:00+00:00,oos,-0.019995177921722906,0.7411936132499796,False,False,False
2026-01-20 09:45:00+00:00,oos,1.2207599503192592,1.5051668068347193,False,True,False
2026-01-20 10:00:00+00:00,oos,1.2741730486250886,1.2551554793933735,False,False,False
2026-01-20 10:15:00+00:00,oos,-0.2516561683187549,-0.24642267595735942,False,False,False
2026-01-20 10:30:00+00:00,oos,-0.04433213199782698,-0.6401659995728735,False,False,False
2026-01-20 10:45:00+00:00,oos,0.47521736988361746,-0.47335646294186234,False,False,False
2026-01-20 11:00:00+00:00,oos,0.1369110349992821,0.7410198232195075,False,False,False
2026-01-20 11:15:00+00:00,oos,1.3588276423494619,0.21461753370731776,False,False,False
2026-01-20 11:30:00+00:00,oos,0.41767895599120375,0.4065721182277901,False,False,False
2026-01-20 11:45:00+00:00,oos,-1.5929006223518365,0.13572000340876147,True,False,False
2026-01-20 12:00:00+00:00,oos,1.4141490459150843,0.39322925203066644,False,False,False
2026-01-20 12:15:00+00:00,oos,-1.4865967152882524,0.37274129885253304,False,False,False
2026-01-20 12:30:00+00:00,oos,-1.6465573065204147,0.3726998317671374,True,False,False
2026-01-20 12:45:00+00:00,oos,2.2820931798181094,1.1506117672501603,True,False,False
2026-01-20 13:00:00+00:00,oos,-1.5766203998814152,1.134069115088447,True,False,False
2026-01-20 13:15:00+00:00,oos,-0.9208836193791257,0.7155683097794369,False,False,False
2026-01-20 13:30:00+00:00,oos,-0.4916501630058549,1.0052832661722575,False,False,False
2026-01-20 13:45:00+00:00,oos,0.7795284874363149,0.3768602028842645,False,False,False
2026-01-20 14:00:00+00:00,oos,-0.6191672762484889,-0.27252201424673217,False,False,False
2026-01-20 14:15:00+00:00,oos,-0.5489304596109962,2.4733474996273084,False,True,False
2026-01-20 14:30:00+00:00,oos,0.2537092645669465,1.2583902194675818,False,False,False
2026-01-20 14:45:00+00:00,oos,-0.3664474317327708,0.9012570376339764,False,False,False
2026-01-20 15:00:00+00:00,oos,-0.5212303973151361,0.36706707130950383,False,False,False
2026-01-20 15:15:00+00:00,oos,0.3459266050306509,0.6885699226530136,False,False,False
2026-01-20 15:30:00+00:00,oos,0.4718057555597344,0.13683141328657547,False,False,False
2026-01-20 15:45:00+00:00,oos,-0.8059833768074817,0.7793617479594032,False,False,False
2026-01-20 16:00:00+00:00,oos,1.2440811033415644,1.893408787140243,False,True,False
2026-01-20 16:15:00+00:00,oos,0.6864732884798547,0.0658794293794019,False,False,False
2026-01-20 16:30:00+00:00,oos,0.5347046825993841,0.17952833382287994,False,False,False
2026-01-20 16:45:00+00:00,oos,-0.050491532790573765,1.435525432562182,False,True,False
2026-01-20 17:00:00+00:00,oos,0.24886887147616035,1.6460505894306041,False,True,False
2026-01-20 17:15:00+00:00,oos,-0.343611477094026,0.4330584835970827,False,False,False
2026-01-20 17:30:00+00:00,oos,0.3432887000940903,1.873586248385698,False,True,False
2026-01-20 17:45:00+00:00,oos,-0.3937497426761716,1.1441933855664699,False,False,False
2026-01-20 18:00:00+00:00,oos,0.32369919875226616,1.0233917456130008,False,False,False
2026-01-20 18:15:00+00:00,oos,-0.03691508218482078,1.205781138380762,False,False,False
2026-01-20 18:30:00+00:00,oos,0.04317627515539122,-0.010035198170684856,False,False,False
2026-01-20 18:45:00+00:00,oos,0.914611134689293,0.49108745390079156,False,False,False
2026-01-20 19:00:00+00:00,oos,0.6701573325482202,0.4481346464538946,False,False,False
2026-01-20 19:15:00+00:00,oos,-0.7464508835050658,0.6916307469350389,False,False,False
2026-01-20 19:30:00+00:00,oos,-1.1925417059780576,1.0636071942613958,False,False,False
2026-01-20 19:45:00+00:00,oos,-0.48411720769594796,0.6118528819966376,False,False,False
2026-01-20 20:00:00+00:00,oos,-1.392276506458808,0.6996376083654384,False,False,False
2026-01-20 20:15:00+00:00,oos,-0.014349282234025804,0.283360994411715,False,False,False
2026-01-20 20:30:00+00:00,oos,0.8746917554279147,0.574246620099393,False,False,False
2026-01-20 20:45:00+00:00,oos,-0.013529818105598685,2.3796161540955274,False,True,False
2026-01-20 21:00:00+00:00,oos,0.5193368340951472,1.8602806987641762,False,True,False
2026-01-20 21:15:00+00:00,oos,0.5437220076090492,0.11371297454110073,False,False,False
2026-01-20 21:30:00+00:00,oos,-0.4115420099086436,0.07883401860460171,False,False,False
2026-01-20 21:45:00+00:00,oos,-1.0179912292434417,0.89707776145167,False,False,False
2026-01-20 22:00:00+00:00,oos,1.3945223666546056,1.8219080446077214,False,True,False
2026-01-20 22:15:00+00:00,oos,-0.004429532178744975,1.9258841766280455,False,True,False
2026-01-20 22:30:00+00:00,oos,0.10700114437959464,3.2652724874291823,False,True,False
2026-01-20 22:45:00+00:00,oos,0.6045770210969909,0.04902799503923663,False,False,False
2026-01-20 23:00:00+00:00,oos,-0.4472353424323345,0.051427515522705664,False,False,False
2026-01-20 23:15:00+00:00,oos,0.05527437890813875,0.5243183763271,False,False,False
2026-01-20 23:30:00+00:00,oos,0.4102811748261739,0.741203238282938,False,False,False
2026-01-20 23:45:00+00:00,oos,0.41829445137353993,0.24922956799335286,False,False,False
2026-01-21 00:00:00+00:00,oos,0.23394289135090418,0.5934137554338731,False,False,False
2026-01-21 00:15:00+00:00,oos,0.23104120452445065,1.3911131309620635,False,True,False
2026-01-21 00:30:00+00:00,oos,2.132386639858049,1.6103558580317843,True,True,True
2026-01-21 00:45:00+00:00,oos,1.4664882845380305,-0.16883641299060057,False,False,False
2026-01-21 01:00:00+00:00,oos,0.8057911852894396,1.3176109494480357,False,True,False
2026-01-21 01:15:00+00:00,oos,0.07282918840002021,0.5733260999271024,False,False,False
2026-01-21 01:30:00+00:00,oos,-0.7751464884507224,0.2673566771955239,False,False,False
2026-01-21 01:45:00+00:00,oos,0.4348434250185517,0.1283559632569936,False,False,False
2026-01-21 02:00:00+00:00,oos,0.8229924177479928,-0.08219929097378423,False,False,False
2026-01-21 02:15:00+00:00,oos,-0.6471343421695998,0.9567471934676098,False,False,False
2026-01-21 02:30:00+00:00,oos,-0.39928734320309844,0.548082617393159,False,False,False
2026-01-21 02:45:00+00:00,oos,-0.7139116305645279,0.9758747688121711,False,False,False
2026-01-21 03:00:00+00:00,oos,0.9226397186235628,0.14766931887383725,False,False,False
2026-01-21 03:15:00+00:00,oos,-0.12743092259199199,1.5093673345757308,False,True,False
2026-01-21 03:30:00+00:00,oos,2.3399497823088917,0.2606605840818711,True,False,False
2026-01-21 03:45:00+00:00,oos,0.07210307706391071,0.8076418257614599,False,False,False
2026-01-21 04:00:00+00:00,oos,-1.2600979602669067,0.1513000242971337,False,False,False
2026-01-21 04:15:00+00:00,oos,0.6328003383741039,0.4584692414830207,False,False,False
2026-01-21 04:30:00+00:00,oos,2.805457019347046,0.20297168907221744,True,False,False
2026-01-21 04:45:00+00:00,oos,0.1714135359330075,-0.04321364013684211,False,False,False
2026-01-21 05:00:00+00:00,oos,0.8418254599102654,0.5097718882435707,False,False,False
2026-01-21 05:15:00+00:00,oos,0.26341139718359824,0.38252928272639414,False,False,False
2026-01-21 05:30:00+00:00,oos,1.5375689626152047,0.9578112120524799,False,False,False
2026-01-21 05:45:00+00:00,oos,-0.0828599332763406,0.9727413721030979,False,False,False
2026-01-21 06:00:00+00:00,oos,0.12563800594421806,1.5317955353048678,False,True,False
2026-01-21 06:15:00+00:00,oos,-0.7332885956932255,0.046755651211456806,False,False,False
2026-01-21 06:30:00+00:00,oos,-1.556390430598879,0.8723104627187078,False,False,False
2026-01-21 06:45:00+00:00,oos,-0.26228830608027603,1.4825137081810804,False,True,False
2026-01-21 07:00:00+00:00,oos,0.4250793450996018,0.9574225438027973,False,False,False
2026-01-21 07:15:00+00:00,oos,0.8732757564084327,0.6597666389943114,False,False,False
2026-01-21 07:30:00+00:00,oos,-0.27705455510553806,0.6127511572253197,False,False,False
2026-01-21 07:45:00+00:00,oos,1.7259796744590628,0.186181782134033,True,False,False
2026-01-21 08:00:00+00:00,oos,-1.2367862111957963,1.0316696007351074,False,False,False
2026-01-21 08:15:00+00:00,oos,0.49011476461747877,1.5743619711418584,False,True,False
2026-01-21 08:30:00+00:00,oos,-0.12596528252178943,0.9989788552836899,False,False,False
2026-01-21 08:45:00+00:00,oos,1.4570441484450083,1.1040431136904902,False,False,False
2026-01-21 09:00:00+00:00,oos,0.8025521443612823,1.4474546098048933,False,True,False
2026-01-21 09:15:00+00:00,oos,0.7243980987125127,0.0886493870828006,False,False,False
2026-01-21 09:30:00+00:00,oos,1.1680180627405377,0.9898529285159127,False,False,False
2026-01-21 09:45:00+00:00,oos,-0.4805741139796925,0.8592298724552005,False,False,False
2026-01-21 10:00:00+00:00,oos,-0.2628287583749336,1.0482872979860152,False,False,False
2026-01-21 10:15:00+00:00,oos,0.49647539683098885,0.908945064115009,False,False,False
2026-01-21 10:30:00+00:00,oos,0.6832083569539324,0.5073472835829308,False,False,False
2026-01-21 10:45:00+00:00,oos,-1.2002394182387406,1.093762046297605,False,False,False
2026-01-21 11:00:00+00:00,oos,0.3101314365208163,0.36348451584207464,False,False,False
2026-01-21 11:15:00+00:00,oos,0.7364857573843496,0.35761423695666805,False,False,False
2026-01-21 11:30:00+00:00,oos,1.188754156019082,0.7527111793710459,False,False,False
2026-01-21 11:45:00+00:00,oos,-0.6523072046157121,0.5414188798614964,False,False,False
2026-01-21 12:00:00+00:00,oos,-1.1710263515740758,2.1749357321699287,False,True,False
2026-01-21 12:15:00+00:00,oos,0.5357224251064506,0.19192666892914767,False,False,False
2026-01-21 12:30:00+00:00,oos,0.1546445964554658,0.3076979873903908,False,False,False
2026-01-21 12:45:00+00:00,oos,1.512482101860912,0.3682473049700437,False,False,False
2026-01-21 13:00:00+00:00,oos,0.7559579449731395,0.561629270792242,False,False,False
2026-01-21 13:15:00+00:00,oos,-0.7710580470288454,0.4990183426547531,False,False,False
2026-01-21 13:30:00+00:00,oos,0.6203460749076657,2.26233669317904,False,True,False
2026-01-21 13:45:00+00:00,oos,0.762332450761268,1.4067801214931992,False,True,False
2026-01-21 14:00:00+00:00,oos,-0.9507417349057756,0.6556110247792488,False,False,False
2026-01-21 14:15:00+00:00,oos,-0.16103564640473905,0.74706041717545,False,False,False
2026-01-21 14:30:00+00:00,oos,0.07173988127090856,1.3079578439966426,False,True,False
2026-01-21 14:45:00+00:00,oos,0.6323291321324431,0.24432864938732363,False,False,False
2026-01-21 15:00:00+00:00,oos,0.5780608018815776,0.37010251791714066,False,False,False
2026-01-21 15:15:00+00:00,oos,0.7801370903925193,0.47118361669708514,False,False,False
2026-01-21 15:30:00+00:00,oos,0.5331123062352708,0.09535428253741314,False,False,False
2026-01-21 15:45:00+00:00,oos,0.6109106361828412,1.0067852295870625,False,False,False
2026-01-21 16:00:00+00:00,oos,-0.8010666101465891,0.12154516395956955,False,False,False
2026-01-21 16:15:00+00:00,oos,-0.33393698312339815,1.792114680375666,False,True,False
2026-01-21 16:30:00+00:00,oos,1.0399813391719872,0.901958335390215,False,False,False
2026-01-21 16:45:00+00:00,oos,0.24617501896568345,1.084468387486476,False,False,False
2026-01-21 17:00:00+00:00,oos,0.10076668876540353,0.17820978752685168,False,False,False
2026-01-21 17:15:00+00:00,oos,-0.06340207957387112,0.2909929910404067,False,False,False
2026-01-21 17:30:00+00:00,oos,0.5034523214293993,0.5120788296357986,False,False,False
2026-01-21 17:45:00+00:00,oos,-0.3834198951298158,-0.07155138684509688,False,False,False
2026-01-21 18:00:00+00:00,oos,-0.13447910557059078,0.4444034127759624,False,False,False
2026-01-21 18:15:00+00:00,oos,-0.8685588460532052,0.1751158192592046,False,False,False
2026-01-21 18:30:00+00:00,oos,0.3994809611137199,0.7585141332845339,False,False,False
2026-01-21 18:45:00+00:00,oos,0.19031630735845909,0.4772645638703712,False,False,False
2026-01-21 19:00:00+00:00,oos,-0.7281686097668962,1.7739659143119557,False,True,False
2026-01-21 19:15:00+00:00,oos,-0.7934421648463625,1.0960041701651524,False,False,False
2026-01-21 19:30:00+00:00,oos,-1.1685845560242423,2.268874887992511,False,True,False
2026-01-21 19:45:00+00:00,oos,1.3771901496133578,0.41913596221592186,False,False,False
2026-01-21 20:00:00+00:00,oos,0.5920778960986658,1.1039954109818149,False,False,False
2026-01-21 20:15:00+00:00,oos,-0.20676686465535002,0.17960733843187854,False,False,False
2026-01-21 20:30:00+00:00,oos,0.4207503868326698,1.4000925653201755,False,True,False
2026-01-21 20:45:00+00:00,oos,0.48186019401458413,0.006783553151599854,False,False,False
2026-01-21 21:00:00+00:00,oos,-0.34535951263970993,0.24888000307744038,False,False,False
2026-01-21 21:15:00+00:00,oos,0.43304833183169217,1.0152815579946597,False,False,False
2026-01-21 21:30:00+00:00,oos,-0.5275982915235958,0.17126926783050178,False,False,False
2026-01-21 21:45:00+00:00,oos,-0.16264023328682486,1.9542663192913639,False,True,False
2026-01-21 22:00:00+00:00,oos,-0.19141327152571916,1.437685154546774,False,True,False
2026-01-21 22:15:00+00:00,oos,-0.8927663468149867,3.065141420361558,False,True,False
2026-01-21 22:30:00+00:00,oos,-1.7585384937598754,2.026325871209982,True,True,True
2026-01-21 22:45:00+00:00,oos,-0.8640679849115307,1.0055362820741527,False,False,False
2026-01-21 23:00:00+00:00,oos,1.724194299918328,0.6302156854023535,True,False,False
2026-01-21 23:15:00+00:00,oos,-1.0812395280016747,0.5129249443057793,False,False,False
2026-01-21 23:30:00+00:00,oos,-1.6203737953426518,0.787904831199048,True,False,False
2026-01-21 23:45:00+00:00,oos,-1.690138659765138,1.5715064366875593,True,True,True
2026-01-22 00:00:00+00:00,oos,0.8730185966141814,0.1081823635004753,False,False,False
2026-01-22 00:15:00+00:00,oos,0.4289020665223421,1.1095778768798987,False,False,False
2026-01-22 00:30:00+00:00,oos,2.156093644106904,1.772587142717296,True,True,True
2026-01-22 00:45:00+00:00,oos,-0.47576551874170286,0.8029571900534407,False,False,False
2026-01-22 01:00:00+00:00,oos,1.4138733754247383,0.5128378416410534,False,False,False
2026-01-22 01:15:00+00:00,oos,1.0236441034074968,0.9656033366757428,False,False,False
2026-01-22 01:30:00+00:00,oos,-1.6681714625218078,1.5927430084338463,True,True,True
2026-01-22 01:45:00+00:00,oos,0.4387866319620915,0.5465327116157102,False,False,False
2026-01-22 02:00:00+00:00,oos,0.18424970646833966,1.0096721744978778,False,False,False
2026-01-22 02:15:00+00:00,oos,1.8682574698355285,1.3558432555064928,True,True,True
2026-01-22 02:30:00+00:00,oos,-1.5329000651789269,-0.5660988358843172,False,False,False
2026-01-22 02:45:00+00:00,oos,-1.9117266335004552,1.5120748294831394,True,True,True
2026-01-22 03:00:00+00:00,oos,1.7903532999059035,1.3411642891778273,True,True,True
2026-01-22 03:15:00+00:00,oos,-1.6013181857635652,1.323114353779554,True,True,True
2026-01-22 03:30:00+00:00,oos,-1.4411733449638775,1.1453240175544845,False,False,False
2026-01-22 03:45:00+00:00,oos,0.13877220701260318,0.4657762853407026,False,False,False
2026-01-22 04:00:00+00:00,oos,1.0796716752678759,1.0275685461876916,False,False,False
2026-01-22 04:15:00+00:00,oos,0.9358575342568514,2.223237803986501,False,True,False
2026-01-22 04:30:00+00:00,oos,0.43598685955409544,1.727110545356509,False,True,False
2026-01-22 04:45:00+00:00,oos,-0.213872481593609,0.6940293431988904,False,False,False
2026-01-22 05:00:00+00:00,oos,0.14576516598073697,1.2619653939549194,False,False,False
2026-01-22 05:15:00+00:00,oos,-1.547369821409767,1.4269002842075702,False,True,False
2026-01-22 05:30:00+00:00,oos,0.028257661564156492,1.8459530933385655,False,True,False
2026-01-22 05:45:00+00:00,oos,1.0865505548003855,1.055858184887024,False,False,False
2026-01-22 06:00:00+00:00,oos,-0.02399634712682833,1.307188744962682,False,True,False
2026-01-22 06:15:00+00:00,oos,-1.7089443523536618,0.18347896090443322,True,False,False
2026-01-22 06:30:00+00:00,oos,-0.005593978023896987,0.4124342120600067,False,False,False
2026-01-22 06:45:00+00:00,oos,-0.6149317165008064,0.0027154003811734524,False,False,False
2026-01-22 07:00:00+00:00,oos,-1.1412731495770034,0.7105754067821854,False,False,False
2026-01-22 07:15:00+00:00,oos,-0.2817817685753331,0.7357528714937506,False,False,False
2026-01-22 07:30:00+00:00,oos,-0.9255237470295303,-0.7022617956140712,False,False,False
2026-01-22 07:45:00+00:00,oos,-0.7449815417971846,-0.6427227332381452,False,False,False
2026-01-22 08:00:00+00:00,oos,-1.0825072827570803,0.9522630572159935,False,False,False
2026-01-22 08:15:00+00:00,oos,-0.6565500808322297,0.9354216037188868,False,False,False
2026-01-22 08:30:00+00:00,oos,-0.8426931653708633,1.287725412776371,False,True,False
2026-01-22 08:45:00+00:00,oos,0.570295940885104,1.1178876603321914,False,False,False
2026-01-22 09:00:00+00:00,oos,1.3726374070515375,0.9331507537994832,False,False,False
2026-01-22 09:15:00+00:00,oos,-0.6050862767961911,0.43222215895783184,False,False,False
2026-01-22 09:30:00+00:00,oos,0.5732047749498512,0.5697215796752789,False,False,False
2026-01-22 09:45:00+00:00,oos,0.520248234345225,1.44482123809252,False,True,False
2026-01-22 10:00:00+00:00,oos,-1.9181822033082876,1.9194425929770234,True,True,True
2026-01-22 10:15:00+00:00,oos,0.1162951629238324,1.4943524088066409,False,True,False
2026-01-22 10:30:00+00:00,oos,-0.713564066643207,-0.6331071149234979,False,False,False
2026-01-22 10:45:00+00:00,oos,-1.6257064992698864,0.19511654479735072,True,False,False
2026-01-22 11:00:00+00:00,oos,0.20433135344108339,0.214345807965968,False,False,False
2026-01-22 11:15:00+00:00,oos,-0.0904207236237287,0.4805617507832165,False,False,False
2026-01-22 11:30:00+00:00,oos,-1.5077608356702554,0.3462983373671055,False,False,False
2026-01-22 11:45:00+00:00,oos,1.4765390584212232,-1.0123928538941545,False,False,False
2026-01-22 12:00:00+00:00,oos,-1.280317964526681,-0.008929963795502163,False,False,False
2026-01-22 12:15:00+00:00,oos,1.3641771974678065,0.260399006078592,False,False,False
2026-01-22 12:30:00+00:00,oos,0.29707073085708224,0.13813986317734886,False,False,False
2026-01-22 12:45:00+00:00,oos,-2.3900372312461156,-0.06421726012238266,True,False,False
2026-01-22 13:00:00+00:00,oos,-0.16199635901743822,0.6497975095467778,False,False,False
2026-01-22 13:15:00+00:00,oos,1.646912615288865,0.9009641751155315,True,False,False
2026-01-22 13:30:00+00:00,oos,0.18974739998498216,2.0874433984806333,False,True,False
2026-01-22 13:45:00+00:00,oos,-0.4743075737241408,-0.5170149332076731,False,False,False
2026-01-22 14:00:00+00:00,oos,1.1085995999636116,0.1906744435939813,False,False,False
2026-01-22 14:15:00+00:00,oos,-1.077013847956778,0.6132703964259513,False,False,False
2026-01-22 14:30:00+00:00,oos,-0.37919736757499206,0.8080296802176808,False,False,False
2026-01-22 14:45:00+00:00,oos,0.155607270978815,-0.07403654031277204,False,False,False
2026-01-22 15:00:00+00:00,oos,0.3613615376888905,0.5650569435881996,False,False,False
2026-01-22 15:15:00+00:00,oos,0.4433476831507559,0.33149132437343815,False,False,False
2026-01-22 15:30:00+00:00,oos,0.2076271481500749,0.5966274819010675,False,False,False
2026-01-22 15:45:00+00:00,oos,1.1920320796439727,0.8104265604473692,False,False,False
2026-01-22 16:00:00+00:00,oos,-1.6069714629603091,0.25672514632621884,True,False,False
2026-01-22 16:15:00+00:00,oos,0.2537722634665072,0.6758168447532636,False,False,False
2026-01-22 16:30:00+00:00,oos,-1.1047725356727451,0.3434646097852281,False,False,False
2026-01-22 16:45:00+00:00,oos,0.5375165597997178,-0.5107722044564047,False,False,False
2026-01-22 17:00:00+00:00,oos,-0.7696079913427517,-0.22626641485771368,False,False,False
2026-01-22 17:15:00+00:00,oos,-1.366166863029771,0.25526913291561776,False,False,False
2026-01-22 17:30:00+00:00,oos,0.2166423830798055,0.41708880165558215,False,False,False
2026-01-22 17:45:00+00:00,oos,1.0091526809163307,-0.03810916203617588,False,False,False
2026-01-22 18:00:00+00:00,oos,-0.637892937611299,0.7436416242303413,False,False,False
2026-01-22 18:15:00+00:00,oos,0.9110633470697552,0.8422438707086792,False,False,False
2026-01-22 18:30:00+00:00,oos,0.38069509585434186,1.236938028390692,False,False,False
2026-01-22 18:45:00+00:00,oos,-0.8950825493092884,0.8476681253609899,False,False,False
2026-01-22 19:00:00+00:00,oos,0.33056629863665365,1.1084890445613664,False,False,False
2026-01-22 19:15:00+00:00,oos,0.7669831219061625,1.218418868861591,False,False,False
2026-01-22 19:30:00+00:00,oos,0.4497830231232402,1.1110141255175834,False,False,False
2026-01-22 19:45:00+00:00,oos,0.8949743823805598,0.9069356116953072,False,False,False
2026-01-22 20:00:00+00:00,oos,-1.6555310670515964,0.6450838061774091,True,False,False
2026-01-22 20:15:00+00:00,oos,0.40011818310592234,1.739141989621878,False,True,False
2026-01-22 20:30:00+00:00,oos,-0.6055111640516858,1.843224977109325,False,True,False
2026-01-22 20:45:00+00:00,oos,0.33207714987362885,-0.11051567348523718,False,False,False
2026-01-22 21:00:00+00:00,oos,0.25982174083001175,1.2374421656246257,False,False,False
2026-01-22 21:15:00+00:00,oos,1.2132077898711777,1.0079721924902452,False,False,False
2026-01-22 21:30:00+00:00,oos,-0.05231716063738635,1.1286355609891245,False,False,False
2026-01-22 21:45:00+00:00,oos,-0.5350622066236116,1.37339788025976,False,True,False
2026-01-22 22:00:00+00:00,oos,0.23087904328737263,1.4627694754838771,False,True,False
2026-01-22 22:15:00+00:00,oos,0.13419804738972524,2.079655636265995,False,True,False
2026-01-22 22:30:00+00:00,oos,0.3031127215679347,0.3338489028986728,False,False,False
2026-01-22 22:45:00+00:00,oos,-0.301541550542309,0.33605217771637036,False,False,False
2026-01-22 23:00:00+00:00,oos,1.5416957995939822,0.1899691771641393,False,False,False
2026-01-22 23:15:00+00:00,oos,-0.7749761635112301,-0.39567293901080053,False,False,False
2026-01-22 23:30:00+00:00,oos,-0.33181633705723584,-0.49217251693107844,False,False,False
2026-01-22 23:45:00+00:00,oos,-1.6228309671693182,-0.46486749153965395,True,False,False
2026-01-23 00:00:00+00:00,oos,-0.3716128762832719,0.5254444813338792,False,False,False
2026-01-23 00:15:00+00:00,oos,-2.168909761081031,1.0229097814933859,True,False,False
2026-01-23 00:30:00+00:00,oos,0.43046335693137805,0.1956475183208325,False,False,False
2026-01-23 00:45:00+00:00,oos,-1.523072852976095,-0.20560257626713901,False,False,False
2026-01-23 01:00:00+00:00,oos,-0.8796728426090471,0.3589760887466527,False,False,False
2026-01-23 01:15:00+00:00,oos,1.3144534935434136,0.517085547397346,False,False,False
2026-01-23 01:30:00+00:00,oos,-0.645463767912107,0.994676856937808,False,False,False
2026-01-23 01:45:00+00:00,oos,-0.7339203107354851,1.0970382129437668,False,False,False
2026-01-23 02:00:00+00:00,oos,-0.22763014968324635,0.47214788070707475,False,False,False
2026-01-23 02:15:00+00:00,oos,-1.942474716242501,0.05206077820254625,True,False,False
2026-01-23 02:30:00+00:00,oos,-0.902114913904016,0.42830296288780784,False,False,False
2026-01-23 02:45:00+00:00,oos,-0.18272699327469463,0.9001321075371524,False,False,False
2026-01-23 03:00:00+00:00,oos,0.4995869144161873,1.3842461810005968,False,True,False
2026-01-23 03:15:00+00:00,oos,0.0009160761480109164,1.5316622020757382,False,True,False
2026-01-23 03:30:00+00:00,oos,0.17371326734940223,0.7311560071799322,False,False,False
2026-01-23 03:45:00+00:00,oos,0.624229318778437,-0.4019516872339154,False,False,False
2026-01-23 04:00:00+00:00,oos,1.8679915621523326,0.7495123838371507,True,False,False
2026-01-23 04:15:00+00:00,oos,-0.7049377062050146,1.2234411518978952,False,False,False
2026-01-23 04:30:00+00:00,oos,2.3153343553227494,0.23382744492528626,True,False,False
2026-01-23 04:45:00+00:00,oos,0.25313044431922627,-0.26356091703868123,False,False,False
2026-01-23 05:00:00+00:00,oos,0.5468746656723746,-0.36703012857674694,False,False,False
2026-01-23 05:15:00+00:00,oos,-1.361528340403985,0.4637887510113712,False,False,False
2026-01-23 05:30:00+00:00,oos,0.7464671374935965,0.24034689002111156,False,False,False
2026-01-23 05:45:00+00:00,oos,-0.7504704548546808,0.9810822461595899,False,False,False
2026-01-23 06:00:00+00:00,oos,-0.6622227034899609,1.7196888758982551,False,True,False
2026-01-23 06:15:00+00:00,oos,-1.9317092217336784,1.62317193369755,True,True,True
2026-01-23 06:30:00+00:00,oos,-0.9230542596156437,0.5095116934070146,False,False,False
2026-01-23 06:45:00+00:00,oos,-2.271070828683807,1.030737088585495,True,False,False
2026-01-23 07:00:00+00:00,oos,0.6318934640094799,0.4765469973481253,False,False,False
2026-01-23 07:15:00+00:00,oos,0.5385924702954658,0.7609470554870291,False,False,False
2026-01-23 07:30:00+00:00,oos,-0.5162788597999806,-0.15561159236257624,False,False,False
2026-01-23 07:45:00+00:00,oos,0.9589971608559844,-0.4202984624789288,False,False,False
2026-01-23 08:00:00+00:00,oos,-1.3694562705924336,-0.0999771886059339,False,False,False
2026-01-23 08:15:00+00:00,oos,-1.2739055392784888,0.16909977174911492,False,False,False
2026-01-23 08:30:00+00:00,oos,0.22218680603596055,0.28363410804647626,False,False,False
2026-01-23 08:45:00+00:00,oos,-0.25876144818906427,0.5932469539195325,False,False,False
2026-01-23 09:00:00+00:00,oos,0.590252588309514,0.6041110409074019,False,False,False
2026-01-23 09:15:00+00:00,oos,-0.9724162465683082,0.26209921518102086,False,False,False
2026-01-23 09:30:00+00:00,oos,0.7346167150246636,1.0949849331811794,False,False,False
2026-01-23 09:45:00+00:00,oos,-0.5862770053294896,0.46901533378544613,False,False,False
2026-01-23 10:00:00+00:00,oos,1.7613779854161802,0.7588965570166485,True,False,False
2026-01-23 10:15:00+00:00,oos,0.9674174662378665,1.476473560746416,False,True,False
2026-01-23 10:30:00+00:00,oos,1.3364807698861527,1.9970965146221056,False,True,False
2026-01-23 10:45:00+00:00,oos,0.9981078314176545,0.8582217239070986,False,False,False
2026-01-23 11:00:00+00:00,oos,1.8924641547743326,1.005621359512344,True,False,False
2026-01-23 11:15:00+00:00,oos,-0.6156398908638332,0.22594533055003257,False,False,False
2026-01-23 11:30:00+00:00,oos,-0.33086966441103083,0.7044883370044727,False,False,False
2026-01-23 11:45:00+00:00,oos,0.5925334089114093,0.9790842316345835,False,False,False
2026-01-23 12:00:00+00:00,oos,-1.7789293388880707,1.241702123611221,True,False,False
2026-01-23 12:15:00+00:00,oos,-1.7609024038965864,0.6296751429899896,True,False,False
2026-01-23 12:30:00+00:00,oos,-2.2442345950972102,0.6053137996270648,True,False,False
2026-01-23 12:45:00+00:00,oos,0.737723657700576,0.7598363701744517,False,False,False
2026-01-23 13:00:00+00:00,oos,-1.081109979747938,1.0496940287862424,False,False,False
2026-01-23 13:15:00+00:00,oos,0.3052373231681888,0.1253142213890898,False,False,False
2026-01-23 13:30:00+00:00,oos,-0.559047996926543,1.280780438599283,False,False,False
2026-01-23 13:45:00+00:00,oos,-1.7474732231129186,0.08774108052918923,True,False,False
2026-01-23 14:00:00+00:00,oos,0.6061269827988447,0.3968372776703705,False,False,False
2026-01-23 14:15:00+00:00,oos,0.5736783232478718,0.44550024247870834,False,False,False
2026-01-23 14:30:00+00:00,oos,0.7646203037592425,2.3843776294914987,False,True,False
2026-01-23 14:45:00+00:00,oos,0.39669358784869174,2.4992873927565813,False,True,False
2026-01-23 15:00:00+00:00,oos,1.2923661240659077,0.9340631409122409,False,False,False
2026-01-23 15:15:00+00:00,oos,-0.5749217998055504,1.0728089272783623,False,False,False
2026-01-23 15:30:00+00:00,oos,0.31205708514621816,1.2677049527735211,False,False,False
2026-01-23 15:45:00+00:00,oos,-0.09413027508322606,0.6803614549499558,False,False,False
2026-01-23 16:00:00+00:00,oos,-0.4886044330280417,0.8088236626220002,False,False,False
2026-01-23 16:15:00+00:00,oos,-0.6092473514208615,0.9883924439964524,False,False,False
2026-01-23 16:30:00+00:00,oos,-0.4898906829715883,0.9404219528767377,False,False,False
2026-01-23 16:45:00+00:00,oos,-0.28449869791606625,0.2977811578585039,False,False,False
2026-01-23 17:00:00+00:00,oos,-0.9638979755381731,1.970036271775948,False,True,False
2026-01-23 17:15:00+00:00,oos,0.5101913702097884,1.3137115056641149,False,True,False
2026-01-23 17:30:00+00:00,oos,1.1099729649636156,1.9498424981268803,False,True,False
2026-01-23 17:45:00+00:00,oos,0.10443808404258038,-0.4049752259851484,False,False,False
2026-01-23 18:00:00+00:00,oos,0.018310349973803392,1.1121939267555685,False,False,False
2026-01-23 18:15:00+00:00,oos,0.43494222870386795,-0.16480485854365468,False,False,False
2026-01-23 18:30:00+00:00,oos,-1.4704495463946141,1.0078193444708239,False,False,False
2026-01-23 18:45:00+00:00,oos,-1.8146872753326506,1.4431202016333098,True,True,True
2026-01-23 19:00:00+00:00,oos,-0.788480077370529,1.552159858730697,False,True,False
2026-01-23 19:15:00+00:00,oos,-0.3380107509193672,1.3342491003591939,False,True,False
2026-01-23 19:30:00+00:00,oos,0.34968207190941436,0.8102220033030861,False,False,False
2026-01-23 19:45:00+00:00,oos,0.8007661482528737,1.1013877943218155,False,False,False
2026-01-23 20:00:00+00:00,oos,-0.25371984247456414,0.9309327059344614,False,False,False
2026-01-23 20:15:00+00:00,oos,0.5629373639588724,1.0068112694149511,False,False,False
2026-01-23 20:30:00+00:00,oos,-0.15458654133684396,0.32117310273132754,False,False,False
2026-01-23 20:45:00+00:00,oos,0.9493858568125417,2.2731185174703006,False,True,False
2026-01-23 21:00:00+00:00,oos,1.3549565569276705,1.069548418670859,False,False,False
2026-01-23 21:15:00+00:00,oos,-0.5408714558851165,0.7546455837607815,False,False,False
2026-01-23 21:30:00+00:00,oos,-0.26412975694421126,1.2602281988765256,False,False,False
2026-01-23 21:45:00+00:00,oos,-0.8652821860528672,0.5607068482752159,False,False,False
2026-01-23 22:00:00+00:00,oos,0.8201299550374623,1.8048711104680588,False,True,False
2026-01-23 22:15:00+00:00,oos,0.2380807029435648,1.3749928752862006,False,True,False
2026-01-23 22:30:00+00:00,oos,0.05783470417205144,1.4784247019046197,False,True,False
2026-01-23 22:45:00+00:00,oos,-0.1206391578037535,2.6782681639055035,False,True,False
2026-01-23 23:00:00+00:00,oos,-2.5253498663609926,-1.1766839062875456,True,False,False
2026-01-23 23:15:00+00:00,oos,-0.43061278066143066,-1.116580876860654,False,False,False
2026-01-23 23:30:00+00:00,oos,-0.04770488860957051,0.24932001260846415,False,False,False
2026-01-23 23:45:00+00:00,oos,-0.31101163662811754,0.3037499557970394,False,False,False
2026-01-24 00:00:00+00:00,oos,-2.0234575733710622,-0.032467707321889576,True,False,False
2026-01-24 00:15:00+00:00,oos,0.216045748053905,0.4965165962000304,False,False,False
2026-01-24 00:30:00+00:00,oos,-1.3666436197955631,0.20654383059776515,False,False,False
2026-01-24 00:45:00+00:00,oos,-0.687076081921462,-0.15661617384402124,False,False,False
2026-01-24 01:00:00+00:00,oos,-1.8725853646662034,0.2729197282130628,True,False,False
2026-01-24 01:15:00+00:00,oos,0.715422497080895,0.14608874310309675,False,False,False
2026-01-24 01:30:00+00:00,oos,-0.45140019243807783,0.0921320648787797,False,False,False
2026-01-24 01:45:00+00:00,oos,-0.44423943163073953,-0.1401642962939175,False,False,False
2026-01-24 02:00:00+00:00,oos,-0.9055301493740684,0.30806084704583175,False,False,False
2026-01-24 02:15:00+00:00,oos,-0.4295379851424507,0.2072501340682192,False,False,False
2026-01-24 02:30:00+00:00,oos,0.0896151384207632,0.8792930732872941,False,False,False
2026-01-24 02:45:00+00:00,oos,1.149853854274401,-0.2910976197067068,False,False,False
2026-01-24 03:00:00+00:00,oos,1.0378044102632242,-0.20008152816344438,False,False,False
2026-01-24 03:15:00+00:00,oos,1.240008164179608,0.2394468303966228,False,False,False
2026-01-24 03:30:00+00:00,oos,-2.734631384310533,0.4036620441231277,True,False,False
2026-01-24 03:45:00+00:00,oos,-1.4664392881429058,-0.6316062569467914,False,False,False
2026-01-24 04:00:00+00:00,oos,-1.337164842714072,0.10748456407721158,False,False,False
2026-01-24 04:15:00+00:00,oos,-2.4887358562316386,0.1004000658527046,True,False,False
2026-01-24 04:30:00+00:00,oos,-1.3024995728655553,-0.12485269008814577,False,False,False
2026-01-24 04:45:00+00:00,oos,-0.735730385017052,-0.6335127217267255,False,False,False
2026-01-24 05:00:00+00:00,oos,-0.8014800709879054,0.22983256874748542,False,False,False
2026-01-24 05:15:00+00:00,oos,-0.4347869976184652,-0.4950762328919452,False,False,False
2026-01-24 05:30:00+00:00,oos,-1.7555274768423381,0.9071432957116838,True,False,False
2026-01-24 05:45:00+00:00,oos,0.39842034955188405,-0.33136715711966763,False,False,False
2026-01-24 06:00:00+00:00,oos,0.3010298412702228,-0.33324502283270085,False,False,False
2026-01-24 06:15:00+00:00,oos,-1.5659940302138282,1.2356346040174169,False,False,False
2026-01-24 06:30:00+00:00,oos,-0.30387417462313127,-1.0093235964864957,False,False,False
2026-01-24 06:45:00+00:00,oos,-0.26173205134593064,-0.25419838353616386,False,False,False
2026-01-24 07:00:00+00:00,oos,-1.680616196117225,-0.37276482615961354,True,False,False
2026-01-24 07:15:00+00:00,oos,-1.2185071653569912,0.47268005223602244,False,False,False
2026-01-24 07:30:00+00:00,oos,1.9011752121264127,0.6447760981811029,True,False,False
2026-01-24 07:45:00+00:00,oos,0.23435930856660298,-0.6184908487599857,False,False,False
2026-01-24 08:00:00+00:00,oos,-2.4396314432617356,0.7814523344299076,True,False,False
2026-01-24 08:15:00+00:00,oos,0.17345761005549665,-0.4496747926836909,False,False,False
2026-01-24 08:30:00+00:00,oos,2.990472041346125,-0.10370029961417716,True,False,False
2026-01-24 08:45:00+00:00,oos,-1.3929997987136273,-0.25923871184965797,False,False,False
2026-01-24 09:00:00+00:00,oos,-0.2635696549531908,-0.49159452964107375,False,False,False
2026-01-24 09:15:00+00:00,oos,-0.6267486445423717,-0.3694301954006215,False,False,False
2026-01-24 09:30:00+00:00,oos,-1.7564791365329575,-0.0008147224513021905,True,False,False
2026-01-24 09:45:00+00:00,oos,-0.35965659438831304,-0.20973681303058875,False,False,False
2026-01-24 10:00:00+00:00,oos,0.7573557610244641,-0.4030203689129286,False,False,False
2026-01-24 10:15:00+00:00,oos,0.25038464975801744,0.855684945683495,False,False,False
2026-01-24 10:30:00+00:00,oos,1.1504641261342743,-0.7692864956966717,False,False,False
2026-01-24 10:45:00+00:00,oos,0.4090830118199291,0.4187243942766002,False,False,False
2026-01-24 11:00:00+00:00,oos,-0.0943595788072178,0.252184362383609,False,False,False
2026-01-24 11:15:00+00:00,oos,0.0970623424566901,0.8649977481469954,False,False,False
2026-01-24 11:30:00+00:00,oos,2.620021981147352,0.8707881285732626,True,False,False
2026-01-24 11:45:00+00:00,oos,-2.6920958468848744,0.5152470772364063,True,False,False
2026-01-24 12:00:00+00:00,oos,0.7053702560553254,-0.5693742534674268,False,False,False
2026-01-24 12:15:00+00:00,oos,1.1104144614445317,0.13660508730026,False,False,False
2026-01-24 12:30:00+00:00,oos,-0.813963772661531,0.045058906752734273,False,False,False
2026-01-24 12:45:00+00:00,oos,-0.6135143809612745,-0.4631850260566627,False,False,False
2026-01-24 13:00:00+00:00,oos,1.5166234125800755,0.011291726008031034,False,False,False
2026-01-24 13:15:00+00:00,oos,0.5266446839608134,0.9132075174277579,False,False,False
2026-01-24 13:30:00+00:00,oos,2.1200355320721735,0.5166805666132773,True,False,False
2026-01-24 13:45:00+00:00,oos,-2.2253813436681504,0.002187797375115661,True,False,False
2026-01-24 14:00:00+00:00,oos,-0.5638086849393118,1.5419418671116163,False,True,False
2026-01-24 14:15:00+00:00,oos,-0.3038046602872576,0.40837268201522353,False,False,False
2026-01-24 14:30:00+00:00,oos,0.7829489960299045,0.8069885643400955,False,False,False
2026-01-24 14:45:00+00:00,oos,-0.9681329217873543,-0.5954331248741898,False,False,False
2026-01-24 15:00:00+00:00,oos,0.5614318716727109,1.5900638011290003,False,True,False
2026-01-24 15:15:00+00:00,oos,-0.8849940772194674,-0.7138634177780778,False,False,False
2026-01-24 15:30:00+00:00,oos,-0.07960455364245494,0.23379643801315342,False,False,False
2026-01-24 15:45:00+00:00,oos,-1.2005295726547909,0.40142937207180496,False,False,False
2026-01-24 16:00:00+00:00,oos,-0.45937458471916526,1.4062123239088065,False,True,False
2026-01-24 16:15:00+00:00,oos,-0.013283455212643631,0.5278661668317592,False,False,False
2026-01-24 16:30:00+00:00,oos,0.6470227544015689,0.09455242274909598,False,False,False
2026-01-24 16:45:00+00:00,oos,1.488248272229317,0.04380665618614041,False,False,False
2026-01-24 17:00:00+00:00,oos,0.8201749564866174,0.47286538596337935,False,False,False
2026-01-24 17:15:00+00:00,oos,-1.3910293879777502,0.848359976466149,False,False,False
2026-01-24 17:30:00+00:00,oos,-2.5422419861372263,-0.20958702637333593,True,False,False
2026-01-24 17:45:00+00:00,oos,-0.13994106443694426,-0.3345430729219598,False,False,False
2026-01-24 18:00:00+00:00,oos,-0.08603019143684325,-0.18463121779467487,False,False,False
2026-01-24 18:15:00+00:00,oos,0.7626465640681649,0.651423706215331,False,False,False
2026-01-24 18:30:00+00:00,oos,-0.5631664571079996,0.7645163090538684,False,False,False
2026-01-24 18:45:00+00:00,oos,0.42396412120761845,-0.6564768583355411,False,False,False
2026-01-24 19:00:00+00:00,oos,-0.7130967060983951,0.4422512834729623,False,False,False
2026-01-24 19:15:00+00:00,oos,0.9572133325756966,1.0901575537740171,False,False,False
2026-01-24 19:30:00+00:00,oos,0.05099984364768108,0.42780471698092365,False,False,False
2026-01-24 19:45:00+00:00,oos,-1.4235010969751616,0.19933097257194218,False,False,False
2026-01-24 20:00:00+00:00,oos,2.6346456156549714,0.3214449817154222,True,False,False
2026-01-24 20:15:00+00:00,oos,-0.046323629413704194,0.8338895450008954,False,False,False
2026-01-24 20:30:00+00:00,oos,-0.5661623860043659,-0.13096325130666173,False,False,False
2026-01-24 20:45:00+00:00,oos,-0.6147691515161634,-0.048958906637866124,False,False,False
2026-01-24 21:00:00+00:00,oos,-2.1458871342456765,0.4986147905854221,True,False,False
2026-01-24 21:15:00+00:00,oos,0.00778912811845567,0.5531707190818926,False,False,False
2026-01-24 21:30:00+00:00,oos,1.8945943707529,-0.09132673706912886,True,False,False
2026-01-24 21:45:00+00:00,oos,-2.181244176822988,-0.4643591197351651,True,False,False
2026-01-24 22:00:00+00:00,oos,2.2154864334155677,0.5748482454359586,True,False,False
2026-01-24 22:15:00+00:00,oos,-0.17248550472585847,2.1293305922249246,False,True,False
2026-01-24 22:30:00+00:00,oos,-1.7030863163496606,1.052811307932236,True,False,False
2026-01-24 22:45:00+00:00,oos,0.47528039668625915,0.5887029201953642,False,False,False
2026-01-24 23:00:00+00:00,oos,-1.8414442028011662,-0.899371252824704,True,False,False
2026-01-24 23:15:00+00:00,oos,-1.034807525039967,-0.23535164932004848,False,False,False
2026-01-24 23:30:00+00:00,oos,-2.055654724211054,0.015555290140683522,True,False,False
2026-01-24 23:45:00+00:00,oos,-0.9365783945178482,-0.46369027457962825,False,False,False
2026-01-25 00:00:00+00:00,oos,-1.4004408592027486,1.2505572162614338,False,False,False
2026-01-25 00:15:00+00:00,oos,-2.6205115876671954,0.9273807498755886,True,False,False
2026-01-25 00:30:00+00:00,oos,-0.5722547885459456,1.7896081259997207,False,True,False
2026-01-25 00:45:00+00:00,oos,1.4917197197624463,0.8943857561583332,False,False,False
2026-01-25 01:00:00+00:00,oos,-1.0945857644448767,1.418498680585087,False,True,False
2026-01-25 01:15:00+00:00,oos,-3.47103180516584,0.16642308691764043,True,False,False
2026-01-25 01:30:00+00:00,oos,-2.0938333673401073,0.3832442611999111,True,False,False
2026-01-25 01:45:00+00:00,oos,1.2708961041699582,-0.02527511610834026,False,False,False
2026-01-25 02:00:00+00:00,oos,1.1491862354039164,0.45840541727243045,False,False,False
2026-01-25 02:15:00+00:00,oos,-2.477475448014398,-0.37178500395555164,True,False,False
2026-01-25 02:30:00+00:00,oos,-0.06891213567053411,-0.3771329622530957,False,False,False
2026-01-25 02:45:00+00:00,oos,-1.3465344730842606,-0.20521566482669387,False,False,False
2026-01-25 03:00:00+00:00,oos,-1.0708860650881895,-0.3366799202293774,False,False,False
2026-01-25 03:15:00+00:00,oos,-2.3216418030712624,-0.18895844507271062,True,False,False
2026-01-25 03:30:00+00:00,oos,-1.1234078381030441,0.9441543758036742,False,False,False
2026-01-25 03:45:00+00:00,oos,-0.01535162591803265,0.4816049944171104,False,False,False
2026-01-25 04:00:00+00:00,oos,-1.049652043095041,0.5348436738731057,False,False,False
2026-01-25 04:15:00+00:00,oos,-1.5733863768071943,0.43640934015406646,True,False,False
2026-01-25 04:30:00+00:00,oos,1.2697688603827728,0.8518955256764841,False,False,False
2026-01-25 04:45:00+00:00,oos,-2.107324463374546,0.13542923575011068,True,False,False
2026-01-25 05:00:00+00:00,oos,-0.2873933005476149,0.8923756892656711,False,False,False
2026-01-25 05:15:00+00:00,oos,-0.09579631135795637,0.09440142690611508,False,False,False
2026-01-25 05:30:00+00:00,oos,-1.0022344456981114,1.1812045509927205,False,False,False
2026-01-25 05:45:00+00:00,oos,0.6218262136019927,0.8233914090493915,False,False,False
2026-01-25 06:00:00+00:00,oos,-0.7017260192826152,0.8227987060876556,False,False,False
2026-01-25 06:15:00+00:00,oos,-1.0223969347937194,0.6576139396727929,False,False,False
2026-01-25 06:30:00+00:00,oos,1.0972952305131376,0.6358622641208354,False,False,False
2026-01-25 06:45:00+00:00,oos,-1.5960316676139008,-0.0026976652919145088,True,False,False
2026-01-25 07:00:00+00:00,oos,-2.510889991931652,-0.45166630883386955,True,False,False
2026-01-25 07:15:00+00:00,oos,1.8677954741541682,0.13659542560839616,True,False,False
2026-01-25 07:30:00+00:00,oos,-0.7729588827847199,-0.12078064842252172,False,False,False
2026-01-25 07:45:00+00:00,oos,-0.11585466915598028,-0.09568296664368789,False,False,False
2026-01-25 08:00:00+00:00,oos,-0.041211074444937795,0.8825095364194101,False,False,False
2026-01-25 08:15:00+00:00,oos,-0.200022488523542,0.2884205861564839,False,False,False
2026-01-25 08:30:00+00:00,oos,-1.5881786335891919,0.3461292664873017,True,False,False
2026-01-25 08:45:00+00:00,oos,0.010909805419485299,1.2715164301701967,False,False,False
2026-01-25 09:00:00+00:00,oos,0.004157479812789899,0.14088213459626717,False,False,False
2026-01-25 09:15:00+00:00,oos,0.8879892559719325,0.9399421538062818,False,False,False
2026-01-25 09:30:00+00:00,oos,2.0466540016391903,-0.5730817823910112,True,False,False
2026-01-25 09:45:00+00:00,oos,0.06620129446897663,1.2148600460985879,False,False,False
2026-01-25 10:00:00+00:00,oos,2.3053906850396118,0.6465046192936478,True,False,False
2026-01-25 10:15:00+00:00,oos,2.134739515145863,0.8048467574584353,True,False,False
2026-01-25 10:30:00+00:00,oos,0.7220937337127481,-0.013453437334806072,False,False,False
2026-01-25 10:45:00+00:00,oos,0.3007902565394912,0.3288756447294891,False,False,False
2026-01-25 11:00:00+00:00,oos,-2.153680904983297,0.13127988988438397,True,False,False
2026-01-25 11:15:00+00:00,oos,-1.097040261860658,0.3712148003829757,False,False,False
2026-01-25 11:30:00+00:00,oos,-0.7933973541943039,0.4448421636236967,False,False,False
2026-01-25 11:45:00+00:00,oos,1.1996977331460699,1.4669703131324552,False,True,False
2026-01-25 12:00:00+00:00,oos,-0.15430265163742304,0.6710793853507243,False,False,False
2026-01-25 12:15:00+00:00,oos,-0.669297971391694,0.029664014937764386,False,False,False
2026-01-25 12:30:00+00:00,oos,-0.26872010434038024,0.659730056008519,False,False,False
2026-01-25 12:45:00+00:00,oos,2.117418632957373,0.29418682121896345,True,False,False
2026-01-25 13:00:00+00:00,oos,-0.27516444548974395,0.7290337849689922,False,False,False
2026-01-25 13:15:00+00:00,oos,-0.4518149930530659,0.004454145717095045,False,False,False
2026-01-25 13:30:00+00:00,oos,0.08556627361647727,0.28507836214239923,False,False,False
2026-01-25 13:45:00+00:00,oos,1.2733862190328527,-0.37699303922413957,False,False,False
2026-01-25 14:00:00+00:00,oos,-0.09571401003122217,1.2943815365611682,False,True,False
2026-01-25 14:15:00+00:00,oos,-0.64924373911343,0.5975755362608681,False,False,False
2026-01-25 14:30:00+00:00,oos,-0.18954358411398126,0.6749969550361964,False,False,False
2026-01-25 14:45:00+00:00,oos,0.8722789176667474,0.14228149210227573,False,False,False
2026-01-25 15:00:00+00:00,oos,0.041459205122779404,0.1607570109024266,False,False,False
2026-01-25 15:15:00+00:00,oos,0.10301333170661439,0.002464860136472025,False,False,False
2026-01-25 15:30:00+00:00,oos,0.19219749206512624,-0.5010142175521488,False,False,False
2026-01-25 15:45:00+00:00,oos,-0.4766410271851617,0.5699509534920718,False,False,False
2026-01-25 16:00:00+00:00,oos,0.8553808112646366,2.981326720089984,False,True,False
2026-01-25 16:15:00+00:00,oos,-0.16784324328789318,0.6882986891189455,False,False,False
2026-01-25 16:30:00+00:00,oos,-0.18681198434347904,0.41391062153937835,False,False,False
2026-01-25 16:45:00+00:00,oos,0.955753718654743,0.9748898403909508,False,False,False
2026-01-25 17:00:00+00:00,oos,0.1339961431433818,2.6086120302675058,False,True,False
2026-01-25 17:15:00+00:00,oos,-0.632477792380336,-0.4921238651436702,False,False,False
2026-01-25 17:30:00+00:00,oos,0.42593404556450376,-0.11340930937191813,False,False,False
2026-01-25 17:45:00+00:00,oos,0.38721650630088916,0.28577993517828587,False,False,False
2026-01-25 18:00:00+00:00,oos,-0.4117026828209947,1.4321116382709134,False,True,False
2026-01-25 18:15:00+00:00,oos,0.6792898480735015,2.4356954503064743,False,True,False
2026-01-25 18:30:00+00:00,oos,-0.708203262411974,-0.20626535119968603,False,False,False
2026-01-25 18:45:00+00:00,oos,-0.6614657239753677,1.1977353803753823,False,False,False
2026-01-25 19:00:00+00:00,oos,2.4523852755707525,0.7211061229005976,True,False,False
2026-01-25 19:15:00+00:00,oos,-0.05288993969467737,1.0211721714083875,False,False,False
2026-01-25 19:30:00+00:00,oos,-0.23284907627772483,2.0956985188246118,False,True,False
2026-01-25 19:45:00+00:00,oos,-0.23682202899808674,1.121473383110353,False,False,False
2026-01-25 20:00:00+00:00,oos,0.612214334280882,0.48125154687546673,False,False,False
2026-01-25 20:15:00+00:00,oos,-0.13196166933121717,0.2587886216542088,False,False,False
2026-01-25 20:30:00+00:00,oos,0.5618138360659626,0.08991573837938202,False,False,False
2026-01-25 20:45:00+00:00,oos,0.8573224472792501,1.7385082609726208,False,True,False
2026-01-25 21:00:00+00:00,oos,0.9278517474520382,1.075652746370862,False,False,False
2026-01-25 21:15:00+00:00,oos,0.050840139012833734,1.4176742309153663,False,True,False
2026-01-25 21:30:00+00:00,oos,-0.33484349221922666,0.8039281865438427,False,False,False
2026-01-25 21:45:00+00:00,oos,0.3999497206623127,1.3625602668178787,False,True,False
2026-01-25 22:00:00+00:00,oos,-0.33301012096141697,2.1971849792731333,False,True,False
2026-01-25 22:15:00+00:00,oos,0.2511411127996026,3.2495141738401707,False,True,False
2026-01-25 22:30:00+00:00,oos,0.7833106475763525,3.4079393700313365,False,True,False
2026-01-25 22:45:00+00:00,oos,0.5045949628398766,2.0519631614669547,False,True,False
2026-01-25 23:00:00+00:00,oos,-0.07320884803317856,0.9114321131218384,False,False,False
2026-01-25 23:15:00+00:00,oos,0.764396262104791,1.4565935971033928,False,True,False
2026-01-25 23:30:00+00:00,oos,1.2987018767170042,1.1592450159322691,False,False,False
2026-01-25 23:45:00+00:00,oos,0.3896624538654265,1.721765713067369,False,True,False
2026-01-26 00:00:00+00:00,oos,1.0074899903117451,1.5638132089941954,False,True,False
2026-01-26 00:15:00+00:00,oos,-1.0188683721061103,0.275072087043236,False,False,False
2026-01-26 00:30:00+00:00,oos,-0.7846493558000874,1.6224480876362368,False,True,False
2026-01-26 00:45:00+00:00,oos,0.2288702851768711,1.704227632488774,False,True,False
2026-01-26 01:00:00+00:00,oos,0.0785398476155036,1.0762629607414327,False,False,False
2026-01-26 01:15:00+00:00,oos,0.41279407640538074,0.9045580598850621,False,False,False
2026-01-26 01:30:00+00:00,oos,-0.22428561527218838,0.6001613150527886,False,False,False
2026-01-26 01:45:00+00:00,oos,-1.9858012820885123,0.8546821590079662,True,False,False
2026-01-26 02:00:00+00:00,oos,-0.8283170790975191,0.9726264181353437,False,False,False
2026-01-26 02:15:00+00:00,oos,1.2067565232222046,0.3966000151772311,False,False,False
2026-01-26 02:30:00+00:00,oos,-1.628449981126025,0.3551257534498526,True,False,False
2026-01-26 02:45:00+00:00,oos,-1.8934826796759072,-0.2197898883280462,True,False,False
2026-01-26 03:00:00+00:00,oos,0.18326210042639357,0.21635978790416982,False,False,False
2026-01-26 03:15:00+00:00,oos,-1.8720715584371674,0.6483586956099768,True,False,False
2026-01-26 03:30:00+00:00,oos,-0.7364214430520486,0.014583382834414503,False,False,False
2026-01-26 03:45:00+00:00,oos,0.23884861347031985,-0.1286363636193732,False,False,False
2026-01-26 04:00:00+00:00,oos,-0.43446094124482487,0.46469045580502816,False,False,False
2026-01-26 04:15:00+00:00,oos,1.1102707838822412,0.13262923893302633,False,False,False
2026-01-26 04:30:00+00:00,oos,-0.15879143840853785,0.8355508532680153,False,False,False
2026-01-26 04:45:00+00:00,oos,-0.9096636248841775,0.2256703592852071,False,False,False
2026-01-26 05:00:00+00:00,oos,-0.5286454247931734,0.46983404002897694,False,False,False
2026-01-26 05:15:00+00:00,oos,-0.4800447079822322,1.3598083636395517,False,True,False
2026-01-26 05:30:00+00:00,oos,-0.24330559996422305,0.8276786652530113,False,False,False
2026-01-26 05:45:00+00:00,oos,0.23758883366073547,1.1360019299869681,False,False,False
2026-01-26 06:00:00+00:00,oos,-1.155863311407793,0.5664506171506679,False,False,False
2026-01-26 06:15:00+00:00,oos,0.6291413446522252,0.2583246143032864,False,False,False
2026-01-26 06:30:00+00:00,oos,-0.4009110140180331,0.4700711685154912,False,False,False
2026-01-26 06:45:00+00:00,oos,1.4074270481360414,0.6993460270584363,False,False,False
2026-01-26 07:00:00+00:00,oos,1.646173111620831,0.35829639148736314,True,False,False
2026-01-26 07:15:00+00:00,oos,0.7560520434157701,1.4447264363731251,False,True,False
2026-01-26 07:30:00+00:00,oos,0.9201894144845337,0.7551907074658845,False,False,False
2026-01-26 07:45:00+00:00,oos,0.9942699519596285,0.08794293969551528,False,False,False
2026-01-26 08:00:00+00:00,oos,-0.4433551518806871,1.1979378873040238,False,False,False
2026-01-26 08:15:00+00:00,oos,-0.7961441550953008,1.127754242772116,False,False,False
2026-01-26 08:30:00+00:00,oos,-1.7268565370577535,0.33374375212033364,True,False,False
2026-01-26 08:45:00+00:00,oos,-0.23148586538454263,-0.33184329400908036,False,False,False
2026-01-26 09:00:00+00:00,oos,-2.27815799378879,0.6733395066359057,True,False,False
2026-01-26 09:15:00+00:00,oos,-0.661735980990268,0.9577529446921499,False,False,False
2026-01-26 09:30:00+00:00,oos,0.38967125402624886,0.5374134537089634,False,False,False
2026-01-26 09:45:00+00:00,oos,-1.387906217627418,0.4692534192936669,False,False,False
2026-01-26 10:00:00+00:00,oos,0.1305204013832753,1.2348354510821447,False,False,False
2026-01-26 10:15:00+00:00,oos,0.6420259627927593,0.4982977962014517,False,False,False
2026-01-26 10:30:00+00:00,oos,-0.6698207376292992,0.5116585822586277,False,False,False
2026-01-26 10:45:00+00:00,oos,-0.9816783995225814,1.0899389807857296,False,False,False
2026-01-26 11:00:00+00:00,oos,1.4770853076444446,0.6479562907052979,False,False,False
2026-01-26 11:15:00+00:00,oos,-1.834156624347085,0.45345425442277315,True,False,False
2026-01-26 11:30:00+00:00,oos,0.7368169624747619,0.40262738798000913,False,False,False
2026-01-26 11:45:00+00:00,oos,-1.3361410101958693,0.07259895272140017,False,False,False
2026-01-26 12:00:00+00:00,oos,0.5064631169566791,0.6242324426637246,False,False,False
2026-01-26 12:15:00+00:00,oos,0.7026769664859209,0.9945825831279349,False,False,False
2026-01-26 12:30:00+00:00,oos,-0.3210615322128668,0.6150720676130936,False,False,False
2026-01-26 12:45:00+00:00,oos,1.0487789249921298,1.4080659147567804,False,True,False
2026-01-26 13:00:00+00:00,oos,0.6963624240677225,1.0055443952509675,False,False,False
2026-01-26 13:15:00+00:00,oos,1.1947936490915683,0.6015671285786094,False,False,False
2026-01-26 13:30:00+00:00,oos,0.11569963183271384,1.31029170089157,False,True,False
2026-01-26 13:45:00+00:00,oos,-0.0670880109181127,0.6207133852618179,False,False,False
2026-01-26 14:00:00+00:00,oos,-0.4852420405148955,0.5472955879687953,False,False,False
2026-01-26 14:15:00+00:00,oos,0.2352044754852514,0.9565914581534037,False,False,False
2026-01-26 14:30:00+00:00,oos,-1.249414937983081,1.8653533926458912,False,True,False
2026-01-26 14:45:00+00:00,oos,0.6560420761042643,0.14637227199868857,False,False,False
2026-01-26 15:00:00+00:00,oos,0.39394366873321507,0.6231684164374804,False,False,False
2026-01-26 15:15:00+00:00,oos,-0.16829311990724688,1.363375717010239,False,True,False
2026-01-26 15:30:00+00:00,oos,0.26552187822848144,-0.2626383665024762,False,False,False
2026-01-26 15:45:00+00:00,oos,-0.786343268458139,0.5532833137607579,False,False,False
2026-01-26 16:00:00+00:00,oos,-0.1606395411942443,0.250995541419717,False,False,False
2026-01-26 16:15:00+00:00,oos,-0.38531184285854847,0.7267154594991531,False,False,False
2026-01-26 16:30:00+00:00,oos,-0.880067731981693,0.7009618187365532,False,False,False
2026-01-26 16:45:00+00:00,oos,0.14538948731047982,1.6082419811056898,False,True,False
2026-01-26 17:00:00+00:00,oos,0.20748056476945004,1.5865765111715011,False,True,False
2026-01-26 17:15:00+00:00,oos,-0.9930707492217608,1.623529665498435,False,True,False
2026-01-26 17:30:00+00:00,oos,-1.5485002397960774,0.6519076254411864,False,False,False
2026-01-26 17:45:00+00:00,oos,1.3757167504849421,0.6309961197227584,False,False,False
2026-01-26 18:00:00+00:00,oos,0.3091826149186498,0.2801199790421297,False,False,False
2026-01-26 18:15:00+00:00,oos,0.11056941076633983,1.2787679636933602,False,False,False
2026-01-26 18:30:00+00:00,oos,-0.5674659653768872,0.4004842256493576,False,False,False
2026-01-26 18:45:00+00:00,oos,0.00026689826818676084,1.1694263842960875,False,False,False
2026-01-26 19:00:00+00:00,oos,0.14575516675833217,0.09489150000682743,False,False,False
2026-01-26 19:15:00+00:00,oos,-0.3510855029989115,0.3982631025773802,False,False,False
2026-01-26 19:30:00+00:00,oos,-0.6254512367102757,0.8554421596938732,False,False,False
2026-01-26 19:45:00+00:00,oos,-1.0175184408659064,-0.7854530483652212,False,False,False
2026-01-26 20:00:00+00:00,oos,0.1057546896842409,0.5348632453330247,False,False,False
2026-01-26 20:15:00+00:00,oos,-0.2171982218184897,2.389289768464008,False,True,False
2026-01-26 20:30:00+00:00,oos,0.07288715121830651,-0.5299436977742111,False,False,False
2026-01-26 20:45:00+00:00,oos,-1.6213399501678332,0.7632896497206809,True,False,False
2026-01-26 21:00:00+00:00,oos,1.2655174929258088,-0.6429766451848535,False,False,False
2026-01-26 21:15:00+00:00,oos,0.6332498019337598,0.6625554400101245,False,False,False
2026-01-26 21:30:00+00:00,oos,1.2362299198434472,0.5025642036766745,False,False,False
2026-01-26 21:45:00+00:00,oos,-0.6538784287572387,1.3527073626241408,False,True,False
2026-01-26 22:00:00+00:00,oos,-0.42444819055118643,1.895632483600772,False,True,False
2026-01-26 22:15:00+00:00,oos,-0.10528193529246373,1.0417056680533403,False,False,False
2026-01-26 22:30:00+00:00,oos,-0.6233102018041193,2.351932209914035,False,True,False
2026-01-26 22:45:00+00:00,oos,-0.2672556755492496,0.9663157292722463,False,False,False
2026-01-26 23:00:00+00:00,oos,-0.4768114437052551,-2.3149827418489433,False,False,False
2026-01-26 23:15:00+00:00,oos,-0.051246913584192595,-1.066909428285356,False,False,False
2026-01-26 23:30:00+00:00,oos,1.533926014269187,-0.429312006700775,False,False,False
2026-01-26 23:45:00+00:00,oos,-2.9427802178483526,-1.1165638112116707,True,False,False
2026-01-27 00:00:00+00:00,oos,-1.7784556518246388,0.444124584303226,True,False,False
2026-01-27 00:15:00+00:00,oos,0.965155034838118,-0.03365054362345457,False,False,False
2026-01-27 00:30:00+00:00,oos,-0.6555233654900826,0.009628756269925189,False,False,False
2026-01-27 00:45:00+00:00,oos,-0.21330439122062403,0.9994878362092748,False,False,False
2026-01-27 01:00:00+00:00,oos,0.25787184367544264,-0.1110577668495663,False,False,False
2026-01-27 01:15:00+00:00,oos,1.750410704157924,0.8923392964303757,True,False,False
2026-01-27 01:30:00+00:00,oos,2.363807377509051,0.16052997122718007,True,False,False
2026-01-27 01:45:00+00:00,oos,-0.5800155048157839,0.27264770204921135,False,False,False
2026-01-27 02:00:00+00:00,oos,0.38090215160535285,0.26640488381166627,False,False,False
2026-01-27 02:15:00+00:00,oos,-0.20210641450120065,-0.2928275319424734,False,False,False
2026-01-27 02:30:00+00:00,oos,1.2441095446674615,0.8169983349392276,False,False,False
2026-01-27 02:45:00+00:00,oos,1.2706020012172017,-0.5868924164233564,False,False,False
2026-01-27 03:00:00+00:00,oos,0.09083097312681875,1.2705128386762485,False,False,False
2026-01-27 03:15:00+00:00,oos,-0.034516043170504246,0.5295896168084984,False,False,False
2026-01-27 03:30:00+00:00,oos,0.6344818936403229,-0.831390484555929,False,False,False
2026-01-27 03:45:00+00:00,oos,0.63926262674064,-0.15531148609440645,False,False,False
2026-01-27 04:00:00+00:00,oos,0.5213677090153186,-0.3024233369151347,False,False,False
2026-01-27 04:15:00+00:00,oos,1.0255759324897658,-0.2214922820054451,False,False,False
2026-01-27 04:30:00+00:00,oos,-1.492535996828735,0.48811852661511995,False,False,False
2026-01-27 04:45:00+00:00,oos,-0.353915323468664,0.2350787796157846,False,False,False
2026-01-27 05:00:00+00:00,oos,0.25123582195321464,0.07394009242687495,False,False,False
2026-01-27 05:15:00+00:00,oos,1.4260785884888942,0.003253966496271925,False,False,False
2026-01-27 05:30:00+00:00,oos,0.03738708098343789,0.12222029192869248,False,False,False
2026-01-27 05:45:00+00:00,oos,0.7901329136836629,0.9176886312997301,False,False,False
2026-01-27 06:00:00+00:00,oos,0.6259568782951436,0.8362448510534827,False,False,False
2026-01-27 06:15:00+00:00,oos,-0.6856161112988816,0.6966786701251153,False,False,False
2026-01-27 06:30:00+00:00,oos,-1.4597433034821703,-0.6821088978453328,False,False,False
2026-01-27 06:45:00+00:00,oos,1.5353472027215684,0.5681814646740114,False,False,False
2026-01-27 07:00:00+00:00,oos,1.3015459237376625,1.023124498819994,False,False,False
2026-01-27 07:15:00+00:00,oos,0.006444132956223724,0.3468789403072672,False,False,False
2026-01-27 07:30:00+00:00,oos,0.5787434289109933,-0.7985536334891948,False,False,False
2026-01-27 07:45:00+00:00,oos,-0.37801696915518607,-0.5329273554540732,False,False,False
2026-01-27 08:00:00+00:00,oos,-0.4010196707770419,1.7437300625763852,False,True,False
2026-01-27 08:15:00+00:00,oos,0.31390323415779503,0.9943046877831491,False,False,False
2026-01-27 08:30:00+00:00,oos,-0.37882572144539733,1.053761397363429,False,False,False
2026-01-27 08:45:00+00:00,oos,0.22754093616747448,1.8293692128580896,False,True,False
2026-01-27 09:00:00+00:00,oos,-1.1206999308540941,1.2999811073254974,False,True,False
2026-01-27 09:15:00+00:00,oos,0.3833174649845682,0.9103029358116345,False,False,False
2026-01-27 09:30:00+00:00,oos,0.7259283532419066,1.2988962637864852,False,True,False
2026-01-27 09:45:00+00:00,oos,-1.0509905214524302,1.7440388918349168,False,True,False
2026-01-27 10:00:00+00:00,oos,2.766834122402294,0.554425676663012,True,False,False
2026-01-27 10:15:00+00:00,oos,-0.03377385719779919,-0.1331665113680834,False,False,False
2026-01-27 10:30:00+00:00,oos,0.2503591377170934,0.7223784774087115,False,False,False
2026-01-27 10:45:00+00:00,oos,0.1414891450821383,0.04362671323244287,False,False,False
2026-01-27 11:00:00+00:00,oos,0.6498092843258462,0.17422595201111826,False,False,False
2026-01-27 11:15:00+00:00,oos,0.16245962563598904,0.5999257409320219,False,False,False
2026-01-27 11:30:00+00:00,oos,2.1853518401647087,0.8012853111297712,True,False,False
2026-01-27 11:45:00+00:00,oos,0.6159989113974282,0.2988987285902185,False,False,False
2026-01-27 12:00:00+00:00,oos,1.0054259402239605,-0.11924954701180701,False,False,False
2026-01-27 12:15:00+00:00,oos,0.6506688605142553,0.01463053872772494,False,False,False
2026-01-27 12:30:00+00:00,oos,-1.2806386892254091,0.6928803298809438,False,False,False
2026-01-27 12:45:00+00:00,oos,0.8218877300248272,0.6945984180304822,False,False,False
2026-01-27 13:00:00+00:00,oos,-1.6125283209518158,0.25407262352622073,True,False,False
2026-01-27 13:15:00+00:00,oos,-0.5831181687960125,0.4524616672845401,False,False,False
2026-01-27 13:30:00+00:00,oos,1.2693204546831878,1.1236841394605128,False,False,False
2026-01-27 13:45:00+00:00,oos,-0.38485549859981005,-0.09401653691100291,False,False,False
2026-01-27 14:00:00+00:00,oos,2.3084940945360506,-0.10565121784991403,True,False,False
2026-01-27 14:15:00+00:00,oos,1.7362102375659556,1.1140484255943073,True,False,False
2026-01-27 14:30:00+00:00,oos,-0.2887607890770987,0.15634204270630184,False,False,False
2026-01-27 14:45:00+00:00,oos,0.5214590078023785,1.1078643447516252,False,False,False
2026-01-27 15:00:00+00:00,oos,1.3786995306393437,1.643867299872135,False,True,False
2026-01-27 15:15:00+00:00,oos,-1.38326145235799,0.37908169865612223,False,False,False
2026-01-27 15:30:00+00:00,oos,-0.15386167739866696,0.3087288201156145,False,False,False
2026-01-27 15:45:00+00:00,oos,1.4250360192832545,0.6831282092157462,False,False,False
2026-01-27 16:00:00+00:00,oos,0.5982514801534429,-0.02537209354608861,False,False,False
2026-01-27 16:15:00+00:00,oos,-0.025828994760696868,1.100932313780764,False,False,False
2026-01-27 16:30:00+00:00,oos,-0.5133431755687256,0.6839203229046936,False,False,False
2026-01-27 16:45:00+00:00,oos,-0.16215181545898238,0.37442674091692224,False,False,False
2026-01-27 17:00:00+00:00,oos,-0.27727852957619564,0.6914582901424818,False,False,False
2026-01-27 17:15:00+00:00,oos,0.7122078161431725,0.752388579981695,False,False,False
2026-01-27 17:30:00+00:00,oos,-0.44873527237761185,1.716618631070513,False,True,False
2026-01-27 17:45:00+00:00,oos,0.18589949522804491,0.8123031208701075,False,False,False
2026-01-27 18:00:00+00:00,oos,0.2903520345537551,0.7488223891818883,False,False,False
2026-01-27 18:15:00+00:00,oos,2.0197984538854534,0.3275217535138979,True,False,False
2026-01-27 18:30:00+00:00,oos,0.6977152800370109,0.598542559779416,False,False,False
2026-01-27 18:45:00+00:00,oos,0.3534792680567684,0.6502835565245475,False,False,False
2026-01-27 19:00:00+00:00,oos,-0.5669674540017899,0.7134708677812581,False,False,False
2026-01-27 19:15:00+00:00,oos,-0.4091294798288548,0.39428934985309466,False,False,False
2026-01-27 19:30:00+00:00,oos,0.0006446950235751845,1.3712549886874081,False,True,False
2026-01-27 19:45:00+00:00,oos,-0.4435113611246788,0.866561321468814,False,False,False
2026-01-27 20:00:00+00:00,oos,0.8096887094232055,0.32853939246649966,False,False,False
2026-01-27 20:15:00+00:00,oos,0.31933705869230267,0.9608365504167733,False,False,False
2026-01-27 20:30:00+00:00,oos,-0.5304986852064084,0.9362001301282519,False,False,False
2026-01-27 20:45:00+00:00,oos,0.3748847293372688,0.2925052377959575,False,False,False
2026-01-27 21:00:00+00:00,oos,0.2362366292013128,-0.15424120805504846,False,False,False
2026-01-27 21:15:00+00:00,oos,-0.40517737316205493,0.841967113723315,False,False,False
2026-01-27 21:30:00+00:00,oos,0.35754336884472804,1.1517880518712906,False,False,False
2026-01-27 21:45:00+00:00,oos,-1.0442018867580662,0.5702761177114112,False,False,False
2026-01-27 22:00:00+00:00,oos,0.31164492377917363,0.521243653796303,False,False,False
2026-01-27 22:15:00+00:00,oos,-0.4605098990278211,1.8057360299554541,False,True,False
2026-01-27 22:30:00+00:00,oos,0.7302322616172969,1.374914723728369,False,True,False
2026-01-27 22:45:00+00:00,oos,-0.26940450132259786,0.19176012062873204,False,False,False
2026-01-27 23:00:00+00:00,oos,0.67778340544451,-0.5568127163259406,False,False,False
2026-01-27 23:15:00+00:00,oos,1.9184068697983345,-1.2615904329819605,True,False,False
2026-01-27 23:30:00+00:00,oos,1.1140235365945825,-0.24052644752379543,False,False,False
2026-01-27 23:45:00+00:00,oos,-0.6898430365662959,0.5570607396958175,False,False,False
2026-01-28 00:00:00+00:00,oos,-0.031582068294321225,0.005571567475781389,False,False,False
2026-01-28 00:15:00+00:00,oos,-1.534714004926438,0.24249138567907993,False,False,False
2026-01-28 00:30:00+00:00,oos,-0.4387723557762816,-0.2840007147021789,False,False,False
2026-01-28 00:45:00+00:00,oos,1.8009540356381246,1.8863480053496333,True,True,True
2026-01-28 01:00:00+00:00,oos,-0.24319430739794162,-1.150600186352107,False,False,False
2026-01-28 01:15:00+00:00,oos,-0.8460486893377178,-1.2120990735960036,False,False,False
2026-01-28 01:30:00+00:00,oos,-1.0036709133853114,-0.12732743645839925,False,False,False
2026-01-28 01:45:00+00:00,oos,-0.18034905906391246,0.14899068117074818,False,False,False
2026-01-28 02:00:00+00:00,oos,-2.1401051597012475,0.6304752642581496,True,False,False
2026-01-28 02:15:00+00:00,oos,1.4265671383665273,-0.8697697113238179,False,False,False
2026-01-28 02:30:00+00:00,oos,-1.1125657748464344,0.27635048353123737,False,False,False
2026-01-28 02:45:00+00:00,oos,0.4639680718362594,0.2988631485685588,False,False,False
2026-01-28 03:00:00+00:00,oos,-0.5301952832398056,-0.24805364921938408,False,False,False
2026-01-28 03:15:00+00:00,oos,-1.9868439873594157,-0.058549041270480495,True,False,False
2026-01-28 03:30:00+00:00,oos,0.23028821441123293,-0.011401042425949243,False,False,False
2026-01-28 03:45:00+00:00,oos,-0.24179023800896585,-0.20504934074489933,False,False,False
2026-01-28 04:00:00+00:00,oos,-0.9522955111515073,0.6861120440779117,False,False,False
2026-01-28 04:15:00+00:00,oos,0.32115457389412827,-0.4922191815737375,False,False,False
2026-01-28 04:30:00+00:00,oos,-1.3311532349953497,0.46026915096484095,False,False,False
2026-01-28 04:45:00+00:00,oos,-0.7577466638357685,-0.16543362314324073,False,False,False
2026-01-28 05:00:00+00:00,oos,0.18142014678670149,0.7823736220049943,False,False,False
2026-01-28 05:15:00+00:00,oos,-2.3242849700138275,-0.20418937020383593,True,False,False
2026-01-28 05:30:00+00:00,oos,-2.555122498356993,1.4971954278844979,True,True,True
2026-01-28 05:45:00+00:00,oos,0.8858107631234422,1.388775918187516,False,True,False
2026-01-28 06:00:00+00:00,oos,-0.1710805146025617,1.2968375376937227,False,True,False
2026-01-28 06:15:00+00:00,oos,-1.4186731553933003,0.8089466534405222,False,False,False
2026-01-28 06:30:00+00:00,oos,-1.5917814154436232,2.2832468161836132,True,True,True
2026-01-28 06:45:00+00:00,oos,-0.5863387790769886,1.0993196537797894,False,False,False
2026-01-28 07:00:00+00:00,oos,-0.9559714883533755,0.5052627213934886,False,False,False
2026-01-28 07:15:00+00:00,oos,-2.5252315212882053,0.9539504306145733,True,False,False
2026-01-28 07:30:00+00:00,oos,-1.4806516092598327,0.7263258537543966,False,False,False
2026-01-28 07:45:00+00:00,oos,-1.4879403673324096,0.4998234904833866,False,False,False
2026-01-28 08:00:00+00:00,oos,-0.06363269421893696,0.7347836981880512,False,False,False
2026-01-28 08:15:00+00:00,oos,-2.1797331353356757,-0.3082680508781845,True,False,False
2026-01-28 08:30:00+00:00,oos,-2.1757899743301143,0.08132401486223126,True,False,False
2026-01-28 08:45:00+00:00,oos,-2.8402873573751153,0.9129110019059374,True,False,False
2026-01-28 09:00:00+00:00,oos,0.7673164514870011,0.5204262265447716,False,False,False
2026-01-28 09:15:00+00:00,oos,-0.6077781693338372,-1.472746249085044,False,False,False
2026-01-28 09:30:00+00:00,oos,0.40134008842317054,-0.13102729842690133,False,False,False
2026-01-28 09:45:00+00:00,oos,0.4614137974842045,1.4293881275396056,False,True,False
2026-01-28 10:00:00+00:00,oos,0.17127889137395916,0.09312839640370421,False,False,False
2026-01-28 10:15:00+00:00,oos,0.6535890000295231,0.8294016238684447,False,False,False
2026-01-28 10:30:00+00:00,oos,-0.1433978737536189,1.1144005528806664,False,False,False
2026-01-28 10:45:00+00:00,oos,-0.4868177142561279,-0.18518151734075267,False,False,False
2026-01-28 11:00:00+00:00,oos,-0.9892018387927624,0.29381414393711747,False,False,False
2026-01-28 11:15:00+00:00,oos,0.11223052607332237,0.017812453759010607,False,False,False
2026-01-28 11:30:00+00:00,oos,0.17952461271753486,-0.6883160237032699,False,False,False
2026-01-28 11:45:00+00:00,oos,0.6183490607573872,0.5133475894752231,False,False,False
2026-01-28 12:00:00+00:00,oos,-0.6381281614867829,0.8260454066481979,False,False,False
2026-01-28 12:15:00+00:00,oos,-0.3448601089996547,-0.2615058033602735,False,False,False
2026-01-28 12:30:00+00:00,oos,-0.27268391406587406,-0.038953330914447915,False,False,False
2026-01-28 12:45:00+00:00,oos,1.047617858873177,0.43117240294067427,False,False,False
2026-01-28 13:00:00+00:00,oos,1.2527758687980244,0.33886928724665843,False,False,False
2026-01-28 13:15:00+00:00,oos,0.6800175398193534,-0.34125316276764456,False,False,False
2026-01-28 13:30:00+00:00,oos,0.0731345333868737,0.7905409654004683,False,False,False
2026-01-28 13:45:00+00:00,oos,-0.5641023164615443,0.08399935926233812,False,False,False
2026-01-28 14:00:00+00:00,oos,-0.871692915341642,-0.4504635312047595,False,False,False
2026-01-28 14:15:00+00:00,oos,-0.874487190855029,0.15492810694550063,False,False,False
2026-01-28 14:30:00+00:00,oos,0.41133449065535255,0.9151644543144546,False,False,False
2026-01-28 14:45:00+00:00,oos,-0.5841134782369757,0.7001217715409639,False,False,False
2026-01-28 15:00:00+00:00,oos,-1.0669279583982507,0.6890083566223046,False,False,False
2026-01-28 15:15:00+00:00,oos,0.2906539053062307,-0.19559051885940942,False,False,False
2026-01-28 15:30:00+00:00,oos,-0.29245745218416314,-0.11940230913753096,False,False,False
2026-01-28 15:45:00+00:00,oos,1.1658234582923022,0.9700560775183622,False,False,False
2026-01-28 16:00:00+00:00,oos,0.5689069237713785,0.9877939128750663,False,False,False
2026-01-28 16:15:00+00:00,oos,0.5929569527676307,1.1232695884390556,False,False,False
2026-01-28 16:30:00+00:00,oos,0.5653699093677138,0.23374988677937084,False,False,False
2026-01-28 16:45:00+00:00,oos,0.15214376374765964,0.5436219482687634,False,False,False
2026-01-28 17:00:00+00:00,oos,0.6653647243321,-0.17558489241546446,False,False,False
2026-01-28 17:15:00+00:00,oos,0.6586020238856594,0.9100117789897777,False,False,False
2026-01-28 17:30:00+00:00,oos,0.9066202223147352,1.3512918068713398,False,True,False
2026-01-28 17:45:00+00:00,oos,0.2629789315842801,0.5943241153714022,False,False,False
2026-01-28 18:00:00+00:00,oos,-1.5232748594846328,0.766921656845223,False,False,False
2026-01-28 18:15:00+00:00,oos,-0.1834084890113087,-0.5321552102323612,False,False,False
2026-01-28 18:30:00+00:00,oos,-0.30783840676130003,0.2263618362938409,False,False,False
2026-01-28 18:45:00+00:00,oos,-1.234371200934458,0.15030939724843992,False,False,False
2026-01-28 19:00:00+00:00,oos,-0.22080447308829676,0.9745953675839499,False,False,False
2026-01-28 19:15:00+00:00,oos,1.0306394384802846,-0.2099238935561462,False,False,False
2026-01-28 19:30:00+00:00,oos,-0.4996425473355181,1.560550044846895,False,True,False
2026-01-28 19:45:00+00:00,oos,0.7977115043473048,-0.4889462395188778,False,False,False
2026-01-28 20:00:00+00:00,oos,0.8801244426018856,-0.2811768345825007,False,False,False
2026-01-28 20:15:00+00:00,oos,0.6912021815712608,0.5995656214023978,False,False,False
2026-01-28 20:30:00+00:00,oos,-0.7337644792638739,-1.3343814432808214,False,False,False
2026-01-28 20:45:00+00:00,oos,0.6255569281197012,-0.5370561225628985,False,False,False
2026-01-28 21:00:00+00:00,oos,-0.6552269072279066,1.4031510225421315,False,True,False
2026-01-28 21:15:00+00:00,oos,-0.4219164005374817,0.08505682077592003,False,False,False
2026-01-28 21:30:00+00:00,oos,1.477871537546793,-0.614923502576812,False,False,False
2026-01-28 21:45:00+00:00,oos,-0.04848760531088237,-0.08972168021227409,False,False,False
2026-01-28 22:00:00+00:00,oos,0.19767916490086446,1.3475428305257673,False,True,False
2026-01-28 22:15:00+00:00,oos,-0.6473913916064895,1.3462356824971071,False,True,False
2026-01-28 22:30:00+00:00,oos,0.2053905787344903,0.29905859648192495,False,False,False
2026-01-28 22:45:00+00:00,oos,2.008911419463373,0.4420079396765674,True,False,False
2026-01-28 23:00:00+00:00,oos,0.0317908579640815,-0.20349671036149738,False,False,False
2026-01-28 23:15:00+00:00,oos,0.5500045837831544,0.3708379651039904,False,False,False
2026-01-28 23:30:00+00:00,oos,-1.9035288144221347,1.5435984702057557,True,True,True
2026-01-28 23:45:00+00:00,oos,0.13626753378815062,0.5347624110554443,False,False,False
2026-01-29 00:00:00+00:00,oos,-0.2573803510823925,0.8900789649642257,False,False,False
2026-01-29 00:15:00+00:00,oos,-0.3397565167475473,-0.27750496567610344,False,False,False
2026-01-29 00:30:00+00:00,oos,-1.4376585500282366,0.7024646024605719,False,False,False
2026-01-29 00:45:00+00:00,oos,1.2767853723816245,0.565888808328439,False,False,False
2026-01-29 01:00:00+00:00,oos,0.26236938529104453,-0.311720414019318,False,False,False
2026-01-29 01:15:00+00:00,oos,-0.6492754933808452,0.992090444380094,False,False,False
2026-01-29 01:30:00+00:00,oos,-0.356819849675808,0.9433681132068007,False,False,False
2026-01-29 01:45:00+00:00,oos,-1.0501297799796212,-0.1120485207928148,False,False,False
2026-01-29 02:00:00+00:00,oos,-0.8957719041367208,-0.03995617943062322,False,False,False
2026-01-29 02:15:00+00:00,oos,0.04146118178431672,-0.010251847479985298,False,False,False
2026-01-29 02:30:00+00:00,oos,-0.18306231520968827,2.5187907021391895,False,True,False
2026-01-29 02:45:00+00:00,oos,0.1434462578638873,-0.5221630658699402,False,False,False
2026-01-29 03:00:00+00:00,oos,1.6825220128586615,1.0339690719193833,True,False,False
2026-01-29 03:15:00+00:00,oos,-0.8572539160452923,1.0453582106197177,False,False,False
2026-01-29 03:30:00+00:00,oos,-1.4296089814064583,-0.3452972271942032,False,False,False
2026-01-29 03:45:00+00:00,oos,-1.3390315467832619,0.1846388848254917,False,False,False
2026-01-29 04:00:00+00:00,oos,-1.1143351976574514,-0.5784187790101842,False,False,False
2026-01-29 04:15:00+00:00,oos,0.02860422668735512,1.2767125483569994,False,False,False
2026-01-29 04:30:00+00:00,oos,0.24497855277058572,0.31692582336404096,False,False,False
2026-01-29 04:45:00+00:00,oos,2.3908703607138904,1.930008476882296,True,True,True
2026-01-29 05:00:00+00:00,oos,0.8079573279430394,0.9281801662163324,False,False,False
2026-01-29 05:15:00+00:00,oos,1.0013778805471625,0.6510749481935838,False,False,False
2026-01-29 05:30:00+00:00,oos,-0.24451355976428016,0.1992250107847575,False,False,False
2026-01-29 05:45:00+00:00,oos,-0.16534949466981372,0.29196809848649874,False,False,False
2026-01-29 06:00:00+00:00,oos,0.73368202374217,0.8676130744545555,False,False,False
2026-01-29 06:15:00+00:00,oos,0.7599478792548797,0.11213704318647448,False,False,False
2026-01-29 06:30:00+00:00,oos,-0.7538864563719428,-0.1293424912844223,False,False,False
2026-01-29 06:45:00+00:00,oos,1.5496547214349958,-0.3636823751922051,False,False,False
2026-01-29 07:00:00+00:00,oos,0.4467627402644881,0.15919343794951538,False,False,False
2026-01-29 07:15:00+00:00,oos,-0.6366376866074895,0.023950786843814943,False,False,False
2026-01-29 07:30:00+00:00,oos,0.17987192435100835,-0.21555235810530843,False,False,False
2026-01-29 07:45:00+00:00,oos,0.8357189490468114,0.6801120195001157,False,False,False
2026-01-29 08:00:00+00:00,oos,-0.21755231931319283,0.9580425823360642,False,False,False
2026-01-29 08:15:00+00:00,oos,0.9096700607670231,0.14456437392369223,False,False,False
2026-01-29 08:30:00+00:00,oos,-0.5090599349243132,-0.09147078700503301,False,False,False
2026-01-29 08:45:00+00:00,oos,-0.359213665185122,0.027949794681857165,False,False,False
2026-01-29 09:00:00+00:00,oos,-0.8097285152250828,-0.40386198651079475,False,False,False
2026-01-29 09:15:00+00:00,oos,0.332392447757786,-0.6199372929336148,False,False,False
2026-01-29 09:30:00+00:00,oos,1.0036323686580197,1.512169370770128,False,True,False
2026-01-29 09:45:00+00:00,oos,-1.470061888769602,1.2044248701959808,False,False,False
2026-01-29 10:00:00+00:00,oos,-0.3367627256506734,0.001585266419809972,False,False,False
2026-01-29 10:15:00+00:00,oos,0.0613956187905245,0.6112024791756646,False,False,False
2026-01-29 10:30:00+00:00,oos,-2.132606054758616,-0.7126064355205434,True,False,False
2026-01-29 10:45:00+00:00,oos,0.15502020738312042,0.7371196373766826,False,False,False
2026-01-29 11:00:00+00:00,oos,-0.5038117004109074,-1.203493315005642,False,False,False
2026-01-29 11:15:00+00:00,oos,-1.561579188026087,-0.7223252275278448,False,False,False
2026-01-29 11:30:00+00:00,oos,-0.7278897714340522,-0.46426299468943455,False,False,False
2026-01-29 11:45:00+00:00,oos,0.0981867969265781,-0.4318974532396289,False,False,False
2026-01-29 12:00:00+00:00,oos,0.2830129537095667,0.4875093865021571,False,False,False
2026-01-29 12:15:00+00:00,oos,0.18956566566060953,-0.3127563639488595,False,False,False
2026-01-29 12:30:00+00:00,oos,-0.45782366556228393,0.8327955457769037,False,False,False
2026-01-29 12:45:00+00:00,oos,0.7958015477128805,2.7325392173055185,False,True,False
2026-01-29 13:00:00+00:00,oos,1.958544700896019,-0.11647160234300016,True,False,False
2026-01-29 13:15:00+00:00,oos,-0.04363157310397151,-0.1971710604676998,False,False,False
2026-01-29 13:30:00+00:00,oos,1.2876816259548447,0.6707967585311048,False,False,False
2026-01-29 13:45:00+00:00,oos,-0.8088532189919094,-0.6246026737201866,False,False,False
2026-01-29 14:00:00+00:00,oos,0.06114758075595491,-0.04786329155111124,False,False,False
2026-01-29 14:15:00+00:00,oos,-0.9972505851959947,0.16415262297084393,False,False,False
2026-01-29 14:30:00+00:00,oos,-0.5836764902235533,1.5818907423419604,False,True,False
2026-01-29 14:45:00+00:00,oos,-0.3064451586632596,0.5907985005245978,False,False,False
2026-01-29 15:00:00+00:00,oos,1.1112949602235758,1.8942209185943135,False,True,False
2026-01-29 15:15:00+00:00,oos,-0.21712505175503544,1.569535807829903,False,True,False
2026-01-29 15:30:00+00:00,oos,-0.06661405986354481,0.6140046775261538,False,False,False
2026-01-29 15:45:00+00:00,oos,-0.8957185570568303,1.2377806561070446,False,False,False
2026-01-29 16:00:00+00:00,oos,0.7578203064887205,1.3404834753636863,False,True,False
2026-01-29 16:15:00+00:00,oos,-0.03844159421504063,1.1962684761841682,False,False,False
2026-01-29 16:30:00+00:00,oos,0.36788005275878743,1.3960813135487529,False,True,False
2026-01-29 16:45:00+00:00,oos,-0.029252302031361477,0.36433213451363444,False,False,False
2026-01-29 17:00:00+00:00,oos,0.6931612058172417,1.4247709399361677,False,True,False
2026-01-29 17:15:00+00:00,oos,-1.164242154917738,1.3804541987986199,False,True,False
2026-01-29 17:30:00+00:00,oos,0.5361732034591216,1.3375026365257694,False,True,False
2026-01-29 17:45:00+00:00,oos,-0.4178982855204807,1.091342949906996,False,False,False
2026-01-29 18:00:00+00:00,oos,1.6032685139269929,1.0937981300657291,True,False,False
2026-01-29 18:15:00+00:00,oos,0.38597734357928754,0.700145310269675,False,False,False
2026-01-29 18:30:00+00:00,oos,-0.40912685210960464,0.939273554672337,False,False,False
2026-01-29 18:45:00+00:00,oos,0.08859593652932281,0.5915239635184669,False,False,False
2026-01-29 19:00:00+00:00,oos,0.6460679317515011,1.1031423663387436,False,False,False
2026-01-29 19:15:00+00:00,oos,1.1427849418398708,1.0065207741036715,False,False,False
2026-01-29 19:30:00+00:00,oos,1.1132459491888367,2.5857680796837417,False,True,False
2026-01-29 19:45:00+00:00,oos,0.04465977230193582,0.1741429194870354,False,False,False
2026-01-29 20:00:00+00:00,oos,0.6602272714462818,1.1449324125911768,False,False,False
2026-01-29 20:15:00+00:00,oos,2.15947168107648,0.08834281165878378,True,False,False
2026-01-29 20:30:00+00:00,oos,-0.2211407162489224,0.8638496589878872,False,False,False
2026-01-29 20:45:00+00:00,oos,-0.7343436595822106,0.06487515902044902,False,False,False
2026-01-29 21:00:00+00:00,oos,-0.7128532382579855,1.632684171570574,False,True,False
2026-01-29 21:15:00+00:00,oos,1.2689767253721242,0.7695047667586506,False,False,False
2026-01-29 21:30:00+00:00,oos,0.11700945270320363,0.8975774912834341,False,False,False
2026-01-29 21:45:00+00:00,oos,0.36758215376145364,-0.30429016112343993,False,False,False
2026-01-29 22:00:00+00:00,oos,-1.3291702730275865,1.418849156083938,False,True,False
2026-01-29 22:15:00+00:00,oos,0.40889285836792594,1.0020461865919614,False,False,False
2026-01-29 22:30:00+00:00,oos,0.488799587061661,1.2245644147567585,False,False,False
2026-01-29 22:45:00+00:00,oos,1.4822325719890206,2.4714615324094655,False,True,False
2026-01-29 23:00:00+00:00,oos,1.1350128818304452,-0.4037804748217285,False,False,False
2026-01-29 23:15:00+00:00,oos,0.12019421292695966,-0.33270314315978083,False,False,False
2026-01-29 23:30:00+00:00,oos,0.2496748281200516,0.9377622432158725,False,False,False
2026-01-29 23:45:00+00:00,oos,-0.41969088478119754,-0.7408831283198415,False,False,False
2026-01-30 00:00:00+00:00,oos,0.9414184704332158,0.2972339436865898,False,False,False
2026-01-30 00:15:00+00:00,oos,-0.6426756263978212,-0.15904329614515908,False,False,False
2026-01-30 00:30:00+00:00,oos,-1.1847546063140577,1.5692153331943426,False,True,False
2026-01-30 00:45:00+00:00,oos,-0.07925527463912771,1.5619771622934389,False,True,False
2026-01-30 01:00:00+00:00,oos,0.13117482986409057,0.08976328627266608,False,False,False
2026-01-30 01:15:00+00:00,oos,-1.4995871720722826,0.9198669918846386,False,False,False
2026-01-30 01:30:00+00:00,oos,2.202589397581083,1.478422718426114,True,True,True
2026-01-30 01:45:00+00:00,oos,-0.5942526864421531,1.9257377801907234,False,True,False
2026-01-30 02:00:00+00:00,oos,0.15367975180166796,-1.0123444376283572,False,False,False
2026-01-30 02:15:00+00:00,oos,-0.036973129347517064,-0.10222866624195456,False,False,False
2026-01-30 02:30:00+00:00,oos,-0.46035512483205304,0.5250472112016645,False,False,False
2026-01-30 02:45:00+00:00,oos,0.5292833100104564,0.3812817424468192,False,False,False
2026-01-30 03:00:00+00:00,oos,1.0509916422836725,1.464547242860529,False,True,False
2026-01-30 03:15:00+00:00,oos,-0.17769813605759543,1.2236343881144554,False,False,False
2026-01-30 03:30:00+00:00,oos,-0.042401552807181254,0.10274494761525017,False,False,False
2026-01-30 03:45:00+00:00,oos,0.8836308410556011,0.6272297609854726,False,False,False
2026-01-30 04:00:00+00:00,oos,-0.06157414626906,0.6456648294551336,False,False,False
2026-01-30 04:15:00+00:00,oos,0.8131883075336198,0.7312550223883139,False,False,False
2026-01-30 04:30:00+00:00,oos,-0.8882400786677942,0.5772519711628362,False,False,False
2026-01-30 04:45:00+00:00,oos,0.5413512741632551,-0.37795738571803245,False,False,False
2026-01-30 05:00:00+00:00,oos,1.1800204002086827,0.5706989784075638,False,False,False
2026-01-30 05:15:00+00:00,oos,1.0585161817527797,0.6214780676767393,False,False,False
2026-01-30 05:30:00+00:00,oos,-0.8900554850446526,0.25916603513924485,False,False,False
2026-01-30 05:45:00+00:00,oos,1.3082985796153725,0.10625668035841948,False,False,False
2026-01-30 06:00:00+00:00,oos,-0.3184026624271654,0.7132684145766359,False,False,False
2026-01-30 06:15:00+00:00,oos,-0.5585192094839778,1.0228217813556446,False,False,False
2026-01-30 06:30:00+00:00,oos,-0.5638732742485355,-0.30080393093876107,False,False,False
2026-01-30 06:45:00+00:00,oos,-0.11930904424518342,1.3961021056304646,False,True,False
2026-01-30 07:00:00+00:00,oos,1.0090150093542338,0.5842870511926826,False,False,False
2026-01-30 07:15:00+00:00,oos,0.7873074683263543,0.3366776861617505,False,False,False
2026-01-30 07:30:00+00:00,oos,-0.5952186527799307,-0.27192175046981215,False,False,False
2026-01-30 07:45:00+00:00,oos,1.920415543869564,0.3693606397804733,True,False,False
2026-01-30 08:00:00+00:00,oos,0.2929662853299725,1.771468746186175,False,True,False
2026-01-30 08:15:00+00:00,oos,1.2410844229233258,0.5010310901928601,False,False,False
2026-01-30 08:30:00+00:00,oos,1.0260711414787147,1.538830356363224,False,True,False
2026-01-30 08:45:00+00:00,oos,0.08095378734648022,1.1815947886337572,False,False,False
2026-01-30 09:00:00+00:00,oos,1.5584363834007513,0.702760708657854,False,False,False
2026-01-30 09:15:00+00:00,oos,-0.11041366589701136,0.13549339431888022,False,False,False
2026-01-30 09:30:00+00:00,oos,0.5763242077163294,0.8466210599415045,False,False,False
2026-01-30 09:45:00+00:00,oos,1.1700892557284794,1.457816791603488,False,True,False
2026-01-30 10:00:00+00:00,oos,0.0041636913217319264,0.720985224483976,False,False,False
2026-01-30 10:15:00+00:00,oos,0.4744347867003996,0.7325618224878879,False,False,False
2026-01-30 10:30:00+00:00,oos,-0.20921938223058784,-0.13879861648451228,False,False,False
2026-01-30 10:45:00+00:00,oos,1.0720069333033386,0.7105414756545464,False,False,False
2026-01-30 11:00:00+00:00,oos,-0.4413644378161115,0.4901415598068965,False,False,False
2026-01-30 11:15:00+00:00,oos,1.1482678519883367,0.2724625870727721,False,False,False
2026-01-30 11:30:00+00:00,oos,-0.22794138188506574,0.355811204241276,False,False,False
2026-01-30 11:45:00+00:00,oos,0.30401431246989363,0.6128995819409198,False,False,False
2026-01-30 12:00:00+00:00,oos,0.0012438993262546304,-0.4651295848206734,False,False,False
2026-01-30 12:15:00+00:00,oos,-0.6584952750557983,0.6746216829832145,False,False,False
2026-01-30 12:30:00+00:00,oos,-0.9337615169279898,0.7872326418332546,False,False,False
2026-01-30 12:45:00+00:00,oos,0.7069792261893635,1.673332042032786,False,True,False
2026-01-30 13:00:00+00:00,oos,0.49992826344239133,0.5683800721097613,False,False,False
2026-01-30 13:15:00+00:00,oos,1.1116056510985772,0.3370413511492905,False,False,False
2026-01-30 13:30:00+00:00,oos,-0.07187172268162213,2.9235401489905803,False,True,False
2026-01-30 13:45:00+00:00,oos,-0.5143579137927473,-1.45065035778133,False,False,False
2026-01-30 14:00:00+00:00,oos,0.9930749322388962,0.2588084725877053,False,False,False
2026-01-30 14:15:00+00:00,oos,1.3012287184317437,0.8827002870596589,False,False,False
2026-01-30 14:30:00+00:00,oos,-0.19678414000397995,1.410576325711351,False,True,False
2026-01-30 14:45:00+00:00,oos,-0.2062688382736579,-1.0083956495533775,False,False,False
2026-01-30 15:00:00+00:00,oos,0.65618387770908,0.13695349254736774,False,False,False
2026-01-30 15:15:00+00:00,oos,0.659861566671428,-0.4348773804762366,False,False,False
2026-01-30 15:30:00+00:00,oos,-0.9404839118969117,1.070827387378993,False,False,False
2026-01-30 15:45:00+00:00,oos,1.766861458636445,0.4070512363187536,True,False,False
2026-01-30 16:00:00+00:00,oos,-0.41651336953009216,1.5791569353089872,False,True,False
2026-01-30 16:15:00+00:00,oos,-0.3907247540200221,-0.5733936526537972,False,False,False
2026-01-30 16:30:00+00:00,oos,0.7345351735089946,0.7945644792157722,False,False,False
2026-01-30 16:45:00+00:00,oos,0.028493006198242406,-0.30387475891122756,False,False,False
2026-01-30 17:00:00+00:00,oos,-0.7833838770357732,1.0292954781536072,False,False,False
2026-01-30 17:15:00+00:00,oos,-0.3827752846390521,0.6154117943687288,False,False,False
2026-01-30 17:30:00+00:00,oos,-0.3147874501921408,0.4405707747279302,False,False,False
2026-01-30 17:45:00+00:00,oos,0.44614099213992137,-0.19485803464822263,False,False,False
2026-01-30 18:00:00+00:00,oos,0.6633687666088108,0.6731012047703869,False,False,False
2026-01-30 18:15:00+00:00,oos,-0.5833797286555377,0.016955538435375672,False,False,False
2026-01-30 18:30:00+00:00,oos,-1.3016200156003583,-0.1456984342153427,False,False,False
2026-01-30 18:45:00+00:00,oos,-0.29002914793455165,1.3488401693008931,False,True,False
2026-01-30 19:00:00+00:00,oos,-0.4640568776180103,-0.773164898710323,False,False,False
2026-01-30 19:15:00+00:00,oos,0.6518919982925544,0.1378044005513175,False,False,False
2026-01-30 19:30:00+00:00,oos,-0.7338522623531747,0.2879194832125351,False,False,False
2026-01-30 19:45:00+00:00,oos,1.445645908652867,0.34771933266178484,False,False,False
2026-01-30 20:00:00+00:00,oos,0.15940878867761868,0.3557286359773219,False,False,False
2026-01-30 20:15:00+00:00,oos,-0.28422520965747167,0.44092204326342327,False,False,False
2026-01-30 20:30:00+00:00,oos,-0.3833164949882332,1.3224980722482722,False,True,False
2026-01-30 20:45:00+00:00,oos,-0.11493047440009384,-0.08417621983435807,False,False,False
2026-01-30 21:00:00+00:00,oos,0.7275684382347848,0.6444121726766507,False,False,False
2026-01-30 21:15:00+00:00,oos,1.2754348543567966,0.3865307574742801,False,False,False
2026-01-30 21:30:00+00:00,oos,0.7348560879432956,0.5317576010991157,False,False,False
2026-01-30 21:45:00+00:00,oos,0.45183634090400554,0.9434239938806916,False,False,False
2026-01-30 22:00:00+00:00,oos,-0.8347870033840977,1.0639290617839419,False,False,False
2026-01-30 22:15:00+00:00,oos,-0.1807116015219939,1.4780051354214638,False,True,False
2026-01-30 22:30:00+00:00,oos,-0.8067731073719366,2.2456460339897935,False,True,False
2026-01-30 22:45:00+00:00,oos,0.17346162201235707,0.6313056836238918,False,False,False
2026-01-30 23:00:00+00:00,oos,-1.71659876089415,0.39767663485188703,True,False,False
2026-01-30 23:15:00+00:00,oos,0.7018484346856596,-0.8174564322499298,False,False,False
2026-01-30 23:30:00+00:00,oos,1.375202433973151,-0.24778378297818046,False,False,False
2026-01-30 23:45:00+00:00,oos,0.7315477215637796,-0.21720554794242247,False,False,False
2026-01-31 00:00:00+00:00,oos,-0.11123393036902575,0.2546690552196255,False,False,False
2026-01-31 00:15:00+00:00,oos,-0.10163258885759664,0.21055997051130784,False,False,False
2026-01-31 00:30:00+00:00,oos,0.07940067675752698,0.10361069746368202,False,False,False
2026-01-31 00:45:00+00:00,oos,0.04032591621608332,0.45044401266771195,False,False,False
2026-01-31 01:00:00+00:00,oos,0.6494608505763854,0.49020464744264736,False,False,False
2026-01-31 01:15:00+00:00,oos,0.7161055924094665,0.14724742880383282,False,False,False
2026-01-31 01:30:00+00:00,oos,-1.1916828285839807,0.9534691234072673,False,False,False
2026-01-31 01:45:00+00:00,oos,-0.6971391863806177,0.4216349365251574,False,False,False
2026-01-31 02:00:00+00:00,oos,-0.5630541730536035,1.3467126477820104,False,True,False
2026-01-31 02:15:00+00:00,oos,0.9405232371739868,0.2445738958679989,False,False,False
2026-01-31 02:30:00+00:00,oos,1.366089036349221,0.5379728947209911,False,False,False
2026-01-31 02:45:00+00:00,oos,1.4119034846494858,0.024480385408539824,False,False,False
2026-01-31 03:00:00+00:00,oos,0.5108105151249813,-0.031301110976144866,False,False,False
2026-01-31 03:15:00+00:00,oos,0.8756951208650999,-0.2601827767039521,False,False,False
2026-01-31 03:30:00+00:00,oos,0.06228525195793927,0.5801806518017134,False,False,False
2026-01-31 03:45:00+00:00,oos,0.09962915867933429,-0.4525143567277309,False,False,False
2026-01-31 04:00:00+00:00,oos,0.5762332530257572,0.16815723125000473,False,False,False
2026-01-31 04:15:00+00:00,oos,0.7226049671651313,0.7466387938962755,False,False,False
2026-01-31 04:30:00+00:00,oos,-1.2127973312902929,0.06348857580665407,False,False,False
2026-01-31 04:45:00+00:00,oos,-0.8798970891646377,0.3480371414266579,False,False,False
2026-01-31 05:00:00+00:00,oos,0.783923896368055,0.36788065174539974,False,False,False
2026-01-31 05:15:00+00:00,oos,-1.8994690421647933,-0.312286082397383,True,False,False
2026-01-31 05:30:00+00:00,oos,-0.38435425272450685,1.236511118265421,False,False,False
2026-01-31 05:45:00+00:00,oos,-0.2972387096972057,0.044292579918500885,False,False,False
2026-01-31 06:00:00+00:00,oos,0.2637603438792061,0.156863981815351,False,False,False
2026-01-31 06:15:00+00:00,oos,-2.3469307007366327,0.42808403609781986,True,False,False
2026-01-31 06:30:00+00:00,oos,1.780130286410221,1.59420980549924,True,True,True
2026-01-31 06:45:00+00:00,oos,0.388527816783686,0.66368682663092,False,False,False
2026-01-31 07:00:00+00:00,oos,0.03306333821349237,0.7971986099539128,False,False,False
2026-01-31 07:15:00+00:00,oos,0.19529581910397042,0.06229383785695056,False,False,False
2026-01-31 07:30:00+00:00,oos,-0.14373504337386273,0.18014336768015426,False,False,False
2026-01-31 07:45:00+00:00,oos,0.6497815724651893,0.6948848339934494,False,False,False
2026-01-31 08:00:00+00:00,oos,-2.513971617005576,1.9637718300993217,True,True,True
2026-01-31 08:15:00+00:00,oos,-0.458124085824645,1.6966774124396575,False,True,False
2026-01-31 08:30:00+00:00,oos,0.11572057558563874,1.1731729693976756,False,False,False
2026-01-31 08:45:00+00:00,oos,1.6053201244554451,0.7744308865826757,True,False,False
2026-01-31 09:00:00+00:00,oos,1.2032860929809486,0.7733244157795002,False,False,False
2026-01-31 09:15:00+00:00,oos,0.21522633286231035,1.3370850395295861,False,True,False
2026-01-31 09:30:00+00:00,oos,1.184023810891922,2.1801071607033444,False,True,False
2026-01-31 09:45:00+00:00,oos,-0.7208885201310081,1.6958498281050558,False,True,False
2026-01-31 10:00:00+00:00,oos,-0.7101227184475908,1.2936792357018823,False,True,False
2026-01-31 10:15:00+00:00,oos,0.6425196831265462,1.0449265084380917,False,False,False
2026-01-31 10:30:00+00:00,oos,2.2160792214518366,1.75600359872492,True,True,True
2026-01-31 10:45:00+00:00,oos,-1.2280457428352982,0.3571455091262256,False,False,False
2026-01-31 11:00:00+00:00,oos,-1.4170791838515013,1.0587153057347234,False,False,False
2026-01-31 11:15:00+00:00,oos,0.6354845196310646,1.1169663446141642,False,False,False
2026-01-31 11:30:00+00:00,oos,-0.1340024636241962,0.061908884976076,False,False,False
2026-01-31 11:45:00+00:00,oos,-0.17688353302630305,0.5238584454727329,False,False,False
2026-01-31 12:00:00+00:00,oos,-1.230672776217451,0.2505003950055724,False,False,False
2026-01-31 12:15:00+00:00,oos,0.16571592443336688,0.2768352558565042,False,False,False
2026-01-31 12:30:00+00:00,oos,0.8813111652558709,0.6211794681684988,False,False,False
2026-01-31 12:45:00+00:00,oos,-1.2621970523857624,0.11597645519784809,False,False,False
2026-01-31 13:00:00+00:00,oos,0.21761888076341687,1.0508451442292879,False,False,False
2026-01-31 13:15:00+00:00,oos,-0.6335069072955014,1.1821807380685776,False,False,False
2026-01-31 13:30:00+00:00,oos,-0.835876518688153,1.6774088855852056,False,True,False
2026-01-31 13:45:00+00:00,oos,-0.8193867486447,0.7055032033569264,False,False,False
2026-01-31 14:00:00+00:00,oos,-0.5163646195529793,1.6078500831305815,False,True,False
2026-01-31 14:15:00+00:00,oos,2.099775979357501,1.8843740118456056,True,True,True
2026-01-31 14:30:00+00:00,oos,0.7606604302055535,2.8479668181228495,False,True,False
2026-01-31 14:45:00+00:00,oos,-0.02227649930763278,-1.0227773864047376,False,False,False
2026-01-31 15:00:00+00:00,oos,0.14292030804720787,-0.25440239905047585,False,False,False
2026-01-31 15:15:00+00:00,oos,0.6508738791564815,0.6437812174593175,False,False,False
2026-01-31 15:30:00+00:00,oos,1.2122809602508133,0.33264330191678804,False,False,False
2026-01-31 15:45:00+00:00,oos,0.3586226727453527,0.5230859860806522,False,False,False
2026-01-31 16:00:00+00:00,oos,0.19978021395599382,0.9285629075310761,False,False,False
2026-01-31 16:15:00+00:00,oos,-0.226213300335247,1.7424529421942825,False,True,False
2026-01-31 16:30:00+00:00,oos,0.4570995258938741,-0.8358059330227242,False,False,False
2026-01-31 16:45:00+00:00,oos,0.4343020336672677,2.388797886396687,False,True,False
2026-01-31 17:00:00+00:00,oos,2.6920984601607967,0.5924727335389677,True,False,False
2026-01-31 17:15:00+00:00,oos,-0.34945624318576085,2.3357573441865003,False,True,False
2026-01-31 17:30:00+00:00,oos,0.9239295635442456,-1.2469919312065487,False,False,False
2026-01-31 17:45:00+00:00,oos,1.0023532157442574,-0.7359283779302161,False,False,False
2026-01-31 18:00:00+00:00,oos,1.101716859084963,-0.16943824454448195,False,False,False
2026-01-31 18:15:00+00:00,oos,-0.3204379651960306,0.5049036235934992,False,False,False
2026-01-31 18:30:00+00:00,oos,1.603798736355875,2.004206954944781,True,True,True
2026-01-31 18:45:00+00:00,oos,-1.03904788554184,3.709633952753643,False,True,False
2026-01-31 19:00:00+00:00,oos,0.13304520742564002,-0.17361322601841717,False,False,False
2026-01-31 19:15:00+00:00,oos,1.1062575447252954,-0.27128238857594345,False,False,False
2026-01-31 19:30:00+00:00,oos,1.1690761546317732,0.6124440511140629,False,False,False
2026-01-31 19:45:00+00:00,oos,0.5389644585370348,0.590941256705201,False,False,False
2026-01-31 20:00:00+00:00,oos,0.4761437822145499,0.35219317933070554,False,False,False
2026-01-31 20:15:00+00:00,oos,0.9851223220131066,0.38810810316194444,False,False,False
2026-01-31 20:30:00+00:00,oos,-0.01403640020203143,0.10101802565079028,False,False,False
2026-01-31 20:45:00+00:00,oos,0.41877734557121155,1.1478129268401145,False,False,False
2026-01-31 21:00:00+00:00,oos,0.8990273251097406,1.2628575700881102,False,False,False
2026-01-31 21:15:00+00:00,oos,-0.14129640450153375,1.0968162745623333,False,False,False
2026-01-31 21:30:00+00:00,oos,0.9583943507287335,0.6061972246301662,False,False,False
2026-01-31 21:45:00+00:00,oos,0.6888601817424742,0.44189640104255457,False,False,False
2026-01-31 22:00:00+00:00,oos,1.3353827855353142,0.9707855100281826,False,False,False
2026-01-31 22:15:00+00:00,oos,1.002541392294188,1.060046126502398,False,False,False
2026-01-31 22:30:00+00:00,oos,1.1571402790359842,1.4231014096856338,False,True,False
2026-01-31 22:45:00+00:00,oos,0.46278693364164786,1.8619202711035572,False,True,False
2026-01-31 23:00:00+00:00,oos,0.8762777541798646,0.9410349263140168,False,False,False
2026-01-31 23:15:00+00:00,oos,-0.348437399899014,0.18549667218595509,False,False,False
2026-01-31 23:30:00+00:00,oos,0.31353402319701557,0.5907907072015697,False,False,False
2026-01-31 23:45:00+00:00,oos,0.6358179445531564,0.5871022995123092,False,False,False
2026-02-01 00:00:00+00:00,oos,1.4470395484525607,1.4207362610706034,False,True,False
2026-02-01 00:15:00+00:00,oos,0.44200112137221,0.4730278361840565,False,False,False
2026-02-01 00:30:00+00:00,oos,-0.03780017119003862,0.4676103191770158,False,False,False
2026-02-01 00:45:00+00:00,oos,-0.43687436352303677,-0.06986385533399714,False,False,False
2026-02-01 01:00:00+00:00,oos,-0.1161984271918296,1.2075650778121978,False,False,False
2026-02-01 01:15:00+00:00,oos,-1.2707005450535702,1.8861799704747484,False,True,False
2026-02-01 01:30:00+00:00,oos,-0.5693528466160328,1.0210846487102403,False,False,False
2026-02-01 01:45:00+00:00,oos,-0.061713278193915685,0.19825475540076556,False,False,False
2026-02-01 02:00:00+00:00,oos,0.3613886432193521,0.6751324225276686,False,False,False
2026-02-01 02:15:00+00:00,oos,0.8494363557788916,0.40768074983353225,False,False,False
2026-02-01 02:30:00+00:00,oos,0.013859935501031581,0.5410601121334624,False,False,False
2026-02-01 02:45:00+00:00,oos,0.3544619872356038,-0.04690209805629164,False,False,False
2026-02-01 03:00:00+00:00,oos,1.020271648822308,1.1327776344049383,False,False,False
2026-02-01 03:15:00+00:00,oos,-0.5535511819078058,0.03301299914515071,False,False,False
2026-02-01 03:30:00+00:00,oos,-0.24053792833596516,1.174652661649079,False,False,False
2026-02-01 03:45:00+00:00,oos,1.5390268187167366,0.9278270859069654,False,False,False
2026-02-01 04:00:00+00:00,oos,1.3832524460415436,0.17402075515307297,False,False,False
2026-02-01 04:15:00+00:00,oos,0.10925014925022372,0.607872593720943,False,False,False
2026-02-01 04:30:00+00:00,oos,-0.22414891717233498,1.4971798250538835,False,True,False
2026-02-01 04:45:00+00:00,oos,1.0181586899970037,-0.2946756159523763,False,False,False
2026-02-01 05:00:00+00:00,oos,-0.5752053932666125,0.8888144804461785,False,False,False
2026-02-01 05:15:00+00:00,oos,0.6445241300666968,0.3543987521697474,False,False,False
2026-02-01 05:30:00+00:00,oos,-1.9232983228718679,-0.5126855849356212,True,False,False
2026-02-01 05:45:00+00:00,oos,-0.8170037413776686,-0.29908874363677357,False,False,False
2026-02-01 06:00:00+00:00,oos,-0.6329057690226713,0.7324905244048302,False,False,False
2026-02-01 06:15:00+00:00,oos,-0.6922490270450029,-0.267540866859036,False,False,False
2026-02-01 06:30:00+00:00,oos,-1.9076814578366825,0.9929436724003018,True,False,False
2026-02-01 06:45:00+00:00,oos,0.290163549287438,-0.2214425277251665,False,False,False
2026-02-01 07:00:00+00:00,oos,-0.19142986291243605,0.5735626676892117,False,False,False
2026-02-01 07:15:00+00:00,oos,-0.1537753685527434,-0.030723735527404348,False,False,False
2026-02-01 07:30:00+00:00,oos,0.8400342800446725,0.5685867720616313,False,False,False
2026-02-01 07:45:00+00:00,oos,-1.173177303390426,0.6502571415906796,False,False,False
2026-02-01 08:00:00+00:00,oos,0.36340465973941777,0.10140965731339009,False,False,False
2026-02-01 08:15:00+00:00,oos,-1.5123763488065842,0.7704514006988121,False,False,False
2026-02-01 08:30:00+00:00,oos,0.5890234850031276,0.3921896053949985,False,False,False
2026-02-01 08:45:00+00:00,oos,-0.31978870968937706,0.6110361387834409,False,False,False
2026-02-01 09:00:00+00:00,oos,0.8129256970151967,0.5355095522127445,False,False,False
2026-02-01 09:15:00+00:00,oos,0.3968809822526095,1.1920313987398732,False,False,False
2026-02-01 09:30:00+00:00,oos,-0.34067632344900733,0.492450883956218,False,False,False
2026-02-01 09:45:00+00:00,oos,1.1797643554924233,0.378896386971763,False,False,False
2026-02-01 10:00:00+00:00,oos,0.23639940420091196,0.8012311462755426,False,False,False
2026-02-01 10:15:00+00:00,oos,1.1386123318911419,1.4277846719165208,False,True,False
2026-02-01 10:30:00+00:00,oos,-1.2569448328394572,1.7967919935544738,False,True,False
2026-02-01 10:45:00+00:00,oos,-1.007329685628986,0.6900834982720117,False,False,False
2026-02-01 11:00:00+00:00,oos,0.9469476844012074,1.332762137084747,False,True,False
2026-02-01 11:15:00+00:00,oos,-1.2891358090089058,0.4012014978556863,False,False,False
2026-02-01 11:30:00+00:00,oos,0.02443557868595954,0.5850396848770836,False,False,False
2026-02-01 11:45:00+00:00,oos,-0.7609118242665283,0.39976020555790526,False,False,False
2026-02-01 12:00:00+00:00,oos,-0.4157052864304386,1.0871741056315927,False,False,False
2026-02-01 12:15:00+00:00,oos,-1.177298735704143,2.375965184949085,False,True,False
2026-02-01 12:30:00+00:00,oos,-0.6553221565759798,1.4642300168877183,False,True,False
2026-02-01 12:45:00+00:00,oos,-0.40522978817117544,0.9767539396228648,False,False,False
2026-02-01 13:00:00+00:00,oos,1.3412242130549514,1.6809108512075883,False,True,False
2026-02-01 13:15:00+00:00,oos,0.6845193391172038,1.069861189150203,False,False,False
2026-02-01 13:30:00+00:00,oos,-0.8576124952572821,0.06242467444987972,False,False,False
2026-02-01 13:45:00+00:00,oos,-0.752040962070667,1.139464052978171,False,False,False
2026-02-01 14:00:00+00:00,oos,-0.1340806278630632,1.7054518369972256,False,True,False
2026-02-01 14:15:00+00:00,oos,-0.7887576242399194,1.296727988738525,False,True,False
2026-02-01 14:30:00+00:00,oos,-0.3933567410331248,1.728472713244403,False,True,False
2026-02-01 14:45:00+00:00,oos,0.010107999665918606,1.753328137024132,False,True,False
2026-02-01 15:00:00+00:00,oos,1.0551258598569642,-0.026565559305821825,False,False,False
2026-02-01 15:15:00+00:00,oos,0.2824504776064392,1.4284340770575976,False,True,False
2026-02-01 15:30:00+00:00,oos,-1.2128403561322565,1.3148913340774488,False,True,False
2026-02-01 15:45:00+00:00,oos,0.3595825958007782,0.1878919742769873,False,False,False
2026-02-01 16:00:00+00:00,oos,-0.3059527329831009,0.9744107419067899,False,False,False
2026-02-01 16:15:00+00:00,oos,-0.1849006637396654,0.41095117934564657,False,False,False
2026-02-01 16:30:00+00:00,oos,-0.13469988718081227,0.5115944162571769,False,False,False
2026-02-01 16:45:00+00:00,oos,0.9172343457655373,0.5135094049393354,False,False,False
2026-02-01 17:00:00+00:00,oos,0.21951651172012007,1.0979432980684947,False,False,False
2026-02-01 17:15:00+00:00,oos,-0.01244153468315995,0.3064671177515287,False,False,False
2026-02-01 17:30:00+00:00,oos,0.5606278015508772,0.472434685011626,False,False,False
2026-02-01 17:45:00+00:00,oos,-0.13623367817853105,0.3434025746868347,False,False,False
2026-02-01 18:00:00+00:00,oos,-0.6513017962103982,3.059846549866662,False,True,False
2026-02-01 18:15:00+00:00,oos,-0.0662310180341716,0.47390998329428574,False,False,False
2026-02-01 18:30:00+00:00,oos,0.5595729165243553,1.2469482806128307,False,False,False
2026-02-01 18:45:00+00:00,oos,-0.7162745429873153,0.5977026320977731,False,False,False
2026-02-01 19:00:00+00:00,oos,-0.7883973488606786,-0.2545220223593084,False,False,False
2026-02-01 19:15:00+00:00,oos,0.4304071116962182,0.05114903069797135,False,False,False
2026-02-01 19:30:00+00:00,oos,0.3342752318402301,1.0789104933362879,False,False,False
2026-02-01 19:45:00+00:00,oos,-0.708762409948588,-0.3690747016088282,False,False,False
2026-02-01 20:00:00+00:00,oos,-0.527101213417297,0.5079501985361594,False,False,False
2026-02-01 20:15:00+00:00,oos,-0.2706573108249835,0.5627679344804047,False,False,False
2026-02-01 20:30:00+00:00,oos,-0.8116438384071055,0.7726027586103148,False,False,False
2026-02-01 20:45:00+00:00,oos,-0.45311549825614666,0.3317045622386373,False,False,False
2026-02-01 21:00:00+00:00,oos,0.6454455775888001,0.36704422406816634,False,False,False
2026-02-01 21:15:00+00:00,oos,0.1845118987658168,-1.0098151921537364,False,False,False
2026-02-01 21:30:00+00:00,oos,0.05722054022579728,0.7739300484387636,False,False,False
2026-02-01 21:45:00+00:00,oos,0.16772654166534726,0.5978864716149168,False,False,False
2026-02-01 22:00:00+00:00,oos,-0.4870101681161602,0.5808963162522549,False,False,False
2026-02-01 22:15:00+00:00,oos,0.152180163322766,2.1770888255511913,False,True,False
2026-02-01 22:30:00+00:00,oos,0.20490083254490477,1.7143683097626385,False,True,False
2026-02-01 22:45:00+00:00,oos,0.7494227898967829,0.9008276526826371,False,False,False
2026-02-01 23:00:00+00:00,oos,0.8362942920573814,0.2957644315632847,False,False,False
2026-02-01 23:15:00+00:00,oos,-0.9263125338875723,-0.7292285246368149,False,False,False
2026-02-01 23:30:00+00:00,oos,-0.3730424323020941,0.389766059253926,False,False,False
2026-02-01 23:45:00+00:00,oos,-0.17638673193940524,0.028569562316857273,False,False,False
2026-02-02 00:00:00+00:00,oos,-0.7153995902702182,1.5565553243343477,False,True,False
2026-02-02 00:15:00+00:00,oos,-1.0489446183823083,-0.08801021339406685,False,False,False
2026-02-02 00:30:00+00:00,oos,0.653991773904685,0.6377170292761434,False,False,False
2026-02-02 00:45:00+00:00,oos,-1.4214739873851503,0.7113485447002481,False,False,False
2026-02-02 01:00:00+00:00,oos,1.2821270754686058,0.8369850708201086,False,False,False
2026-02-02 01:15:00+00:00,oos,-1.6135988863047028,1.1323344258594488,True,False,False
2026-02-02 01:30:00+00:00,oos,0.3245616079145387,0.2314699920918443,False,False,False
2026-02-02 01:45:00+00:00,oos,-0.7867492744297369,0.2994114590263744,False,False,False
2026-02-02 02:00:00+00:00,oos,0.9297253661974768,0.4094317546271751,False,False,False
2026-02-02 02:15:00+00:00,oos,0.5533998487789644,0.678689728856825,False,False,False
2026-02-02 02:30:00+00:00,oos,0.7999671911767586,0.6118386516410675,False,False,False
2026-02-02 02:45:00+00:00,oos,-0.19570660955540495,0.22044650566660673,False,False,False
2026-02-02 03:00:00+00:00,oos,0.23913460362448252,0.8407008905876692,False,False,False
2026-02-02 03:15:00+00:00,oos,1.2338396754466807,0.6179644116305351,False,False,False
2026-02-02 03:30:00+00:00,oos,-0.6708739104230668,0.3220392487004141,False,False,False
2026-02-02 03:45:00+00:00,oos,-3.610216877227458,1.649223490204146,True,True,True
2026-02-02 04:00:00+00:00,oos,1.1380063225647383,0.1634380774796421,False,False,False
2026-02-02 04:15:00+00:00,oos,-1.7774781608606651,0.8459030087234712,True,False,False
2026-02-02 04:30:00+00:00,oos,0.42699564860805034,0.781258315990175,False,False,False
2026-02-02 04:45:00+00:00,oos,-0.35228020781052954,0.5844171514211088,False,False,False
2026-02-02 05:00:00+00:00,oos,-0.13307633312596845,0.9898731673052337,False,False,False
2026-02-02 05:15:00+00:00,oos,-0.13641866910579356,0.7394397163390266,False,False,False
2026-02-02 05:30:00+00:00,oos,-0.2116894715197501,0.8884564349140044,False,False,False
2026-02-02 05:45:00+00:00,oos,0.2733074931453533,1.423281494603281,False,True,False
2026-02-02 06:00:00+00:00,oos,-0.4889485051574837,0.26316755552512394,False,False,False
2026-02-02 06:15:00+00:00,oos,-0.0011676356196443681,1.1025654671081633,False,False,False
2026-02-02 06:30:00+00:00,oos,-1.9729172342750876,1.2040634088778266,True,False,False
2026-02-02 06:45:00+00:00,oos,0.3675784020852574,1.6215825712342746,False,True,False
2026-02-02 07:00:00+00:00,oos,0.09106903681540535,-0.4878191821156636,False,False,False
2026-02-02 07:15:00+00:00,oos,-0.8072246518580355,-0.4602343660211641,False,False,False
2026-02-02 07:30:00+00:00,oos,-0.24433957480435653,0.16347046363619716,False,False,False
2026-02-02 07:45:00+00:00,oos,0.8591749622265076,0.6821923310026792,False,False,False
2026-02-02 08:00:00+00:00,oos,-0.410992167287368,0.664851472488766,False,False,False
2026-02-02 08:15:00+00:00,oos,0.5198438223571593,-0.508068329003136,False,False,False
2026-02-02 08:30:00+00:00,oos,0.03211390128480029,0.3584941648774061,False,False,False
2026-02-02 08:45:00+00:00,oos,0.031314795308479595,0.9189947479231981,False,False,False
2026-02-02 09:00:00+00:00,oos,-0.3871520336699014,-0.390709987227277,False,False,False
2026-02-02 09:15:00+00:00,oos,0.15734630267106467,1.2031734742263922,False,False,False
2026-02-02 09:30:00+00:00,oos,0.9637619836281777,2.5277527799931496,False,True,False
2026-02-02 09:45:00+00:00,oos,-0.3659700748737684,1.2817822301504203,False,False,False
2026-02-02 10:00:00+00:00,oos,0.9108327625189724,-0.14983590083873802,False,False,False
2026-02-02 10:15:00+00:00,oos,-1.39744053193804,0.4180285810284215,False,False,False
2026-02-02 10:30:00+00:00,oos,-0.501743624570782,0.3856160512652094,False,False,False
2026-02-02 10:45:00+00:00,oos,-0.7668576864554901,0.32457687419022524,False,False,False
2026-02-02 11:00:00+00:00,oos,0.1381721127390737,1.0724805754553215,False,False,False
2026-02-02 11:15:00+00:00,oos,0.2960269831597163,1.9089209642806553,False,True,False
2026-02-02 11:30:00+00:00,oos,0.8410827720347875,0.5949667012096781,False,False,False
2026-02-02 11:45:00+00:00,oos,-0.41883083963672174,0.4785371656510982,False,False,False
2026-02-02 12:00:00+00:00,oos,0.8068529399615746,1.2561303264014965,False,False,False
2026-02-02 12:15:00+00:00,oos,0.9975357520098524,0.8760198175510984,False,False,False
2026-02-02 12:30:00+00:00,oos,0.1593648298320803,1.6996067962271242,False,True,False
2026-02-02 12:45:00+00:00,oos,0.8250212761991179,1.1427979536758472,False,False,False
2026-02-02 13:00:00+00:00,oos,0.8727362059446458,0.8594146299388633,False,False,False
2026-02-02 13:15:00+00:00,oos,0.6355326263798876,0.41338257993056804,False,False,False
2026-02-02 13:30:00+00:00,oos,0.8260942685869518,1.1392112126488385,False,False,False
2026-02-02 13:45:00+00:00,oos,1.0869071727377149,0.8819103622779627,False,False,False
2026-02-02 14:00:00+00:00,oos,-1.2009519229124757,0.30522913916967376,False,False,False
2026-02-02 14:15:00+00:00,oos,0.09267635072487489,2.3905195312267185,False,True,False
2026-02-02 14:30:00+00:00,oos,-0.7375385946914436,1.235165330257136,False,False,False
2026-02-02 14:45:00+00:00,oos,0.4645893946045733,-0.25572618026091565,False,False,False
2026-02-02 15:00:00+00:00,oos,-0.6753816449379684,0.3249557690622476,False,False,False
2026-02-02 15:15:00+00:00,oos,-0.7873112501968392,-0.577838629047597,False,False,False
2026-02-02 15:30:00+00:00,oos,0.26769871834304687,0.7166082477377252,False,False,False
2026-02-02 15:45:00+00:00,oos,0.5408262344974646,0.10898414951775753,False,False,False
2026-02-02 16:00:00+00:00,oos,1.1456802014706933,-0.06589030562083083,False,False,False
2026-02-02 16:15:00+00:00,oos,0.9510207414444263,-0.17150400212248676,False,False,False
2026-02-02 16:30:00+00:00,oos,0.26564265170980444,0.2887316142136705,False,False,False
2026-02-02 16:45:00+00:00,oos,-0.7991396588188148,0.2126086298197822,False,False,False
2026-02-02 17:00:00+00:00,oos,0.545995148936812,-0.4194678613710018,False,False,False
2026-02-02 17:15:00+00:00,oos,0.03914177867917455,-0.039143651326566914,False,False,False
2026-02-02 17:30:00+00:00,oos,-0.5949744461526332,0.36983163859747975,False,False,False
2026-02-02 17:45:00+00:00,oos,-0.5289051418720521,0.5276442903468372,False,False,False
2026-02-02 18:00:00+00:00,oos,-0.8013674298175907,0.5836426514452868,False,False,False
2026-02-02 18:15:00+00:00,oos,0.42045850872189605,0.7758874354450317,False,False,False
2026-02-02 18:30:00+00:00,oos,1.7571702208011972,0.5962592099766086,True,False,False
2026-02-02 18:45:00+00:00,oos,0.3873083437119544,0.28212329083803134,False,False,False
2026-02-02 19:00:00+00:00,oos,-0.45533021786133837,0.5945003150253639,False,False,False
2026-02-02 19:15:00+00:00,oos,-0.6889850799637659,0.3230856601884976,False,False,False
2026-02-02 19:30:00+00:00,oos,-0.5598025419812341,0.7751610450137845,False,False,False
2026-02-02 19:45:00+00:00,oos,-1.2389038652402764,0.21865393845062192,False,False,False
2026-02-02 20:00:00+00:00,oos,-0.25895128958211555,0.6293302266582474,False,False,False
2026-02-02 20:15:00+00:00,oos,0.40532360679567714,0.13253967804668162,False,False,False
2026-02-02 20:30:00+00:00,oos,-0.5151840129876198,0.41520958494591864,False,False,False
2026-02-02 20:45:00+00:00,oos,-0.21485820146051926,0.8366341905219657,False,False,False
2026-02-02 21:00:00+00:00,oos,0.39968848693005143,0.42851094160519443,False,False,False
2026-02-02 21:15:00+00:00,oos,-0.13580841046875727,0.11122766028468956,False,False,False
2026-02-02 21:30:00+00:00,oos,-0.6216960128380519,0.13001687730961367,False,False,False
2026-02-02 21:45:00+00:00,oos,0.5226091786636646,0.7294477673970187,False,False,False
2026-02-02 22:00:00+00:00,oos,1.0819870899359407,1.5439178039801462,False,True,False
2026-02-02 22:15:00+00:00,oos,-0.32883651202329667,2.2576423883617847,False,True,False
2026-02-02 22:30:00+00:00,oos,1.0624905630499233,0.9433494893149873,False,False,False
2026-02-02 22:45:00+00:00,oos,0.3664152371450102,0.655023218292438,False,False,False
2026-02-02 23:00:00+00:00,oos,0.08230378785519,-0.6584508773779427,False,False,False
2026-02-02 23:15:00+00:00,oos,-1.5418883658686813,-1.4406008112759463,False,False,False
2026-02-02 23:30:00+00:00,oos,0.46011057328733607,-0.4019617262826918,False,False,False
2026-02-02 23:45:00+00:00,oos,0.2879941204034548,-0.19069353498636954,False,False,False
2026-02-03 00:00:00+00:00,oos,-1.2443731224394021,0.01126567440072061,False,False,False
2026-02-03 00:15:00+00:00,oos,0.04920821836652665,0.3531028326747802,False,False,False
2026-02-03 00:30:00+00:00,oos,0.6832547685872221,0.6785069403516216,False,False,False
2026-02-03 00:45:00+00:00,oos,1.2197315014702161,-0.8425400060788942,False,False,False
2026-02-03 01:00:00+00:00,oos,0.48929949159875513,0.5632539878647588,False,False,False
2026-02-03 01:15:00+00:00,oos,0.12205730817367738,0.9404881691112789,False,False,False
2026-02-03 01:30:00+00:00,oos,0.6243663043296136,-0.01654671303089793,False,False,False
2026-02-03 01:45:00+00:00,oos,0.6824653073245506,0.4237513866207942,False,False,False
2026-02-03 02:00:00+00:00,oos,-0.26614551172498746,0.5435973972252388,False,False,False
2026-02-03 02:15:00+00:00,oos,-1.0127112808032972,0.5859511530427207,False,False,False
2026-02-03 02:30:00+00:00,oos,-1.184190210150509,1.1608817436642118,False,False,False
2026-02-03 02:45:00+00:00,oos,-1.067496222222019,0.8343443237201194,False,False,False
2026-02-03 03:00:00+00:00,oos,-0.458521216687179,1.6552939965551046,False,True,False
2026-02-03 03:15:00+00:00,oos,0.8377058749174948,0.8396207953594277,False,False,False
2026-02-03 03:30:00+00:00,oos,0.7304223354302953,0.7758280825311072,False,False,False
2026-02-03 03:45:00+00:00,oos,1.0619840507335416,0.6456563452967438,False,False,False
2026-02-03 04:00:00+00:00,oos,0.42565320108201316,0.5411700478162246,False,False,False
2026-02-03 04:15:00+00:00,oos,-1.0126717935253913,-0.4305333713917558,False,False,False
2026-02-03 04:30:00+00:00,oos,0.6892742170373182,0.5597526524387998,False,False,False
2026-02-03 04:45:00+00:00,oos,0.054139409340598334,0.10240559551574471,False,False,False
2026-02-03 05:00:00+00:00,oos,-1.1356909015014038,0.40784598437397906,False,False,False
2026-02-03 05:15:00+00:00,oos,-0.5192552649890686,1.0554304305824238,False,False,False
2026-02-03 05:30:00+00:00,oos,-0.13915739381614192,-0.6076166649321993,False,False,False
2026-02-03 05:45:00+00:00,oos,-0.6813399517897774,0.9926480272970761,False,False,False
2026-02-03 06:00:00+00:00,oos,-1.253360058172192,0.07394626104530141,False,False,False
2026-02-03 06:15:00+00:00,oos,1.0543924142574932,0.4614514103752227,False,False,False
2026-02-03 06:30:00+00:00,oos,0.3974636338966084,-0.6812864475839476,False,False,False
2026-02-03 06:45:00+00:00,oos,0.6783481956733356,0.3369832302559568,False,False,False
2026-02-03 07:00:00+00:00,oos,0.9324684381665397,0.6228541911579607,False,False,False
2026-02-03 07:15:00+00:00,oos,0.021718266111757867,0.8029493834644488,False,False,False
2026-02-03 07:30:00+00:00,oos,0.23144583544009312,1.4200341868493946,False,True,False
2026-02-03 07:45:00+00:00,oos,-0.6319701539507905,-0.07913767509936287,False,False,False
2026-02-03 08:00:00+00:00,oos,-0.5310236836949568,0.2300676853733358,False,False,False
2026-02-03 08:15:00+00:00,oos,-0.05230466406445975,0.205227961444193,False,False,False
2026-02-03 08:30:00+00:00,oos,1.3312606286792328,1.9258228877809183,False,True,False
2026-02-03 08:45:00+00:00,oos,0.34518928798938336,-1.8477201340759564,False,False,False
2026-02-03 09:00:00+00:00,oos,-1.0170829155703374,1.7174530535786305,False,True,False
2026-02-03 09:15:00+00:00,oos,-0.22763200691972055,1.0722941671712183,False,False,False
2026-02-03 09:30:00+00:00,oos,0.4546044610402346,0.3826153808993796,False,False,False
2026-02-03 09:45:00+00:00,oos,-0.8151721097777346,-2.1795257094572817,False,False,False
2026-02-03 10:00:00+00:00,oos,0.33306748901073246,0.10552580923535927,False,False,False
2026-02-03 10:15:00+00:00,oos,0.07478284021046047,1.0133475234297546,False,False,False
2026-02-03 10:30:00+00:00,oos,-0.5503278227664554,0.6798472972808381,False,False,False
2026-02-03 10:45:00+00:00,oos,1.3245042023573517,-0.06384386840088165,False,False,False
2026-02-03 11:00:00+00:00,oos,1.1118105316544133,0.6475148756132395,False,False,False
2026-02-03 11:15:00+00:00,oos,0.42297128862938094,-0.011167223082804567,False,False,False
2026-02-03 11:30:00+00:00,oos,0.13369751141465358,-0.20754050008368244,False,False,False
2026-02-03 11:45:00+00:00,oos,0.4052309171993513,-0.04697062174499137,False,False,False
2026-02-03 12:00:00+00:00,oos,1.1741433098262752,0.011290819735030247,False,False,False
2026-02-03 12:15:00+00:00,oos,0.03090790453222074,0.2337024105038714,False,False,False
2026-02-03 12:30:00+00:00,oos,0.300106872372753,0.21916448133948496,False,False,False
2026-02-03 12:45:00+00:00,oos,-0.04528563370674323,-0.3475138079118021,False,False,False
2026-02-03 13:00:00+00:00,oos,1.5031500731270666,0.16698585909302927,False,False,False
2026-02-03 13:15:00+00:00,oos,-0.5084829501214319,-0.09488114474406893,False,False,False
2026-02-03 13:30:00+00:00,oos,0.02444181995124782,-0.31480742054987515,False,False,False
2026-02-03 13:45:00+00:00,oos,-0.15088362278498565,-0.005341576185742484,False,False,False
2026-02-03 14:00:00+00:00,oos,0.20617739747547145,-0.1307869310967183,False,False,False
2026-02-03 14:15:00+00:00,oos,-0.508845283886691,0.406909863263306,False,False,False
2026-02-03 14:30:00+00:00,oos,-0.41247149120798854,0.6465186393872464,False,False,False
2026-02-03 14:45:00+00:00,oos,1.2876294290953687,0.3671080456358456,False,False,False
2026-02-03 15:00:00+00:00,oos,0.2169035850916626,0.644235862123117,False,False,False
2026-02-03 15:15:00+00:00,oos,-1.4213907348840211,1.709867959304956,False,True,False
2026-02-03 15:30:00+00:00,oos,0.5123286586462361,1.5874890164101787,False,True,False
2026-02-03 15:45:00+00:00,oos,-0.714827681751842,0.6533511448226558,False,False,False
2026-02-03 16:00:00+00:00,oos,0.5358292902234603,0.056252628959498854,False,False,False
2026-02-03 16:15:00+00:00,oos,-0.08512709041863534,0.9565433031241626,False,False,False
2026-02-03 16:30:00+00:00,oos,-1.3503428811678286,0.12448356382419327,False,False,False
2026-02-03 16:45:00+00:00,oos,0.0219405333409412,0.8006806425649575,False,False,False
2026-02-03 17:00:00+00:00,oos,-0.2374225062504257,-0.03238975746482043,False,False,False
2026-02-03 17:15:00+00:00,oos,-0.15687996889890746,0.028706641975174807,False,False,False
2026-02-03 17:30:00+00:00,oos,-0.419349961701381,0.5449893473162355,False,False,False
2026-02-03 17:45:00+00:00,oos,-0.34216821554209026,-0.5939658676593857,False,False,False
2026-02-03 18:00:00+00:00,oos,-0.8431710636622487,0.15785702970840398,False,False,False
2026-02-03 18:15:00+00:00,oos,0.20900803594567144,0.5419368018759773,False,False,False
2026-02-03 18:30:00+00:00,oos,-0.061665290891647004,-0.013607464028034446,False,False,False
2026-02-03 18:45:00+00:00,oos,0.5208629221506039,0.14878670977937247,False,False,False
2026-02-03 19:00:00+00:00,oos,-2.4282168936667103,0.5343380480466585,True,False,False
2026-02-03 19:15:00+00:00,oos,-0.4167147201449453,0.5744248511577993,False,False,False
2026-02-03 19:30:00+00:00,oos,1.072611029811753,0.07252260556288734,False,False,False
2026-02-03 19:45:00+00:00,oos,-0.3298639751357648,0.445145550398244,False,False,False
2026-02-03 20:00:00+00:00,oos,-0.6704710082360477,-0.308885217208357,False,False,False
2026-02-03 20:15:00+00:00,oos,-0.7874744647911676,0.8354386715792924,False,False,False
2026-02-03 20:30:00+00:00,oos,-0.7944857409516616,1.9010754793051121,False,True,False
2026-02-03 20:45:00+00:00,oos,0.4980771538707532,0.027869094961337805,False,False,False
2026-02-03 21:00:00+00:00,oos,0.6296137600394586,0.6260218032323959,False,False,False
2026-02-03 21:15:00+00:00,oos,0.4206541111666056,0.8490830536047594,False,False,False
2026-02-03 21:30:00+00:00,oos,-0.5040025234441029,0.18907979920428247,False,False,False
2026-02-03 21:45:00+00:00,oos,-0.5641104678435142,1.2203274227146215,False,False,False
2026-02-03 22:00:00+00:00,oos,-0.3126136711828493,0.8081787098146294,False,False,False
2026-02-03 22:15:00+00:00,oos,0.5078702672609057,1.6772423608669638,False,True,False
2026-02-03 22:30:00+00:00,oos,-1.2186596981093096,1.9592702004487126,False,True,False
2026-02-03 22:45:00+00:00,oos,-1.2464837468931305,0.6282592678881896,False,False,False
2026-02-03 23:00:00+00:00,oos,-1.2369501288993885,0.06806011264442648,False,False,False
2026-02-03 23:15:00+00:00,oos,0.3870234239087253,-0.291942680971476,False,False,False
2026-02-03 23:30:00+00:00,oos,0.5370327043895853,-0.2341835056066242,False,False,False
2026-02-03 23:45:00+00:00,oos,-1.6003162705995198,0.180474703671287,True,False,False
2026-02-04 00:00:00+00:00,oos,-0.6311054735041195,0.769406616688227,False,False,False
2026-02-04 00:15:00+00:00,oos,-0.37938936461487244,-0.2890473620349362,False,False,False
2026-02-04 00:30:00+00:00,oos,0.8591010461403785,0.24777049753753724,False,False,False
2026-02-04 00:45:00+00:00,oos,-0.649341454829866,0.04979378901341556,False,False,False
2026-02-04 01:00:00+00:00,oos,-0.08180579654909563,0.31099119417321897,False,False,False
2026-02-04 01:15:00+00:00,oos,-0.12982916508577694,0.15476739321007374,False,False,False
2026-02-04 01:30:00+00:00,oos,0.19675923564109588,-0.3406125225292398,False,False,False
2026-02-04 01:45:00+00:00,oos,-1.667598879516661,0.8581930528567003,True,False,False
2026-02-04 02:00:00+00:00,oos,1.435558034100404,0.5233344944933096,False,False,False
2026-02-04 02:15:00+00:00,oos,-0.0474368208914355,0.5885186387359009,False,False,False
2026-02-04 02:30:00+00:00,oos,-0.3689892305982203,-0.10362218744722504,False,False,False
2026-02-04 02:45:00+00:00,oos,-0.6307483451529154,0.02000788390482915,False,False,False
2026-02-04 03:00:00+00:00,oos,0.8012065880164949,0.021414030904343438,False,False,False
2026-02-04 03:15:00+00:00,oos,0.9407864702597932,0.36406979158049013,False,False,False
2026-02-04 03:30:00+00:00,oos,0.9662014260249204,1.2014172245475996,False,False,False
2026-02-04 03:45:00+00:00,oos,0.4002787592928507,0.6109193722615424,False,False,False
2026-02-04 04:00:00+00:00,oos,1.0318470439131664,0.8395220422059286,False,False,False
2026-02-04 04:15:00+00:00,oos,-0.8709177259212553,-0.23191280575527673,False,False,False
2026-02-04 04:30:00+00:00,oos,0.7740958820098525,0.7189685096425721,False,False,False
2026-02-04 04:45:00+00:00,oos,0.38466850860709056,0.6424610998861946,False,False,False
2026-02-04 05:00:00+00:00,oos,-0.5042280536768678,1.0227237167203689,False,False,False
2026-02-04 05:15:00+00:00,oos,-0.03744257720651858,0.5736714447356489,False,False,False
2026-02-04 05:30:00+00:00,oos,-1.6227100071947578,0.49971035019290594,True,False,False
2026-02-04 05:45:00+00:00,oos,0.025324110052565706,-0.039416072768820955,False,False,False
2026-02-04 06:00:00+00:00,oos,0.8436508508301473,0.8599899690122376,False,False,False
2026-02-04 06:15:00+00:00,oos,-0.450840924475348,0.41275864391584965,False,False,False
2026-02-04 06:30:00+00:00,oos,1.075918718995951,1.083155336728471,False,False,False
2026-02-04 06:45:00+00:00,oos,-1.6153652787387782,1.2756040130990984,True,False,False
2026-02-04 07:00:00+00:00,oos,0.41785837115785696,0.4229401158127645,False,False,False
2026-02-04 07:15:00+00:00,oos,0.8293925729296775,0.5959040126011909,False,False,False
2026-02-04 07:30:00+00:00,oos,0.4204324617058365,0.914339587392004,False,False,False
2026-02-04 07:45:00+00:00,oos,-0.703592703049251,0.47937950702737264,False,False,False
2026-02-04 08:00:00+00:00,oos,-0.6608391225518313,0.2407220278428035,False,False,False
2026-02-04 08:15:00+00:00,oos,-0.5415974405073912,0.4523750446476263,False,False,False
2026-02-04 08:30:00+00:00,oos,0.42255057100040716,1.0672640525890105,False,False,False
2026-02-04 08:45:00+00:00,oos,-0.029268576002432354,1.0501395525342603,False,False,False
2026-02-04 09:00:00+00:00,oos,-1.1082130799021879,0.6064698952665041,False,False,False
2026-02-04 09:15:00+00:00,oos,-0.17609429002079477,1.7144296977429285,False,True,False
2026-02-04 09:30:00+00:00,oos,0.08716164450423389,0.1290540835959289,False,False,False
2026-02-04 09:45:00+00:00,oos,0.3883480020296693,0.04729129783304273,False,False,False
2026-02-04 10:00:00+00:00,oos,-1.279496130235462,-0.09179617732644675,False,False,False
2026-02-04 10:15:00+00:00,oos,1.3628185830052701,-0.1919336281019251,False,False,False
2026-02-04 10:30:00+00:00,oos,-1.0276934184906177,0.5887871894663064,False,False,False
2026-02-04 10:45:00+00:00,oos,0.8263199844634731,0.15244851210853808,False,False,False
2026-02-04 11:00:00+00:00,oos,-0.3180017423417868,1.522971744241941,False,True,False
2026-02-04 11:15:00+00:00,oos,-0.1991092323603369,0.16222398955773654,False,False,False
2026-02-04 11:30:00+00:00,oos,1.1066840791459442,0.6517439593281921,False,False,False
2026-02-04 11:45:00+00:00,oos,-0.6745912952941431,-0.6786771586943977,False,False,False
2026-02-04 12:00:00+00:00,oos,0.6850274541694216,-0.4121053646494305,False,False,False
2026-02-04 12:15:00+00:00,oos,-0.2716182778586273,-0.11831444755031832,False,False,False
2026-02-04 12:30:00+00:00,oos,0.6453901805359715,0.6252882346077138,False,False,False
2026-02-04 12:45:00+00:00,oos,-0.8034956581261391,0.43727510360799715,False,False,False
2026-02-04 13:00:00+00:00,oos,-0.249182501434843,0.2911026105449622,False,False,False
2026-02-04 13:15:00+00:00,oos,-0.9017087457401829,0.8767611069394858,False,False,False
2026-02-04 13:30:00+00:00,oos,-0.06966313914920517,0.0927981826985251,False,False,False
2026-02-04 13:45:00+00:00,oos,-0.7388275149163737,0.008474459390241176,False,False,False
2026-02-04 14:00:00+00:00,oos,-0.4378203060770011,0.4472090500696945,False,False,False
2026-02-04 14:15:00+00:00,oos,0.2925119214579864,0.5065313978068104,False,False,False
2026-02-04 14:30:00+00:00,oos,-0.6734020566159908,-0.016095980782961327,False,False,False
2026-02-04 14:45:00+00:00,oos,0.8010004476393859,0.2750257705765355,False,False,False
2026-02-04 15:00:00+00:00,oos,-0.8122243265004285,0.41179866403110865,False,False,False
2026-02-04 15:15:00+00:00,oos,0.384544604868643,-0.5527599434700959,False,False,False
2026-02-04 15:30:00+00:00,oos,0.4259528446016149,0.3321798561421109,False,False,False
2026-02-04 15:45:00+00:00,oos,-0.5916045118902226,0.2426866636045842,False,False,False
2026-02-04 16:00:00+00:00,oos,-0.3696227105587125,0.5549350400502214,False,False,False
2026-02-04 16:15:00+00:00,oos,-0.9338329573699371,-0.11539108639356117,False,False,False
2026-02-04 16:30:00+00:00,oos,0.8155976559655559,0.030316073939263836,False,False,False
2026-02-04 16:45:00+00:00,oos,-0.3093567960884322,-0.7299474046665466,False,False,False
2026-02-04 17:00:00+00:00,oos,-0.5556538256561749,-0.5616562349626687,False,False,False
2026-02-04 17:15:00+00:00,oos,0.8307436882052559,0.2064005277126747,False,False,False
2026-02-04 17:30:00+00:00,oos,-0.6950372940790646,1.3000693428266308,False,True,False
2026-02-04 17:45:00+00:00,oos,-0.03175556168067732,-0.014750678577343121,False,False,False
2026-02-04 18:00:00+00:00,oos,0.3602208719411206,0.46288491142037963,False,False,False
2026-02-04 18:15:00+00:00,oos,-0.4216373462749216,-0.3654666287836558,False,False,False
2026-02-04 18:30:00+00:00,oos,-0.8266115027392891,1.5250119185588997,False,True,False
2026-02-04 18:45:00+00:00,oos,1.2779789314828334,-0.19248007126349473,False,False,False
2026-02-04 19:00:00+00:00,oos,0.13995283516416246,1.342926053907558,False,True,False
2026-02-04 19:15:00+00:00,oos,-0.28453700772239304,1.455790354994979,False,True,False
2026-02-04 19:30:00+00:00,oos,0.17069032179469218,0.7634398683919005,False,False,False
2026-02-04 19:45:00+00:00,oos,0.6771306695605527,0.6022478141773855,False,False,False
2026-02-04 20:00:00+00:00,oos,0.9281920724357287,0.9386082388294223,False,False,False
2026-02-04 20:15:00+00:00,oos,1.1591556628993067,0.9170560556956528,False,False,False
2026-02-04 20:30:00+00:00,oos,0.7307310546530227,1.3017403272129833,False,True,False
2026-02-04 20:45:00+00:00,oos,-0.6720352398712128,1.4204429317702585,False,True,False
2026-02-04 21:00:00+00:00,oos,-0.7030058039794624,0.9915421395645412,False,False,False
2026-02-04 21:15:00+00:00,oos,-1.0033973709315402,1.3338932662867318,False,True,False
2026-02-04 21:30:00+00:00,oos,0.6442365822656668,1.3657938304562371,False,True,False
2026-02-04 21:45:00+00:00,oos,-0.19523601044529038,1.487595257411935,False,True,False
2026-02-04 22:00:00+00:00,oos,0.02401668448107008,0.5119259736059433,False,False,False
2026-02-04 22:15:00+00:00,oos,-2.0475164314943584,2.6771262154355795,True,True,True
2026-02-04 22:30:00+00:00,oos,0.7273547248056321,2.2006493396622346,False,True,False
2026-02-04 22:45:00+00:00,oos,-0.3103862254452676,1.0916104156087651,False,False,False
2026-02-04 23:00:00+00:00,oos,0.5171317077866079,-0.5563074782648175,False,False,False
2026-02-04 23:15:00+00:00,oos,-0.4894699055324728,0.9278937804618903,False,False,False
2026-02-04 23:30:00+00:00,oos,0.026504429380920888,0.4710151130999153,False,False,False
2026-02-04 23:45:00+00:00,oos,-0.39374208499868846,1.8622873169283798,False,True,False
2026-02-05 00:00:00+00:00,oos,-0.8871978675237705,-1.5658831920093965,False,False,False
2026-02-05 00:15:00+00:00,oos,0.2380663595647947,-0.06763947132975393,False,False,False
2026-02-05 00:30:00+00:00,oos,-0.40433686738351793,-0.42288526348667344,False,False,False
2026-02-05 00:45:00+00:00,oos,0.5404619378154049,0.5330325204654932,False,False,False
2026-02-05 01:00:00+00:00,oos,0.1036021136689606,0.027613106229266503,False,False,False
2026-02-05 01:15:00+00:00,oos,-0.938900634020227,-0.02630575585480769,False,False,False
2026-02-05 01:30:00+00:00,oos,0.2571525508079692,0.7847127572674294,False,False,False
2026-02-05 01:45:00+00:00,oos,1.0644156971367909,1.4206133601286053,False,True,False
2026-02-05 02:00:00+00:00,oos,6.138332446351636e-06,0.3609710636543342,False,False,False
2026-02-05 02:15:00+00:00,oos,-1.0569999018771465,-0.6790004506742354,False,False,False
2026-02-05 02:30:00+00:00,oos,0.22639985228461357,0.8299230398013531,False,False,False
2026-02-05 02:45:00+00:00,oos,0.5105871352012114,1.2682535944095503,False,False,False
2026-02-05 03:00:00+00:00,oos,0.09018414053248869,0.7421971013865823,False,False,False
2026-02-05 03:15:00+00:00,oos,-0.4154874783472485,0.1093514030933472,False,False,False
2026-02-05 03:30:00+00:00,oos,-0.831372219941506,0.4866768999879944,False,False,False
2026-02-05 03:45:00+00:00,oos,-1.761315554094751,0.24869251295076322,True,False,False
2026-02-05 04:00:00+00:00,oos,-1.3296104726712674,0.5444560531115852,False,False,False
2026-02-05 04:15:00+00:00,oos,-0.7808352706844355,0.7974860880096747,False,False,False
2026-02-05 04:30:00+00:00,oos,0.42660156596251897,0.4932967371852371,False,False,False
2026-02-05 04:45:00+00:00,oos,-1.419940340768369,0.5321108102239738,False,False,False
2026-02-05 05:00:00+00:00,oos,-0.8084129578552279,-0.3697230183224748,False,False,False
2026-02-05 05:15:00+00:00,oos,-1.0461506092323491,0.4634626492670639,False,False,False
2026-02-05 05:30:00+00:00,oos,-1.4227101687403325,0.09074698987148222,False,False,False
2026-02-05 05:45:00+00:00,oos,-0.2960484411684334,0.2283016425926162,False,False,False
2026-02-05 06:00:00+00:00,oos,-0.33987396174020207,0.6569818584735226,False,False,False
2026-02-05 06:15:00+00:00,oos,-0.5533314614453356,0.15524246234939731,False,False,False
2026-02-05 06:30:00+00:00,oos,-0.15803154018413917,0.6720683064244638,False,False,False
2026-02-05 06:45:00+00:00,oos,-0.7361452823215581,0.40185195055893763,False,False,False
2026-02-05 07:00:00+00:00,oos,0.04696244861348835,0.403355507220643,False,False,False
2026-02-05 07:15:00+00:00,oos,-0.08965100703121298,0.37065743868359624,False,False,False
2026-02-05 07:30:00+00:00,oos,-0.5180679273258333,1.4652373699751182,False,True,False
2026-02-05 07:45:00+00:00,oos,1.0351013553272637,0.14793103879482386,False,False,False
2026-02-05 08:00:00+00:00,oos,-0.295881375911522,0.228048549412326,False,False,False
2026-02-05 08:15:00+00:00,oos,0.01175560529631036,-0.018643853352811268,False,False,False
2026-02-05 08:30:00+00:00,oos,-1.2107787992181454,-0.22167658678804816,False,False,False
2026-02-05 08:45:00+00:00,oos,0.35657130468653453,0.3247827254697814,False,False,False
2026-02-05 09:00:00+00:00,oos,0.030669534787669657,1.1875431889746801,False,False,False
2026-02-05 09:15:00+00:00,oos,-0.24351999204893834,1.7085232067376603,False,True,False
2026-02-05 09:30:00+00:00,oos,-0.5354943469656733,0.11423930583314525,False,False,False
2026-02-05 09:45:00+00:00,oos,0.6156199072492838,0.7378900317863774,False,False,False
2026-02-05 10:00:00+00:00,oos,-0.8221934818544993,0.10582623348070794,False,False,False
2026-02-05 10:15:00+00:00,oos,0.9257474881567287,-0.09917938288477257,False,False,False
2026-02-05 10:30:00+00:00,oos,-0.6035499356020443,0.8206265434086104,False,False,False
2026-02-05 10:45:00+00:00,oos,0.1722748287216482,1.040497330727096,False,False,False
2026-02-05 11:00:00+00:00,oos,-0.2687593608791053,0.2117560921128713,False,False,False
2026-02-05 11:15:00+00:00,oos,-0.16711975681984784,0.6764669537144725,False,False,False
2026-02-05 11:30:00+00:00,oos,-1.4710899358099014,0.716526022985921,False,False,False
2026-02-05 11:45:00+00:00,oos,0.04726671752435554,-0.7473855595233798,False,False,False
2026-02-05 12:00:00+00:00,oos,0.1447348344001288,0.4425350707034259,False,False,False
2026-02-05 12:15:00+00:00,oos,-0.35340474726604415,-0.09496714382051125,False,False,False
2026-02-05 12:30:00+00:00,oos,0.07346368502851854,0.47310600251140533,False,False,False
2026-02-05 12:45:00+00:00,oos,-0.3248914742187516,0.18893557804187783,False,False,False
2026-02-05 13:00:00+00:00,oos,-0.03598999655653517,-0.3002559943365053,False,False,False
2026-02-05 13:15:00+00:00,oos,0.08072005525252976,0.5990481626490198,False,False,False
2026-02-05 13:30:00+00:00,oos,-0.20034120983109718,0.48123863746365836,False,False,False
2026-02-05 13:45:00+00:00,oos,-0.5628942671891773,0.041887359130382947,False,False,False
2026-02-05 14:00:00+00:00,oos,0.3951821868367041,0.5681471651355962,False,False,False
2026-02-05 14:15:00+00:00,oos,0.34399764202039845,0.6818561937378659,False,False,False
2026-02-05 14:30:00+00:00,oos,-0.1362060373060315,1.9306085804793751,False,True,False
2026-02-05 14:45:00+00:00,oos,0.9979608839479019,0.043379248137684435,False,False,False
2026-02-05 15:00:00+00:00,oos,1.4724668226140785,0.7038130765025508,False,False,False
2026-02-05 15:15:00+00:00,oos,2.0653556504332093,0.9574857630561431,True,False,False
2026-02-05 15:30:00+00:00,oos,-1.9403589953317755,2.378310139202062,True,True,True
2026-02-05 15:45:00+00:00,oos,0.9229086481584728,-0.020256204966280125,False,False,False
2026-02-05 16:00:00+00:00,oos,1.4650000536833354,0.17937147722348762,False,False,False
2026-02-05 16:15:00+00:00,oos,-1.4409414338550615,1.3270538945906318,False,True,False
2026-02-05 16:30:00+00:00,oos,0.4838984173473988,0.5559046307487767,False,False,False
2026-02-05 16:45:00+00:00,oos,0.27839266907325,1.5507470018040292,False,True,False
2026-02-05 17:00:00+00:00,oos,1.179876581774946,0.45100459295824225,False,False,False
2026-02-05 17:15:00+00:00,oos,-1.4509818011944107,0.5406327651665842,False,False,False
2026-02-05 17:30:00+00:00,oos,0.22466538812558642,1.3025429444327101,False,True,False
2026-02-05 17:45:00+00:00,oos,0.9404490143939833,-0.5556072225323546,False,False,False
2026-02-05 18:00:00+00:00,oos,-0.46551362785943184,0.7196496202352268,False,False,False
2026-02-05 18:15:00+00:00,oos,0.8762935333384712,0.948901283296499,False,False,False
2026-02-05 18:30:00+00:00,oos,0.17537273842545129,0.18993357110162754,False,False,False
2026-02-05 18:45:00+00:00,oos,-1.5975917779380941,0.9456237199479655,True,False,False
2026-02-05 19:00:00+00:00,oos,0.6636118559559656,0.8789150690912974,False,False,False
2026-02-05 19:15:00+00:00,oos,0.16362360071627982,0.7181411267868477,False,False,False
2026-02-05 19:30:00+00:00,oos,0.2881965746894004,0.022944776455121066,False,False,False
2026-02-05 19:45:00+00:00,oos,-0.21138890213964664,-0.05143831522530197,False,False,False
2026-02-05 20:00:00+00:00,oos,0.4916990912952429,0.40650170571876504,False,False,False
2026-02-05 20:15:00+00:00,oos,2.157242494724929,1.7276195275789354,True,True,True
2026-02-05 20:30:00+00:00,oos,-0.7783374559245381,1.5276975600692122,False,True,False
2026-02-05 20:45:00+00:00,oos,-0.257500968120315,0.11756314878297477,False,False,False
2026-02-05 21:00:00+00:00,oos,-0.009206057258570809,1.5591254007597797,False,True,False
2026-02-05 21:15:00+00:00,oos,-1.2314922193164415,0.5825599485093885,False,False,False
2026-02-05 21:30:00+00:00,oos,0.906390583911629,2.196178873709497,False,True,False
2026-02-05 21:45:00+00:00,oos,0.9684318590323973,0.71245055451692,False,False,False
2026-02-05 22:00:00+00:00,oos,-1.4405194353272879,1.6488904272814995,False,True,False
2026-02-05 22:15:00+00:00,oos,-1.347985881354866,1.933325438286001,False,True,False
2026-02-05 22:30:00+00:00,oos,-0.053787962225937284,3.5978095737290667,False,True,False
2026-02-05 22:45:00+00:00,oos,0.27427577736354297,0.28426220991886886,False,False,False
2026-02-05 23:00:00+00:00,oos,-1.1277390131226235,0.7837498705116079,False,False,False
2026-02-05 23:15:00+00:00,oos,0.9028244372534334,0.5181178925915374,False,False,False
2026-02-05 23:30:00+00:00,oos,0.8726180110609298,1.299578695015899,False,True,False
2026-02-05 23:45:00+00:00,oos,-0.16161224017747056,0.27949231514393813,False,False,False
2026-02-06 00:00:00+00:00,oos,5.9539907762933355,1.6562909900158342,True,True,True
2026-02-06 00:15:00+00:00,oos,-1.0471284184336913,5.24713433346179,False,True,False
2026-02-06 00:30:00+00:00,oos,-4.837049576512005,-0.6451367384206591,True,False,False
2026-02-06 00:45:00+00:00,oos,0.24788513410189653,-0.8590749497188543,False,False,False
2026-02-06 01:00:00+00:00,oos,-0.6104845448348525,0.2709747137288073,False,False,False
2026-02-06 01:15:00+00:00,oos,0.8537616138019128,0.9065538972742421,False,False,False
2026-02-06 01:30:00+00:00,oos,-0.4410979244731835,0.29394462615205463,False,False,False
2026-02-06 01:45:00+00:00,oos,0.01449765499861231,0.5807424938443476,False,False,False
2026-02-06 02:00:00+00:00,oos,1.0263967896396622,0.6406161618826106,False,False,False
2026-02-06 02:15:00+00:00,oos,0.08038132389076323,0.6852017832132365,False,False,False
2026-02-06 02:30:00+00:00,oos,-0.4290774481599552,0.8442782900364545,False,False,False
2026-02-06 02:45:00+00:00,oos,0.9427470336922805,0.3189377169613942,False,False,False
2026-02-06 03:00:00+00:00,oos,0.8520280233243714,0.6267581721332321,False,False,False
2026-02-06 03:15:00+00:00,oos,-0.6560231572918116,0.09112941576608394,False,False,False
2026-02-06 03:30:00+00:00,oos,0.5558910310755876,-0.145921997078586,False,False,False
2026-02-06 03:45:00+00:00,oos,-0.5402746474816004,-0.06897082743063625,False,False,False
2026-02-06 04:00:00+00:00,oos,-0.23916298222315613,0.17905990781443526,False,False,False
2026-02-06 04:15:00+00:00,oos,-0.16708647852342345,-0.156803671634229,False,False,False
2026-02-06 04:30:00+00:00,oos,-0.7972401617192554,0.5484479915908214,False,False,False
2026-02-06 04:45:00+00:00,oos,-0.9355914177513194,0.09480433116806136,False,False,False
2026-02-06 05:00:00+00:00,oos,0.026111950084154137,0.17643908246078782,False,False,False
2026-02-06 05:15:00+00:00,oos,0.6129382031848005,-0.05124331773899304,False,False,False
2026-02-06 05:30:00+00:00,oos,0.107401525295061,-0.4161409949781826,False,False,False
2026-02-06 05:45:00+00:00,oos,-0.9106158841695049,0.5567436204891074,False,False,False
2026-02-06 06:00:00+00:00,oos,0.0035543750614605526,0.9446521800096732,False,False,False
2026-02-06 06:15:00+00:00,oos,0.2675679738166996,0.11600393179858047,False,False,False
2026-02-06 06:30:00+00:00,oos,0.1715236467300505,-0.02038187899648744,False,False,False
2026-02-06 06:45:00+00:00,oos,0.24208830654146082,-0.011092351236660268,False,False,False
2026-02-06 07:00:00+00:00,oos,-1.1323217492801707,-0.5042285143932989,False,False,False
2026-02-06 07:15:00+00:00,oos,-0.5388889946868725,0.729301063096556,False,False,False
2026-02-06 07:30:00+00:00,oos,0.01636580678262559,-0.15179147137715127,False,False,False
2026-02-06 07:45:00+00:00,oos,-0.14611316490113727,-0.012087128608401427,False,False,False
2026-02-06 08:00:00+00:00,oos,-0.05566470618980153,0.12686701901114125,False,False,False
2026-02-06 08:15:00+00:00,oos,-0.6037183294925436,0.07301436077688327,False,False,False
2026-02-06 08:30:00+00:00,oos,-0.22108725920173572,0.3958808422957631,False,False,False
2026-02-06 08:45:00+00:00,oos,-0.3522884696149154,-0.456324391693451,False,False,False
2026-02-06 09:00:00+00:00,oos,0.35237855383850536,0.3820964941361148,False,False,False
2026-02-06 09:15:00+00:00,oos,-0.5670936957571935,0.6714232612370451,False,False,False
2026-02-06 09:30:00+00:00,oos,-0.41985702803943387,-0.10846290321634634,False,False,False
2026-02-06 09:45:00+00:00,oos,-0.9369571193113658,0.25005559228025387,False,False,False
2026-02-06 10:00:00+00:00,oos,0.3707597179683468,0.8527893901589748,False,False,False
2026-02-06 10:15:00+00:00,oos,0.8730181125075474,-0.04188212858050897,False,False,False
2026-02-06 10:30:00+00:00,oos,0.9826981771715763,1.1067730658905406,False,False,False
2026-02-06 10:45:00+00:00,oos,0.47659830653816276,-0.7489960600498967,False,False,False
2026-02-06 11:00:00+00:00,oos,0.3532338267079539,0.4375984891776061,False,False,False
2026-02-06 11:15:00+00:00,oos,0.9462601656629168,-0.17712138441297529,False,False,False
2026-02-06 11:30:00+00:00,oos,0.9272395384341178,0.4231005673227104,False,False,False
2026-02-06 11:45:00+00:00,oos,1.0924783621596443,0.11751662681538097,False,False,False
2026-02-06 12:00:00+00:00,oos,0.04752158023040688,0.39900168125502317,False,False,False
2026-02-06 12:15:00+00:00,oos,-0.7963422945938875,0.6219453535927267,False,False,False
2026-02-06 12:30:00+00:00,oos,-0.19768377607266344,0.6163093548697998,False,False,False
2026-02-06 12:45:00+00:00,oos,0.15558208372864385,-0.14872078083532925,False,False,False
2026-02-06 13:00:00+00:00,oos,-0.8140229267470742,0.5097062825095557,False,False,False
2026-02-06 13:15:00+00:00,oos,-0.45512909354440506,0.8733710711123719,False,False,False
2026-02-06 13:30:00+00:00,oos,0.40297556494149156,2.02362566579586,False,True,False
2026-02-06 13:45:00+00:00,oos,0.9390980808078724,-0.16582770600477384,False,False,False
2026-02-06 14:00:00+00:00,oos,-0.5408200954696627,-0.4353090951058388,False,False,False
2026-02-06 14:15:00+00:00,oos,-0.30054112267294997,0.13025644903364422,False,False,False
2026-02-06 14:30:00+00:00,oos,-2.0740665080108958,1.0174651662306904,True,False,False
2026-02-06 14:45:00+00:00,oos,0.46056708412869923,0.898613961591144,False,False,False
2026-02-06 15:00:00+00:00,oos,1.064463871194173,0.23544059626202973,False,False,False
2026-02-06 15:15:00+00:00,oos,-0.2173148341290872,0.998853742259576,False,False,False
2026-02-06 15:30:00+00:00,oos,-0.40978980204063664,0.28662996582690314,False,False,False
2026-02-06 15:45:00+00:00,oos,-0.4764151114124519,0.5618649795630374,False,False,False
2026-02-06 16:00:00+00:00,oos,-0.4929073581350063,1.1271330168426985,False,False,False
2026-02-06 16:15:00+00:00,oos,-0.6902556827201364,0.04902935531430033,False,False,False
2026-02-06 16:30:00+00:00,oos,-0.5825089077494255,0.6851294297941994,False,False,False
2026-02-06 16:45:00+00:00,oos,0.30389335093891223,0.342768083299183,False,False,False
2026-02-06 17:00:00+00:00,oos,0.028094354708346928,0.20165720554472819,False,False,False
2026-02-06 17:15:00+00:00,oos,0.24185882355341623,-0.08529318048244272,False,False,False
2026-02-06 17:30:00+00:00,oos,0.2733072542358315,0.5985189023763358,False,False,False
2026-02-06 17:45:00+00:00,oos,0.5973370227068167,-0.7661426908118419,False,False,False
2026-02-06 18:00:00+00:00,oos,0.7778987743677772,1.19611864517372,False,False,False
2026-02-06 18:15:00+00:00,oos,0.17832664362741113,0.3185234977116178,False,False,False
2026-02-06 18:30:00+00:00,oos,0.0020155481906834736,0.3223543019245513,False,False,False
2026-02-06 18:45:00+00:00,oos,0.06610711957051447,0.44236354846899506,False,False,False
2026-02-06 19:00:00+00:00,oos,0.022782980301117806,0.7277854336554324,False,False,False
2026-02-06 19:15:00+00:00,oos,0.6430819517110598,0.13145316300055276,False,False,False
2026-02-06 19:30:00+00:00,oos,0.5471510650550803,0.019220801384425876,False,False,False
2026-02-06 19:45:00+00:00,oos,0.18583279135373743,0.9415020750608882,False,False,False
2026-02-06 20:00:00+00:00,oos,-0.48585743338587506,-0.37955100126085506,False,False,False
2026-02-06 20:15:00+00:00,oos,-0.7231894242897097,0.0734377286734831,False,False,False
2026-02-06 20:30:00+00:00,oos,0.9607853632321176,1.357010825701536,False,True,False
2026-02-06 20:45:00+00:00,oos,-0.2791416699791819,-0.7125526477964095,False,False,False
2026-02-06 21:00:00+00:00,oos,-1.1900967457719733,0.2209999873111516,False,False,False
2026-02-06 21:15:00+00:00,oos,0.25252303837549034,0.28926651268869824,False,False,False
2026-02-06 21:30:00+00:00,oos,0.9603581713296472,0.5852114337907159,False,False,False
2026-02-06 21:45:00+00:00,oos,0.6750649551551121,-0.15099888256318467,False,False,False
2026-02-06 22:00:00+00:00,oos,1.4047849375152923,1.8396437656222302,False,True,False
2026-02-06 22:15:00+00:00,oos,0.8940054168053905,3.2736464312694618,False,True,False
2026-02-06 22:30:00+00:00,oos,0.5704049187982273,1.062408025988004,False,False,False
2026-02-06 22:45:00+00:00,oos,0.170493232574625,1.4804828383597215,False,True,False
2026-02-06 23:00:00+00:00,oos,0.7886448188749131,-1.5697861523342174,False,False,False
2026-02-06 23:15:00+00:00,oos,0.4577228581231024,-0.44464290277558943,False,False,False
2026-02-06 23:30:00+00:00,oos,0.15372331523428023,-0.5880457035222253,False,False,False
2026-02-06 23:45:00+00:00,oos,-0.33063744120063093,0.20561353759705916,False,False,False
2026-02-07 00:00:00+00:00,oos,-1.1039749272899155,1.303624148334787,False,True,False
2026-02-07 00:15:00+00:00,oos,0.8572680634123496,0.29748716621259075,False,False,False
2026-02-07 00:30:00+00:00,oos,-0.27230792272603704,0.46296092290229485,False,False,False
2026-02-07 00:45:00+00:00,oos,-0.5461024392214305,0.644242177268036,False,False,False
2026-02-07 01:00:00+00:00,oos,-0.5652858923461949,0.2510508390015776,False,False,False
2026-02-07 01:15:00+00:00,oos,-0.08685927327510595,0.7262680339108595,False,False,False
2026-02-07 01:30:00+00:00,oos,0.9034033111866815,0.5548174402892896,False,False,False
2026-02-07 01:45:00+00:00,oos,0.7158712158255911,1.3719980948288344,False,True,False
2026-02-07 02:00:00+00:00,oos,1.512479102178502,0.4568044871527913,False,False,False
2026-02-07 02:15:00+00:00,oos,0.5934830654771949,0.7458744668351502,False,False,False
2026-02-07 02:30:00+00:00,oos,-0.5205519218945853,1.260965583196445,False,False,False
2026-02-07 02:45:00+00:00,oos,-0.13012830177051737,0.657923119535515,False,False,False
2026-02-07 03:00:00+00:00,oos,0.5531608439035054,0.7702248710365608,False,False,False
2026-02-07 03:15:00+00:00,oos,1.2728523190063452,0.9233576676913023,False,False,False
2026-02-07 03:30:00+00:00,oos,1.0180864391715967,0.322052347240128,False,False,False
2026-02-07 03:45:00+00:00,oos,0.5729806798783031,1.1801015513555855,False,False,False
2026-02-07 04:00:00+00:00,oos,0.953901730188021,1.321477224717754,False,True,False
2026-02-07 04:15:00+00:00,oos,0.47579720696568173,0.3510678121528142,False,False,False
2026-02-07 04:30:00+00:00,oos,0.703768260836497,0.07003624065547119,False,False,False
2026-02-07 04:45:00+00:00,oos,1.3725429160674245,-0.36941717023666615,False,False,False
2026-02-07 05:00:00+00:00,oos,-0.7240342127450496,0.37774657686396323,False,False,False
2026-02-07 05:15:00+00:00,oos,0.010774051968051774,-0.08986220840146457,False,False,False
2026-02-07 05:30:00+00:00,oos,0.6753091029036945,-0.10671553216189712,False,False,False
2026-02-07 05:45:00+00:00,oos,-0.663290294581692,0.6436727070296855,False,False,False
2026-02-07 06:00:00+00:00,oos,-1.4372839683163539,-0.5779370940780177,False,False,False
2026-02-07 06:15:00+00:00,oos,-0.294360623409924,0.935611622478909,False,False,False
2026-02-07 06:30:00+00:00,oos,0.560879825308425,0.23644830203369963,False,False,False
2026-02-07 06:45:00+00:00,oos,0.3432611034078457,-0.31557836556741725,False,False,False
2026-02-07 07:00:00+00:00,oos,0.7414848921278965,0.5751045201224714,False,False,False
2026-02-07 07:15:00+00:00,oos,-0.27945631753229055,-0.024083285662231585,False,False,False
2026-02-07 07:30:00+00:00,oos,-1.1777520452843602,0.05512220399975413,False,False,False
2026-02-07 07:45:00+00:00,oos,0.16056799653775022,0.05193561793181964,False,False,False
2026-02-07 08:00:00+00:00,oos,0.05757035469423033,-0.16255838468616624,False,False,False
2026-02-07 08:15:00+00:00,oos,0.47555216967999814,0.4477651304496613,False,False,False
2026-02-07 08:30:00+00:00,oos,0.45282115927212624,-0.08745883138206637,False,False,False
2026-02-07 08:45:00+00:00,oos,0.031004456688449134,-0.3660448298094776,False,False,False
2026-02-07 09:00:00+00:00,oos,0.6086229302780495,-0.02167494938659577,False,False,False
2026-02-07 09:15:00+00:00,oos,-0.6264058626538592,-0.13824752243175187,False,False,False
2026-02-07 09:30:00+00:00,oos,-1.2042289261964574,0.9455450125381204,False,False,False
2026-02-07 09:45:00+00:00,oos,0.06979418707497352,0.6971046905443395,False,False,False
2026-02-07 10:00:00+00:00,oos,-0.8927130851028482,-0.632915148978972,False,False,False
2026-02-07 10:15:00+00:00,oos,-0.3675945319194305,0.7257956179715196,False,False,False
2026-02-07 10:30:00+00:00,oos,-0.30794938706488084,0.5640015040016941,False,False,False
2026-02-07 10:45:00+00:00,oos,0.9365584854001916,0.3715226282712445,False,False,False
2026-02-07 11:00:00+00:00,oos,-0.4035904498849536,0.7807039878853042,False,False,False
2026-02-07 11:15:00+00:00,oos,0.028766773352450307,0.7710174003632251,False,False,False
2026-02-07 11:30:00+00:00,oos,0.8679931552864728,1.334123819675244,False,True,False
2026-02-07 11:45:00+00:00,oos,0.7099251366611266,0.16975041207288424,False,False,False
2026-02-07 12:00:00+00:00,oos,0.004031443622149405,1.1549008565029741,False,False,False
2026-02-07 12:15:00+00:00,oos,-0.8945697593823586,1.4649763820961919,False,True,False
2026-02-07 12:30:00+00:00,oos,-0.12398450570674795,0.3366527114685188,False,False,False
2026-02-07 12:45:00+00:00,oos,-1.526341271102465,-0.1050741162674343,False,False,False
2026-02-07 13:00:00+00:00,oos,-0.05478146754778181,1.1936299594930568,False,False,False
2026-02-07 13:15:00+00:00,oos,0.9497134110010697,0.9445042915347648,False,False,False
2026-02-07 13:30:00+00:00,oos,-0.7766587257171448,0.5171518346150944,False,False,False
2026-02-07 13:45:00+00:00,oos,0.4579783035312996,-0.3618390215633767,False,False,False
2026-02-07 14:00:00+00:00,oos,0.4594899537598716,0.25216248645194794,False,False,False
2026-02-07 14:15:00+00:00,oos,-0.10607951421437183,0.5300508781358546,False,False,False
2026-02-07 14:30:00+00:00,oos,-0.5631954287119727,0.650842675963127,False,False,False
2026-02-07 14:45:00+00:00,oos,-1.0169976793096576,0.9319438498696933,False,False,False
2026-02-07 15:00:00+00:00,oos,-0.07052883926274145,0.6661293777273726,False,False,False
2026-02-07 15:15:00+00:00,oos,0.9222813687690989,0.7344929648939957,False,False,False
2026-02-07 15:30:00+00:00,oos,0.5419789056119274,-0.02502981937273347,False,False,False
2026-02-07 15:45:00+00:00,oos,0.19849559984186677,-0.03582985576550122,False,False,False
2026-02-07 16:00:00+00:00,oos,-0.6879460019077799,2.788795042356382,False,True,False
2026-02-07 16:15:00+00:00,oos,0.3410111460765501,1.7474720856064498,False,True,False
2026-02-07 16:30:00+00:00,oos,0.7919590110541647,0.31312522662601333,False,False,False
2026-02-07 16:45:00+00:00,oos,-0.40966469500190883,0.2862343725682772,False,False,False
2026-02-07 17:00:00+00:00,oos,-0.5625055682929245,1.2089750989234556,False,False,False
2026-02-07 17:15:00+00:00,oos,0.21597076769117818,0.5316810921916595,False,False,False
2026-02-07 17:30:00+00:00,oos,0.7618373140911203,0.4727683212114346,False,False,False
2026-02-07 17:45:00+00:00,oos,0.1794849509786459,1.293728280691301,False,True,False
2026-02-07 18:00:00+00:00,oos,1.7311775796615838,0.4079899880534323,True,False,False
2026-02-07 18:15:00+00:00,oos,0.6537041635483384,-0.4841811265477834,False,False,False
2026-02-07 18:30:00+00:00,oos,0.27454718531239536,0.4473348074405217,False,False,False
2026-02-07 18:45:00+00:00,oos,0.010735890430879186,0.5242991477522151,False,False,False
2026-02-07 19:00:00+00:00,oos,-0.22762120999772964,0.3811544649320023,False,False,False
2026-02-07 19:15:00+00:00,oos,-1.5253323151118974,1.4581382776627692,False,True,False
2026-02-07 19:30:00+00:00,oos,0.171597180483603,-0.03917643137241426,False,False,False
2026-02-07 19:45:00+00:00,oos,0.8557496203491872,0.9032030360563492,False,False,False
2026-02-07 20:00:00+00:00,oos,-0.24308451278722482,0.9248693955151892,False,False,False
2026-02-07 20:15:00+00:00,oos,1.7906126295450464,0.2706099486617803,True,False,False
2026-02-07 20:30:00+00:00,oos,-0.15357781455262223,1.073052708719927,False,False,False
2026-02-07 20:45:00+00:00,oos,1.0921904544497198,0.8021486810346129,False,False,False
2026-02-07 21:00:00+00:00,oos,-0.03911119094162195,0.5973274512281208,False,False,False
2026-02-07 21:15:00+00:00,oos,0.504881071850895,0.8414110403975497,False,False,False
2026-02-07 21:30:00+00:00,oos,-1.1873930332536342,1.1330212911044528,False,False,False
2026-02-07 21:45:00+00:00,oos,-0.9872286171351201,0.13990181841025467,False,False,False
2026-02-07 22:00:00+00:00,oos,0.42687463347077303,1.6083934979699146,False,True,False
2026-02-07 22:15:00+00:00,oos,-0.4452899828761428,3.2709434611858117,False,True,False
2026-02-07 22:30:00+00:00,oos,-0.7010640304269903,2.0153670908696553,False,True,False
2026-02-07 22:45:00+00:00,oos,-0.5778157461309318,1.1877243329880425,False,False,False
2026-02-07 23:00:00+00:00,oos,-0.3630170651618394,-0.3502735334581823,False,False,False
2026-02-07 23:15:00+00:00,oos,-1.0390375439648802,-0.634377550800634,False,False,False
2026-02-07 23:30:00+00:00,oos,1.1294078286080649,-0.06369694950519174,False,False,False
2026-02-07 23:45:00+00:00,oos,0.5994510306189179,0.20075918321995212,False,False,False
2026-02-08 00:00:00+00:00,oos,0.37588331998327384,-0.01615986658128201,False,False,False
2026-02-08 00:15:00+00:00,oos,-1.435124801348578,0.7378668030944775,False,False,False
2026-02-08 00:30:00+00:00,oos,0.3270013797630703,0.8217873155659499,False,False,False
2026-02-08 00:45:00+00:00,oos,-0.5445798022689562,0.5982743685929534,False,False,False
2026-02-08 01:00:00+00:00,oos,0.748009249269249,0.24356546684157873,False,False,False
2026-02-08 01:15:00+00:00,oos,-0.4813610974406321,0.1709236346702076,False,False,False
2026-02-08 01:30:00+00:00,oos,0.06691023425078929,0.12599372746049525,False,False,False
2026-02-08 01:45:00+00:00,oos,-0.4880055634812107,-0.14727427248699151,False,False,False
2026-02-08 02:00:00+00:00,oos,-0.5329075071748021,0.39488695365478993,False,False,False
2026-02-08 02:15:00+00:00,oos,0.9893715884312396,0.22725497621574184,False,False,False
2026-02-08 02:30:00+00:00,oos,-0.42277694743627525,0.16312236059455398,False,False,False
2026-02-08 02:45:00+00:00,oos,-1.0221388364059125,0.12219024502102473,False,False,False
2026-02-08 03:00:00+00:00,oos,-0.7934103636687804,0.756287168456823,False,False,False
2026-02-08 03:15:00+00:00,oos,0.6687745739723466,-0.0042832648928898985,False,False,False
2026-02-08 03:30:00+00:00,oos,-0.9643437119977295,-0.09586450691766264,False,False,False
2026-02-08 03:45:00+00:00,oos,-1.8214897611740997,0.00582623582309755,True,False,False
2026-02-08 04:00:00+00:00,oos,0.65203651880249,1.4336066577939612,False,True,False
2026-02-08 04:15:00+00:00,oos,-1.3506030329898457,0.7439948248392405,False,False,False
2026-02-08 04:30:00+00:00,oos,-0.3982874266881675,0.4431698669562737,False,False,False
2026-02-08 04:45:00+00:00,oos,2.4648897125570217,0.7605239005457282,True,False,False
2026-02-08 05:00:00+00:00,oos,1.000613965784111,1.0320982654323034,False,False,False
2026-02-08 05:15:00+00:00,oos,0.18578238918022552,0.1302121171879479,False,False,False
2026-02-08 05:30:00+00:00,oos,0.050846443198390955,0.5670502680324762,False,False,False
2026-02-08 05:45:00+00:00,oos,-0.36267093330756334,0.9865469599819543,False,False,False
2026-02-08 06:00:00+00:00,oos,0.11252806485070718,1.6602360691023466,False,True,False
2026-02-08 06:15:00+00:00,oos,0.9306514248540834,1.2095367372923667,False,False,False
2026-02-08 06:30:00+00:00,oos,0.2873127430822987,0.793083008163953,False,False,False
2026-02-08 06:45:00+00:00,oos,0.973320253443426,1.0681898938871357,False,False,False
2026-02-08 07:00:00+00:00,oos,-0.5257732055104811,0.5128423105380613,False,False,False
2026-02-08 07:15:00+00:00,oos,-0.3771135164342776,0.507992373580589,False,False,False
2026-02-08 07:30:00+00:00,oos,1.0529476023658313,0.8724254858880018,False,False,False
2026-02-08 07:45:00+00:00,oos,0.5939693598925796,0.8381533196891309,False,False,False
2026-02-08 08:00:00+00:00,oos,0.8972806488853584,0.9689826669134242,False,False,False
2026-02-08 08:15:00+00:00,oos,0.6447229065518348,0.21814463304235535,False,False,False
2026-02-08 08:30:00+00:00,oos,0.6365677743744986,0.12123874165509911,False,False,False
2026-02-08 08:45:00+00:00,oos,1.2716722143664336,0.29784150608159804,False,False,False
2026-02-08 09:00:00+00:00,oos,0.5672640685757935,0.23574420093549084,False,False,False
2026-02-08 09:15:00+00:00,oos,0.3847854859342293,0.036462813531354714,False,False,False
2026-02-08 09:30:00+00:00,oos,0.24025872666191056,0.374134134925466,False,False,False
2026-02-08 09:45:00+00:00,oos,0.46612450872056993,-0.04786532296937151,False,False,False
2026-02-08 10:00:00+00:00,oos,1.5548631746441115,-0.004610769672760951,False,False,False
2026-02-08 10:15:00+00:00,oos,-0.42412982975781177,-0.08765177835491093,False,False,False
2026-02-08 10:30:00+00:00,oos,0.5763785118723772,-0.5844475769060411,False,False,False
2026-02-08 10:45:00+00:00,oos,0.004126817731173839,-0.11701096474849006,False,False,False
2026-02-08 11:00:00+00:00,oos,1.1761472276815503,0.3554436232097526,False,False,False
2026-02-08 11:15:00+00:00,oos,0.7318596486679826,0.17576002592246748,False,False,False
2026-02-08 11:30:00+00:00,oos,-0.38349266145129485,0.23562425227759617,False,False,False
2026-02-08 11:45:00+00:00,oos,0.9379727591846986,-0.09326255755957064,False,False,False
2026-02-08 12:00:00+00:00,oos,0.8117575865733745,0.5161867907848435,False,False,False
2026-02-08 12:15:00+00:00,oos,-0.287786868119571,-0.40832937183857687,False,False,False
2026-02-08 12:30:00+00:00,oos,1.245553317934314,-0.4486132011100037,False,False,False
2026-02-08 12:45:00+00:00,oos,0.8291661592328078,0.7156373285773695,False,False,False
2026-02-08 13:00:00+00:00,oos,0.4376319012926611,0.321875872876247,False,False,False
2026-02-08 13:15:00+00:00,oos,0.7092500828504897,-0.4964521216131609,False,False,False
2026-02-08 13:30:00+00:00,oos,-0.5541404075718239,-0.4314096056142694,False,False,False
2026-02-08 13:45:00+00:00,oos,-0.046949388686015475,0.6161701425668455,False,False,False
2026-02-08 14:00:00+00:00,oos,0.44374365075551714,0.19675882025779803,False,False,False
2026-02-08 14:15:00+00:00,oos,0.21031899560387496,-0.08481255162472474,False,False,False
2026-02-08 14:30:00+00:00,oos,-0.3098898810967025,-0.43615684743738703,False,False,False
2026-02-08 14:45:00+00:00,oos,0.04401723665113352,-0.1503582804627326,False,False,False
2026-02-08 15:00:00+00:00,oos,0.18134944322339572,-0.13896863446458887,False,False,False
2026-02-08 15:15:00+00:00,oos,-0.011185632153907233,-0.3274029553770394,False,False,False
2026-02-08 15:30:00+00:00,oos,-0.29734759151233864,-0.5355741400702045,False,False,False
2026-02-08 15:45:00+00:00,oos,-0.9223233659043001,-0.3166852322820498,False,False,False
2026-02-08 16:00:00+00:00,oos,0.4393668972965237,-0.07379632224638015,False,False,False
2026-02-08 16:15:00+00:00,oos,0.5896925250026128,-0.8640771328418645,False,False,False
2026-02-08 16:30:00+00:00,oos,0.29751811926070265,-0.007179217517262356,False,False,False
2026-02-08 16:45:00+00:00,oos,-0.21170113909554553,1.1204710795856683,False,False,False
2026-02-08 17:00:00+00:00,oos,-0.003908759249831207,-0.4374966539521759,False,False,False
2026-02-08 17:15:00+00:00,oos,-0.20159897855215575,0.07674595108915945,False,False,False
2026-02-08 17:30:00+00:00,oos,0.8399705440287905,-0.3391745042566015,False,False,False
2026-02-08 17:45:00+00:00,oos,-0.446526839431647,-0.5634734987957887,False,False,False
2026-02-08 18:00:00+00:00,oos,0.782159485882838,-0.16628615643809985,False,False,False
2026-02-08 18:15:00+00:00,oos,-0.3349896285114943,-0.31759317369512563,False,False,False
2026-02-08 18:30:00+00:00,oos,0.2506412373861601,0.3841561851938794,False,False,False
2026-02-08 18:45:00+00:00,oos,0.4269651521869618,0.9743793864277203,False,False,False
2026-02-08 19:00:00+00:00,oos,1.24113034961206,-0.45613992608863535,False,False,False
2026-02-08 19:15:00+00:00,oos,0.8844827330909354,-0.3441609258074987,False,False,False
2026-02-08 19:30:00+00:00,oos,0.6852778189831334,-0.5945833652521993,False,False,False
2026-02-08 19:45:00+00:00,oos,1.4307337473221247,-0.33581965950489795,False,False,False
2026-02-08 20:00:00+00:00,oos,-0.1769442898478521,-0.39333205637100604,False,False,False
2026-02-08 20:15:00+00:00,oos,-0.34587017597788383,-0.3727961834371316,False,False,False
2026-02-08 20:30:00+00:00,oos,0.24848579908316412,-0.4884718478488393,False,False,False
2026-02-08 20:45:00+00:00,oos,-0.7412097603837995,-0.12833077914502303,False,False,False
2026-02-08 21:00:00+00:00,oos,0.4922368262421081,-1.3059258441483668,False,False,False
2026-02-08 21:15:00+00:00,oos,0.2737539147316122,-0.07651972885386457,False,False,False
2026-02-08 21:30:00+00:00,oos,-0.6388174045356937,-0.30437091528769145,False,False,False
2026-02-08 21:45:00+00:00,oos,0.029138221468812918,-0.2941017189416296,False,False,False
2026-02-08 22:00:00+00:00,oos,-0.1469073551397559,-0.015721471172603953,False,False,False
2026-02-08 22:15:00+00:00,oos,0.4177864425568435,1.1600081483186864,False,False,False
2026-02-08 22:30:00+00:00,oos,0.43428614106758573,1.1100446542731448,False,False,False
2026-02-08 22:45:00+00:00,oos,0.8442388512736395,0.6595133876532566,False,False,False
2026-02-08 23:00:00+00:00,oos,0.35967693045335675,-0.4703586745402735,False,False,False
2026-02-08 23:15:00+00:00,oos,0.5390415431398526,-1.7997901763050927,False,False,False
2026-02-08 23:30:00+00:00,oos,-0.11364758469663634,-0.019285367061337825,False,False,False
2026-02-08 23:45:00+00:00,oos,0.41638275724381224,0.6437432302901637,False,False,False
2026-02-09 00:00:00+00:00,oos,0.32356857616249596,-0.48231844643404853,False,False,False
2026-02-09 00:15:00+00:00,oos,0.6482792814228913,-0.5994685644464532,False,False,False
2026-02-09 00:30:00+00:00,oos,-0.19388548428523938,-0.3488774067703611,False,False,False
2026-02-09 00:45:00+00:00,oos,-0.7595163271326342,-0.1552329226753125,False,False,False
2026-02-09 01:00:00+00:00,oos,-0.24896518667110668,-0.12711713938392552,False,False,False
2026-02-09 01:15:00+00:00,oos,0.044971362775594506,0.01428299377652932,False,False,False
2026-02-09 01:30:00+00:00,oos,-0.6604953910301311,-0.28462318590571717,False,False,False
2026-02-09 01:45:00+00:00,oos,1.0097300016821753,0.10125894388542542,False,False,False
2026-02-09 02:00:00+00:00,oos,-0.014052437286951566,-0.42640482246361816,False,False,False
2026-02-09 02:15:00+00:00,oos,-0.24916862510279172,-0.44662084165738924,False,False,False
2026-02-09 02:30:00+00:00,oos,0.09707702509967281,-0.07995858465582004,False,False,False
2026-02-09 02:45:00+00:00,oos,0.3062033794165313,-0.36534887025562696,False,False,False
2026-02-09 03:00:00+00:00,oos,0.45409993121681724,0.32593082545768176,False,False,False
2026-02-09 03:15:00+00:00,oos,1.80683933368782,-0.4259893381467262,True,False,False
2026-02-09 03:30:00+00:00,oos,-0.24986260675932537,-0.1538387554955437,False,False,False
2026-02-09 03:45:00+00:00,oos,0.05248119520224846,-0.6087994468722022,False,False,False
2026-02-09 04:00:00+00:00,oos,0.34942029652570555,0.40810361211872376,False,False,False
2026-02-09 04:15:00+00:00,oos,0.309716600790797,0.6719099728852027,False,False,False
2026-02-09 04:30:00+00:00,oos,0.5717109140835773,0.7174258819352876,False,False,False
2026-02-09 04:45:00+00:00,oos,-0.20738838727271547,0.4105085225089814,False,False,False
2026-02-09 05:00:00+00:00,oos,0.3813729689885022,0.13426994480451115,False,False,False
2026-02-09 05:15:00+00:00,oos,-0.3165747305888422,-0.172743235320221,False,False,False
2026-02-09 05:30:00+00:00,oos,0.7773948296162022,0.3829150582392511,False,False,False
2026-02-09 05:45:00+00:00,oos,1.0195252782614572,0.07540801853480968,False,False,False
2026-02-09 06:00:00+00:00,oos,-0.14237522975671588,0.7661961839678926,False,False,False
2026-02-09 06:15:00+00:00,oos,0.038527090888080755,-0.014098586448357363,False,False,False
2026-02-09 06:30:00+00:00,oos,0.6109317387304846,-0.48519355167307104,False,False,False
2026-02-09 06:45:00+00:00,oos,0.07131061126495489,0.8832170206358794,False,False,False
2026-02-09 07:00:00+00:00,oos,0.4146287818417171,-0.5117741908323197,False,False,False
2026-02-09 07:15:00+00:00,oos,0.9235736145482661,-0.3890640466140418,False,False,False
2026-02-09 07:30:00+00:00,oos,-0.4939293982684311,-0.2649992552991945,False,False,False
2026-02-09 07:45:00+00:00,oos,0.26125420693219076,0.21362953725658063,False,False,False
2026-02-09 08:00:00+00:00,oos,-0.44415692325227696,0.34298756622691456,False,False,False
2026-02-09 08:15:00+00:00,oos,-0.37245039388859585,-0.2138599066625353,False,False,False
2026-02-09 08:30:00+00:00,oos,0.41125770189155747,0.18651398747288642,False,False,False
2026-02-09 08:45:00+00:00,oos,-0.308753708143861,0.5296936011593867,False,False,False
2026-02-09 09:00:00+00:00,oos,0.22325326638961496,0.693609041717325,False,False,False
2026-02-09 09:15:00+00:00,oos,0.02272694957557955,0.2347270723127268,False,False,False
2026-02-09 09:30:00+00:00,oos,-0.7821225143348787,-0.10914279641328689,False,False,False
2026-02-09 09:45:00+00:00,oos,-0.46626768311222194,0.5186316775982879,False,False,False
2026-02-09 10:00:00+00:00,oos,-0.5239767927512597,-0.3485763888185566,False,False,False
2026-02-09 10:15:00+00:00,oos,-0.4130557749505653,-0.16771630908911436,False,False,False
2026-02-09 10:30:00+00:00,oos,-0.10044770343322883,0.013192302036979183,False,False,False
2026-02-09 10:45:00+00:00,oos,0.6702285947288839,0.5253236425486673,False,False,False
2026-02-09 11:00:00+00:00,oos,1.2035475285754944,1.229853023302128,False,False,False
2026-02-09 11:15:00+00:00,oos,-0.1422097504715708,0.6484322137282488,False,False,False
2026-02-09 11:30:00+00:00,oos,0.5541122219966058,1.4224348439950023,False,True,False
2026-02-09 11:45:00+00:00,oos,-1.5803607566107452,-0.20457787514895995,True,False,False
2026-02-09 12:00:00+00:00,oos,1.235499385199802,0.29743230986988095,False,False,False
2026-02-09 12:15:00+00:00,oos,-0.9340091935444552,-0.3474414021537411,False,False,False
2026-02-09 12:30:00+00:00,oos,1.0896815268841942,0.8523966289743113,False,False,False
2026-02-09 12:45:00+00:00,oos,-0.2574984859927031,0.019716779487250046,False,False,False
2026-02-09 13:00:00+00:00,oos,0.9881871709940845,0.15617372304554736,False,False,False
2026-02-09 13:15:00+00:00,oos,-0.36039977945204515,0.6121735952551959,False,False,False
2026-02-09 13:30:00+00:00,oos,0.4864299774826973,-0.34855541250391625,False,False,False
2026-02-09 13:45:00+00:00,oos,-0.7179838445225929,0.4546023821273021,False,False,False
2026-02-09 14:00:00+00:00,oos,-0.7129575427103082,-0.20997160486946156,False,False,False
2026-02-09 14:15:00+00:00,oos,0.788048024714858,0.09864108736028852,False,False,False
2026-02-09 14:30:00+00:00,oos,-0.0740954869754658,0.7080415093673045,False,False,False
2026-02-09 14:45:00+00:00,oos,-1.2931479534326809,-0.11719110724619418,False,False,False
2026-02-09 15:00:00+00:00,oos,0.3530034467428478,-0.11677487608637414,False,False,False
2026-02-09 15:15:00+00:00,oos,0.050097540517858224,0.561911416880471,False,False,False
2026-02-09 15:30:00+00:00,oos,-0.87536060714972,0.6638138606294973,False,False,False
2026-02-09 15:45:00+00:00,oos,-0.3570479615370052,0.5136292043235611,False,False,False
2026-02-09 16:00:00+00:00,oos,0.31556061615672165,0.8327159904965307,False,False,False
2026-02-09 16:15:00+00:00,oos,-0.37273395354325817,0.2894446841868158,False,False,False
2026-02-09 16:30:00+00:00,oos,0.34344059572551894,0.0975679393791565,False,False,False
2026-02-09 16:45:00+00:00,oos,0.5107074751048882,1.4010067801196255,False,True,False
2026-02-09 17:00:00+00:00,oos,-1.3142256663954361,0.124018680686126,False,False,False
2026-02-09 17:15:00+00:00,oos,0.01348967792999422,0.8198089327135255,False,False,False
2026-02-09 17:30:00+00:00,oos,-0.40270747113297506,1.0630615580263605,False,False,False
2026-02-09 17:45:00+00:00,oos,0.38907203142210695,0.39140759936401043,False,False,False
2026-02-09 18:00:00+00:00,oos,-0.013623809993682403,-0.20870341313871832,False,False,False
2026-02-09 18:15:00+00:00,oos,0.5667516073521612,-0.051051738043198826,False,False,False
2026-02-09 18:30:00+00:00,oos,-0.32326064769799834,-0.015790018626961725,False,False,False
2026-02-09 18:45:00+00:00,oos,-0.40197240502014747,0.7501263689683813,False,False,False
2026-02-09 19:00:00+00:00,oos,0.12156140741546287,-0.13507455021616344,False,False,False
2026-02-09 19:15:00+00:00,oos,0.13283438429521036,-0.40168497726022195,False,False,False
2026-02-09 19:30:00+00:00,oos,-0.3394313605429242,0.1776108529402172,False,False,False
2026-02-09 19:45:00+00:00,oos,-0.035119286285979726,0.33056062049642043,False,False,False
2026-02-09 20:00:00+00:00,oos,-0.355906447358792,-0.2635797833936185,False,False,False
2026-02-09 20:15:00+00:00,oos,-0.010713517945369264,-0.1146307974847727,False,False,False
2026-02-09 20:30:00+00:00,oos,0.03494644358219877,-0.6716610078068315,False,False,False
2026-02-09 20:45:00+00:00,oos,-1.1314353035388316,-0.23368922866012062,False,False,False
2026-02-09 21:00:00+00:00,oos,0.06804785757739706,-0.7143578475793808,False,False,False
2026-02-09 21:15:00+00:00,oos,0.18124787402392833,-0.2683815778945523,False,False,False
2026-02-09 21:30:00+00:00,oos,-0.8024067829569452,0.6849578718589798,False,False,False
2026-02-09 21:45:00+00:00,oos,1.4756320117365453,-0.10327015068948531,False,False,False
2026-02-09 22:00:00+00:00,oos,0.09488162934314996,0.6603208107862323,False,False,False
2026-02-09 22:15:00+00:00,oos,-0.6381046925547894,2.1491547340445925,False,True,False
2026-02-09 22:30:00+00:00,oos,0.9162128240267956,0.8769049157251427,False,False,False
2026-02-09 22:45:00+00:00,oos,0.2259157582104258,0.530964772792518,False,False,False
2026-02-09 23:00:00+00:00,oos,0.13638101732894553,-0.9463147802950012,False,False,False
2026-02-09 23:15:00+00:00,oos,-0.7179219448405676,0.17228720562092067,False,False,False
2026-02-09 23:30:00+00:00,oos,0.8467264050849678,-0.08238604169367644,False,False,False
2026-02-09 23:45:00+00:00,oos,-1.3043430644727751,0.000783304121440382,False,False,False
2026-02-10 00:00:00+00:00,oos,-0.5650418660535985,0.4173570539467967,False,False,False
2026-02-10 00:15:00+00:00,oos,-0.018965206527092732,1.0721250985381925,False,False,False
2026-02-10 00:30:00+00:00,oos,-0.7898596049808291,-0.447089318368689,False,False,False
2026-02-10 00:45:00+00:00,oos,-1.1243418790275554,0.15456379052113148,False,False,False
2026-02-10 01:00:00+00:00,oos,1.1899273932577548,0.3534246685490451,False,False,False
2026-02-10 01:15:00+00:00,oos,1.954943026270668,0.25727067453505914,True,False,False
2026-02-10 01:30:00+00:00,oos,0.19112896085789188,0.09074379167828801,False,False,False
2026-02-10 01:45:00+00:00,oos,-1.5280617158145744,0.144365000496923,False,False,False
2026-02-10 02:00:00+00:00,oos,-0.6702378330517883,0.014954814727578548,False,False,False
2026-02-10 02:15:00+00:00,oos,-1.2732089953157633,0.18318117394495265,False,False,False
2026-02-10 02:30:00+00:00,oos,-0.7258667768327884,0.01036468483252865,False,False,False
2026-02-10 02:45:00+00:00,oos,0.2699060738132667,0.4944426266312482,False,False,False
2026-02-10 03:00:00+00:00,oos,-0.5728837889205275,0.7919585094870967,False,False,False
2026-02-10 03:15:00+00:00,oos,-1.3011059672236354,1.6442144490872685,False,True,False
2026-02-10 03:30:00+00:00,oos,-1.8300074169610165,2.328954567133338,True,True,True
2026-02-10 03:45:00+00:00,oos,-0.7551521936273506,-0.7441561573752313,False,False,False
2026-02-10 04:00:00+00:00,oos,0.48017390739054655,-0.14588398662744337,False,False,False
2026-02-10 04:15:00+00:00,oos,-0.8394717452467765,1.0160587794718845,False,False,False
2026-02-10 04:30:00+00:00,oos,-1.6445724886099644,0.8852627629351996,True,False,False
2026-02-10 04:45:00+00:00,oos,-1.8380263883317816,0.14243459481137455,True,False,False
2026-02-10 05:00:00+00:00,oos,-0.6743356207323635,0.3099877377448438,False,False,False
2026-02-10 05:15:00+00:00,oos,-1.726600057262908,1.1276408258770398,True,False,False
2026-02-10 05:30:00+00:00,oos,-1.5453700177513392,-0.0752489794763314,False,False,False
2026-02-10 05:45:00+00:00,oos,-0.8732536051325672,0.019898435012401516,False,False,False
2026-02-10 06:00:00+00:00,oos,-0.03678066824961293,0.24557784090412046,False,False,False
2026-02-10 06:15:00+00:00,oos,-1.4426510782029898,0.05348817732285542,False,False,False
2026-02-10 06:30:00+00:00,oos,-1.425804473050031,-0.016265824132095603,False,False,False
2026-02-10 06:45:00+00:00,oos,-1.3601931826248612,-0.04185355752121906,False,False,False
2026-02-10 07:00:00+00:00,oos,0.00023580476843673367,-0.7929178124670359,False,False,False
2026-02-10 07:15:00+00:00,oos,1.0532796472939463,0.18601747922609616,False,False,False
2026-02-10 07:30:00+00:00,oos,-1.8135503476400479,0.2916649544451221,True,False,False
2026-02-10 07:45:00+00:00,oos,-0.25710575678451714,0.005946905168222058,False,False,False
2026-02-10 08:00:00+00:00,oos,0.5497559992343836,0.09803195724483678,False,False,False
2026-02-10 08:15:00+00:00,oos,-0.9614796297063432,-0.09145659857937483,False,False,False
2026-02-10 08:30:00+00:00,oos,0.2658539644596059,-0.29942094315012807,False,False,False
2026-02-10 08:45:00+00:00,oos,1.3472839717912817,-0.05574470705430463,False,False,False
2026-02-10 09:00:00+00:00,oos,0.9620938577930771,0.42971127004855403,False,False,False
2026-02-10 09:15:00+00:00,oos,1.9091900101014299,-0.3966626894808922,True,False,False
2026-02-10 09:30:00+00:00,oos,-0.0946664659549729,-0.565178731599139,False,False,False
2026-02-10 09:45:00+00:00,oos,-1.7525046512501958,2.3428327351919016,True,True,True
2026-02-10 10:00:00+00:00,oos,-0.35609041911417905,1.1242105587046578,False,False,False
2026-02-10 10:15:00+00:00,oos,-0.6356999756110003,-2.216471412291719,False,False,False
2026-02-10 10:30:00+00:00,oos,-1.8710718753629543,0.2225349686680162,True,False,False
2026-02-10 10:45:00+00:00,oos,1.4884802770738668,0.7992049388610337,False,False,False
2026-02-10 11:00:00+00:00,oos,-1.4019993379763673,-0.2883332465690876,False,False,False
2026-02-10 11:15:00+00:00,oos,-0.4792401446316609,0.021337330340746447,False,False,False
2026-02-10 11:30:00+00:00,oos,-0.33197779755632617,0.8167237317488932,False,False,False
2026-02-10 11:45:00+00:00,oos,-0.8427310117255167,-1.2255052157689184,False,False,False
2026-02-10 12:00:00+00:00,oos,0.006921525373037388,0.4326969755736437,False,False,False
2026-02-10 12:15:00+00:00,oos,1.3234974748622712,-0.2916086351197986,False,False,False
2026-02-10 12:30:00+00:00,oos,-0.40896143622361697,-0.4782817441348621,False,False,False
2026-02-10 12:45:00+00:00,oos,0.5159965129734195,0.4536845131195816,False,False,False
2026-02-10 13:00:00+00:00,oos,-0.20742005863250887,-0.0022623259807436516,False,False,False
2026-02-10 13:15:00+00:00,oos,1.484774138127048,0.7140405631264295,False,False,False
2026-02-10 13:30:00+00:00,oos,0.8563130931573395,0.5589809372798363,False,False,False
2026-02-10 13:45:00+00:00,oos,0.47895302452941174,0.5866557379326448,False,False,False
2026-02-10 14:00:00+00:00,oos,-1.0581484898881977,-0.3294718147560028,False,False,False
2026-02-10 14:15:00+00:00,oos,1.2332648359149132,1.1396134061195002,False,False,False
2026-02-10 14:30:00+00:00,oos,-0.17953604495715325,0.46219924859874717,False,False,False
2026-02-10 14:45:00+00:00,oos,0.8724587092823077,-0.15760610056381416,False,False,False
2026-02-10 15:00:00+00:00,oos,1.449123475226613,0.033443259374165,False,False,False
2026-02-10 15:15:00+00:00,oos,0.43328111567952593,0.7158252941052553,False,False,False
2026-02-10 15:30:00+00:00,oos,0.325273890168823,-0.01148409398119266,False,False,False
2026-02-10 15:45:00+00:00,oos,-0.189193778230881,0.7647491297423821,False,False,False
2026-02-10 16:00:00+00:00,oos,-0.32664365877452367,0.6320293965833088,False,False,False
2026-02-10 16:15:00+00:00,oos,0.41774147146527646,-0.029798211261390536,False,False,False
2026-02-10 16:30:00+00:00,oos,-0.23846853630058507,0.7219114247723368,False,False,False
2026-02-10 16:45:00+00:00,oos,-0.921380124462881,-0.008713204973967636,False,False,False
2026-02-10 17:00:00+00:00,oos,0.023350454632910207,0.6016070764668967,False,False,False
2026-02-10 17:15:00+00:00,oos,1.4154559422504083,-0.09763805394696748,False,False,False
2026-02-10 17:30:00+00:00,oos,1.0886951133853418,-1.1439932242811588,False,False,False
2026-02-10 17:45:00+00:00,oos,0.18915577285690727,-0.3084062625208333,False,False,False
2026-02-10 18:00:00+00:00,oos,0.09968836171928408,-0.4075465345125447,False,False,False
2026-02-10 18:15:00+00:00,oos,0.05576666809336885,0.6994337777878801,False,False,False
2026-02-10 18:30:00+00:00,oos,-0.05389799301915157,0.14595728945194172,False,False,False
2026-02-10 18:45:00+00:00,oos,0.5409454768303564,-0.3542860287908347,False,False,False
2026-02-10 19:00:00+00:00,oos,0.8510728744014832,0.6738186001504397,False,False,False
2026-02-10 19:15:00+00:00,oos,1.7851635337179412,0.1062690218501129,True,False,False
2026-02-10 19:30:00+00:00,oos,0.6107302373488437,0.7709719492452413,False,False,False
2026-02-10 19:45:00+00:00,oos,-0.21338164777741367,-0.04967915245827752,False,False,False
2026-02-10 20:00:00+00:00,oos,0.2952544657748794,-0.12982917312518127,False,False,False
2026-02-10 20:15:00+00:00,oos,-0.17183400408551952,0.05202647717818305,False,False,False
2026-02-10 20:30:00+00:00,oos,-0.09013252109238461,-0.22414723783382393,False,False,False
2026-02-10 20:45:00+00:00,oos,-1.0715748803155958,1.0625022894873448,False,False,False
2026-02-10 21:00:00+00:00,oos,1.0603106053805693,0.20718687149626677,False,False,False
2026-02-10 21:15:00+00:00,oos,-2.1047789869839617,0.9094787312191238,True,False,False
2026-02-10 21:30:00+00:00,oos,0.3302976983789214,0.9837454166709401,False,False,False
2026-02-10 21:45:00+00:00,oos,0.5573181632433286,-0.38534900081688744,False,False,False
2026-02-10 22:00:00+00:00,oos,0.8634637819133758,1.1145278661213576,False,False,False
2026-02-10 22:15:00+00:00,oos,0.7887704165372178,1.10271598425549,False,False,False
2026-02-10 22:30:00+00:00,oos,1.1336297563072413,0.3827799472146053,False,False,False
2026-02-10 22:45:00+00:00,oos,0.6590144386222373,1.879753015504838,False,True,False
2026-02-10 23:00:00+00:00,oos,-0.7728200954780583,-1.2529803904894845,False,False,False
2026-02-10 23:15:00+00:00,oos,-0.7879033684904545,-0.6660926956385168,False,False,False
2026-02-10 23:30:00+00:00,oos,1.9594368215815112,-0.25198874392296966,True,False,False
2026-02-10 23:45:00+00:00,oos,-0.07965554605460556,-0.6871839788632383,False,False,False
2026-02-11 00:00:00+00:00,oos,-0.36578580522149906,-0.013563617694430258,False,False,False
2026-02-11 00:15:00+00:00,oos,0.7719057703366656,-0.13775046078999115,False,False,False
2026-02-11 00:30:00+00:00,oos,0.05841565885087485,0.30431855952909065,False,False,False
2026-02-11 00:45:00+00:00,oos,0.6532333036897591,-0.162637628190173,False,False,False
2026-02-11 01:00:00+00:00,oos,-0.5682119989668644,0.5208141114320888,False,False,False
2026-02-11 01:15:00+00:00,oos,-1.5383605966628229,-0.06033143828547496,False,False,False
2026-02-11 01:30:00+00:00,oos,0.8159099516978874,-0.38043319223847827,False,False,False
2026-02-11 01:45:00+00:00,oos,-0.8170503053872373,-0.021713208716813637,False,False,False
2026-02-11 02:00:00+00:00,oos,0.08615400243646289,0.8799098674942178,False,False,False
2026-02-11 02:15:00+00:00,oos,0.5274636146026704,1.367968137194142,False,True,False
2026-02-11 02:30:00+00:00,oos,-1.7338406178527321,0.24941295711753075,True,False,False
2026-02-11 02:45:00+00:00,oos,-1.5081157688913374,1.393139412171542,False,True,False
2026-02-11 03:00:00+00:00,oos,-0.5977005323705022,-0.33865267383211983,False,False,False
2026-02-11 03:15:00+00:00,oos,0.3050129571299968,0.3263327170942782,False,False,False
2026-02-11 03:30:00+00:00,oos,-1.274548889234607,1.7280518011274082,False,True,False
2026-02-11 03:45:00+00:00,oos,-1.2697716582412548,0.23343826968367248,False,False,False
2026-02-11 04:00:00+00:00,oos,-0.10206801487138233,0.6987961716581371,False,False,False
2026-02-11 04:15:00+00:00,oos,-0.8217689370408959,-0.3084336471512835,False,False,False
2026-02-11 04:30:00+00:00,oos,-0.6391241354258144,0.36665063848532464,False,False,False
2026-02-11 04:45:00+00:00,oos,-1.1197721162873862,0.9584473759196828,False,False,False
2026-02-11 05:00:00+00:00,oos,0.24866038196562143,0.5707962710991071,False,False,False
2026-02-11 05:15:00+00:00,oos,-0.10275270213714274,0.7191782888032633,False,False,False
2026-02-11 05:30:00+00:00,oos,-0.7376284782498703,-0.02993518695222844,False,False,False
2026-02-11 05:45:00+00:00,oos,-0.5870949141111811,-0.03754653012162075,False,False,False
2026-02-11 06:00:00+00:00,oos,-1.1517251619211093,0.9410608626732486,False,False,False
2026-02-11 06:15:00+00:00,oos,-1.2087727834824433,1.003119540558104,False,False,False
2026-02-11 06:30:00+00:00,oos,-0.5583378600439562,-1.0931359118771222,False,False,False
2026-02-11 06:45:00+00:00,oos,-0.10554893094565287,0.24590022407245946,False,False,False
2026-02-11 07:00:00+00:00,oos,0.6093048819776824,-0.0909683806084264,False,False,False
2026-02-11 07:15:00+00:00,oos,0.44412130406437095,-0.33195537471977676,False,False,False
2026-02-11 07:30:00+00:00,oos,0.6902919161903656,0.18765685057260928,False,False,False
2026-02-11 07:45:00+00:00,oos,0.5741484373661747,0.276856076610897,False,False,False
2026-02-11 08:00:00+00:00,oos,-0.6947616966824676,0.8287440388491125,False,False,False
2026-02-11 08:15:00+00:00,oos,-0.10488851759895552,-0.3554399589440748,False,False,False
2026-02-11 08:30:00+00:00,oos,0.8041566812844149,-0.7899858592049566,False,False,False
2026-02-11 08:45:00+00:00,oos,-0.5447593526184724,-0.5651105714558314,False,False,False
2026-02-11 09:00:00+00:00,oos,-0.5727309422340933,-0.243241472122016,False,False,False
2026-02-11 09:15:00+00:00,oos,-1.2041486051615908,0.25977247256796987,False,False,False
2026-02-11 09:30:00+00:00,oos,0.432309231237753,2.399509467394148,False,True,False
2026-02-11 09:45:00+00:00,oos,0.7141172134842625,-1.7629480285476593,False,False,False
2026-02-11 10:00:00+00:00,oos,0.10748061787065796,-0.041545298799927605,False,False,False
2026-02-11 10:15:00+00:00,oos,-0.17306983707186036,-0.47416523409775796,False,False,False
2026-02-11 10:30:00+00:00,oos,-1.1260844167462731,-0.42660258149767216,False,False,False
2026-02-11 10:45:00+00:00,oos,-0.4988740511238442,-0.33466137223765996,False,False,False
2026-02-11 11:00:00+00:00,oos,0.4001518829667233,-0.11955744509130016,False,False,False
2026-02-11 11:15:00+00:00,oos,1.6772349982051769,0.07370519747428822,True,False,False
2026-02-11 11:30:00+00:00,oos,-0.7624820002336785,-0.47691742281094474,False,False,False
2026-02-11 11:45:00+00:00,oos,0.8621979449595427,-0.8297460648775042,False,False,False
2026-02-11 12:00:00+00:00,oos,1.1660022168485278,-0.2931875552829648,False,False,False
2026-02-11 12:15:00+00:00,oos,0.30665321258219475,-0.25195283495094867,False,False,False
2026-02-11 12:30:00+00:00,oos,0.6707237735276834,0.17954397244654713,False,False,False
2026-02-11 12:45:00+00:00,oos,0.7174260120096881,0.20742333160373497,False,False,False
2026-02-11 13:00:00+00:00,oos,-0.9500235397062029,0.17008158402332071,False,False,False
2026-02-11 13:15:00+00:00,oos,0.9710888699958281,0.6535000144082891,False,False,False
2026-02-11 13:30:00+00:00,oos,0.793072831858026,1.229588344356022,False,False,False
2026-02-11 13:45:00+00:00,oos,0.40780423291984674,-0.9272731878527111,False,False,False
2026-02-11 14:00:00+00:00,oos,-1.5811527760587207,1.6610371179551302,True,True,True
2026-02-11 14:15:00+00:00,oos,0.556361856572998,-0.4691235710134711,False,False,False
2026-02-11 14:30:00+00:00,oos,-0.5336387952492758,1.062017060979347,False,False,False
2026-02-11 14:45:00+00:00,oos,-0.7296203865380507,-0.8577368377954367,False,False,False
2026-02-11 15:00:00+00:00,oos,0.25416052568275405,-0.12916746211773605,False,False,False
2026-02-11 15:15:00+00:00,oos,0.31704851475910634,0.3208883496855196,False,False,False
2026-02-11 15:30:00+00:00,oos,-0.1914870683742607,0.5778937459365917,False,False,False
2026-02-11 15:45:00+00:00,oos,0.9787230200650393,0.3805857474048311,False,False,False
2026-02-11 16:00:00+00:00,oos,-0.1452184733792683,0.07428204364749488,False,False,False
2026-02-11 16:15:00+00:00,oos,0.5723446399447367,0.21027943446609035,False,False,False
2026-02-11 16:30:00+00:00,oos,-0.37656346627207965,-0.25899277946018495,False,False,False
2026-02-11 16:45:00+00:00,oos,1.3926624046351481,0.3336444715656417,False,False,False
2026-02-11 17:00:00+00:00,oos,0.5585207978165068,0.6575002071506608,False,False,False
2026-02-11 17:15:00+00:00,oos,-0.30331292760392065,-0.13120107259027708,False,False,False
2026-02-11 17:30:00+00:00,oos,-0.12994586938062316,-0.14112340577815943,False,False,False
2026-02-11 17:45:00+00:00,oos,-0.4247885673397971,0.3084034248656045,False,False,False
2026-02-11 18:00:00+00:00,oos,0.37310281791782635,0.24270359214302167,False,False,False
2026-02-11 18:15:00+00:00,oos,-0.4727611705320443,-0.5711210218580203,False,False,False
2026-02-11 18:30:00+00:00,oos,-0.09134672043749159,-1.2164814625796192,False,False,False
2026-02-11 18:45:00+00:00,oos,1.5647938773995935,-0.6517779499925357,False,False,False
2026-02-11 19:00:00+00:00,oos,-0.15214119166209464,-0.6691481057263353,False,False,False
2026-02-11 19:15:00+00:00,oos,0.7413686523559121,0.2975632646214175,False,False,False
2026-02-11 19:30:00+00:00,oos,-0.5308961261147386,-0.28792338590978933,False,False,False
2026-02-11 19:45:00+00:00,oos,-1.041420167946559,0.1874555731985892,False,False,False
2026-02-11 20:00:00+00:00,oos,-0.008234731370136309,0.8249942766384502,False,False,False
2026-02-11 20:15:00+00:00,oos,-0.7799082271245773,0.969940136417584,False,False,False
2026-02-11 20:30:00+00:00,oos,0.8716997887253527,1.184910871952924,False,False,False
2026-02-11 20:45:00+00:00,oos,-0.25978692345010496,0.2536545349153427,False,False,False
2026-02-11 21:00:00+00:00,oos,1.2553876993252109,0.5246770325958868,False,False,False
2026-02-11 21:15:00+00:00,oos,1.358451634448404,-0.07084782651803115,False,False,False
2026-02-11 21:30:00+00:00,oos,1.6480502023716639,0.7405733993720325,True,False,False
2026-02-11 21:45:00+00:00,oos,-0.2223958388532403,0.47289419133661725,False,False,False
2026-02-11 22:00:00+00:00,oos,-0.9939863717832453,1.3059519032798081,False,True,False
2026-02-11 22:15:00+00:00,oos,-0.21086602301635232,1.6209134739402595,False,True,False
2026-02-11 22:30:00+00:00,oos,-0.473996347405085,2.295849142507671,False,True,False
2026-02-11 22:45:00+00:00,oos,-0.5764214151196387,1.9676806466256134,False,True,False
2026-02-11 23:00:00+00:00,oos,1.2975218406820384,-1.6072914719537974,False,False,False
2026-02-11 23:15:00+00:00,oos,-1.228225383244676,-0.8263217082711763,False,False,False
2026-02-11 23:30:00+00:00,oos,0.5130091066762439,0.084000271149958,False,False,False
2026-02-11 23:45:00+00:00,oos,0.8445317113733857,0.34006140521683276,False,False,False
2026-02-12 00:00:00+00:00,oos,1.4592565114086604,0.20016682340773942,False,False,False
2026-02-12 00:15:00+00:00,oos,0.2270509537336916,-0.5034613823451553,False,False,False
2026-02-12 00:30:00+00:00,oos,1.4084815449293202,-0.21128956449699068,False,False,False
2026-02-12 00:45:00+00:00,oos,-1.4373045670438886,0.25804248136246694,False,False,False
2026-02-12 01:00:00+00:00,oos,0.040871359729009155,1.199464154517172,False,False,False
2026-02-12 01:15:00+00:00,oos,0.7094550709970538,0.5429340975171909,False,False,False
2026-02-12 01:30:00+00:00,oos,1.3129744017193954,1.0367545231571058,False,False,False
2026-02-12 01:45:00+00:00,oos,-0.44526093458417676,0.38494297928867144,False,False,False
2026-02-12 02:00:00+00:00,oos,0.08160794105354462,0.6423895778784441,False,False,False
2026-02-12 02:15:00+00:00,oos,-0.37628204061535586,0.4174877476887858,False,False,False
2026-02-12 02:30:00+00:00,oos,-0.7133462392069005,0.930011093558004,False,False,False
2026-02-12 02:45:00+00:00,oos,-0.9811140044008656,0.5949733763450908,False,False,False
2026-02-12 03:00:00+00:00,oos,-2.044579872773681,0.6090319294111978,True,False,False
2026-02-12 03:15:00+00:00,oos,0.21476074569362474,0.5126033420269617,False,False,False
2026-02-12 03:30:00+00:00,oos,0.35532653121119245,0.741769287180933,False,False,False
2026-02-12 03:45:00+00:00,oos,1.0056444312015917,0.552316713608972,False,False,False
2026-02-12 04:00:00+00:00,oos,1.0941183066487616,1.021087920607773,False,False,False
2026-02-12 04:15:00+00:00,oos,-2.1752497137040603,1.880103663858608,True,True,True
2026-02-12 04:30:00+00:00,oos,-0.2677194670942031,0.17657629984210305,False,False,False
2026-02-12 04:45:00+00:00,oos,-0.3663445943552679,0.312828044288181,False,False,False
2026-02-12 05:00:00+00:00,oos,-1.5729254712464975,1.3174120394483417,True,True,True
2026-02-12 05:15:00+00:00,oos,-0.5488808978763265,0.536067870957678,False,False,False
2026-02-12 05:30:00+00:00,oos,0.8142402489492697,-0.06686664520319455,False,False,False
2026-02-12 05:45:00+00:00,oos,0.7236601029154014,0.30230500034295793,False,False,False
2026-02-12 06:00:00+00:00,oos,1.105652897097699,0.8135176955797768,False,False,False
2026-02-12 06:15:00+00:00,oos,2.0166338230768193,0.41744084106259366,True,False,False
2026-02-12 06:30:00+00:00,oos,0.35412146325369154,0.720015467772671,False,False,False
2026-02-12 06:45:00+00:00,oos,-1.2609181608275013,-0.4403490305664674,False,False,False
2026-02-12 07:00:00+00:00,oos,0.3595143777941557,0.32640854673763525,False,False,False
2026-02-12 07:15:00+00:00,oos,0.4414260111670157,-0.6262851484048081,False,False,False
2026-02-12 07:30:00+00:00,oos,-0.2934232185690986,0.7535879586862646,False,False,False
2026-02-12 07:45:00+00:00,oos,1.0692121337906626,0.6880572662930156,False,False,False
2026-02-12 08:00:00+00:00,oos,0.9248480986127324,0.9182197736779644,False,False,False
2026-02-12 08:15:00+00:00,oos,-0.9203284126582276,0.33092755201018353,False,False,False
2026-02-12 08:30:00+00:00,oos,-0.5794288127245344,0.5959718019572747,False,False,False
2026-02-12 08:45:00+00:00,oos,2.016737212489749,0.6624571546487715,True,False,False
2026-02-12 09:00:00+00:00,oos,0.4623483542975755,0.9520290482180799,False,False,False
2026-02-12 09:15:00+00:00,oos,-0.24393705841306643,-0.3186823293448892,False,False,False
2026-02-12 09:30:00+00:00,oos,-0.5332682343186483,0.5272871450499951,False,False,False
2026-02-12 09:45:00+00:00,oos,-0.3490897147429357,1.957802742000688,False,True,False
2026-02-12 10:00:00+00:00,oos,0.21269186995968,-1.952965078550491,False,False,False
2026-02-12 10:15:00+00:00,oos,0.003937298497896252,-0.18659794596173196,False,False,False
2026-02-12 10:30:00+00:00,oos,-0.9873436125733978,-0.16641613311681214,False,False,False
2026-02-12 10:45:00+00:00,oos,0.668992559223011,0.26226433386718834,False,False,False
2026-02-12 11:00:00+00:00,oos,0.025172765611762547,0.35654101965640533,False,False,False
2026-02-12 11:15:00+00:00,oos,0.8483371090411662,0.9005611166203188,False,False,False
2026-02-12 11:30:00+00:00,oos,-0.9840273389817341,3.171805920705523,False,True,False
2026-02-12 11:45:00+00:00,oos,0.18160700702666763,-0.26847398625940166,False,False,False
2026-02-12 12:00:00+00:00,oos,-0.8400715237586197,1.6101661075603493,False,True,False
2026-02-12 12:15:00+00:00,oos,-1.2958442931193357,0.036097037382433333,False,False,False
2026-02-12 12:30:00+00:00,oos,0.10075644804059289,0.5477705755546898,False,False,False
2026-02-12 12:45:00+00:00,oos,0.1058532413553495,1.03559420066205,False,False,False
2026-02-12 13:00:00+00:00,oos,0.7782312767664411,0.6073891547178015,False,False,False
2026-02-12 13:15:00+00:00,oos,-1.526372159218491,0.23978306874939073,False,False,False
2026-02-12 13:30:00+00:00,oos,1.5178270235284024,2.3995187742118964,False,True,False
2026-02-12 13:45:00+00:00,oos,0.08141326834988714,1.509434580570441,False,True,False
2026-02-12 14:00:00+00:00,oos,-1.0677427146322949,0.6363257075048562,False,False,False
2026-02-12 14:15:00+00:00,oos,0.9720030697756472,0.48101416840349526,False,False,False
2026-02-12 14:30:00+00:00,oos,-0.5074161434690263,1.213611190508108,False,False,False
2026-02-12 14:45:00+00:00,oos,-0.55709601452269,0.0068119427631679365,False,False,False
2026-02-12 15:00:00+00:00,oos,0.013859342090885277,0.6678459594537269,False,False,False
2026-02-12 15:15:00+00:00,oos,-0.02854029659200474,0.05447275561862172,False,False,False
2026-02-12 15:30:00+00:00,oos,0.6828784304209172,0.9411402073297688,False,False,False
2026-02-12 15:45:00+00:00,oos,0.682327877289005,0.7242397011112638,False,False,False
2026-02-12 16:00:00+00:00,oos,0.8393842327277962,0.8105690013101584,False,False,False
2026-02-12 16:15:00+00:00,oos,-0.08168473731604253,0.44798169755300266,False,False,False
2026-02-12 16:30:00+00:00,oos,-0.36976258250840777,0.3145960628985994,False,False,False
2026-02-12 16:45:00+00:00,oos,-0.38739815639711517,0.7013802404816805,False,False,False
2026-02-12 17:00:00+00:00,oos,0.615157248658916,1.089992096084017,False,False,False
2026-02-12 17:15:00+00:00,oos,0.23460440339108599,0.5919068885492325,False,False,False
2026-02-12 17:30:00+00:00,oos,0.2863992345130823,0.9020746966753526,False,False,False
2026-02-12 17:45:00+00:00,oos,-1.4184259621338973,0.7733434935188719,False,False,False
2026-02-12 18:00:00+00:00,oos,0.5917752652124261,0.8085192861133687,False,False,False
2026-02-12 18:15:00+00:00,oos,-1.2933187754783608,-0.044232853069963635,False,False,False
2026-02-12 18:30:00+00:00,oos,-0.6395539420638415,-0.1257175542111739,False,False,False
2026-02-12 18:45:00+00:00,oos,1.5723912809723175,0.1301979227894489,True,False,False
2026-02-12 19:00:00+00:00,oos,-1.1123349868133738,0.24605473281183526,False,False,False
2026-02-12 19:15:00+00:00,oos,0.3555826767450388,0.38594288757561296,False,False,False
2026-02-12 19:30:00+00:00,oos,0.686934337923129,0.40819674789179977,False,False,False
2026-02-12 19:45:00+00:00,oos,-0.4201388351564903,0.7777616172158973,False,False,False
2026-02-12 20:00:00+00:00,oos,-0.44985056653359146,0.7375690764311131,False,False,False
2026-02-12 20:15:00+00:00,oos,-0.49848070326942334,0.9204343337880996,False,False,False
2026-02-12 20:30:00+00:00,oos,-0.2827837761444097,0.383200640012106,False,False,False
2026-02-12 20:45:00+00:00,oos,-0.2388153841939888,0.9344386284522341,False,False,False
2026-02-12 21:00:00+00:00,oos,1.3885090972464107,0.18043773635964508,False,False,False
2026-02-12 21:15:00+00:00,oos,0.37897588983654656,-0.11492685955650386,False,False,False
2026-02-12 21:30:00+00:00,oos,0.6087469584716837,-0.35243011901225546,False,False,False
2026-02-12 21:45:00+00:00,oos,0.3665328597395229,0.2999949912986279,False,False,False
2026-02-12 22:00:00+00:00,oos,-0.41368923740382524,0.5717045037685569,False,False,False
2026-02-12 22:15:00+00:00,oos,1.3288755493964404,0.7393943585317628,False,False,False
2026-02-12 22:30:00+00:00,oos,-0.6194194876301393,1.6580552264008057,False,True,False
2026-02-12 22:45:00+00:00,oos,1.026320498140529,1.2998654335499131,False,True,False
2026-02-12 23:00:00+00:00,oos,0.7444580187221601,-0.39133934222402883,False,False,False
2026-02-12 23:15:00+00:00,oos,1.0810820784281894,-1.1474058588962384,False,False,False
2026-02-12 23:30:00+00:00,oos,-1.5933627124571093,-0.13235977154226225,True,False,False
2026-02-12 23:45:00+00:00,oos,-0.05216118185206907,-0.14457848498288992,False,False,False
2026-02-13 00:00:00+00:00,oos,-0.0438105633326513,0.4559299348248546,False,False,False
2026-02-13 00:15:00+00:00,oos,-1.2986991692599534,-0.5577246738373915,False,False,False
2026-02-13 00:30:00+00:00,oos,0.7485284482085149,-0.07214559773058722,False,False,False
2026-02-13 00:45:00+00:00,oos,1.5658947110290102,-0.6132534620498085,False,False,False
2026-02-13 01:00:00+00:00,oos,0.8613810625311416,0.32658252999884446,False,False,False
2026-02-13 01:15:00+00:00,oos,-0.8435181926203168,-0.019819419190519744,False,False,False
2026-02-13 01:30:00+00:00,oos,1.369126052404601,-0.2055107022809823,False,False,False
2026-02-13 01:45:00+00:00,oos,1.5068199326805114,0.7390159618399758,False,False,False
2026-02-13 02:00:00+00:00,oos,0.9558399886650703,0.7401825566831052,False,False,False
2026-02-13 02:15:00+00:00,oos,-0.9755124750716307,0.6210617210112224,False,False,False
2026-02-13 02:30:00+00:00,oos,-0.9308826756641683,0.8311952140858764,False,False,False
2026-02-13 02:45:00+00:00,oos,0.8603576762366089,0.25636485668632863,False,False,False
2026-02-13 03:00:00+00:00,oos,0.7840180353210157,0.4023818742900905,False,False,False
2026-02-13 03:15:00+00:00,oos,0.4557628693897753,-0.3200518774332089,False,False,False
2026-02-13 03:30:00+00:00,oos,-0.3918139888085386,0.8046674517542148,False,False,False
2026-02-13 03:45:00+00:00,oos,-0.6705978038024064,0.45594631055689955,False,False,False
2026-02-13 04:00:00+00:00,oos,-0.29022098984950706,-0.055070933278686264,False,False,False
2026-02-13 04:15:00+00:00,oos,-0.6184428614625153,0.4996752571688004,False,False,False
2026-02-13 04:30:00+00:00,oos,-0.43905603810597993,0.08275743516791717,False,False,False
2026-02-13 04:45:00+00:00,oos,-1.015054565802188,0.5126186921637779,False,False,False
2026-02-13 05:00:00+00:00,oos,-1.0871034472593104,0.3017764536947242,False,False,False
2026-02-13 05:15:00+00:00,oos,-1.1861961932480616,0.1819965543426297,False,False,False
2026-02-13 05:30:00+00:00,oos,0.39928400689384774,0.09491580167773819,False,False,False
2026-02-13 05:45:00+00:00,oos,-1.592320797745673,-0.2531974865682666,True,False,False
2026-02-13 06:00:00+00:00,oos,0.5271570617984331,0.25509224694129984,False,False,False
2026-02-13 06:15:00+00:00,oos,-0.14338162913614233,-0.04357948536621604,False,False,False
2026-02-13 06:30:00+00:00,oos,0.6164063613434667,0.3002115924415854,False,False,False
2026-02-13 06:45:00+00:00,oos,0.38815258363573907,-0.18707965804843674,False,False,False
2026-02-13 07:00:00+00:00,oos,1.2181992601524598,-0.02577965093428283,False,False,False
2026-02-13 07:15:00+00:00,oos,-0.9300731465600289,-0.3692043760969466,False,False,False
2026-02-13 07:30:00+00:00,oos,-1.1724458596169636,-0.49686514886044786,False,False,False
2026-02-13 07:45:00+00:00,oos,-1.0021478432858582,-0.06357074092461241,False,False,False
2026-02-13 08:00:00+00:00,oos,-0.7326436465364102,-0.11268819795875819,False,False,False
2026-02-13 08:15:00+00:00,oos,-1.00952851526382,-0.3836538400841111,False,False,False
2026-02-13 08:30:00+00:00,oos,-0.5513579069874788,-0.17615193364611517,False,False,False
2026-02-13 08:45:00+00:00,oos,0.9466056737795846,-0.2611403847830052,False,False,False
2026-02-13 09:00:00+00:00,oos,-0.0012654890516315867,-0.20290535542067928,False,False,False
2026-02-13 09:15:00+00:00,oos,-0.28660870923233706,0.11677047685859472,False,False,False
2026-02-13 09:30:00+00:00,oos,0.4810466803105642,-0.05577662166040375,False,False,False
2026-02-13 09:45:00+00:00,oos,1.2323513423739738,0.43441617469552346,False,False,False
2026-02-13 10:00:00+00:00,oos,-0.07202682690331574,-0.40857109289546717,False,False,False
2026-02-13 10:15:00+00:00,oos,0.3497436225052698,-0.038384376389141016,False,False,False
2026-02-13 10:30:00+00:00,oos,1.1714313975877984,-0.3577499501188235,False,False,False
2026-02-13 10:45:00+00:00,oos,0.6798875291020864,0.33450425235156606,False,False,False
2026-02-13 11:00:00+00:00,oos,0.07062475578015151,0.4497333507724576,False,False,False
2026-02-13 11:15:00+00:00,oos,0.3588456089310695,0.08407001946276561,False,False,False
2026-02-13 11:30:00+00:00,oos,-0.1168421479948323,0.513052878094504,False,False,False
2026-02-13 11:45:00+00:00,oos,-0.17211716454194492,0.05675249754427855,False,False,False
2026-02-13 12:00:00+00:00,oos,0.6743439160180535,0.6173902041708249,False,False,False
2026-02-13 12:15:00+00:00,oos,0.1146613930423614,0.5468704246076511,False,False,False
2026-02-13 12:30:00+00:00,oos,-1.4652845505912664,-0.2239344826131574,False,False,False
2026-02-13 12:45:00+00:00,oos,0.955269375603419,0.12414780920706853,False,False,False
2026-02-13 13:00:00+00:00,oos,-0.8102070826947302,0.5441028833236804,False,False,False
2026-02-13 13:15:00+00:00,oos,1.220138188232265,0.9778735817508052,False,False,False
2026-02-13 13:30:00+00:00,oos,0.7211458713000727,1.2034954340714514,False,False,False
2026-02-13 13:45:00+00:00,oos,0.5202946010121842,-0.09990783608872848,False,False,False
2026-02-13 14:00:00+00:00,oos,-0.16978948902350202,0.9390666253737526,False,False,False
2026-02-13 14:15:00+00:00,oos,1.0646873017661926,1.3816568575406396,False,True,False
2026-02-13 14:30:00+00:00,oos,-0.24633469587057258,0.8381442704062607,False,False,False
2026-02-13 14:45:00+00:00,oos,-0.9677527436377292,0.0721280828826505,False,False,False
2026-02-13 15:00:00+00:00,oos,0.38042913371087506,0.023887008346971272,False,False,False
2026-02-13 15:15:00+00:00,oos,-0.37818653300460253,0.521984343721862,False,False,False
2026-02-13 15:30:00+00:00,oos,0.2707223329543944,-0.7246087713541391,False,False,False
2026-02-13 15:45:00+00:00,oos,0.5317695203618756,-0.10416570213244727,False,False,False
2026-02-13 16:00:00+00:00,oos,0.7248896137044619,0.8471709674913148,False,False,False
2026-02-13 16:15:00+00:00,oos,0.7220054644834899,0.8477263491154565,False,False,False
2026-02-13 16:30:00+00:00,oos,0.227047564710513,0.48702039996213015,False,False,False
2026-02-13 16:45:00+00:00,oos,0.03318935816269921,0.4000749245825151,False,False,False
2026-02-13 17:00:00+00:00,oos,-0.6578494453926239,0.5223804410084308,False,False,False
2026-02-13 17:15:00+00:00,oos,1.3348053299573275,0.4570033788803208,False,False,False
2026-02-13 17:30:00+00:00,oos,1.2251640392272114,0.1129068584573031,False,False,False
2026-02-13 17:45:00+00:00,oos,0.12180391153248013,0.20762135244357705,False,False,False
2026-02-13 18:00:00+00:00,oos,0.5636812016759425,0.5169191239789532,False,False,False
2026-02-13 18:15:00+00:00,oos,-0.6121137541740646,1.100797821929925,False,False,False
2026-02-13 18:30:00+00:00,oos,-0.34883029718616254,0.11307500954026446,False,False,False
2026-02-13 18:45:00+00:00,oos,0.0698134986118633,0.10296421572067614,False,False,False
2026-02-13 19:00:00+00:00,oos,1.66949802555684,0.37379393073564354,True,False,False
2026-02-13 19:15:00+00:00,oos,0.3190995805608995,-0.03924039901929118,False,False,False
2026-02-13 19:30:00+00:00,oos,-1.468645114284665,1.208705786406773,False,False,False
2026-02-13 19:45:00+00:00,oos,-0.5869345079568279,0.5321040456867439,False,False,False
2026-02-13 20:00:00+00:00,oos,-0.6567636377461752,1.0461752923499223,False,False,False
2026-02-13 20:15:00+00:00,oos,-0.04577352477489854,0.8812123907026921,False,False,False
2026-02-13 20:30:00+00:00,oos,0.06394081014777861,0.8071681297372122,False,False,False
2026-02-13 20:45:00+00:00,oos,1.2097599677881938,0.28947523008534515,False,False,False
2026-02-13 21:00:00+00:00,oos,1.8351517199606997,0.3696059855347529,True,False,False
2026-02-13 21:15:00+00:00,oos,-0.78463971685479,-0.4478940230637859,False,False,False
2026-02-13 21:30:00+00:00,oos,0.5021559049040011,0.8325583996048449,False,False,False
2026-02-13 21:45:00+00:00,oos,1.9734470782406819,0.3029028271986612,True,False,False
2026-02-13 22:00:00+00:00,oos,-0.563001262216175,0.9291893498078476,False,False,False
2026-02-13 22:15:00+00:00,oos,0.9811337774796923,2.9331151646766487,False,True,False
2026-02-13 22:30:00+00:00,oos,-0.23409848983133352,2.0007436967800736,False,True,False
2026-02-13 22:45:00+00:00,oos,0.739930838392285,1.663862094637478,False,True,False
2026-02-13 23:00:00+00:00,oos,-0.557921641918867,-0.5637335632698935,False,False,False
2026-02-13 23:15:00+00:00,oos,0.27407957436981695,-0.4921289584856159,False,False,False
2026-02-13 23:30:00+00:00,oos,-3.016119184937348,0.9650578703606838,True,False,False
2026-02-13 23:45:00+00:00,oos,-1.2694961509082032,0.3888288947293334,False,False,False
2026-02-14 00:00:00+00:00,oos,-0.06855537840060963,0.8322950854716179,False,False,False
2026-02-14 00:15:00+00:00,oos,-0.17585974143860186,-0.11319741899218988,False,False,False
2026-02-14 00:30:00+00:00,oos,1.582166859585426,0.3268821794308943,True,False,False
2026-02-14 00:45:00+00:00,oos,-0.18462453196472556,0.03687109719028576,False,False,False
2026-02-14 01:00:00+00:00,oos,0.4581291244247701,0.36104214254160005,False,False,False
2026-02-14 01:15:00+00:00,oos,0.08695153051728308,0.2117763264218995,False,False,False
2026-02-14 01:30:00+00:00,oos,-0.4124539040816671,1.0834463262084442,False,False,False
2026-02-14 01:45:00+00:00,oos,-1.3184073865607584,0.6898113789556358,False,False,False
2026-02-14 02:00:00+00:00,oos,-1.1041243600475843,0.43661751566186424,False,False,False
2026-02-14 02:15:00+00:00,oos,-0.26320773896232913,0.18328380685834547,False,False,False
2026-02-14 02:30:00+00:00,oos,1.9483271446063979,0.060089207633212315,True,False,False
2026-02-14 02:45:00+00:00,oos,-0.5064874274601684,0.19772166504322003,False,False,False
2026-02-14 03:00:00+00:00,oos,1.7563956511082626,1.383922215339743,True,True,True
2026-02-14 03:15:00+00:00,oos,1.4637634187306965,0.8465236453708778,False,False,False
2026-02-14 03:30:00+00:00,oos,-0.6182625787811541,1.116201826072659,False,False,False
2026-02-14 03:45:00+00:00,oos,1.1926809567279577,0.7690837281387505,False,False,False
2026-02-14 04:00:00+00:00,oos,-0.6346568780837064,0.6162942993807414,False,False,False
2026-02-14 04:15:00+00:00,oos,0.9836963829969112,1.0218787487788084,False,False,False
2026-02-14 04:30:00+00:00,oos,0.7300156624075542,1.017701676555696,False,False,False
2026-02-14 04:45:00+00:00,oos,-1.4738802108999496,0.4287448101927396,False,False,False
2026-02-14 05:00:00+00:00,oos,0.1478172745571944,0.9503402462933692,False,False,False
2026-02-14 05:15:00+00:00,oos,0.7033719688179912,1.0510949701281012,False,False,False
2026-02-14 05:30:00+00:00,oos,2.828842272096637,0.9736058923355543,True,False,False
2026-02-14 05:45:00+00:00,oos,-0.31685755272183963,1.660269412784701,False,True,False
2026-02-14 06:00:00+00:00,oos,-0.7778460934175928,1.5172853583543673,False,True,False
2026-02-14 06:15:00+00:00,oos,1.9550202112292483,-0.043342231196483894,True,False,False
2026-02-14 06:30:00+00:00,oos,1.871676504168933,0.957648912988127,True,False,False
2026-02-14 06:45:00+00:00,oos,0.276293899533331,0.7562064382124538,False,False,False
2026-02-14 07:00:00+00:00,oos,-0.35283380570120104,-0.19319169150861926,False,False,False
2026-02-14 07:15:00+00:00,oos,-1.2144918446390687,0.1761596438948096,False,False,False
2026-02-14 07:30:00+00:00,oos,0.4249451394884578,0.03963412115892437,False,False,False
2026-02-14 07:45:00+00:00,oos,0.46575235332658227,0.7695184537290732,False,False,False
2026-02-14 08:00:00+00:00,oos,1.252722181132298,1.1034768699939748,False,False,False
2026-02-14 08:15:00+00:00,oos,-1.6584254870851791,0.5237346207227125,True,False,False
2026-02-14 08:30:00+00:00,oos,-0.033524747711480125,-0.43627930646823126,False,False,False
2026-02-14 08:45:00+00:00,oos,0.17323673145828156,0.6865391764518497,False,False,False
2026-02-14 09:00:00+00:00,oos,1.1651777830494063,0.3684619001572565,False,False,False
2026-02-14 09:15:00+00:00,oos,-0.274438919003997,0.16580421560227682,False,False,False
2026-02-14 09:30:00+00:00,oos,0.2848232425724626,0.2740891263782908,False,False,False
2026-02-14 09:45:00+00:00,oos,-0.2845347804774376,0.008260145771716665,False,False,False
2026-02-14 10:00:00+00:00,oos,-1.2128796872027259,1.4036564227797876,False,True,False
2026-02-14 10:15:00+00:00,oos,1.5392479627502809,0.6178183121525455,False,False,False
2026-02-14 10:30:00+00:00,oos,0.6555140401980152,1.4626357797144347,False,True,False
2026-02-14 10:45:00+00:00,oos,0.672733039101262,0.6390320548138961,False,False,False
2026-02-14 11:00:00+00:00,oos,1.4069038728982404,0.5602428449937777,False,False,False
2026-02-14 11:15:00+00:00,oos,0.9271909304868897,1.5657735410570437,False,True,False
2026-02-14 11:30:00+00:00,oos,-0.18513127286750208,1.6249590454771254,False,True,False
2026-02-14 11:45:00+00:00,oos,0.8081866656041407,1.3338548810507238,False,True,False
2026-02-14 12:00:00+00:00,oos,0.2407565044915239,0.4850946086529775,False,False,False
2026-02-14 12:15:00+00:00,oos,-1.3153774968273095,0.608921271358634,False,False,False
2026-02-14 12:30:00+00:00,oos,-1.8664378834286803,1.513070450752388,True,True,True
2026-02-14 12:45:00+00:00,oos,-0.6904805258220179,1.4586992383297301,False,True,False
2026-02-14 13:00:00+00:00,oos,0.025031035301584185,1.2407097068644242,False,False,False
2026-02-14 13:15:00+00:00,oos,-1.0473879044969634,1.3396041932529614,False,True,False
2026-02-14 13:30:00+00:00,oos,0.9586612186577319,0.8465761304712379,False,False,False
2026-02-14 13:45:00+00:00,oos,-0.6715917575433215,0.7072558482212136,False,False,False
2026-02-14 14:00:00+00:00,oos,0.14800313155418604,1.645976948696211,False,True,False
2026-02-14 14:15:00+00:00,oos,1.3433174150894465,2.1291007712792465,False,True,False
2026-02-14 14:30:00+00:00,oos,2.585751644415093,1.1259068252695041,True,False,False
2026-02-14 14:45:00+00:00,oos,0.6752270915875389,1.5119219380759448,False,True,False
2026-02-14 15:00:00+00:00,oos,-0.4666183643599978,1.0247420847499178,False,False,False
2026-02-14 15:15:00+00:00,oos,0.9567244450723456,0.9608350653855279,False,False,False
2026-02-14 15:30:00+00:00,oos,0.32067013023589874,1.9460816178084253,False,True,False
2026-02-14 15:45:00+00:00,oos,-0.14676921801367657,1.3831589364081707,False,True,False
2026-02-14 16:00:00+00:00,oos,-0.23652985661473339,1.5106978168415475,False,True,False
2026-02-14 16:15:00+00:00,oos,-0.7312344435146458,1.1722796920380356,False,False,False
2026-02-14 16:30:00+00:00,oos,0.6731276355803376,1.9438126711307606,False,True,False
2026-02-14 16:45:00+00:00,oos,1.3674592215847807,0.7649103931921818,False,False,False
2026-02-14 17:00:00+00:00,oos,0.740378162162479,-0.03554852443963574,False,False,False
2026-02-14 17:15:00+00:00,oos,0.9275979759154805,1.3212434265846063,False,True,False
2026-02-14 17:30:00+00:00,oos,0.06900939039489666,1.5289938439498918,False,True,False
2026-02-14 17:45:00+00:00,oos,-0.15470028400841201,1.3358066231842536,False,True,False
2026-02-14 18:00:00+00:00,oos,-0.7901370639926496,0.956297022191321,False,False,False
2026-02-14 18:15:00+00:00,oos,0.6581859768155771,0.9389078983941038,False,False,False
2026-02-14 18:30:00+00:00,oos,1.216763158444481,1.3661380362103324,False,True,False
2026-02-14 18:45:00+00:00,oos,1.0817688683022062,1.1424097789091647,False,False,False
2026-02-14 19:00:00+00:00,oos,0.3034224857019192,1.4891053356106019,False,True,False
2026-02-14 19:15:00+00:00,oos,1.0495475109803858,2.450001431141188,False,True,False
2026-02-14 19:30:00+00:00,oos,0.5328835603163647,1.739700921736091,False,True,False
2026-02-14 19:45:00+00:00,oos,0.32474609400340815,0.9373627290966156,False,False,False
2026-02-14 20:00:00+00:00,oos,1.06661082255595,1.000679736635639,False,False,False
2026-02-14 20:15:00+00:00,oos,-1.215552664403656,0.9602779160102621,False,False,False
2026-02-14 20:30:00+00:00,oos,0.6919179921608233,0.5906170681069587,False,False,False
2026-02-14 20:45:00+00:00,oos,1.3212068980129756,0.4806966329216883,False,False,False
2026-02-14 21:00:00+00:00,oos,0.3389445683655856,1.2190026986959213,False,False,False
2026-02-14 21:15:00+00:00,oos,-0.9269232997273367,0.6014961914136477,False,False,False
2026-02-14 21:30:00+00:00,oos,-0.4362810201757507,0.46761278389182476,False,False,False
2026-02-14 21:45:00+00:00,oos,-0.23321496546661497,0.399555641141855,False,False,False
2026-02-14 22:00:00+00:00,oos,1.172589791818423,1.12434016010368,False,False,False
2026-02-14 22:15:00+00:00,oos,-0.7079780679370696,2.5089224908978722,False,True,False
2026-02-14 22:30:00+00:00,oos,0.3201765537325934,0.90015880472172,False,False,False
2026-02-14 22:45:00+00:00,oos,1.5723483583133813,0.7985303011515877,True,False,False
2026-02-14 23:00:00+00:00,oos,-0.03161738522940405,-0.5555277518105611,False,False,False
2026-02-14 23:15:00+00:00,oos,-0.6170554145127628,-0.7358529037486082,False,False,False
2026-02-14 23:30:00+00:00,oos,0.5997678041132553,0.9469797172749359,False,False,False
2026-02-14 23:45:00+00:00,oos,-0.33199454254884975,0.6134812220775441,False,False,False
2026-02-15 00:00:00+00:00,oos,-0.21550746619273417,1.5073040368047708,False,True,False
2026-02-15 00:15:00+00:00,oos,-0.6883801139609351,-0.009434703027452026,False,False,False
2026-02-15 00:30:00+00:00,oos,-1.4613061689473585,-0.08547441699530345,False,False,False
2026-02-15 00:45:00+00:00,oos,-1.1814070648414803,0.15397373678837975,False,False,False
2026-02-15 01:00:00+00:00,oos,0.9229710661692283,0.6247460249284822,False,False,False
2026-02-15 01:15:00+00:00,oos,-0.6678531579387246,0.40544135769247186,False,False,False
2026-02-15 01:30:00+00:00,oos,-0.5401831297934114,0.06431769993956253,False,False,False
2026-02-15 01:45:00+00:00,oos,-0.5871573038423689,0.07214298732952328,False,False,False
2026-02-15 02:00:00+00:00,oos,-1.8058604290979419,0.6748940704488324,True,False,False
2026-02-15 02:15:00+00:00,oos,-0.40657622815228306,0.5309612742817872,False,False,False
2026-02-15 02:30:00+00:00,oos,-1.633170456042118,0.43133959257309196,True,False,False
2026-02-15 02:45:00+00:00,oos,0.18791323961325876,-0.06442221333806666,False,False,False
2026-02-15 03:00:00+00:00,oos,0.2281830841075414,0.22788164913968537,False,False,False
2026-02-15 03:15:00+00:00,oos,-0.6448110338143815,0.3920624881793711,False,False,False
2026-02-15 03:30:00+00:00,oos,-0.8712777808959054,0.9378285035426315,False,False,False
2026-02-15 03:45:00+00:00,oos,0.7610926436692697,0.3625403282918342,False,False,False
2026-02-15 04:00:00+00:00,oos,-0.3179174394112586,0.7830653625390364,False,False,False
2026-02-15 04:15:00+00:00,oos,0.31021785859928874,0.39603243681904565,False,False,False
2026-02-15 04:30:00+00:00,oos,1.0237473696043495,0.23122223472957354,False,False,False
2026-02-15 04:45:00+00:00,oos,-0.14940792232148295,0.37608003804083034,False,False,False
2026-02-15 05:00:00+00:00,oos,1.0228070110292327,-0.7970587142292981,False,False,False
2026-02-15 05:15:00+00:00,oos,0.6060043024400703,0.6902018418280742,False,False,False
2026-02-15 05:30:00+00:00,oos,-0.02020068772260585,0.3977322435908884,False,False,False
2026-02-15 05:45:00+00:00,oos,2.0530970388302503,1.0810772460306528,True,False,False
2026-02-15 06:00:00+00:00,oos,-0.900736979338425,-0.06999650144385512,False,False,False
2026-02-15 06:15:00+00:00,oos,1.4441028263608828,1.118732386989084,False,False,False
2026-02-15 06:30:00+00:00,oos,-0.7820143633393165,0.521203773657347,False,False,False
2026-02-15 06:45:00+00:00,oos,-0.8255356247843136,-0.21478761940474045,False,False,False
2026-02-15 07:00:00+00:00,oos,-0.12428235697113946,-0.5159411306700067,False,False,False
2026-02-15 07:15:00+00:00,oos,0.027100064744966866,1.1208795426333844,False,False,False
2026-02-15 07:30:00+00:00,oos,0.4921658854173409,0.04095982135256541,False,False,False
2026-02-15 07:45:00+00:00,oos,0.15885181871174753,-0.08898142260361157,False,False,False
2026-02-15 08:00:00+00:00,oos,0.5560276181471306,1.2349673792226399,False,False,False
2026-02-15 08:15:00+00:00,oos,-0.9148474216861038,0.008019641686320916,False,False,False
2026-02-15 08:30:00+00:00,oos,-0.07983977103635807,2.2271841636619136,False,True,False
2026-02-15 08:45:00+00:00,oos,0.9354494886933266,0.2286814957070556,False,False,False
2026-02-15 09:00:00+00:00,oos,0.3708071188754147,0.8595716934602603,False,False,False
2026-02-15 09:15:00+00:00,oos,0.33995176058833065,-0.08390826398148121,False,False,False
2026-02-15 09:30:00+00:00,oos,0.003736908329506946,1.1273771274618793,False,False,False
2026-02-15 09:45:00+00:00,oos,-0.2702556163077586,0.43182537394776754,False,False,False
2026-02-15 10:00:00+00:00,oos,-1.5474658495868014,0.8449926247229408,False,False,False
2026-02-15 10:15:00+00:00,oos,0.6711513692251129,1.1460062818239598,False,False,False
2026-02-15 10:30:00+00:00,oos,-0.20100897718559158,0.6283048572845688,False,False,False
2026-02-15 10:45:00+00:00,oos,-0.6612252409138726,0.8887957742636919,False,False,False
2026-02-15 11:00:00+00:00,oos,-0.35986620196144214,0.7989621584572285,False,False,False
2026-02-15 11:15:00+00:00,oos,-0.23562896135975825,-0.22996118782366184,False,False,False
2026-02-15 11:30:00+00:00,oos,-1.6177865306724715,0.4318091807761405,True,False,False
2026-02-15 11:45:00+00:00,oos,-0.2990450585829095,0.816524888469325,False,False,False
2026-02-15 12:00:00+00:00,oos,-0.8641215988697241,1.122396830798517,False,False,False
2026-02-15 12:15:00+00:00,oos,-1.0952190871678893,0.8337170640492769,False,False,False
2026-02-15 12:30:00+00:00,oos,0.016638707362914604,0.6747676480667476,False,False,False
2026-02-15 12:45:00+00:00,oos,0.24027744642802276,-0.2306663641617884,False,False,False
2026-02-15 13:00:00+00:00,oos,-1.0725365442312107,0.7464675843645002,False,False,False
2026-02-15 13:15:00+00:00,oos,0.1491083339190019,0.3518200239896612,False,False,False
2026-02-15 13:30:00+00:00,oos,-1.1566398812330982,0.5925499606888185,False,False,False
2026-02-15 13:45:00+00:00,oos,-1.2405397387472388,-0.020841454166872303,False,False,False
2026-02-15 14:00:00+00:00,oos,-0.08764840035581441,-0.3335616554537332,False,False,False
2026-02-15 14:15:00+00:00,oos,1.3421434454948686,-0.009323185026786628,False,False,False
2026-02-15 14:30:00+00:00,oos,-0.27545790367894346,0.6675967970449572,False,False,False
2026-02-15 14:45:00+00:00,oos,-1.9378757684027,0.9720373681937079,True,False,False
2026-02-15 15:00:00+00:00,oos,1.705371755126424,1.9335007042786323,True,True,True
2026-02-15 15:15:00+00:00,oos,-1.5148094529349458,0.8125999146394696,False,False,False
2026-02-15 15:30:00+00:00,oos,-0.5474824597322309,0.01148742392831878,False,False,False
2026-02-15 15:45:00+00:00,oos,0.3095599689203265,0.2596794794851996,False,False,False
2026-02-15 16:00:00+00:00,oos,-1.4537396242479714,0.5790239681076506,False,False,False
2026-02-15 16:15:00+00:00,oos,-0.39409600500621234,1.1784795525161007,False,False,False
2026-02-15 16:30:00+00:00,oos,-0.6796633088092826,0.08454627653642095,False,False,False
2026-02-15 16:45:00+00:00,oos,1.7740593488106025,0.6870528877302121,True,False,False
2026-02-15 17:00:00+00:00,oos,0.6002795458373286,0.6887613507647199,False,False,False
2026-02-15 17:15:00+00:00,oos,-2.191643514447065,0.6323481963708771,True,False,False
2026-02-15 17:30:00+00:00,oos,-1.6619094393207203,-0.125353481562871,True,False,False
2026-02-15 17:45:00+00:00,oos,0.30135412920947585,1.3820417924230812,False,True,False
2026-02-15 18:00:00+00:00,oos,0.25708954802669215,-0.47417965914758525,False,False,False
2026-02-15 18:15:00+00:00,oos,-0.8409587252962786,-0.1374483624513506,False,False,False
2026-02-15 18:30:00+00:00,oos,-0.878435186664357,0.3751855349900021,False,False,False
2026-02-15 18:45:00+00:00,oos,-0.6341727702331093,-0.4183500391414523,False,False,False
2026-02-15 19:00:00+00:00,oos,-0.9110256565953372,1.3950258677011542,False,True,False
2026-02-15 19:15:00+00:00,oos,1.2909360723513381,0.12086325581754749,False,False,False
2026-02-15 19:30:00+00:00,oos,-0.8365306189880881,-0.20507230938623727,False,False,False
2026-02-15 19:45:00+00:00,oos,0.6754830829658302,1.3743071728751057,False,True,False
2026-02-15 20:00:00+00:00,oos,-0.8320647088961708,1.281744686929269,False,False,False
2026-02-15 20:15:00+00:00,oos,0.4566317247187087,2.0150850312388573,False,True,False
2026-02-15 20:30:00+00:00,oos,1.2783150992753343,1.943199835634251,False,True,False
2026-02-15 20:45:00+00:00,oos,0.8048242622264267,1.4715578435130987,False,True,False
2026-02-15 21:00:00+00:00,oos,-0.23132539314083703,1.8954537306002226,False,True,False
2026-02-15 21:15:00+00:00,oos,-1.0738908075138995,0.4812138141366691,False,False,False
2026-02-15 21:30:00+00:00,oos,0.14742557635466585,1.3898273577420357,False,True,False
2026-02-15 21:45:00+00:00,oos,0.6243769238812537,0.2975347135090051,False,False,False
2026-02-15 22:00:00+00:00,oos,0.39236514345357726,1.2881618797345777,False,True,False
2026-02-15 22:15:00+00:00,oos,1.893401301541374,2.0856427459181,True,True,True
2026-02-15 22:30:00+00:00,oos,1.3780673052313372,2.6516808616961307,False,True,False
2026-02-15 22:45:00+00:00,oos,1.5039224480002447,0.02627159772801199,False,False,False
2026-02-15 23:00:00+00:00,oos,-0.31805159525563864,-0.40239651048779407,False,False,False
2026-02-15 23:15:00+00:00,oos,1.7800615064753424,-1.367639445251977,True,False,False
2026-02-15 23:30:00+00:00,oos,1.1465178360324626,-0.01155998289609367,False,False,False
2026-02-15 23:45:00+00:00,oos,1.508934894286336,-0.4678868684622085,False,False,False
2026-02-16 00:00:00+00:00,oos,0.38661895915696376,1.1324647057962032,False,False,False
2026-02-16 00:15:00+00:00,oos,0.8963074388395996,-0.5855324226214388,False,False,False
2026-02-16 00:30:00+00:00,oos,0.8909298657911178,-0.9978607128417941,False,False,False
2026-02-16 00:45:00+00:00,oos,0.3526712758866058,-0.026666836703535285,False,False,False
2026-02-16 01:00:00+00:00,oos,0.8020572905929981,0.4860246870081579,False,False,False
2026-02-16 01:15:00+00:00,oos,-0.4326800223546788,0.43859721502708154,False,False,False
2026-02-16 01:30:00+00:00,oos,-1.612981262911662,1.0137347043787155,True,False,False
2026-02-16 01:45:00+00:00,oos,0.3413758319856512,0.7236492677587494,False,False,False
2026-02-16 02:00:00+00:00,oos,1.6874876286981475,0.4595982153218391,True,False,False
2026-02-16 02:15:00+00:00,oos,0.029172287780288915,0.7726945509567417,False,False,False
2026-02-16 02:30:00+00:00,oos,1.8020096219708523,0.8920801683837613,True,False,False
2026-02-16 02:45:00+00:00,oos,-1.140143525111324,0.7686625718726305,False,False,False
2026-02-16 03:00:00+00:00,oos,-0.4797553032041594,0.5677599101866042,False,False,False
2026-02-16 03:15:00+00:00,oos,-2.252115131626727,0.1541262246966533,True,False,False
2026-02-16 03:30:00+00:00,oos,0.48375468014583567,0.7614537398873014,False,False,False
2026-02-16 03:45:00+00:00,oos,0.3370793001439855,1.3084652125541436,False,True,False
2026-02-16 04:00:00+00:00,oos,1.833254429466196,0.292725324449863,True,False,False
2026-02-16 04:15:00+00:00,oos,0.8638372283158824,0.2594912507722579,False,False,False
2026-02-16 04:30:00+00:00,oos,-1.5929235297992526,0.0680682196979789,True,False,False
2026-02-16 04:45:00+00:00,oos,0.1275891602776266,0.7129527169215999,False,False,False
2026-02-16 05:00:00+00:00,oos,-0.8973151910130421,0.14688842866275037,False,False,False
2026-02-16 05:15:00+00:00,oos,-1.6358411795381242,0.0033726935999145494,True,False,False
2026-02-16 05:30:00+00:00,oos,-1.1679499068245234,1.3103875016783753,False,True,False
2026-02-16 05:45:00+00:00,oos,0.032414733495219034,-0.16592275975477938,False,False,False
2026-02-16 06:00:00+00:00,oos,0.25544422168199327,0.40340380500876083,False,False,False
2026-02-16 06:15:00+00:00,oos,-0.49634135291311365,0.42005132290995634,False,False,False
2026-02-16 06:30:00+00:00,oos,-0.32324011884392223,0.9192545500249659,False,False,False
2026-02-16 06:45:00+00:00,oos,0.979840022838921,-0.027685774671105584,False,False,False
2026-02-16 07:00:00+00:00,oos,1.1037158291006186,0.13463328444824094,False,False,False
2026-02-16 07:15:00+00:00,oos,0.4684893732040456,-0.42356365797353906,False,False,False
2026-02-16 07:30:00+00:00,oos,-1.3261415412517445,0.6462865302724478,False,False,False
2026-02-16 07:45:00+00:00,oos,1.618311962679198,0.7003955141028901,True,False,False
2026-02-16 08:00:00+00:00,oos,-1.1753608895492709,1.324877657695402,False,True,False
2026-02-16 08:15:00+00:00,oos,1.310392959507571,0.9309006225655763,False,False,False
2026-02-16 08:30:00+00:00,oos,-0.917361079621059,1.5899095531749086,False,True,False
2026-02-16 08:45:00+00:00,oos,1.9812304739692228,0.5285419885210655,True,False,False
2026-02-16 09:00:00+00:00,oos,1.0825727037358623,1.9954914523287557,False,True,False
2026-02-16 09:15:00+00:00,oos,-0.07663660607597575,0.4114170425622808,False,False,False
2026-02-16 09:30:00+00:00,oos,0.46238706448222033,1.6536703808774647,False,True,False
2026-02-16 09:45:00+00:00,oos,-0.1248009704218319,0.3920475966557919,False,False,False
2026-02-16 10:00:00+00:00,oos,-1.357008012249243,0.6485426601501533,False,False,False
2026-02-16 10:15:00+00:00,oos,-1.1792407863896353,0.3874056249785448,False,False,False
2026-02-16 10:30:00+00:00,oos,-0.3829184803671373,0.9548600827509114,False,False,False
2026-02-16 10:45:00+00:00,oos,-0.5403787918712251,0.05883881504342206,False,False,False
2026-02-16 11:00:00+00:00,oos,-0.4828246642302961,0.8402054104744814,False,False,False
2026-02-16 11:15:00+00:00,oos,-0.9076052552259153,0.2833260216352074,False,False,False
2026-02-16 11:30:00+00:00,oos,-0.41351218665547756,-0.22958370661978306,False,False,False
2026-02-16 11:45:00+00:00,oos,1.540888348020079,0.1635319634757012,False,False,False
2026-02-16 12:00:00+00:00,oos,1.1247846026169768,-0.6527179449772139,False,False,False
2026-02-16 12:15:00+00:00,oos,0.17337544591172685,0.7346597113963584,False,False,False
2026-02-16 12:30:00+00:00,oos,-0.3008779789578681,0.7624409330521272,False,False,False
2026-02-16 12:45:00+00:00,oos,0.8022166212519057,1.6667422416583735,False,True,False
2026-02-16 13:00:00+00:00,oos,0.44319732827963076,1.3150631601496323,False,True,False
2026-02-16 13:15:00+00:00,oos,1.5468052932155,0.8556147089317039,False,False,False
2026-02-16 13:30:00+00:00,oos,-1.060617926444848,1.130524240313299,False,False,False
2026-02-16 13:45:00+00:00,oos,-0.34436416490511407,1.1416900929149505,False,False,False
2026-02-16 14:00:00+00:00,oos,-1.1548699142809515,0.5977129391330209,False,False,False
2026-02-16 14:15:00+00:00,oos,-0.600557691204777,0.9511251609174121,False,False,False
2026-02-16 14:30:00+00:00,oos,0.04495350910021841,0.7946429641548647,False,False,False
2026-02-16 14:45:00+00:00,oos,0.17071382973350366,1.4026426524941764,False,True,False
2026-02-16 15:00:00+00:00,oos,-0.8412235306481046,1.8075121529383944,False,True,False
2026-02-16 15:15:00+00:00,oos,-0.6977995968018309,0.0997896419258654,False,False,False
2026-02-16 15:30:00+00:00,oos,0.012938778444935751,1.2636592039079322,False,False,False
2026-02-16 15:45:00+00:00,oos,-1.0580542647867721,1.2326836896320015,False,False,False
2026-02-16 16:00:00+00:00,oos,-0.2861954885909411,1.7117265428818145,False,True,False
2026-02-16 16:15:00+00:00,oos,-0.1653844058625062,1.0700177674360525,False,False,False
2026-02-16 16:30:00+00:00,oos,-1.175862652864679,0.7052210966519087,False,False,False
2026-02-16 16:45:00+00:00,oos,1.172583171525965,0.5124101716669864,False,False,False
2026-02-16 17:00:00+00:00,oos,-0.607489294158961,-0.2487614084187015,False,False,False
2026-02-16 17:15:00+00:00,oos,-0.04464574480160008,0.8892230843030966,False,False,False
2026-02-16 17:30:00+00:00,oos,1.7348088077542154,1.1738485724682721,True,False,False
2026-02-16 17:45:00+00:00,oos,-0.5417358079752154,0.016866050920209007,False,False,False
2026-02-16 18:00:00+00:00,oos,1.0559107920915183,0.7155677093564531,False,False,False
2026-02-16 18:15:00+00:00,oos,0.568510116435462,0.6774247585254208,False,False,False
2026-02-16 18:30:00+00:00,oos,0.34817402224298816,1.1234286513053082,False,False,False
2026-02-16 18:45:00+00:00,oos,-0.831564185832993,-0.22795759893143866,False,False,False
2026-02-16 19:00:00+00:00,oos,1.5983609662865041,0.18898081990517948,True,False,False
2026-02-16 19:15:00+00:00,oos,1.953318579561328,0.4209681011818723,True,False,False
2026-02-16 19:30:00+00:00,oos,1.8970287610189542,-0.6296710241523453,True,False,False
2026-02-16 19:45:00+00:00,oos,-0.1419912915124167,0.8189035036209792,False,False,False
2026-02-16 20:00:00+00:00,oos,0.783901605388209,1.000598455171109,False,False,False
2026-02-16 20:15:00+00:00,oos,1.5745262169853078,0.23708242907342966,True,False,False
2026-02-16 20:30:00+00:00,oos,1.889642168762901,0.6501575040011669,True,False,False
2026-02-16 20:45:00+00:00,oos,2.1054093208086218,0.582935387902882,True,False,False
2026-02-16 21:00:00+00:00,oos,0.4310101379684115,-0.3552859580875105,False,False,False
2026-02-16 21:15:00+00:00,oos,-0.8384487487655337,0.7545453776230692,False,False,False
2026-02-16 21:30:00+00:00,oos,-1.1411184011306514,0.15962944115246627,False,False,False
2026-02-16 21:45:00+00:00,oos,0.7479313766430913,0.9157104500465587,False,False,False
2026-02-16 22:00:00+00:00,oos,0.17704909095747554,1.672764276180171,False,True,False
2026-02-16 22:15:00+00:00,oos,-0.5938485057803689,1.0499953650532448,False,False,False
2026-02-16 22:30:00+00:00,oos,-0.5144644889810776,1.90473638246714,False,True,False
2026-02-16 22:45:00+00:00,oos,0.3456405574720102,0.7170105323316109,False,False,False
2026-02-16 23:00:00+00:00,oos,1.4957366979240143,-0.21856334445550601,False,False,False
2026-02-16 23:15:00+00:00,oos,-0.21249082769034253,-0.7458665641998449,False,False,False
2026-02-16 23:30:00+00:00,oos,0.561715686698088,-0.2834471852902698,False,False,False
2026-02-16 23:45:00+00:00,oos,0.8898969575977208,1.048445413802447,False,False,False
2026-02-17 00:00:00+00:00,oos,-0.46918166626968316,0.4668196519402609,False,False,False
2026-02-17 00:15:00+00:00,oos,1.2668017690454643,0.4256926156384419,False,False,False
2026-02-17 00:30:00+00:00,oos,1.1610404397574308,0.6477047067989493,False,False,False
2026-02-17 00:45:00+00:00,oos,0.43508476527439266,0.4109823680833212,False,False,False
2026-02-17 01:00:00+00:00,oos,-0.6471041359209578,0.5217626486628668,False,False,False
2026-02-17 01:15:00+00:00,oos,0.5915626404418886,-0.4671985044384886,False,False,False
2026-02-17 01:30:00+00:00,oos,-1.1885969255833513,0.05425678871625391,False,False,False
2026-02-17 01:45:00+00:00,oos,-1.2494504917756986,0.1747349186999271,False,False,False
2026-02-17 02:00:00+00:00,oos,-1.1201350003549853,1.422442111085005,False,True,False
2026-02-17 02:15:00+00:00,oos,0.9919130094930189,-0.37604866594189984,False,False,False
2026-02-17 02:30:00+00:00,oos,0.9433944165013635,0.9660820840888195,False,False,False
2026-02-17 02:45:00+00:00,oos,-1.004866557857222,0.05695132778987113,False,False,False
2026-02-17 03:00:00+00:00,oos,-1.3647635328202437,0.8358850777499747,False,False,False
2026-02-17 03:15:00+00:00,oos,-1.5537998319200517,0.3955108285912506,False,False,False
2026-02-17 03:30:00+00:00,oos,-0.6157739610898717,1.0242501801974817,False,False,False
2026-02-17 03:45:00+00:00,oos,-2.2971802689064096,-0.2804043761127534,True,False,False
2026-02-17 04:00:00+00:00,oos,-0.6639799600765737,1.2611685300087887,False,False,False
2026-02-17 04:15:00+00:00,oos,2.4758543325775424,0.9551346744523971,True,False,False
2026-02-17 04:30:00+00:00,oos,0.2923106353615663,1.1193545353548462,False,False,False
2026-02-17 04:45:00+00:00,oos,1.507435922607322,1.1578445518266638,False,False,False
2026-02-17 05:00:00+00:00,oos,-0.6459924852152563,1.1757089296476093,False,False,False
2026-02-17 05:15:00+00:00,oos,-1.5838725994494747,0.5591040664106959,True,False,False
2026-02-17 05:30:00+00:00,oos,-0.26559793326397346,1.0867675494767728,False,False,False
2026-02-17 05:45:00+00:00,oos,1.3943464609580976,0.38643082201022627,False,False,False
2026-02-17 06:00:00+00:00,oos,1.2779830931802136,-0.19859512908670465,False,False,False
2026-02-17 06:15:00+00:00,oos,0.01123280593970202,0.6935423401314099,False,False,False
2026-02-17 06:30:00+00:00,oos,1.649014415810651,0.8839539048785784,True,False,False
2026-02-17 06:45:00+00:00,oos,0.06850386065919456,-0.4399454727601816,False,False,False
2026-02-17 07:00:00+00:00,oos,-2.169915506350343,0.020069546396543216,True,False,False
2026-02-17 07:15:00+00:00,oos,-0.4062326072293735,0.3654871950535491,False,False,False
2026-02-17 07:30:00+00:00,oos,1.843960732442439,0.5840242295378437,True,False,False
2026-02-17 07:45:00+00:00,oos,0.3563954564376571,-0.5481029764067942,False,False,False
2026-02-17 08:00:00+00:00,oos,0.21219300057812152,0.18351020768333096,False,False,False
2026-02-17 08:15:00+00:00,oos,-0.8007357335232903,-0.262778910801308,False,False,False
2026-02-17 08:30:00+00:00,oos,-0.46243696923939787,-0.3350677470405158,False,False,False
2026-02-17 08:45:00+00:00,oos,0.6712833561983005,0.33025803671670456,False,False,False
2026-02-17 09:00:00+00:00,oos,-1.759249720656007,-0.5639563746366211,True,False,False
2026-02-17 09:15:00+00:00,oos,-0.6737444312729411,0.014706432912835308,False,False,False
2026-02-17 09:30:00+00:00,oos,-0.6856550795763791,2.4725753177104757,False,True,False
2026-02-17 09:45:00+00:00,oos,1.7000326244571506,-0.41826902987268494,True,False,False
2026-02-17 10:00:00+00:00,oos,-0.509748395943752,-1.4850215153033328,False,False,False
2026-02-17 10:15:00+00:00,oos,-0.8630055383877407,-0.28078273036145507,False,False,False
2026-02-17 10:30:00+00:00,oos,-0.3455190778357325,0.07105464936643671,False,False,False
2026-02-17 10:45:00+00:00,oos,-0.5522637172577416,-0.0710000111237356,False,False,False
2026-02-17 11:00:00+00:00,oos,0.23504026695149235,2.005600408648546,False,True,False
2026-02-17 11:15:00+00:00,oos,-1.1728787247421408,-0.48391929807468254,False,False,False
2026-02-17 11:30:00+00:00,oos,-1.4681459329349456,-0.29593980033856393,False,False,False
2026-02-17 11:45:00+00:00,oos,0.008262966528480685,0.05485545876663991,False,False,False
2026-02-17 12:00:00+00:00,oos,1.8206967881156801,1.0445733916768367,True,False,False
2026-02-17 12:15:00+00:00,oos,2.0955742083960525,0.17799519507063125,True,False,False
2026-02-17 12:30:00+00:00,oos,0.5739258539052289,-0.05632084751628018,False,False,False
2026-02-17 12:45:00+00:00,oos,-1.4113020189001564,-0.1377920230656622,False,False,False
2026-02-17 13:00:00+00:00,oos,-0.5485408874075073,-0.2476917421049551,False,False,False
2026-02-17 13:15:00+00:00,oos,1.3369795658002015,1.1961847659408489,False,False,False
2026-02-17 13:30:00+00:00,oos,-0.7955541414044515,0.3448570388128318,False,False,False
2026-02-17 13:45:00+00:00,oos,0.5667129727085272,0.20014815383379816,False,False,False
2026-02-17 14:00:00+00:00,oos,1.2499451404889015,1.0288517522143255,False,False,False
2026-02-17 14:15:00+00:00,oos,-0.018231202836534902,0.8492344527323001,False,False,False
2026-02-17 14:30:00+00:00,oos,0.10127506872845488,1.9487288015384554,False,True,False
2026-02-17 14:45:00+00:00,oos,-0.5539688095934466,0.24612523404140432,False,False,False
2026-02-17 15:00:00+00:00,oos,1.5147356880941152,0.7321864032560568,False,False,False
2026-02-17 15:15:00+00:00,oos,-0.6310330557130392,0.9326969172245534,False,False,False
2026-02-17 15:30:00+00:00,oos,-0.8599601662479255,0.05253400753165762,False,False,False
2026-02-17 15:45:00+00:00,oos,0.7676726672673471,0.6192673632238073,False,False,False
2026-02-17 16:00:00+00:00,oos,-0.13230766156233376,2.0627142257107094,False,True,False
2026-02-17 16:15:00+00:00,oos,-0.28866155674600114,1.2660471449758337,False,False,False
2026-02-17 16:30:00+00:00,oos,0.47947866594807914,-0.17053219312774062,False,False,False
2026-02-17 16:45:00+00:00,oos,0.09774758816873674,0.8079592039338142,False,False,False
2026-02-17 17:00:00+00:00,oos,-0.8936891912211121,0.539015563367391,False,False,False
2026-02-17 17:15:00+00:00,oos,0.4958406873149491,0.08264339430953382,False,False,False
2026-02-17 17:30:00+00:00,oos,-1.0616551166834842,-0.3421037931647806,False,False,False
2026-02-17 17:45:00+00:00,oos,0.3265445276811855,0.06897123771053644,False,False,False
2026-02-17 18:00:00+00:00,oos,1.6628982271524797,0.10002724771902669,True,False,False
2026-02-17 18:15:00+00:00,oos,-0.4272921526454118,0.7939384139181352,False,False,False
2026-02-17 18:30:00+00:00,oos,0.9857344694271238,0.584105440803797,False,False,False
2026-02-17 18:45:00+00:00,oos,0.5770418015136093,1.248511360032729,False,False,False
2026-02-17 19:00:00+00:00,oos,1.3363711119352044,1.3050557682405424,False,True,False
2026-02-17 19:15:00+00:00,oos,0.6276389883456553,0.724356804218578,False,False,False
2026-02-17 19:30:00+00:00,oos,0.2664134746460286,0.748568217912056,False,False,False
2026-02-17 19:45:00+00:00,oos,-1.3042010625261184,1.0382585201758896,False,False,False
2026-02-17 20:00:00+00:00,oos,-0.21547923695956686,1.1688908272919076,False,False,False
2026-02-17 20:15:00+00:00,oos,-0.78596216280236,0.4135062178203505,False,False,False
2026-02-17 20:30:00+00:00,oos,0.6497700843001856,1.0672749390024923,False,False,False
2026-02-17 20:45:00+00:00,oos,-2.084578008990415,0.07480781611872814,True,False,False
2026-02-17 21:00:00+00:00,oos,0.9924383558246065,0.35986798300411255,False,False,False
2026-02-17 21:15:00+00:00,oos,-1.2082639881245625,-0.10747138764159718,False,False,False
2026-02-17 21:30:00+00:00,oos,-0.569057667116865,-0.5670333809454179,False,False,False
2026-02-17 21:45:00+00:00,oos,0.34714039279633474,1.226029080232239,False,False,False
2026-02-17 22:00:00+00:00,oos,-0.5668604998719712,1.210100254567052,False,False,False
2026-02-17 22:15:00+00:00,oos,1.8101798045807034,0.661392397585223,True,False,False
2026-02-17 22:30:00+00:00,oos,-0.4196882058407642,1.589346638675426,False,True,False
2026-02-17 22:45:00+00:00,oos,-1.4973017736095526,0.49239706029397223,False,False,False
2026-02-17 23:00:00+00:00,oos,-1.0079271095069748,-0.561766391531328,False,False,False
2026-02-17 23:15:00+00:00,oos,0.1740839626572959,-1.170331263353542,False,False,False
2026-02-17 23:30:00+00:00,oos,-1.342400855042862,-0.08498153695982358,False,False,False
2026-02-17 23:45:00+00:00,oos,1.0521805940202074,0.9259072860338134,False,False,False
2026-02-18 00:00:00+00:00,oos,1.5420555632390425,1.385459199628742,False,True,False
2026-02-18 00:15:00+00:00,oos,-0.5733511157081415,0.9609843617174171,False,False,False
2026-02-18 00:30:00+00:00,oos,-0.010286837032578803,1.3198608918220829,False,True,False
2026-02-18 00:45:00+00:00,oos,-0.7643734285467201,0.4771769624702416,False,False,False
2026-02-18 01:00:00+00:00,oos,-0.30794542681279274,1.2024845684227392,False,False,False
2026-02-18 01:15:00+00:00,oos,0.7875522587164192,1.3821964515437133,False,True,False
2026-02-18 01:30:00+00:00,oos,-0.4456668344050208,0.09544047428290174,False,False,False
2026-02-18 01:45:00+00:00,oos,-0.8985935775338914,1.0208263978554728,False,False,False
2026-02-18 02:00:00+00:00,oos,0.7754443141113425,1.7829690875832365,False,True,False
2026-02-18 02:15:00+00:00,oos,0.7394836759640517,1.2245712868861967,False,False,False
2026-02-18 02:30:00+00:00,oos,-0.11770356685690014,0.6097283230601266,False,False,False
2026-02-18 02:45:00+00:00,oos,-0.6620796569032299,0.041543679506985634,False,False,False
2026-02-18 03:00:00+00:00,oos,0.6583667074493545,1.3045377882114928,False,True,False
2026-02-18 03:15:00+00:00,oos,2.3587424136038284,1.5994186039307634,True,True,True
2026-02-18 03:30:00+00:00,oos,1.9278872702946275,0.8437971989634422,True,False,False
2026-02-18 03:45:00+00:00,oos,0.6440976401843889,1.3042985688255326,False,True,False
2026-02-18 04:00:00+00:00,oos,0.050749597052741804,0.653590562419015,False,False,False
2026-02-18 04:15:00+00:00,oos,-1.4715217554409001,0.4706430964263213,False,False,False
2026-02-18 04:30:00+00:00,oos,0.5834400290596444,1.1617073289776692,False,False,False
2026-02-18 04:45:00+00:00,oos,0.705220995211653,1.0728865036506385,False,False,False
2026-02-18 05:00:00+00:00,oos,0.7589752188783216,0.2380648909211406,False,False,False
2026-02-18 05:15:00+00:00,oos,-0.5530632971837105,0.44901882177332747,False,False,False
2026-02-18 05:30:00+00:00,oos,0.8362951151438245,0.5900019985129316,False,False,False
2026-02-18 05:45:00+00:00,oos,-0.4278550839161539,-0.4638050495376043,False,False,False
2026-02-18 06:00:00+00:00,oos,2.0207173094483966,0.4151689998984952,True,False,False
2026-02-18 06:15:00+00:00,oos,0.7233067839746212,0.8973852519478727,False,False,False
2026-02-18 06:30:00+00:00,oos,1.5718485720733255,0.6152597923881903,True,False,False
2026-02-18 06:45:00+00:00,oos,0.28988139269279894,0.7218509922059446,False,False,False
2026-02-18 07:00:00+00:00,oos,0.8353062063332,-0.22888786509598377,False,False,False
2026-02-18 07:15:00+00:00,oos,-0.6339891660355111,-0.1604350549482995,False,False,False
2026-02-18 07:30:00+00:00,oos,1.3267304280513288,-0.2032830861798376,False,False,False
2026-02-18 07:45:00+00:00,oos,0.38834304472519615,0.7912870664774062,False,False,False
2026-02-18 08:00:00+00:00,oos,1.9250974486011951,1.4614777245753996,True,True,True
2026-02-18 08:15:00+00:00,oos,1.3019463111340244,-0.3082181535072611,False,False,False
2026-02-18 08:30:00+00:00,oos,-1.3616877455560106,-0.34203301396015406,False,False,False
2026-02-18 08:45:00+00:00,oos,-0.07383050545910097,-0.19680169418578983,False,False,False
2026-02-18 09:00:00+00:00,oos,0.46974991222613793,0.52953698689495,False,False,False
2026-02-18 09:15:00+00:00,oos,0.11087808343972898,-0.7844223133421258,False,False,False
2026-02-18 09:30:00+00:00,oos,0.4139633567768312,-0.20630630763111135,False,False,False
2026-02-18 09:45:00+00:00,oos,0.6165896865785057,0.08908383409048647,False,False,False
2026-02-18 10:00:00+00:00,oos,1.1888902416040579,-0.01746391740782684,False,False,False
2026-02-18 10:15:00+00:00,oos,0.4157312644357538,0.3473674472046463,False,False,False
2026-02-18 10:30:00+00:00,oos,-0.8339574062890124,0.6658130360942727,False,False,False
2026-02-18 10:45:00+00:00,oos,0.13207210500525163,0.04925430823098624,False,False,False
2026-02-18 11:00:00+00:00,oos,-0.5230265102910983,0.47172401549376186,False,False,False
2026-02-18 11:15:00+00:00,oos,0.5303690180207267,-0.36237261493653544,False,False,False
2026-02-18 11:30:00+00:00,oos,1.0220250873014902,-0.04644021150615426,False,False,False
2026-02-18 11:45:00+00:00,oos,0.28257676617352784,0.07813206026079224,False,False,False
2026-02-18 12:00:00+00:00,oos,0.3140425941672096,0.3270628243991544,False,False,False
2026-02-18 12:15:00+00:00,oos,-0.36950208196711515,-0.18365781282153576,False,False,False
2026-02-18 12:30:00+00:00,oos,-0.9157791932592584,1.5943746176228646,False,True,False
2026-02-18 12:45:00+00:00,oos,0.15708202434187954,0.03805640325463429,False,False,False
2026-02-18 13:00:00+00:00,oos,-0.6246987048568954,0.9099392095131541,False,False,False
2026-02-18 13:15:00+00:00,oos,1.947196152146688,-0.16339074331586606,True,False,False
2026-02-18 13:30:00+00:00,oos,-0.1526697957407919,0.9644740071418308,False,False,False
2026-02-18 13:45:00+00:00,oos,0.4189257651600561,-0.033034877499763145,False,False,False
2026-02-18 14:00:00+00:00,oos,-0.5828358641977807,-0.5868329041422543,False,False,False
2026-02-18 14:15:00+00:00,oos,-0.6947789280323077,-0.5950693954878612,False,False,False
2026-02-18 14:30:00+00:00,oos,-0.6563115654151055,0.6474278634140866,False,False,False
2026-02-18 14:45:00+00:00,oos,-1.2609747712833548,0.10334186372944623,False,False,False
2026-02-18 15:00:00+00:00,oos,1.3782210453585555,0.08947620899226033,False,False,False
2026-02-18 15:15:00+00:00,oos,-1.4724663620510587,0.5579557376801789,False,False,False
2026-02-18 15:30:00+00:00,oos,-0.5248309289342641,0.7182970899353998,False,False,False
2026-02-18 15:45:00+00:00,oos,-0.3908645631921647,0.3328857422685646,False,False,False
2026-02-18 16:00:00+00:00,oos,0.2152059768776094,1.2785025406926664,False,False,False
2026-02-18 16:15:00+00:00,oos,1.3990430658177364,-0.18733843817909882,False,False,False
2026-02-18 16:30:00+00:00,oos,-0.08405997083284442,-0.45436848107239114,False,False,False
2026-02-18 16:45:00+00:00,oos,-0.6654599959341554,0.4609790934627841,False,False,False
2026-02-18 17:00:00+00:00,oos,1.2921538424624546,0.07379487304212844,False,False,False
2026-02-18 17:15:00+00:00,oos,0.5265421532955393,-0.6559980336332402,False,False,False
2026-02-18 17:30:00+00:00,oos,-1.708067178263842,0.5102529670958548,True,False,False
2026-02-18 17:45:00+00:00,oos,-0.0553979039557772,0.06569523769306487,False,False,False
2026-02-18 18:00:00+00:00,oos,0.11154442875093479,0.6780413050530959,False,False,False
2026-02-18 18:15:00+00:00,oos,-1.4063803033586866,-0.49252695641878447,False,False,False
2026-02-18 18:30:00+00:00,oos,-0.4900397488764134,0.7097907358108133,False,False,False
2026-02-18 18:45:00+00:00,oos,-0.9532783964022673,1.528953698278546,False,True,False
2026-02-18 19:00:00+00:00,oos,-0.5308250945652985,0.39889616664491767,False,False,False
2026-02-18 19:15:00+00:00,oos,-1.045348327637627,0.36939782577887004,False,False,False
2026-02-18 19:30:00+00:00,oos,-1.1880752728187414,0.9541323118821565,False,False,False
2026-02-18 19:45:00+00:00,oos,1.1590036312041905,1.1756391883745456,False,False,False
2026-02-18 20:00:00+00:00,oos,-0.7852629798193529,1.2134255580841973,False,False,False
2026-02-18 20:15:00+00:00,oos,-0.38729609033512286,0.7334334834117255,False,False,False
2026-02-18 20:30:00+00:00,oos,1.2773013684631327,0.49758141008295803,False,False,False
2026-02-18 20:45:00+00:00,oos,-1.039520975144963,0.8588058984796185,False,False,False
2026-02-18 21:00:00+00:00,oos,-1.1401523064464627,0.08136182834795591,False,False,False
2026-02-18 21:15:00+00:00,oos,2.4626520866499133,-0.24969050156267264,True,False,False
2026-02-18 21:30:00+00:00,oos,-0.19195257785808667,0.5866210193236499,False,False,False
2026-02-18 21:45:00+00:00,oos,-1.920129861458891,0.1532988729289019,True,False,False
2026-02-18 22:00:00+00:00,oos,-0.7731244566902246,1.00874801641357,False,False,False
2026-02-18 22:15:00+00:00,oos,-0.10660838965166383,1.6728227602720052,False,True,False
2026-02-18 22:30:00+00:00,oos,0.7251234586957527,1.0955156252120215,False,False,False
2026-02-18 22:45:00+00:00,oos,0.27175645885283073,0.34124950814806937,False,False,False
2026-02-18 23:00:00+00:00,oos,-0.7294378435161023,-1.7578180214051413,False,False,False
2026-02-18 23:15:00+00:00,oos,1.080157337137048,-0.6681206236912104,False,False,False
2026-02-18 23:30:00+00:00,oos,0.3420448655437871,0.0006184109759155977,False,False,False
2026-02-18 23:45:00+00:00,oos,1.0488546743114493,-0.5116291330416761,False,False,False
2026-02-19 00:00:00+00:00,oos,-1.2118309516499592,0.5141925219787408,False,False,False
2026-02-19 00:15:00+00:00,oos,0.22559248444828364,-0.6544101586120866,False,False,False
2026-02-19 00:30:00+00:00,oos,0.5691394817047237,-0.3499371787524957,False,False,False
2026-02-19 00:45:00+00:00,oos,-0.8543570147974024,0.3302124870930465,False,False,False
2026-02-19 01:00:00+00:00,oos,1.3680517116794049,0.40631709089806467,False,False,False
2026-02-19 01:15:00+00:00,oos,-2.354522223957615,1.260243789929163,True,False,False
2026-02-19 01:30:00+00:00,oos,1.4899083163241111,0.0849155539650166,False,False,False
2026-02-19 01:45:00+00:00,oos,-0.13287592483846053,0.15719277956457908,False,False,False
2026-02-19 02:00:00+00:00,oos,0.47252640619988434,-0.38576501873843855,False,False,False
2026-02-19 02:15:00+00:00,oos,-0.057835617553460096,-0.1919370626477021,False,False,False
2026-02-19 02:30:00+00:00,oos,-1.4597860680204129,0.43060791286657824,False,False,False
2026-02-19 02:45:00+00:00,oos,1.0577828220336931,0.0004248986436506197,False,False,False
2026-02-19 03:00:00+00:00,oos,-1.4001488833380273,0.034233075235153294,False,False,False
2026-02-19 03:15:00+00:00,oos,0.5530902873099857,-0.2463855390610117,False,False,False
2026-02-19 03:30:00+00:00,oos,-0.7722009352147011,0.40078183583958943,False,False,False
2026-02-19 03:45:00+00:00,oos,-0.059199282658418076,0.2743753431366531,False,False,False
2026-02-19 04:00:00+00:00,oos,1.894306745521368,0.4919250212524056,True,False,False
2026-02-19 04:15:00+00:00,oos,-1.2853166083850007,0.190075513771154,False,False,False
2026-02-19 04:30:00+00:00,oos,0.8689708736948252,-0.03295441907731841,False,False,False
2026-02-19 04:45:00+00:00,oos,-0.43295284716177346,-0.19239197758173554,False,False,False
2026-02-19 05:00:00+00:00,oos,0.34939541408233016,1.0403125592068618,False,False,False
2026-02-19 05:15:00+00:00,oos,-0.21457251970225438,0.9438118513469655,False,False,False
2026-02-19 05:30:00+00:00,oos,1.599352060792461,0.4146150626555046,True,False,False
2026-02-19 05:45:00+00:00,oos,0.49653884877860227,0.8144149135875024,False,False,False
2026-02-19 06:00:00+00:00,oos,2.068842999285789,0.5175873353882017,True,False,False
2026-02-19 06:15:00+00:00,oos,-0.48237547398622627,0.4155677060845781,False,False,False
2026-02-19 06:30:00+00:00,oos,0.026994371331216342,-0.2640532290187067,False,False,False
2026-02-19 06:45:00+00:00,oos,0.13634482644894386,-0.003240948533637398,False,False,False
2026-02-19 07:00:00+00:00,oos,1.039715730642905,-0.7417893434175054,False,False,False
2026-02-19 07:15:00+00:00,oos,-1.4265722317819576,0.43531324006378436,False,False,False
2026-02-19 07:30:00+00:00,oos,0.6905141153786185,-0.5712121982679557,False,False,False
2026-02-19 07:45:00+00:00,oos,1.1798273615802952,0.49368766170585626,False,False,False
2026-02-19 08:00:00+00:00,oos,-0.2976947428873138,0.344279826859303,False,False,False
2026-02-19 08:15:00+00:00,oos,-0.7195722618188938,-0.0008736932457687189,False,False,False
2026-02-19 08:30:00+00:00,oos,-1.2851924901356007,-0.35967518072433513,False,False,False
2026-02-19 08:45:00+00:00,oos,1.2089483747981915,1.7111074672194622,False,True,False
2026-02-19 09:00:00+00:00,oos,0.47476006564426837,-0.09524047821181117,False,False,False
2026-02-19 09:15:00+00:00,oos,2.994671259883862,0.41617696079709454,True,False,False
2026-02-19 09:30:00+00:00,oos,-0.9856082865085988,0.6590537859192005,False,False,False
2026-02-19 09:45:00+00:00,oos,-2.2899227438762364,0.2181981574810568,True,False,False
2026-02-19 10:00:00+00:00,oos,0.8617079894257588,-0.4001556187900397,False,False,False
2026-02-19 10:15:00+00:00,oos,-0.27645488842647126,0.29057510846934465,False,False,False
2026-02-19 10:30:00+00:00,oos,-0.24289693468450002,0.41526023271622636,False,False,False
2026-02-19 10:45:00+00:00,oos,-0.6896291429800487,-0.19089927809146837,False,False,False
2026-02-19 11:00:00+00:00,oos,-0.7533370066535049,0.19994061831259421,False,False,False
2026-02-19 11:15:00+00:00,oos,-0.2896122911106494,0.668307912244442,False,False,False
2026-02-19 11:30:00+00:00,oos,0.09215833846727188,0.7387936940990295,False,False,False
2026-02-19 11:45:00+00:00,oos,-1.6495007691489396,0.6058935140156843,True,False,False
2026-02-19 12:00:00+00:00,oos,-0.5327906675264336,0.05252232239766599,False,False,False
2026-02-19 12:15:00+00:00,oos,0.6059339968447032,0.16518797699383433,False,False,False
2026-02-19 12:30:00+00:00,oos,-1.298796814537745,0.14755548050414716,False,False,False
2026-02-19 12:45:00+00:00,oos,-0.06710179385428636,-0.2554187377243341,False,False,False
2026-02-19 13:00:00+00:00,oos,-2.054679536801725,-0.08985770479521839,True,False,False
2026-02-19 13:15:00+00:00,oos,-1.6438203417613868,0.4892608270499545,True,False,False
2026-02-19 13:30:00+00:00,oos,-0.813558392585793,-0.22907535949264446,False,False,False
2026-02-19 13:45:00+00:00,oos,-0.8649456690810106,0.9642371599408414,False,False,False
2026-02-19 14:00:00+00:00,oos,-0.29434002598597925,0.6024762448710768,False,False,False
2026-02-19 14:15:00+00:00,oos,-0.18177884693505897,-0.04588948763135221,False,False,False
2026-02-19 14:30:00+00:00,oos,0.17797819084508312,0.6107779595701407,False,False,False
2026-02-19 14:45:00+00:00,oos,0.4434249918875768,-0.11049110430433269,False,False,False
2026-02-19 15:00:00+00:00,oos,-0.6757524330296732,0.1729086264374352,False,False,False
2026-02-19 15:15:00+00:00,oos,-0.11219259558399283,0.7281547979684149,False,False,False
2026-02-19 15:30:00+00:00,oos,0.033448657332766356,0.2625309031797421,False,False,False
2026-02-19 15:45:00+00:00,oos,-1.4089134575509508,1.5879757975953124,False,True,False
2026-02-19 16:00:00+00:00,oos,-1.5173876289233008,0.960373007450851,False,False,False
2026-02-19 16:15:00+00:00,oos,0.5230393181010752,0.7971946360361531,False,False,False
2026-02-19 16:30:00+00:00,oos,0.6283254762091603,0.7467431679703412,False,False,False
2026-02-19 16:45:00+00:00,oos,-0.6540100588808185,0.6540342525169126,False,False,False
2026-02-19 17:00:00+00:00,oos,0.4770729928915381,-0.13010561430902587,False,False,False
2026-02-19 17:15:00+00:00,oos,-0.3733902459379941,0.9352120645452422,False,False,False
2026-02-19 17:30:00+00:00,oos,-0.001394314070831817,1.268574484713729,False,False,False
2026-02-19 17:45:00+00:00,oos,-0.8959865410752356,1.1592460345131894,False,False,False
2026-02-19 18:00:00+00:00,oos,-0.6178431125236187,0.3797519023960154,False,False,False
2026-02-19 18:15:00+00:00,oos,-0.14614258962458082,0.31504807775443294,False,False,False
2026-02-19 18:30:00+00:00,oos,-0.054365971217680914,-0.4762413024900607,False,False,False
2026-02-19 18:45:00+00:00,oos,1.038850743979617,0.07545884925760246,False,False,False
2026-02-19 19:00:00+00:00,oos,-0.02394582017783277,-0.1707503837922721,False,False,False
2026-02-19 19:15:00+00:00,oos,-0.08148476096498872,0.8783065751244877,False,False,False
2026-02-19 19:30:00+00:00,oos,0.2755878218404135,0.7363160819425786,False,False,False
2026-02-19 19:45:00+00:00,oos,0.7388497742074909,0.032660751693371494,False,False,False
2026-02-19 20:00:00+00:00,oos,0.7924214458576732,2.2994409761207524,False,True,False
2026-02-19 20:15:00+00:00,oos,-1.2244575666596038,0.13722876491602629,False,False,False
2026-02-19 20:30:00+00:00,oos,-0.7769782581409193,0.909656006363633,False,False,False
2026-02-19 20:45:00+00:00,oos,1.4954589571842334,-0.9240447184863382,False,False,False
2026-02-19 21:00:00+00:00,oos,-1.746222395682538,0.8161258772708992,True,False,False
2026-02-19 21:15:00+00:00,oos,-0.14121767188554862,0.3102070645864952,False,False,False
2026-02-19 21:30:00+00:00,oos,1.1506922854292694,0.833611859512127,False,False,False
2026-02-19 21:45:00+00:00,oos,-1.4215271147981474,1.048851461656239,False,False,False
2026-02-19 22:00:00+00:00,oos,0.0113506343356715,1.242663291158668,False,False,False
2026-02-19 22:15:00+00:00,oos,-0.1968994892044893,1.1664481609144088,False,False,False
2026-02-19 22:30:00+00:00,oos,0.7734865001187807,1.3486399809476959,False,True,False
2026-02-19 22:45:00+00:00,oos,2.9164341804276,2.026545722498655,True,True,True
2026-02-19 23:00:00+00:00,oos,0.0045495288914776,0.5461202442403401,False,False,False
2026-02-19 23:15:00+00:00,oos,0.6476011932727532,-0.6244277384814446,False,False,False
2026-02-19 23:30:00+00:00,oos,1.2629954169260298,0.737313588257883,False,False,False
2026-02-19 23:45:00+00:00,oos,1.2073176335596023,-0.0015196685572583198,False,False,False
2026-02-20 00:00:00+00:00,oos,2.5716096759463105,0.9032418860629993,True,False,False
2026-02-20 00:15:00+00:00,oos,1.131502331291696,0.5620016291562304,False,False,False
2026-02-20 00:30:00+00:00,oos,0.6300478102912325,0.5679382213243779,False,False,False
2026-02-20 00:45:00+00:00,oos,-1.1451110105893232,0.26482055005479843,False,False,False
2026-02-20 01:00:00+00:00,oos,0.15849992238388366,0.4088435206301534,False,False,False
2026-02-20 01:15:00+00:00,oos,-0.27741726750854917,0.34287874355929265,False,False,False
2026-02-20 01:30:00+00:00,oos,1.6375802947605846,0.31198800882840905,True,False,False
2026-02-20 01:45:00+00:00,oos,0.5942633478901669,1.012312939084687,False,False,False
2026-02-20 02:00:00+00:00,oos,0.7344556477366129,0.3914366308784315,False,False,False
2026-02-20 02:15:00+00:00,oos,0.45214417353562697,-0.25551715503694944,False,False,False
2026-02-20 02:30:00+00:00,oos,1.3439771723414573,1.0662232629099049,False,False,False
2026-02-20 02:45:00+00:00,oos,0.2822582642032315,0.883731167102832,False,False,False
2026-02-20 03:00:00+00:00,oos,-1.4255201290314412,0.5540513405636556,False,False,False
2026-02-20 03:15:00+00:00,oos,1.8981075503497475,0.1672757716769388,True,False,False
2026-02-20 03:30:00+00:00,oos,-1.8297790034791561,0.593809911006114,True,False,False
2026-02-20 03:45:00+00:00,oos,1.0253137228668452,1.2490444545285493,False,False,False
2026-02-20 04:00:00+00:00,oos,-0.30593514299110836,1.1704645466569723,False,False,False
2026-02-20 04:15:00+00:00,oos,0.25421415541906905,1.00609409519425,False,False,False
2026-02-20 04:30:00+00:00,oos,2.2430688677388044,-0.0033347686784760077,True,False,False
2026-02-20 04:45:00+00:00,oos,-0.773104028102974,-0.19368940045712776,False,False,False
2026-02-20 05:00:00+00:00,oos,-0.8630986679668087,0.02463564777043232,False,False,False
2026-02-20 05:15:00+00:00,oos,-0.2561560001848864,0.6116358992203882,False,False,False
2026-02-20 05:30:00+00:00,oos,1.3448737992611706,1.163877811925307,False,False,False
2026-02-20 05:45:00+00:00,oos,-0.014129534934998165,0.08475022785765197,False,False,False
2026-02-20 06:00:00+00:00,oos,0.9511887553023175,-0.04736713126318684,False,False,False
2026-02-20 06:15:00+00:00,oos,-0.5764947796661297,0.4132199889056747,False,False,False
2026-02-20 06:30:00+00:00,oos,1.7105854875938715,-0.22743126090168042,True,False,False
2026-02-20 06:45:00+00:00,oos,0.8523212607132679,-0.21337094453112124,False,False,False
2026-02-20 07:00:00+00:00,oos,-1.0363529148010535,-0.28597326893171937,False,False,False
2026-02-20 07:15:00+00:00,oos,1.4163354390786902,-0.5985657056705466,False,False,False
2026-02-20 07:30:00+00:00,oos,-0.2787598578721484,-0.2145327420866862,False,False,False
2026-02-20 07:45:00+00:00,oos,-1.1824761835506068,-0.29773116460266563,False,False,False
2026-02-20 08:00:00+00:00,oos,-0.4420861470867379,0.8474113184452213,False,False,False
2026-02-20 08:15:00+00:00,oos,-0.33370628935759833,0.05232671226234572,False,False,False
2026-02-20 08:30:00+00:00,oos,-0.03566682340648306,0.4207310251543246,False,False,False
2026-02-20 08:45:00+00:00,oos,0.10764123573918276,1.2204463785786663,False,False,False
2026-02-20 09:00:00+00:00,oos,0.4929213687239965,0.6164681330475328,False,False,False
2026-02-20 09:15:00+00:00,oos,0.40055457656523286,-0.7623516350499374,False,False,False
2026-02-20 09:30:00+00:00,oos,-0.35214055656785287,0.11558704487814159,False,False,False
2026-02-20 09:45:00+00:00,oos,1.326456433406715,-0.3558995273425379,False,False,False
2026-02-20 10:00:00+00:00,oos,0.3869513849698085,-0.0016463892071272041,False,False,False
2026-02-20 10:15:00+00:00,oos,0.1406987386601008,1.0154398640134794,False,False,False
2026-02-20 10:30:00+00:00,oos,-1.60926548935602,0.5257345759495418,True,False,False
2026-02-20 10:45:00+00:00,oos,-0.8164117845169738,-0.26668693930107623,False,False,False
2026-02-20 11:00:00+00:00,oos,-1.277204277733937,0.24420893085192225,False,False,False
2026-02-20 11:15:00+00:00,oos,-1.069003506483122,1.115665770496676,False,False,False
2026-02-20 11:30:00+00:00,oos,-0.11218503323789344,0.15510117809280868,False,False,False
2026-02-20 11:45:00+00:00,oos,-0.3583278922948414,1.009504338719748,False,False,False
2026-02-20 12:00:00+00:00,oos,1.5972582289891903,-0.1150013976701576,True,False,False
2026-02-20 12:15:00+00:00,oos,-1.0712232312264618,0.44944116631837777,False,False,False
2026-02-20 12:30:00+00:00,oos,1.0759279990654897,0.7439340167646642,False,False,False
2026-02-20 12:45:00+00:00,oos,1.7187025251568795,0.754323535203147,True,False,False
2026-02-20 13:00:00+00:00,oos,-1.8637194430432598,0.15606342826770161,True,False,False
2026-02-20 13:15:00+00:00,oos,-0.9729567945423413,0.4015392558509968,False,False,False
2026-02-20 13:30:00+00:00,oos,-0.5835787220169738,0.9296783392041488,False,False,False
2026-02-20 13:45:00+00:00,oos,-1.6662522754930202,-1.4631485341933432,True,False,False
2026-02-20 14:00:00+00:00,oos,2.184578328082724,0.7827482341145704,True,False,False
2026-02-20 14:15:00+00:00,oos,0.07921578336511546,-0.005259332831581955,False,False,False
2026-02-20 14:30:00+00:00,oos,0.28400994144425756,1.4345876945487566,False,True,False
2026-02-20 14:45:00+00:00,oos,-1.1193012871761696,0.22514370733989778,False,False,False
2026-02-20 15:00:00+00:00,oos,0.5977648823733747,3.352600082312472,False,True,False
2026-02-20 15:15:00+00:00,oos,-0.22371301879518588,0.0705584683208381,False,False,False
2026-02-20 15:30:00+00:00,oos,1.3174194355761872,-0.6755056501789248,False,False,False
2026-02-20 15:45:00+00:00,oos,0.11231464746699915,-0.5616960863814788,False,False,False
2026-02-20 16:00:00+00:00,oos,0.9935341417948658,1.426811877835627,False,True,False
2026-02-20 16:15:00+00:00,oos,1.3274819718503623,0.9474136732818718,False,False,False
2026-02-20 16:30:00+00:00,oos,0.17007256288047834,1.041175627486829,False,False,False
2026-02-20 16:45:00+00:00,oos,1.708888121877039,0.23092404493108046,True,False,False
2026-02-20 17:00:00+00:00,oos,-0.47417843866470905,1.3253967974546368,False,True,False
2026-02-20 17:15:00+00:00,oos,-0.7553799365133231,-0.44947963918808315,False,False,False
2026-02-20 17:30:00+00:00,oos,-0.4929700747047941,0.5234711499372101,False,False,False
2026-02-20 17:45:00+00:00,oos,-0.06522497550302858,-0.2643039835190341,False,False,False
2026-02-20 18:00:00+00:00,oos,0.620912949148153,0.5166329243391743,False,False,False
2026-02-20 18:15:00+00:00,oos,0.9375442665153555,0.10224788694685738,False,False,False
2026-02-20 18:30:00+00:00,oos,0.5200678440738273,0.7428362074319832,False,False,False
2026-02-20 18:45:00+00:00,oos,0.7342021133621119,-0.0035596204332388245,False,False,False
2026-02-20 19:00:00+00:00,oos,1.0547394322457362,0.35158508871796795,False,False,False
2026-02-20 19:15:00+00:00,oos,0.4166396116439816,0.646753266861517,False,False,False
2026-02-20 19:30:00+00:00,oos,0.7883278085053012,0.7367096896394385,False,False,False
2026-02-20 19:45:00+00:00,oos,0.7486517754358872,0.3504008877387457,False,False,False
2026-02-20 20:00:00+00:00,oos,1.1816839856059231,1.1510816615269353,False,False,False
2026-02-20 20:15:00+00:00,oos,-2.3486720908246075,0.2807521741066749,True,False,False
2026-02-20 20:30:00+00:00,oos,0.49486267161223096,0.24495223774325284,False,False,False
2026-02-20 20:45:00+00:00,oos,-0.42013272938176055,0.3370497043603083,False,False,False
2026-02-20 21:00:00+00:00,oos,1.7763877916903148,0.11365987196344995,True,False,False
2026-02-20 21:15:00+00:00,oos,-1.6495506766360892,-0.16115078087370951,True,False,False
2026-02-20 21:30:00+00:00,oos,-0.36420907892557924,-0.056223372895776905,False,False,False
2026-02-20 21:45:00+00:00,oos,-1.0962828192235656,-0.14644522776071772,False,False,False
2026-02-20 22:00:00+00:00,oos,-1.1660090336932092,1.5058450521485895,False,True,False
2026-02-20 22:15:00+00:00,oos,1.2456828155875248,2.3507849135004344,False,True,False
2026-02-20 22:30:00+00:00,oos,-0.20781605569202322,0.9536882915420526,False,False,False
2026-02-20 22:45:00+00:00,oos,0.9858367444316194,2.3158145595408666,False,True,False
2026-02-20 23:00:00+00:00,oos,0.7415051472673335,-0.322464230364293,False,False,False
2026-02-20 23:15:00+00:00,oos,-0.24639547895611746,-1.0245539131125754,False,False,False
2026-02-20 23:30:00+00:00,oos,-0.4241045600633906,0.5531963326383786,False,False,False
2026-02-20 23:45:00+00:00,oos,0.7391420511890417,1.119718177765957,False,False,False
2026-02-21 00:00:00+00:00,oos,-0.0726081951767479,-0.2687476031539222,False,False,False
2026-02-21 00:15:00+00:00,oos,-0.13333105445461405,-0.6691696569619076,False,False,False
2026-02-21 00:30:00+00:00,oos,-1.2339776950578394,-0.26840847017106095,False,False,False
2026-02-21 00:45:00+00:00,oos,-1.0410669641444752,-0.06093708156413145,False,False,False
2026-02-21 01:00:00+00:00,oos,0.6737259839022876,-0.29302806612805626,False,False,False
2026-02-21 01:15:00+00:00,oos,-0.8256712411904441,-0.004127306774679706,False,False,False
2026-02-21 01:30:00+00:00,oos,2.0704187787018693,-0.09695788819036703,True,False,False
2026-02-21 01:45:00+00:00,oos,-0.2312138636612415,-0.317131944049915,False,False,False
2026-02-21 02:00:00+00:00,oos,0.10209776524966672,0.16016117968751525,False,False,False
2026-02-21 02:15:00+00:00,oos,0.6619956532461398,0.6148577959339782,False,False,False
2026-02-21 02:30:00+00:00,oos,-0.04360529914645771,0.6121671173412356,False,False,False
2026-02-21 02:45:00+00:00,oos,-0.3941453084356351,0.5491850910859487,False,False,False
2026-02-21 03:00:00+00:00,oos,-1.0927176902254552,1.0979385254547263,False,False,False
2026-02-21 03:15:00+00:00,oos,0.19669322643526277,0.8171413795064536,False,False,False
2026-02-21 03:30:00+00:00,oos,-1.645010420019003,1.1396306953114574,True,False,False
2026-02-21 03:45:00+00:00,oos,1.5923655552435267,0.7822128487884705,True,False,False
2026-02-21 04:00:00+00:00,oos,-0.44197063266776876,1.0681565322986128,False,False,False
2026-02-21 04:15:00+00:00,oos,1.574556929831134,0.4571989684215837,True,False,False
2026-02-21 04:30:00+00:00,oos,-1.195429283059218,1.2110970324783095,False,False,False
2026-02-21 04:45:00+00:00,oos,0.701824632058714,1.4204911199262276,False,True,False
2026-02-21 05:00:00+00:00,oos,-0.19165642010340964,0.7969502767429489,False,False,False
2026-02-21 05:15:00+00:00,oos,-0.16471933935556585,0.25875708608020703,False,False,False
2026-02-21 05:30:00+00:00,oos,-0.7071863075742577,1.2967751282391298,False,True,False
2026-02-21 05:45:00+00:00,oos,0.6960261649051509,0.8020116425062318,False,False,False
2026-02-21 06:00:00+00:00,oos,-1.3332018256453395,1.6371109377834032,False,True,False
2026-02-21 06:15:00+00:00,oos,-1.803700680933102,1.1866723240299988,True,False,False
2026-02-21 06:30:00+00:00,oos,-2.561246020421082,0.7199231137183697,True,False,False
2026-02-21 06:45:00+00:00,oos,-0.03429975734240938,0.4726508796099061,False,False,False
2026-02-21 07:00:00+00:00,oos,0.6658728519121879,0.6554993068093979,False,False,False
2026-02-21 07:15:00+00:00,oos,0.3607253872217768,-0.6122561387396289,False,False,False
2026-02-21 07:30:00+00:00,oos,1.1140706025760043,0.6442387443037343,False,False,False
2026-02-21 07:45:00+00:00,oos,1.0907707630616237,-0.34410593888757224,False,False,False
2026-02-21 08:00:00+00:00,oos,1.7260498006721832,0.6223866800320597,True,False,False
2026-02-21 08:15:00+00:00,oos,0.6495576064814886,0.5358106111299027,False,False,False
2026-02-21 08:30:00+00:00,oos,0.3757677621935638,-0.10153905930274808,False,False,False
2026-02-21 08:45:00+00:00,oos,2.0909427322731657,1.2139960852597702,True,False,False
2026-02-21 09:00:00+00:00,oos,-1.7119300118201044,1.3004312003588872,True,True,True
2026-02-21 09:15:00+00:00,oos,0.06736030177107843,0.1153719795090378,False,False,False
2026-02-21 09:30:00+00:00,oos,-0.12606380472320616,-0.19182884306552603,False,False,False
2026-02-21 09:45:00+00:00,oos,-0.3050528151385669,-0.10368990275533997,False,False,False
2026-02-21 10:00:00+00:00,oos,0.2218726655710881,0.18914115008103738,False,False,False
2026-02-21 10:15:00+00:00,oos,0.37531937282725314,0.27599510982558134,False,False,False
2026-02-21 10:30:00+00:00,oos,0.04281116209658847,0.3780188780957378,False,False,False
2026-02-21 10:45:00+00:00,oos,-0.43515408685648177,1.0171069748419104,False,False,False
2026-02-21 11:00:00+00:00,oos,1.1772755415614828,0.6257330153598317,False,False,False
2026-02-21 11:15:00+00:00,oos,0.46207750588683005,0.19103026522584146,False,False,False
2026-02-21 11:30:00+00:00,oos,-0.7282689577738445,0.9927418636256403,False,False,False
2026-02-21 11:45:00+00:00,oos,-1.716773463267723,0.3344706936323933,True,False,False
2026-02-21 12:00:00+00:00,oos,1.3470623654328229,0.6645294508559833,False,False,False
2026-02-21 12:15:00+00:00,oos,-0.9078236048451134,0.1968715516033398,False,False,False
2026-02-21 12:30:00+00:00,oos,0.8302246314903606,0.3797927607055335,False,False,False
2026-02-21 12:45:00+00:00,oos,0.46375653693687086,0.8292923601102298,False,False,False
2026-02-21 13:00:00+00:00,oos,1.5119991573918994,0.37218905399059027,False,False,False
2026-02-21 13:15:00+00:00,oos,0.4673649556733737,0.1570204970663797,False,False,False
2026-02-21 13:30:00+00:00,oos,0.3515186833648179,0.3741864375071628,False,False,False
2026-02-21 13:45:00+00:00,oos,2.703006445417751,-0.34350902159919916,True,False,False
2026-02-21 14:00:00+00:00,oos,0.23220370521066153,0.9217872096444866,False,False,False
2026-02-21 14:15:00+00:00,oos,1.458982013455362,0.7367245304027574,False,False,False
2026-02-21 14:30:00+00:00,oos,1.241506599358948,1.3918849971896141,False,True,False
2026-02-21 14:45:00+00:00,oos,-1.2127569610633853,1.2139993192801812,False,False,False
2026-02-21 15:00:00+00:00,oos,1.3900948700363762,1.0845690200287514,False,False,False
2026-02-21 15:15:00+00:00,oos,-0.09417253723496785,1.1741176523793362,False,False,False
2026-02-21 15:30:00+00:00,oos,1.0111708754357123,0.2712012930749606,False,False,False
2026-02-21 15:45:00+00:00,oos,0.09463734016084492,-0.12688474434732042,False,False,False
2026-02-21 16:00:00+00:00,oos,-1.788229075017804,0.7820203820709871,True,False,False
2026-02-21 16:15:00+00:00,oos,0.9530959590521384,0.2461752586111713,False,False,False
2026-02-21 16:30:00+00:00,oos,0.07128637656054386,-0.15979134815657345,False,False,False
2026-02-21 16:45:00+00:00,oos,-0.43950665231332964,-0.2441752687317245,False,False,False
2026-02-21 17:00:00+00:00,oos,-0.4220256851056702,0.8205943287450597,False,False,False
2026-02-21 17:15:00+00:00,oos,0.15768646305989534,0.18077090826106076,False,False,False
2026-02-21 17:30:00+00:00,oos,3.3831842582944787,0.1619504445567111,True,False,False
2026-02-21 17:45:00+00:00,oos,1.1179123781746945,0.7199238413838721,False,False,False
2026-02-21 18:00:00+00:00,oos,1.1941878244436073,0.21199144343563892,False,False,False
2026-02-21 18:15:00+00:00,oos,0.3924098030168328,0.184965340297829,False,False,False
2026-02-21 18:30:00+00:00,oos,0.8259613094266046,0.34643121794031884,False,False,False
2026-02-21 18:45:00+00:00,oos,1.6801496452108493,1.0856206509037278,True,False,False
2026-02-21 19:00:00+00:00,oos,2.6294632221578467,0.4544308451343207,True,False,False
2026-02-21 19:15:00+00:00,oos,0.42364744255763864,0.16041904829152623,False,False,False
2026-02-21 19:30:00+00:00,oos,2.262759878942021,0.21338465387568661,True,False,False
2026-02-21 19:45:00+00:00,oos,-1.307469768495722,-0.3789318130516309,False,False,False
2026-02-21 20:00:00+00:00,oos,-0.2776406744203683,0.9181797674787969,False,False,False
2026-02-21 20:15:00+00:00,oos,3.329075648523268,0.04560645540283796,True,False,False
2026-02-21 20:30:00+00:00,oos,-1.2105468929845973,0.8357408274616348,False,False,False
2026-02-21 20:45:00+00:00,oos,-1.9316171734191112,1.2557179255176485,True,False,False
2026-02-21 21:00:00+00:00,oos,1.028931130297279,1.037623924496482,False,False,False
2026-02-21 21:15:00+00:00,oos,2.452090730555569,-0.0021044458406579607,True,False,False
2026-02-21 21:30:00+00:00,oos,0.1817870808509299,-0.6168795557680494,False,False,False
2026-02-21 21:45:00+00:00,oos,3.099664068071104,0.5474949750138398,True,False,False
2026-02-21 22:00:00+00:00,oos,-1.4991001148027363,0.11943408064874043,False,False,False
2026-02-21 22:15:00+00:00,oos,-1.1328989445624813,2.1016996606092784,False,True,False
2026-02-21 22:30:00+00:00,oos,0.7084740866751467,2.294983873526333,False,True,False
2026-02-21 22:45:00+00:00,oos,-0.4982626029986655,3.1204992335999897,False,True,False
2026-02-21 23:00:00+00:00,oos,-2.35056033046394,-0.316226117338449,True,False,False
2026-02-21 23:15:00+00:00,oos,0.9279097468680778,-0.4873118041963342,False,False,False
2026-02-21 23:30:00+00:00,oos,-0.751880950271619,0.3005096534178158,False,False,False
2026-02-21 23:45:00+00:00,oos,-0.09625208092355292,0.31615600207741484,False,False,False
2026-02-22 00:00:00+00:00,oos,0.34461757155886863,0.8006347300559191,False,False,False
2026-02-22 00:15:00+00:00,oos,-0.6038247975687182,0.3424378873636616,False,False,False
2026-02-22 00:30:00+00:00,oos,0.5096329958639628,0.48194749840238504,False,False,False
2026-02-22 00:45:00+00:00,oos,-0.4289331787601006,0.5794689210673785,False,False,False
2026-02-22 01:00:00+00:00,oos,0.7521570246612401,0.16088332723567753,False,False,False
2026-02-22 01:15:00+00:00,oos,1.3950850505703594,0.501561394656444,False,False,False
2026-02-22 01:30:00+00:00,oos,2.37440244476256,0.6804632009429956,True,False,False
2026-02-22 01:45:00+00:00,oos,1.5260259426216105,0.16576794880453882,False,False,False
2026-02-22 02:00:00+00:00,oos,1.8478266652623083,0.37203982425523807,True,False,False
2026-02-22 02:15:00+00:00,oos,-1.209133470447851,-0.2599151373030849,False,False,False
2026-02-22 02:30:00+00:00,oos,-0.8570987673909943,0.5831187648358661,False,False,False
2026-02-22 02:45:00+00:00,oos,-1.4635859456844604,0.6094615080808513,False,False,False
2026-02-22 03:00:00+00:00,oos,2.106281838208948,0.033082189992309906,True,False,False
2026-02-22 03:15:00+00:00,oos,-1.5573517032254278,0.4875587748240319,False,False,False
2026-02-22 03:30:00+00:00,oos,-0.8674297629079003,0.5447694884476615,False,False,False
2026-02-22 03:45:00+00:00,oos,1.2582681657515484,0.22269311455591576,False,False,False
2026-02-22 04:00:00+00:00,oos,0.51363509329471,0.5820827257000162,False,False,False
2026-02-22 04:15:00+00:00,oos,-0.5817832729704421,-0.35568574516528123,False,False,False
2026-02-22 04:30:00+00:00,oos,0.21100662921058103,0.42018132832582505,False,False,False
2026-02-22 04:45:00+00:00,oos,-0.10340295490672738,-0.488567833048818,False,False,False
2026-02-22 05:00:00+00:00,oos,-1.345066971703594,0.1352781210206364,False,False,False
2026-02-22 05:15:00+00:00,oos,2.3163466016170635,0.010586529494471225,True,False,False
2026-02-22 05:30:00+00:00,oos,-1.3403830030748891,0.6022414469758611,False,False,False
2026-02-22 05:45:00+00:00,oos,0.35619847118074893,0.47938199600110665,False,False,False
2026-02-22 06:00:00+00:00,oos,0.7418602809383136,0.7676052184394001,False,False,False
2026-02-22 06:15:00+00:00,oos,2.164442740256185,0.5110128795446418,True,False,False
2026-02-22 06:30:00+00:00,oos,0.3135695309615076,1.7113423836325843,False,True,False
2026-02-22 06:45:00+00:00,oos,-0.04090076414398772,1.9636615734554803,False,True,False
2026-02-22 07:00:00+00:00,oos,-0.4159236451699762,1.496573339291742,False,True,False
2026-02-22 07:15:00+00:00,oos,1.2796405766505434,0.6344786461103297,False,False,False
2026-02-22 07:30:00+00:00,oos,0.32285336458988356,0.4776023311742497,False,False,False
2026-02-22 07:45:00+00:00,oos,-2.081022270069572,0.07594065862622681,True,False,False
2026-02-22 08:00:00+00:00,oos,-0.35174997569114597,0.8028341730852842,False,False,False
2026-02-22 08:15:00+00:00,oos,-1.9885445828592607,-0.09471479258729194,True,False,False
2026-02-22 08:30:00+00:00,oos,0.6124022397984947,1.5638173274587928,False,True,False
2026-02-22 08:45:00+00:00,oos,-0.2800516654132288,0.3773633018659374,False,False,False
2026-02-22 09:00:00+00:00,oos,1.4859777266981982,0.2599606161446465,False,False,False
2026-02-22 09:15:00+00:00,oos,1.8394353020497296,0.6954000121647013,True,False,False
2026-02-22 09:30:00+00:00,oos,0.32521837769358647,1.6202100389337033,False,True,False
2026-02-22 09:45:00+00:00,oos,1.1749114791066062,2.0341172526782625,False,True,False
2026-02-22 10:00:00+00:00,oos,0.090338698789334,1.3911578124857755,False,True,False
2026-02-22 10:15:00+00:00,oos,0.7498083523350378,0.23198556673061574,False,False,False
2026-02-22 10:30:00+00:00,oos,2.3825890314078078,0.5089641355541326,True,False,False
2026-02-22 10:45:00+00:00,oos,2.2728052803772667,0.4069907390856212,True,False,False
2026-02-22 11:00:00+00:00,oos,2.6264453918488564,0.8101543555797187,True,False,False
2026-02-22 11:15:00+00:00,oos,0.30657571667166283,0.3898108540053965,False,False,False
2026-02-22 11:30:00+00:00,oos,1.7292120944900866,0.016490978105494943,True,False,False
2026-02-22 11:45:00+00:00,oos,0.8069392774444061,0.17251823202974848,False,False,False
2026-02-22 12:00:00+00:00,oos,-1.6878186638800938,0.2888929715829465,True,False,False
2026-02-22 12:15:00+00:00,oos,0.39025767075636464,-0.699509902986989,False,False,False
2026-02-22 12:30:00+00:00,oos,-0.8583281550372276,0.3728460418542272,False,False,False
2026-02-22 12:45:00+00:00,oos,1.4087736142186897,-0.7533824360589565,False,False,False
2026-02-22 13:00:00+00:00,oos,1.4647483564857848,0.16252593344344873,False,False,False
2026-02-22 13:15:00+00:00,oos,-1.8915630501150666,0.03201702529686285,True,False,False
2026-02-22 13:30:00+00:00,oos,-0.3807921565485554,0.22856752555264462,False,False,False
2026-02-22 13:45:00+00:00,oos,1.7081989118773397,0.5983864547925182,True,False,False
2026-02-22 14:00:00+00:00,oos,-0.39072267668888827,1.1523785290565225,False,False,False
2026-02-22 14:15:00+00:00,oos,-1.2173987180951866,0.35435729800686583,False,False,False
2026-02-22 14:30:00+00:00,oos,0.6470604991591884,0.8770596062255245,False,False,False
2026-02-22 14:45:00+00:00,oos,-0.42171023607638114,-0.5148826228864747,False,False,False
2026-02-22 15:00:00+00:00,oos,0.16671931438169826,-0.25754136080090995,False,False,False
2026-02-22 15:15:00+00:00,oos,-0.13475933271653107,0.4609243668967902,False,False,False
2026-02-22 15:30:00+00:00,oos,1.3410784321557245,0.5264627687055904,False,False,False
2026-02-22 15:45:00+00:00,oos,-0.7238688221762045,-0.06267620514118089,False,False,False
2026-02-22 16:00:00+00:00,oos,-0.8140430299163744,0.6838726811434317,False,False,False
2026-02-22 16:15:00+00:00,oos,0.3822318173140806,0.708876596706315,False,False,False
2026-02-22 16:30:00+00:00,oos,-1.218360133823058,0.9128461334095618,False,False,False
2026-02-22 16:45:00+00:00,oos,1.475938792378693,1.0010691546922912,False,False,False
2026-02-22 17:00:00+00:00,oos,-0.47668366088320424,0.4861647809543166,False,False,False
2026-02-22 17:15:00+00:00,oos,0.2265098897074385,1.2123183417837469,False,False,False
2026-02-22 17:30:00+00:00,oos,-2.2629062526707693,0.9410824479132109,True,False,False
2026-02-22 17:45:00+00:00,oos,0.4508150304402903,0.17612342398795258,False,False,False
2026-02-22 18:00:00+00:00,oos,0.3273551033559707,0.11205121581051272,False,False,False
2026-02-22 18:15:00+00:00,oos,0.5529578275844041,0.21915286257898153,False,False,False
2026-02-22 18:30:00+00:00,oos,-0.6308437616048062,-0.3090365682714467,False,False,False
2026-02-22 18:45:00+00:00,oos,0.47114156277453356,0.7017702285918334,False,False,False
2026-02-22 19:00:00+00:00,oos,-0.6406793157766523,0.2789292131814293,False,False,False
2026-02-22 19:15:00+00:00,oos,0.2663235661397123,-0.2859333731931628,False,False,False
2026-02-22 19:30:00+00:00,oos,0.18972661260289853,-0.14698254431780092,False,False,False
2026-02-22 19:45:00+00:00,oos,-2.1644669213602454,1.0411850903198285,True,False,False
2026-02-22 20:00:00+00:00,oos,-0.9823795177926232,0.8902712036761934,False,False,False
2026-02-22 20:15:00+00:00,oos,0.4116781923178615,0.6651138970838709,False,False,False
2026-02-22 20:30:00+00:00,oos,-2.234177274258823,0.7703563606341888,True,False,False
2026-02-22 20:45:00+00:00,oos,-1.913510630233742,0.7299757220194295,True,False,False
2026-02-22 21:00:00+00:00,oos,0.47560827864650607,0.810601083861342,False,False,False
2026-02-22 21:15:00+00:00,oos,0.9310237000194033,0.5008771796317057,False,False,False
2026-02-22 21:30:00+00:00,oos,1.87410943645984,0.7436880546388923,True,False,False
2026-02-22 21:45:00+00:00,oos,0.406386203348652,-0.6520890766218648,False,False,False
2026-02-22 22:00:00+00:00,oos,-0.41934069298798093,-0.026702714020415214,False,False,False
2026-02-22 22:15:00+00:00,oos,-0.7074428937118389,1.5731959502365649,False,True,False
2026-02-22 22:30:00+00:00,oos,1.5936582249934566,0.9354973902485867,True,False,False
2026-02-22 22:45:00+00:00,oos,0.3015743578660818,0.4094703820894844,False,False,False
2026-02-22 23:00:00+00:00,oos,1.199145402701932,0.6617972634877958,False,False,False
2026-02-22 23:15:00+00:00,oos,0.6397708777491133,-1.2346818212659725,False,False,False
2026-02-22 23:30:00+00:00,oos,-0.3918309086252596,1.0370289073164403,False,False,False
2026-02-22 23:45:00+00:00,oos,2.94111812717565,0.6292351577037018,True,False,False
2026-02-23 00:00:00+00:00,oos,-0.18575376690144874,0.06905022716713677,False,False,False
2026-02-23 00:15:00+00:00,oos,-0.3640834367927592,-0.36554162009881647,False,False,False
2026-02-23 00:30:00+00:00,oos,-1.1836252671887624,-0.2017946113194605,False,False,False
2026-02-23 00:45:00+00:00,oos,-1.1076587438223253,-0.002252185313781186,False,False,False
2026-02-23 01:00:00+00:00,oos,1.737002341077957,1.0142384145342558,True,False,False
2026-02-23 01:15:00+00:00,oos,-0.4085770269354879,0.3708865367713291,False,False,False
2026-02-23 01:30:00+00:00,oos,0.5613303115869515,-0.6727393786245063,False,False,False
2026-02-23 01:45:00+00:00,oos,0.535027371677548,0.03897278720589917,False,False,False
2026-02-23 02:00:00+00:00,oos,-0.1379883326789973,-0.42846826363181206,False,False,False
2026-02-23 02:15:00+00:00,oos,0.8259498082746047,-0.44098129669389613,False,False,False
2026-02-23 02:30:00+00:00,oos,0.6972947365130312,0.6817288997153519,False,False,False
2026-02-23 02:45:00+00:00,oos,1.4986613264096826,0.039270840946373356,False,False,False
2026-02-23 03:00:00+00:00,oos,-0.19240514350720134,0.31828272891304815,False,False,False
2026-02-23 03:15:00+00:00,oos,-0.39122869086179085,-0.5185911499329415,False,False,False
2026-02-23 03:30:00+00:00,oos,1.3233734665006605,-0.19992793934467207,False,False,False
2026-02-23 03:45:00+00:00,oos,-0.5401953025939148,0.12299615706758403,False,False,False
2026-02-23 04:00:00+00:00,oos,-0.4480881201190881,0.1376938455258157,False,False,False
2026-02-23 04:15:00+00:00,oos,-0.8955010565371244,0.2751918221181616,False,False,False
2026-02-23 04:30:00+00:00,oos,-0.2722443218364765,-0.467976389218564,False,False,False
2026-02-23 04:45:00+00:00,oos,-0.1695702388535806,0.1374692973037352,False,False,False
2026-02-23 05:00:00+00:00,oos,0.9798594590706046,0.5457839848007682,False,False,False
2026-02-23 05:15:00+00:00,oos,-0.031231738180158407,-0.020707603648570366,False,False,False
2026-02-23 05:30:00+00:00,oos,1.0865885267352366,-0.5976351924984431,False,False,False
2026-02-23 05:45:00+00:00,oos,-0.34286686835135427,0.1252752365214973,False,False,False
2026-02-23 06:00:00+00:00,oos,0.3915936187049735,0.7459092137993332,False,False,False
2026-02-23 06:15:00+00:00,oos,-0.28122886269519126,0.3892916596558227,False,False,False
2026-02-23 06:30:00+00:00,oos,-0.6328526241114091,0.19889588582629328,False,False,False
2026-02-23 06:45:00+00:00,oos,-0.6806016042161015,0.3551061654466744,False,False,False
2026-02-23 07:00:00+00:00,oos,-1.1981805859317038,-0.1744334731698022,False,False,False
2026-02-23 07:15:00+00:00,oos,-0.914605562711092,0.07629293528221558,False,False,False
2026-02-23 07:30:00+00:00,oos,0.3228732534787944,-0.013965635624179568,False,False,False
2026-02-23 07:45:00+00:00,oos,-0.6015385646068202,-0.15671333790615624,False,False,False
2026-02-23 08:00:00+00:00,oos,-0.36735571034510833,0.3624860240816552,False,False,False
2026-02-23 08:15:00+00:00,oos,-0.17755029390610622,-0.3995816473261293,False,False,False
2026-02-23 08:30:00+00:00,oos,-0.6844814192207935,-0.08973223354499558,False,False,False
2026-02-23 08:45:00+00:00,oos,0.9461041916457125,-0.40405737777275896,False,False,False
2026-02-23 09:00:00+00:00,oos,-0.09536758477151767,-0.04328849986046561,False,False,False
2026-02-23 09:15:00+00:00,oos,0.823028337308081,0.24208118775165635,False,False,False
2026-02-23 09:30:00+00:00,oos,-0.10325563691463312,0.7825878444684202,False,False,False
2026-02-23 09:45:00+00:00,oos,0.4489623106917729,0.10217809229605139,False,False,False
2026-02-23 10:00:00+00:00,oos,-0.5784828942288133,0.8227205254068186,False,False,False
2026-02-23 10:15:00+00:00,oos,1.5120857714651288,0.2314449451431668,False,False,False
2026-02-23 10:30:00+00:00,oos,-0.18046879994558795,-0.049057379676570735,False,False,False
2026-02-23 10:45:00+00:00,oos,-0.5097297328202512,-0.3284009502345098,False,False,False
2026-02-23 11:00:00+00:00,oos,1.3937069035561487,-0.00711640740586873,False,False,False
2026-02-23 11:15:00+00:00,oos,-0.00676542100093119,0.09192636685860009,False,False,False
2026-02-23 11:30:00+00:00,oos,-1.9359323129977377,0.5094733821224958,True,False,False
2026-02-23 11:45:00+00:00,oos,-0.3812752796416633,0.2262022142817322,False,False,False
2026-02-23 12:00:00+00:00,oos,0.07061331725276228,0.26635014035077414,False,False,False
2026-02-23 12:15:00+00:00,oos,-1.8445925005576695,-0.046808345096736766,True,False,False
2026-02-23 12:30:00+00:00,oos,0.4584985128681015,0.7992150895350981,False,False,False
2026-02-23 12:45:00+00:00,oos,-0.37469775988258036,0.16722346241491567,False,False,False
2026-02-23 13:00:00+00:00,oos,-1.154544368317367,-0.06976317627897184,False,False,False
2026-02-23 13:15:00+00:00,oos,-1.0954781016210955,0.074183130042595,False,False,False
2026-02-23 13:30:00+00:00,oos,1.9671962175773952,0.23364234201527623,True,False,False
2026-02-23 13:45:00+00:00,oos,-0.7932534585173432,1.383352283687015,False,True,False
2026-02-23 14:00:00+00:00,oos,1.6869321317107695,1.3699421798183322,True,True,True
2026-02-23 14:15:00+00:00,oos,-0.6447490267861122,0.5083691669971258,False,False,False
2026-02-23 14:30:00+00:00,oos,-0.21784326251148647,1.2564033025756074,False,False,False
2026-02-23 14:45:00+00:00,oos,0.08719839761540311,1.404128515456389,False,True,False
2026-02-23 15:00:00+00:00,oos,-0.058259786186620054,0.9110147292197757,False,False,False
2026-02-23 15:15:00+00:00,oos,0.13630506442592583,0.2965876145517431,False,False,False
2026-02-23 15:30:00+00:00,oos,-0.6456797933506561,-0.07983736815255298,False,False,False
2026-02-23 15:45:00+00:00,oos,0.9992566922977822,0.5903971802842383,False,False,False
2026-02-23 16:00:00+00:00,oos,-0.3503986018458451,0.2228548330066302,False,False,False
2026-02-23 16:15:00+00:00,oos,0.4115862509537213,1.054534260631135,False,False,False
2026-02-23 16:30:00+00:00,oos,0.2805298434994523,0.05331683527687679,False,False,False
2026-02-23 16:45:00+00:00,oos,-1.701366883343114,0.39079319964601605,True,False,False
2026-02-23 17:00:00+00:00,oos,-1.5015085639193508,-0.25944752422165496,False,False,False
2026-02-23 17:15:00+00:00,oos,-0.8669771045591629,-0.07590148896362067,False,False,False
2026-02-23 17:30:00+00:00,oos,-0.6754815758603512,0.5622180759162063,False,False,False
2026-02-23 17:45:00+00:00,oos,-1.2314937452075996,0.8069833324924846,False,False,False
2026-02-23 18:00:00+00:00,oos,0.7602311129459997,0.8329616192938918,False,False,False
2026-02-23 18:15:00+00:00,oos,0.5432398925228473,1.0948434802338154,False,False,False
2026-02-23 18:30:00+00:00,oos,0.9036834053220036,1.730279316123225,False,True,False
2026-02-23 18:45:00+00:00,oos,-1.2027560865337332,0.13454614458650233,False,False,False
2026-02-23 19:00:00+00:00,oos,-0.1037426906620656,0.8566093028343502,False,False,False
2026-02-23 19:15:00+00:00,oos,-1.2032055974108975,-0.15645359144910398,False,False,False
2026-02-23 19:30:00+00:00,oos,-0.388354910026015,0.19534757566383537,False,False,False
2026-02-23 19:45:00+00:00,oos,0.814921827654661,0.7708323959259268,False,False,False
2026-02-23 20:00:00+00:00,oos,-0.9094203904244225,0.7262990627401112,False,False,False
2026-02-23 20:15:00+00:00,oos,0.3443065720436197,-0.5087737125273402,False,False,False
2026-02-23 20:30:00+00:00,oos,0.7797941685294768,0.7404402839600438,False,False,False
2026-02-23 20:45:00+00:00,oos,-0.11176867370812917,0.40219036404905206,False,False,False
2026-02-23 21:00:00+00:00,oos,0.6980201823087503,0.3780420614686179,False,False,False
2026-02-23 21:15:00+00:00,oos,-0.8385801891757504,1.499852227859291,False,True,False
2026-02-23 21:30:00+00:00,oos,1.1857602739063866,1.2176747234857355,False,False,False
2026-02-23 21:45:00+00:00,oos,-0.33647815901849,0.14945646770895743,False,False,False
2026-02-23 22:00:00+00:00,oos,1.205298953348483,1.6887276733256815,False,True,False
2026-02-23 22:15:00+00:00,oos,-0.5453632672040273,1.7452463483167224,False,True,False
2026-02-23 22:30:00+00:00,oos,1.2788791349260322,0.42528566371376053,False,False,False
2026-02-23 22:45:00+00:00,oos,-3.036415530671347,1.876316756754087,True,True,True
2026-02-23 23:00:00+00:00,oos,1.4742572570523196,-1.1355612969934847,False,False,False
2026-02-23 23:15:00+00:00,oos,-1.9566996175421867,-1.7330207107356346,True,False,False
2026-02-23 23:30:00+00:00,oos,-1.7221193814987856,-1.2543567646581784,True,False,False
2026-02-23 23:45:00+00:00,oos,-1.1281239311337274,0.36646470502459333,False,False,False
2026-02-24 00:00:00+00:00,oos,2.0313152693446024,1.7024418587457024,True,True,True
2026-02-24 00:15:00+00:00,oos,1.6855788821084048,-0.33935583833647864,True,False,False
2026-02-24 00:30:00+00:00,oos,0.7214109029378741,-0.16153218417696363,False,False,False
2026-02-24 00:45:00+00:00,oos,1.1509822565116976,0.12567063953432223,False,False,False
2026-02-24 01:00:00+00:00,oos,-1.4170646923233277,-0.5121978597900204,False,False,False
2026-02-24 01:15:00+00:00,oos,-0.8465889001991648,1.4004684063717316,False,True,False
2026-02-24 01:30:00+00:00,oos,0.818051823445502,-0.7480522718767553,False,False,False
2026-02-24 01:45:00+00:00,oos,1.1809239111802117,0.0511080792855431,False,False,False
2026-02-24 02:00:00+00:00,oos,0.7349516070064409,0.2572806806594093,False,False,False
2026-02-24 02:15:00+00:00,oos,1.3563334121208066,0.4573019163122627,False,False,False
2026-02-24 02:30:00+00:00,oos,0.6904619064007359,0.42616391920896135,False,False,False
2026-02-24 02:45:00+00:00,oos,2.063610379928975,-0.042575314469744406,True,False,False
2026-02-24 03:00:00+00:00,oos,-0.3406843215240372,0.0452614714112626,False,False,False
2026-02-24 03:15:00+00:00,oos,-0.4288845939636487,0.0295249205574505,False,False,False
2026-02-24 03:30:00+00:00,oos,-0.6879747749153172,0.04991094864402734,False,False,False
2026-02-24 03:45:00+00:00,oos,-0.7613668663123468,0.64329387433739,False,False,False
2026-02-24 04:00:00+00:00,oos,-0.5775754935993355,-0.21122646209257298,False,False,False
2026-02-24 04:15:00+00:00,oos,1.025825266550704,0.9397087282502262,False,False,False
2026-02-24 04:30:00+00:00,oos,0.5656428836166385,1.397232544967326,False,True,False
2026-02-24 04:45:00+00:00,oos,0.2707842910737183,0.9185619801163484,False,False,False
2026-02-24 05:00:00+00:00,oos,0.5512856270227273,0.30198709683527425,False,False,False
2026-02-24 05:15:00+00:00,oos,-0.4790245794667382,0.6720549232414759,False,False,False
2026-02-24 05:30:00+00:00,oos,0.08250927533944116,0.27961022758306026,False,False,False
2026-02-24 05:45:00+00:00,oos,2.3071185213532384,0.30106638759710524,True,False,False
2026-02-24 06:00:00+00:00,oos,0.5046918816859147,1.720860137823065,False,True,False
2026-02-24 06:15:00+00:00,oos,0.27817294531184283,0.9671370376146032,False,False,False
2026-02-24 06:30:00+00:00,oos,0.8723555948721762,0.518775976025704,False,False,False
2026-02-24 06:45:00+00:00,oos,-0.9385522814633951,0.7985309344089347,False,False,False
2026-02-24 07:00:00+00:00,oos,0.1663440250977226,1.2200090009289886,False,False,False
2026-02-24 07:15:00+00:00,oos,-0.304980977669377,0.9578034334714092,False,False,False
2026-02-24 07:30:00+00:00,oos,0.9360994794734471,0.3299152251686518,False,False,False
2026-02-24 07:45:00+00:00,oos,0.7725456837327357,0.8454825737791215,False,False,False
2026-02-24 08:00:00+00:00,oos,-0.10209183831675209,1.0376867844361728,False,False,False
2026-02-24 08:15:00+00:00,oos,0.8821893848156472,0.475984930789073,False,False,False
2026-02-24 08:30:00+00:00,oos,1.9501115389858108,0.6438864884960009,True,False,False
2026-02-24 08:45:00+00:00,oos,1.7483989540687577,0.04579353480421704,True,False,False
2026-02-24 09:00:00+00:00,oos,0.4254005393364953,0.49126369821339044,False,False,False
2026-02-24 09:15:00+00:00,oos,0.17310725446682446,0.25091249996879744,False,False,False
2026-02-24 09:30:00+00:00,oos,-0.7033087234015764,0.45810697559241126,False,False,False
2026-02-24 09:45:00+00:00,oos,1.3096580783588696,-0.05091935594300541,False,False,False
2026-02-24 10:00:00+00:00,oos,1.389508178740857,1.205758032108834,False,False,False
2026-02-24 10:15:00+00:00,oos,0.3558147579949462,0.7682791417986851,False,False,False
2026-02-24 10:30:00+00:00,oos,-1.1424288267800191,0.9258116612704472,False,False,False
2026-02-24 10:45:00+00:00,oos,1.2330558936469254,1.0798483095711577,False,False,False
2026-02-24 11:00:00+00:00,oos,-0.6379735857415757,1.2677204160893716,False,False,False
2026-02-24 11:15:00+00:00,oos,-1.6195235557663454,0.728065129460321,True,False,False
2026-02-24 11:30:00+00:00,oos,-0.48667358254887066,0.8814603024980984,False,False,False
2026-02-24 11:45:00+00:00,oos,-0.03755704665753011,1.0067852399912465,False,False,False
2026-02-24 12:00:00+00:00,oos,0.19859167451187903,1.7773566217736676,False,True,False
2026-02-24 12:15:00+00:00,oos,1.0842646840536287,-0.2800691146955753,False,False,False
2026-02-24 12:30:00+00:00,oos,-0.08974755467918726,1.029699390095245,False,False,False
2026-02-24 12:45:00+00:00,oos,-0.6484693647868864,0.7276733687066812,False,False,False
2026-02-24 13:00:00+00:00,oos,0.03745711347094178,-0.246180409848495,False,False,False
2026-02-24 13:15:00+00:00,oos,-0.7912194871096843,-0.10368237231557119,False,False,False
2026-02-24 13:30:00+00:00,oos,0.42713443201916845,0.4655442881470914,False,False,False
2026-02-24 13:45:00+00:00,oos,0.7052008161546816,-0.7514357640064178,False,False,False
2026-02-24 14:00:00+00:00,oos,0.4857785779362879,1.2405204629885194,False,False,False
2026-02-24 14:15:00+00:00,oos,0.0867006719801834,0.42292368953419157,False,False,False
2026-02-24 14:30:00+00:00,oos,-1.218128586036534,1.799621141721999,False,True,False
2026-02-24 14:45:00+00:00,oos,0.06543336639905183,0.4384578928957656,False,False,False
2026-02-24 15:00:00+00:00,oos,-0.3517881387094227,1.0251357275135302,False,False,False
2026-02-24 15:15:00+00:00,oos,0.4953383761440188,0.08981747880558802,False,False,False
2026-02-24 15:30:00+00:00,oos,0.851693586363441,1.0366247948427476,False,False,False
2026-02-24 15:45:00+00:00,oos,0.598885107323857,0.8496374210710322,False,False,False
2026-02-24 16:00:00+00:00,oos,0.9062362190227405,0.0506834910707804,False,False,False
2026-02-24 16:15:00+00:00,oos,0.03492278985077998,0.6926743053092647,False,False,False
2026-02-24 16:30:00+00:00,oos,-0.4403368019748141,1.1542342795261984,False,False,False
2026-02-24 16:45:00+00:00,oos,0.6270546162452052,0.13780241061578216,False,False,False
2026-02-24 17:00:00+00:00,oos,0.3867932463742283,-0.08344553488516282,False,False,False
2026-02-24 17:15:00+00:00,oos,0.004628239052950899,0.7780321384023537,False,False,False
2026-02-24 17:30:00+00:00,oos,0.05029198981988839,0.7774960202086758,False,False,False
2026-02-24 17:45:00+00:00,oos,0.9723962808247633,0.0959130138040814,False,False,False
2026-02-24 18:00:00+00:00,oos,-0.07456661431762883,1.3489619717637484,False,True,False
2026-02-24 18:15:00+00:00,oos,0.6244599846817044,0.23227757960421752,False,False,False
2026-02-24 18:30:00+00:00,oos,0.30571158803939114,1.2235838351703792,False,False,False
2026-02-24 18:45:00+00:00,oos,0.3563834653096259,0.047923285242463906,False,False,False
2026-02-24 19:00:00+00:00,oos,-0.7921126609956771,0.6050890462025849,False,False,False
2026-02-24 19:15:00+00:00,oos,-1.7970866329278192,0.48183136062698645,True,False,False
2026-02-24 19:30:00+00:00,oos,1.4446181798957314,-0.2590878042316859,False,False,False
2026-02-24 19:45:00+00:00,oos,1.231587674063418,-0.4392735936384773,False,False,False
2026-02-24 20:00:00+00:00,oos,-0.7642660246694831,0.4867557792518394,False,False,False
2026-02-24 20:15:00+00:00,oos,1.9381074396064801,0.1703421008384363,True,False,False
2026-02-24 20:30:00+00:00,oos,0.8216835388218283,-0.015864330055825028,False,False,False
2026-02-24 20:45:00+00:00,oos,-1.6972322635282546,-0.594905638909411,True,False,False
2026-02-24 21:00:00+00:00,oos,0.5118200594066584,0.8856327448384906,False,False,False
2026-02-24 21:15:00+00:00,oos,-0.22286581596214952,0.6879659932708269,False,False,False
2026-02-24 21:30:00+00:00,oos,0.22861536119256617,0.7372544146493166,False,False,False
2026-02-24 21:45:00+00:00,oos,0.5176028725020172,0.8890572134006218,False,False,False
2026-02-24 22:00:00+00:00,oos,0.9605783068807677,1.014782328006423,False,False,False
2026-02-24 22:15:00+00:00,oos,-0.5429281672920089,1.2221689641326356,False,False,False
2026-02-24 22:30:00+00:00,oos,0.9496796126929243,1.2462845998593997,False,False,False
2026-02-24 22:45:00+00:00,oos,-0.4202136519811623,0.6701179724361696,False,False,False
2026-02-24 23:00:00+00:00,oos,0.08165562844952957,0.3252038747955269,False,False,False
2026-02-24 23:15:00+00:00,oos,0.8108969629753611,-1.8607665548960295,False,False,False
2026-02-24 23:30:00+00:00,oos,-0.30689745653325917,-0.05898451364770647,False,False,False
2026-02-24 23:45:00+00:00,oos,-0.6226683987096165,-0.21475887316652129,False,False,False
2026-02-25 00:00:00+00:00,oos,0.00361551759491897,0.36169737407061286,False,False,False
2026-02-25 00:15:00+00:00,oos,-0.2982513053224069,0.3765111008848226,False,False,False
2026-02-25 00:30:00+00:00,oos,2.7490743553701757,-0.4398979960104881,True,False,False
2026-02-25 00:45:00+00:00,oos,-0.28406910947729114,-0.10937412240431163,False,False,False
2026-02-25 01:00:00+00:00,oos,-1.3976909805598265,0.5410338282264918,False,False,False
2026-02-25 01:15:00+00:00,oos,-0.24524381643356763,1.0454383071708082,False,False,False
2026-02-25 01:30:00+00:00,oos,-0.2989504778639523,-0.9532322429025949,False,False,False
2026-02-25 01:45:00+00:00,oos,-0.22125166519743886,0.15877712148757075,False,False,False
2026-02-25 02:00:00+00:00,oos,0.4133936847616033,2.7108360778521416,False,True,False
2026-02-25 02:15:00+00:00,oos,-0.24252282568336636,-0.046059664750769835,False,False,False
2026-02-25 02:30:00+00:00,oos,-0.088472271911746,0.8050294721142656,False,False,False
2026-02-25 02:45:00+00:00,oos,-0.6001469055463026,0.6471093673805497,False,False,False
2026-02-25 03:00:00+00:00,oos,0.4585420244995672,-1.2589602757375693,False,False,False
2026-02-25 03:15:00+00:00,oos,-0.25185104341250747,-0.40268582858995267,False,False,False
2026-02-25 03:30:00+00:00,oos,-1.448073955204638,0.23490458815747747,False,False,False
2026-02-25 03:45:00+00:00,oos,0.6958416411501792,0.6249517671971692,False,False,False
2026-02-25 04:00:00+00:00,oos,0.4873572477162177,0.6920057364238281,False,False,False
2026-02-25 04:15:00+00:00,oos,0.8601365557504139,-0.04890546653018681,False,False,False
2026-02-25 04:30:00+00:00,oos,0.09714246723370186,0.6915793311122579,False,False,False
2026-02-25 04:45:00+00:00,oos,-1.7265693446753259,0.5163085889561871,True,False,False
2026-02-25 05:00:00+00:00,oos,0.3445967236863279,0.05235258206505521,False,False,False
2026-02-25 05:15:00+00:00,oos,-0.4301236963846103,0.8077611512825416,False,False,False
2026-02-25 05:30:00+00:00,oos,-1.1356203265865155,1.003446933809067,False,False,False
2026-02-25 05:45:00+00:00,oos,1.3911108573981867,-0.0464522505399381,False,False,False
2026-02-25 06:00:00+00:00,oos,2.3670005122717552,-0.0025405778299313255,True,False,False
2026-02-25 06:15:00+00:00,oos,1.342564946544872,0.17504552405894683,False,False,False
2026-02-25 06:30:00+00:00,oos,1.2162354413242216,0.3857279451030255,False,False,False
2026-02-25 06:45:00+00:00,oos,0.9120750259673962,0.8199230889816046,False,False,False
2026-02-25 07:00:00+00:00,oos,0.5098255222235587,0.8905780506242631,False,False,False
2026-02-25 07:15:00+00:00,oos,0.8809629127190012,-0.8074509513266395,False,False,False
2026-02-25 07:30:00+00:00,oos,-0.8042428757782487,-0.26908130060055335,False,False,False
2026-02-25 07:45:00+00:00,oos,0.3935193449879668,0.1500142134165927,False,False,False
2026-02-25 08:00:00+00:00,oos,0.6184644850229053,-1.1625297636853091,False,False,False
2026-02-25 08:15:00+00:00,oos,0.9647626913263526,0.19235870761238524,False,False,False
2026-02-25 08:30:00+00:00,oos,1.5411624636664143,-0.23903139500967455,False,False,False
2026-02-25 08:45:00+00:00,oos,1.6935678011339113,-0.06809030225995867,True,False,False
2026-02-25 09:00:00+00:00,oos,0.6116341114357613,0.9319823262817091,False,False,False
2026-02-25 09:15:00+00:00,oos,0.27862127942165504,-0.10912928101266586,False,False,False
2026-02-25 09:30:00+00:00,oos,-0.9486874977895706,2.4347034914495165,False,True,False
2026-02-25 09:45:00+00:00,oos,1.5847651710453996,-0.28152533099227073,True,False,False
2026-02-25 10:00:00+00:00,oos,0.4761822467232571,-0.013437454520261948,False,False,False
2026-02-25 10:15:00+00:00,oos,1.8056988420730211,0.3186727397612074,True,False,False
2026-02-25 10:30:00+00:00,oos,-0.6884338484106016,-0.6882268898510815,False,False,False
2026-02-25 10:45:00+00:00,oos,1.5752436825591882,0.30597447486045215,True,False,False
2026-02-25 11:00:00+00:00,oos,-0.24072015076998568,0.5824861815566529,False,False,False
2026-02-25 11:15:00+00:00,oos,1.8746630371269746,0.24089562283766208,True,False,False
2026-02-25 11:30:00+00:00,oos,0.3303317544422491,0.5297816121543006,False,False,False
2026-02-25 11:45:00+00:00,oos,1.7133069405907733,0.8646519830068745,True,False,False
2026-02-25 12:00:00+00:00,oos,0.7896932005219778,0.5370714924884509,False,False,False
2026-02-25 12:15:00+00:00,oos,1.4310379871767962,1.2999507165322652,False,True,False
2026-02-25 12:30:00+00:00,oos,-0.06593630334179075,0.26381062570541053,False,False,False
2026-02-25 12:45:00+00:00,oos,0.21924015935311808,0.016995555326732942,False,False,False
2026-02-25 13:00:00+00:00,oos,0.1516326918935369,-0.8678470910530006,False,False,False
2026-02-25 13:15:00+00:00,oos,0.1906725264241398,-0.613921736015922,False,False,False
2026-02-25 13:30:00+00:00,oos,0.9061551158144872,0.5687885236106102,False,False,False
2026-02-25 13:45:00+00:00,oos,-0.4032130799317628,1.1475677406864886,False,False,False
2026-02-25 14:00:00+00:00,oos,1.0999501740313888,1.8272515008500292,False,True,False
2026-02-25 14:15:00+00:00,oos,-0.11592105997143333,1.8037401491147569,False,True,False
2026-02-25 14:30:00+00:00,oos,-0.18378725927580666,2.3558854878647155,False,True,False
2026-02-25 14:45:00+00:00,oos,-0.7288958207047518,1.5131987964433922,False,True,False
2026-02-25 15:00:00+00:00,oos,-0.26965735921132145,0.17954153083726157,False,False,False
2026-02-25 15:15:00+00:00,oos,-0.3909716015189162,0.3162197797074705,False,False,False
2026-02-25 15:30:00+00:00,oos,-0.24642312342383288,0.8662087369000998,False,False,False
2026-02-25 15:45:00+00:00,oos,0.02134503179507104,0.9145207201452547,False,False,False
2026-02-25 16:00:00+00:00,oos,-0.19768935907892737,0.5730870892927119,False,False,False
2026-02-25 16:15:00+00:00,oos,0.1577614515537919,0.8210247284981018,False,False,False
2026-02-25 16:30:00+00:00,oos,-0.11587349625398535,-0.11125515112610189,False,False,False
2026-02-25 16:45:00+00:00,oos,0.02251106684028756,-0.08509966367524965,False,False,False
2026-02-25 17:00:00+00:00,oos,0.10829749211817111,1.015441679800334,False,False,False
2026-02-25 17:15:00+00:00,oos,-0.35128393844580497,0.7013880378770845,False,False,False
2026-02-25 17:30:00+00:00,oos,-0.3344062240073212,0.39510486208353146,False,False,False
2026-02-25 17:45:00+00:00,oos,0.41575057456355047,0.7098497806698791,False,False,False
2026-02-25 18:00:00+00:00,oos,-0.3415129327951508,0.21817876089144164,False,False,False
2026-02-25 18:15:00+00:00,oos,0.29150083127959475,0.6458126337055541,False,False,False
2026-02-25 18:30:00+00:00,oos,0.054458600606367334,0.7715342105931403,False,False,False
2026-02-25 18:45:00+00:00,oos,-0.487548524961245,0.14889040211046295,False,False,False
2026-02-25 19:00:00+00:00,oos,-1.383002080960708,1.440909894059509,False,True,False
2026-02-25 19:15:00+00:00,oos,0.2928498943030487,1.9563558027104384,False,True,False
2026-02-25 19:30:00+00:00,oos,-1.5891944464289645,0.5731600930772822,True,False,False
2026-02-25 19:45:00+00:00,oos,0.06145174178266683,-0.3413600642148619,False,False,False
2026-02-25 20:00:00+00:00,oos,-1.6044233954793043,0.4322435535024601,True,False,False
2026-02-25 20:15:00+00:00,oos,-0.46143009803307544,0.9802288392123463,False,False,False
2026-02-25 20:30:00+00:00,oos,1.2566983576480675,0.2971673561975603,False,False,False
2026-02-25 20:45:00+00:00,oos,0.3591606792163254,0.8383406311089148,False,False,False
2026-02-25 21:00:00+00:00,oos,1.7801920139624345,1.9996525378344505,True,True,True
2026-02-25 21:15:00+00:00,oos,0.2899861083252207,2.189397819099674,False,True,False
2026-02-25 21:30:00+00:00,oos,-0.6957042003886307,2.9099879021826944,False,True,False
2026-02-25 21:45:00+00:00,oos,-0.5218939727292926,-0.11362090967009726,False,False,False
2026-02-25 22:00:00+00:00,oos,0.06920384665621372,1.2066750791692777,False,False,False
2026-02-25 22:15:00+00:00,oos,0.5836988762026178,1.722942737792432,False,True,False
2026-02-25 22:30:00+00:00,oos,-0.2638827320690582,2.7988552684294374,False,True,False
2026-02-25 22:45:00+00:00,oos,-0.19747825152534307,1.6623325667830415,False,True,False
2026-02-25 23:00:00+00:00,oos,-0.04873159995974565,0.6230149482246967,False,False,False
2026-02-25 23:15:00+00:00,oos,-1.276760079288205,-0.909640044620997,False,False,False
2026-02-25 23:30:00+00:00,oos,-0.35316791730790376,0.7081329057902555,False,False,False
2026-02-25 23:45:00+00:00,oos,0.441969664872939,1.3167370832655296,False,True,False
2026-02-27 00:15:00+00:00,oos,-0.3496327039656196,0.35346843097118513,False,False,False
2026-02-27 00:30:00+00:00,oos,0.363367213549773,-0.22706881242554877,False,False,False
2026-02-27 00:45:00+00:00,oos,0.03007218769514152,0.18965050120696642,False,False,False
2026-02-27 01:00:00+00:00,oos,-0.630030837236829,0.4931532394971594,False,False,False
2026-02-27 01:15:00+00:00,oos,0.06651550893118038,0.3227853610863091,False,False,False
2026-02-27 01:30:00+00:00,oos,-0.14650143540008967,1.017979800832749,False,False,False
2026-02-27 01:45:00+00:00,oos,0.37429696195072887,-0.3979228830358552,False,False,False
2026-02-27 02:00:00+00:00,oos,0.5887798885533319,1.3107101095934452,False,True,False
2026-02-27 02:15:00+00:00,oos,0.1427077127248097,0.10491047935520945,False,False,False
2026-02-27 02:30:00+00:00,oos,1.4843701700486367,-0.09390629492723744,False,False,False
2026-02-27 02:45:00+00:00,oos,0.8361722792740343,-0.09581292166348669,False,False,False
2026-02-27 03:00:00+00:00,oos,-0.227868542174966,-0.21851357176803,False,False,False
2026-02-27 03:15:00+00:00,oos,0.031418731233665995,0.014473238922998444,False,False,False
2026-02-27 03:30:00+00:00,oos,2.188069491576972,0.10962300294590527,True,False,False
2026-02-27 03:45:00+00:00,oos,2.0385939965195656,-0.21963908851780645,True,False,False
2026-02-27 04:00:00+00:00,oos,0.6060586360327785,1.1509357073509228,False,False,False
2026-02-27 04:15:00+00:00,oos,1.0683879608074989,0.20756155371958046,False,False,False
2026-02-27 04:30:00+00:00,oos,-1.7366983486749485,0.6562691486722292,True,False,False
2026-02-27 04:45:00+00:00,oos,-0.3416013367341215,-0.471153168609242,False,False,False
2026-02-27 05:00:00+00:00,oos,0.7552240540118281,1.3093640236468458,False,True,False
2026-02-27 05:15:00+00:00,oos,0.8153114224602734,-0.8110482205916074,False,False,False
2026-02-27 05:30:00+00:00,oos,2.6882628471896637,0.06500718187825157,True,False,False
2026-02-27 05:45:00+00:00,oos,-1.450454342652535,-0.14881284843277234,False,False,False
2026-02-27 06:00:00+00:00,oos,-0.029934824883755515,-0.2518819195527927,False,False,False
2026-02-27 06:15:00+00:00,oos,-1.00534994156954,-0.6306400345102688,False,False,False
2026-02-27 06:30:00+00:00,oos,1.47687377298784,-0.2690728663320603,False,False,False
2026-02-27 06:45:00+00:00,oos,0.6868920719253462,-0.1620888872895706,False,False,False
2026-02-27 07:00:00+00:00,oos,-0.6561153505023379,-0.43107127174091836,False,False,False
2026-02-27 07:15:00+00:00,oos,-1.8368998289455605,-0.4471604784040579,True,False,False
2026-02-27 07:30:00+00:00,oos,-1.3145212805847557,-0.16570204119660337,False,False,False
2026-02-27 07:45:00+00:00,oos,1.8578781200053935,-0.20374416852494712,True,False,False
2026-02-27 08:00:00+00:00,oos,1.7434990251963949,0.6089358594701872,True,False,False
2026-02-27 08:15:00+00:00,oos,-1.1492329017520846,-0.451474614925499,False,False,False
2026-02-27 08:30:00+00:00,oos,-0.45765574702797945,0.2564948990774654,False,False,False
2026-02-27 08:45:00+00:00,oos,-0.5778355829727674,0.04765009729875378,False,False,False
2026-02-27 09:00:00+00:00,oos,-0.7768872955661067,0.024722610119907385,False,False,False
2026-02-27 09:15:00+00:00,oos,-0.9389733615648229,0.04825860212101557,False,False,False
2026-02-27 09:30:00+00:00,oos,-1.2194421809460256,-0.4863631937578044,False,False,False
2026-02-27 09:45:00+00:00,oos,-0.8565437755386867,0.4514142777916997,False,False,False
2026-02-27 10:00:00+00:00,oos,-0.8227579800417589,0.17346669482249033,False,False,False
2026-02-27 10:15:00+00:00,oos,-1.0832577131812495,-0.46015907896062164,False,False,False
2026-02-27 10:30:00+00:00,oos,0.145337032925347,0.6762081574446979,False,False,False
2026-02-27 10:45:00+00:00,oos,-0.1413422357440724,-0.38856953107011527,False,False,False
2026-02-27 11:00:00+00:00,oos,0.03011028960970944,0.5740030620759405,False,False,False
2026-02-27 11:15:00+00:00,oos,-1.133103081879039,-0.5394179969731427,False,False,False
2026-02-27 11:30:00+00:00,oos,-1.2342063812185287,0.38289751169031633,False,False,False
2026-02-27 11:45:00+00:00,oos,0.9052994783648332,0.8927528578375277,False,False,False
2026-02-27 12:00:00+00:00,oos,1.2284884292112597,0.6949779112422595,False,False,False
2026-02-27 12:15:00+00:00,oos,-0.29928021737172206,-0.26372703970966344,False,False,False
2026-02-27 12:30:00+00:00,oos,-1.4713916360521881,-0.8768429684694319,False,False,False
2026-02-27 12:45:00+00:00,oos,-1.4755714910273887,-0.5248184234314698,False,False,False
2026-02-27 13:00:00+00:00,oos,1.7074951714370876,-0.1903994421633451,True,False,False
2026-02-27 13:15:00+00:00,oos,0.04428499838399537,0.012365763148681272,False,False,False
2026-02-27 13:30:00+00:00,oos,-0.6335017288124327,1.9074310921183326,False,True,False
2026-02-27 13:45:00+00:00,oos,0.7457079167042664,-0.40562671146831014,False,False,False
2026-02-27 14:00:00+00:00,oos,-0.1135743819212979,-0.48299573233039167,False,False,False
2026-02-27 14:15:00+00:00,oos,-0.50758321193532,-0.0330767772178054,False,False,False
2026-02-27 14:30:00+00:00,oos,0.36836691988388826,1.0657170955967827,False,False,False
2026-02-27 14:45:00+00:00,oos,0.16872718125627043,0.39760579601806856,False,False,False
2026-02-27 15:00:00+00:00,oos,0.7582342838763136,0.7864685173071181,False,False,False
2026-02-27 15:15:00+00:00,oos,0.561808337272802,1.8107411052205828,False,True,False
2026-02-27 15:30:00+00:00,oos,-1.4259527618172427,-0.37680818897287766,False,False,False
2026-02-27 15:45:00+00:00,oos,0.13958566855366286,0.1146548596007589,False,False,False
2026-02-27 16:00:00+00:00,oos,-1.1644965903906737,-0.07053705317137628,False,False,False
2026-02-27 16:15:00+00:00,oos,1.2779572450996375,0.7420723968331652,False,False,False
2026-02-27 16:30:00+00:00,oos,-0.5446483885056485,-1.1098893171788295,False,False,False
2026-02-27 16:45:00+00:00,oos,-0.897667352374686,0.3502639312221685,False,False,False
2026-02-27 17:00:00+00:00,oos,-0.7848435462375469,1.0265436033555682,False,False,False
2026-02-27 17:15:00+00:00,oos,-0.5540427410815648,-0.18544282831464926,False,False,False
2026-02-27 17:30:00+00:00,oos,-0.1683616902675245,0.18145475944700548,False,False,False
2026-02-27 17:45:00+00:00,oos,0.5820419196196184,0.22807829372594512,False,False,False
2026-02-27 18:00:00+00:00,oos,-1.4748590592280275,-0.07334273951412272,False,False,False
2026-02-27 18:15:00+00:00,oos,0.27398644287620666,0.2552525851647114,False,False,False
2026-02-27 18:30:00+00:00,oos,0.5373996885525142,0.41326384629612234,False,False,False
2026-02-27 18:45:00+00:00,oos,-1.3170198405456406,0.2370970592911148,False,False,False
2026-02-27 19:00:00+00:00,oos,0.5085241806564751,-0.2758977255713736,False,False,False
2026-02-27 19:15:00+00:00,oos,1.4914189746764817,0.17362543548023263,False,False,False
2026-02-27 19:30:00+00:00,oos,-1.0017367022335344,-0.6474241678796684,False,False,False
2026-02-27 19:45:00+00:00,oos,1.7952030439044853,-0.09994783084928978,True,False,False
2026-02-27 20:00:00+00:00,oos,0.5710699816963986,-0.3100047706142052,False,False,False
2026-02-27 20:15:00+00:00,oos,0.939143392415499,-0.5696736813494336,False,False,False
2026-02-27 20:30:00+00:00,oos,0.359239470338571,0.3026957903763825,False,False,False
2026-02-27 20:45:00+00:00,oos,-0.5041373991532488,0.8960063404403215,False,False,False
2026-02-27 21:00:00+00:00,oos,1.2023832081481431,0.21117812230423652,False,False,False
2026-02-27 21:15:00+00:00,oos,-0.01754990767398796,-0.7601815026290965,False,False,False
2026-02-27 21:30:00+00:00,oos,-0.7773153431124795,0.39427438263236153,False,False,False
2026-02-27 21:45:00+00:00,oos,-0.06038443332419067,0.24494821518378382,False,False,False
2026-02-27 22:00:00+00:00,oos,0.22573013030043115,0.328098026009233,False,False,False
2026-02-27 22:15:00+00:00,oos,-1.279968428321322,1.6326972439281071,False,True,False
2026-02-27 22:30:00+00:00,oos,-0.6578580518085794,2.1986534838527714,False,True,False
2026-02-27 22:45:00+00:00,oos,0.0984804833238968,1.9041616400938013,False,True,False
2026-02-27 23:00:00+00:00,oos,-0.36735320986179026,0.47401646593991675,False,False,False
2026-02-27 23:15:00+00:00,oos,1.0259623294524582,-1.6957359951411168,False,False,False
2026-02-27 23:30:00+00:00,oos,1.3209073656468098,-0.8966266133333909,False,False,False
2026-02-27 23:45:00+00:00,oos,0.13605675306735743,-0.87510433154674,False,False,False
2026-02-28 00:00:00+00:00,oos,2.3646591542047433,-0.07653045924972739,True,False,False
2026-02-28 00:15:00+00:00,oos,-0.45383426661544535,0.5199034026276423,False,False,False
2026-02-28 00:30:00+00:00,oos,0.39925703195372914,-0.1554075927421669,False,False,False
2026-02-28 00:45:00+00:00,oos,1.343164586878463,-0.3324102088623143,False,False,False
2026-02-28 01:00:00+00:00,oos,-0.19832945547702419,0.03907523853296215,False,False,False
2026-02-28 01:15:00+00:00,oos,0.07230164746472262,0.21191751097680603,False,False,False
2026-02-28 01:30:00+00:00,oos,0.8385277431346512,0.8137155023043234,False,False,False
2026-02-28 01:45:00+00:00,oos,-0.8365621862434892,-0.20234832963488733,False,False,False
2026-02-28 02:00:00+00:00,oos,1.1090211287870586,-0.12535013258389885,False,False,False
2026-02-28 02:15:00+00:00,oos,0.6067450774157785,0.07386813839215464,False,False,False
2026-02-28 02:30:00+00:00,oos,1.4206808695573117,0.1466374392383647,False,False,False
2026-02-28 02:45:00+00:00,oos,-0.012250868112123139,-0.08709621642509666,False,False,False
2026-02-28 03:00:00+00:00,oos,-0.7020493120243023,-0.3897032099075112,False,False,False
2026-02-28 03:15:00+00:00,oos,-0.3571311480394526,0.12110963598554138,False,False,False
2026-02-28 03:30:00+00:00,oos,-1.2218216035530882,-0.2198390064960701,False,False,False
2026-02-28 03:45:00+00:00,oos,0.8578256231803361,-0.2921200854519605,False,False,False
2026-02-28 04:00:00+00:00,oos,0.11900669675620469,0.17354602563917534,False,False,False
2026-02-28 04:15:00+00:00,oos,0.4035883771988118,-0.2078558286463924,False,False,False
2026-02-28 04:30:00+00:00,oos,-0.9738698769782868,0.9384301975522761,False,False,False
2026-02-28 04:45:00+00:00,oos,0.748749977359419,-0.28049376146575455,False,False,False
2026-02-28 05:00:00+00:00,oos,-0.7079032578967638,-0.2125940834819405,False,False,False
2026-02-28 05:15:00+00:00,oos,-0.6572064975187228,0.4922683652716792,False,False,False
2026-02-28 05:30:00+00:00,oos,-1.2357777007789887,1.4135736262134109,False,True,False
2026-02-28 05:45:00+00:00,oos,1.6875626748308135,-0.5169220391897091,True,False,False
2026-02-28 06:00:00+00:00,oos,-2.314560137342951,0.676123111656913,True,False,False
2026-02-28 06:15:00+00:00,oos,0.9890543492356185,2.186683631702457,False,True,False
2026-02-28 06:30:00+00:00,oos,0.4615279254820602,0.3451526267062627,False,False,False
2026-02-28 06:45:00+00:00,oos,0.4170808080348042,0.19705900254270164,False,False,False
2026-02-28 07:00:00+00:00,oos,-1.125113426883558,1.1225625890638542,False,False,False
2026-02-28 07:15:00+00:00,oos,1.3069648743509892,0.22515323776016977,False,False,False
2026-02-28 07:30:00+00:00,oos,-0.6277533845916219,0.8730283068255028,False,False,False
2026-02-28 07:45:00+00:00,oos,0.993105882241128,0.04478069522608389,False,False,False
2026-02-28 08:00:00+00:00,oos,0.31001740339179523,-0.22398562298173802,False,False,False
2026-02-28 08:15:00+00:00,oos,-0.5838868944786644,0.20787507150636217,False,False,False
2026-02-28 08:30:00+00:00,oos,-0.43803243138114334,0.4919640013695673,False,False,False
2026-02-28 08:45:00+00:00,oos,-0.603783025326998,-0.10547435807731646,False,False,False
2026-02-28 09:00:00+00:00,oos,0.6255971452425776,-0.11659089115371016,False,False,False
2026-02-28 09:15:00+00:00,oos,0.2797713152986727,-0.6979318495910414,False,False,False
2026-02-28 09:30:00+00:00,oos,-0.3679065054665668,0.03377017805914437,False,False,False
2026-02-28 09:45:00+00:00,oos,-1.0641166128736212,0.6307489291294665,False,False,False
2026-02-28 10:00:00+00:00,oos,0.01871902099959275,0.09017800954597958,False,False,False
2026-02-28 10:15:00+00:00,oos,0.9902720660606718,-0.07025781488651081,False,False,False
2026-02-28 10:30:00+00:00,oos,1.2592529843117852,-0.6622763695746331,False,False,False
2026-02-28 10:45:00+00:00,oos,-1.054377609443128,0.8512769961416253,False,False,False
2026-02-28 11:00:00+00:00,oos,0.6801962281947578,0.586325769891427,False,False,False
2026-02-28 11:15:00+00:00,oos,0.9341929607128587,-0.7110595507958686,False,False,False
2026-02-28 11:30:00+00:00,oos,0.08964064314782763,0.23489818300174795,False,False,False
2026-02-28 11:45:00+00:00,oos,-0.6187176393297941,0.9532404164083319,False,False,False
2026-02-28 12:00:00+00:00,oos,1.226512598925581,0.5194739582059539,False,False,False
2026-02-28 12:15:00+00:00,oos,2.05650971064565,0.9210343698517346,True,False,False
2026-02-28 12:30:00+00:00,oos,-0.6476619575304727,-0.04445167999028882,False,False,False
2026-02-28 12:45:00+00:00,oos,-1.0581070002404962,-0.331293534480597,False,False,False
2026-02-28 13:00:00+00:00,oos,0.624945999477326,-0.09483482138598831,False,False,False
2026-02-28 13:15:00+00:00,oos,-0.010953608014050183,0.27642997881516795,False,False,False
2026-02-28 13:30:00+00:00,oos,0.4325559185910566,-0.02969602120022792,False,False,False
2026-02-28 13:45:00+00:00,oos,-1.3661335547858537,1.5623714144666976,False,True,False
2026-02-28 14:00:00+00:00,oos,1.0036285690533906,0.08122575470176067,False,False,False
2026-02-28 14:15:00+00:00,oos,0.5052093832490153,-0.5113798030317214,False,False,False
2026-02-28 14:30:00+00:00,oos,-0.2086754612819816,-0.29949653063455967,False,False,False
2026-02-28 14:45:00+00:00,oos,-0.6222945289116437,0.635144804497113,False,False,False
2026-02-28 15:00:00+00:00,oos,-0.6020497915105397,0.0294263447934028,False,False,False
2026-02-28 15:15:00+00:00,oos,0.5303496570453199,-0.6926690106515895,False,False,False
2026-02-28 15:30:00+00:00,oos,0.43869590658517604,0.794545233007516,False,False,False
2026-02-28 15:45:00+00:00,oos,-1.1587931423364457,-0.19376641190330424,False,False,False
2026-02-28 16:00:00+00:00,oos,0.10882405505311508,0.6351286649787786,False,False,False
2026-02-28 16:15:00+00:00,oos,0.030873678179478958,-0.1631456821606255,False,False,False
2026-02-28 16:30:00+00:00,oos,1.0633819946087235,0.3331040624130397,False,False,False
2026-02-28 16:45:00+00:00,oos,1.373163845299924,-0.31415781071234916,False,False,False
2026-02-28 17:00:00+00:00,oos,-0.7641264837538729,-0.2672937951029376,False,False,False
2026-02-28 17:15:00+00:00,oos,0.712751018255947,-0.3390579082845917,False,False,False
2026-02-28 17:30:00+00:00,oos,-1.2391677613046312,1.0589943769030354,False,False,False
2026-02-28 17:45:00+00:00,oos,0.44207852791819746,-0.3160397675859852,False,False,False
2026-02-28 18:00:00+00:00,oos,-0.3884237325723293,0.4276406162059076,False,False,False
2026-02-28 18:15:00+00:00,oos,0.39835286974730133,-0.43185364005866145,False,False,False
2026-02-28 18:30:00+00:00,oos,0.4489513767251832,0.6490201704599875,False,False,False
2026-02-28 18:45:00+00:00,oos,0.8696660528296659,-0.5532813580961387,False,False,False
2026-02-28 19:00:00+00:00,oos,0.3990790914681372,-0.1396002978789947,False,False,False
2026-02-28 19:15:00+00:00,oos,0.7558514419491927,0.16343334263773376,False,False,False
2026-02-28 19:30:00+00:00,oos,-0.2735116466904849,0.8431381656130564,False,False,False
2026-02-28 19:45:00+00:00,oos,1.047928002010575,-0.1282763798009183,False,False,False
2026-02-28 20:00:00+00:00,oos,-0.008340668810759384,0.9364162738313848,False,False,False
2026-02-28 20:15:00+00:00,oos,0.5808255942324272,0.5723796720489017,False,False,False
2026-02-28 20:30:00+00:00,oos,0.5235431705213857,0.6594820616575029,False,False,False
2026-02-28 20:45:00+00:00,oos,-0.16507505998169766,-0.08492056428398943,False,False,False
2026-02-28 21:00:00+00:00,oos,-0.8617338700669787,0.519722152185368,False,False,False
2026-02-28 21:15:00+00:00,oos,-1.6751574113642071,-0.1641194958408025,True,False,False
2026-02-28 21:30:00+00:00,oos,0.3977959100755528,1.2528311226713622,False,False,False
2026-02-28 21:45:00+00:00,oos,0.07017889345041428,0.20086861503727121,False,False,False
2026-02-28 22:00:00+00:00,oos,-0.21952870885322243,1.9776708799333218,False,True,False
2026-02-28 22:15:00+00:00,oos,0.9830186527160666,1.6004452566046345,False,True,False
2026-02-28 22:30:00+00:00,oos,-0.05641350459875112,2.5620036921848692,False,True,False
2026-02-28 22:45:00+00:00,oos,0.09220298001508037,2.5711122930814585,False,True,False
2026-02-28 23:00:00+00:00,oos,0.22076616677641384,-0.028479220633488074,False,False,False
2026-02-28 23:15:00+00:00,oos,-1.1010903940300498,-1.2928067996517978,False,False,False
2026-02-28 23:30:00+00:00,oos,0.24581827993507024,0.8624529299242202,False,False,False
2026-02-28 23:45:00+00:00,oos,1.7328802024346042,1.204432457993445,True,False,False
2026-03-01 00:00:00+00:00,oos,1.170922685818789,0.38500446828754964,False,False,False
2026-03-01 00:15:00+00:00,oos,-0.5997623751859601,0.05457491532064373,False,False,False
2026-03-01 00:30:00+00:00,oos,-0.10044613202267084,0.17550003219345114,False,False,False
2026-03-01 00:45:00+00:00,oos,1.4853084284289129,0.5441279686234215,False,False,False
2026-03-01 01:00:00+00:00,oos,-1.3428559702439993,0.6980820333488854,False,False,False
2026-03-01 01:15:00+00:00,oos,1.3629938966192854,0.47322309028762144,False,False,False
2026-03-01 01:30:00+00:00,oos,1.8432679816248998,-0.018093668136960738,True,False,False
2026-03-01 01:45:00+00:00,oos,0.10875845846145593,0.7935784923086255,False,False,False
2026-03-01 02:00:00+00:00,oos,-0.36722898037043167,0.4622204105705228,False,False,False
2026-03-01 02:15:00+00:00,oos,0.8874445802860264,0.5634923958335118,False,False,False
2026-03-01 02:30:00+00:00,oos,0.6179433166876209,-0.5359285777360334,False,False,False
2026-03-01 02:45:00+00:00,oos,0.014738064909818476,0.39964948639232406,False,False,False
2026-03-01 03:00:00+00:00,oos,0.2048979658087083,-0.6396273590686181,False,False,False
2026-03-01 03:15:00+00:00,oos,0.10945823253730279,0.6444935420966885,False,False,False
2026-03-01 03:30:00+00:00,oos,0.7828423267754493,-0.3523037747443745,False,False,False
2026-03-01 03:45:00+00:00,oos,-0.6788345512258018,0.24220939860696988,False,False,False
2026-03-01 04:00:00+00:00,oos,-0.9291357207930203,-0.002128400172856108,False,False,False
2026-03-01 04:15:00+00:00,oos,-1.065924248546085,0.6168146004578962,False,False,False
2026-03-01 04:30:00+00:00,oos,-0.15222974820620147,1.4857177965718442,False,True,False
2026-03-01 04:45:00+00:00,oos,1.4801385161651006,0.8117497366450651,False,False,False
2026-03-01 05:00:00+00:00,oos,0.8597687158569954,0.6402244147586774,False,False,False
2026-03-01 05:15:00+00:00,oos,1.6604085503115953,0.23505462640894934,True,False,False
2026-03-01 05:30:00+00:00,oos,0.037481342875936435,-0.30263000751142094,False,False,False
2026-03-01 05:45:00+00:00,oos,0.008791960893047967,0.09211936623746053,False,False,False
2026-03-01 06:00:00+00:00,oos,0.06364658409839999,1.374041521230384,False,True,False
2026-03-01 06:15:00+00:00,oos,0.25815553766642796,0.05759988911325818,False,False,False
2026-03-01 06:30:00+00:00,oos,0.6577122396070927,0.47945122617440855,False,False,False
2026-03-01 06:45:00+00:00,oos,-0.21497263526802918,0.33951031024774014,False,False,False
2026-03-01 07:00:00+00:00,oos,0.8528410101610175,-0.11915573500779167,False,False,False
2026-03-01 07:15:00+00:00,oos,0.10873109602608357,0.40236864825252716,False,False,False
2026-03-01 07:30:00+00:00,oos,0.6156139012206799,0.7869910713848873,False,False,False
2026-03-01 07:45:00+00:00,oos,-0.09052273223081556,0.2994870057223598,False,False,False
2026-03-01 08:00:00+00:00,oos,-0.4181668945481921,0.3198106014348886,False,False,False
2026-03-01 08:15:00+00:00,oos,-0.6447452476598259,-0.08204788850196443,False,False,False
2026-03-01 08:30:00+00:00,oos,0.04598647139086108,-0.014101507009815814,False,False,False
2026-03-01 08:45:00+00:00,oos,-0.739987475234646,0.5241317055131423,False,False,False
2026-03-01 09:00:00+00:00,oos,-0.5528966467263148,-0.4023315176503208,False,False,False
2026-03-01 09:15:00+00:00,oos,0.1833785493734661,0.1581145569386601,False,False,False
2026-03-01 09:30:00+00:00,oos,-0.629524327055566,0.16816545026578472,False,False,False
2026-03-01 09:45:00+00:00,oos,0.8962531220816935,-0.11413467493203586,False,False,False
2026-03-01 10:00:00+00:00,oos,-0.6956288537753037,-0.29221939384527884,False,False,False
2026-03-01 10:15:00+00:00,oos,1.2759803128548308,-0.04915440830665767,False,False,False
2026-03-01 10:30:00+00:00,oos,0.5886882982916236,0.6885178514104897,False,False,False
2026-03-01 10:45:00+00:00,oos,0.7803633276307664,-0.3344830945876589,False,False,False
2026-03-01 11:00:00+00:00,oos,2.258840929017715,-0.3090791998027025,True,False,False
2026-03-01 11:15:00+00:00,oos,1.7609286054717241,0.285724069748729,True,False,False
2026-03-01 11:30:00+00:00,oos,-0.37238051709530445,-0.4954493545360866,False,False,False
2026-03-01 11:45:00+00:00,oos,1.2712553687333383,0.5730556116693751,False,False,False
2026-03-01 12:00:00+00:00,oos,1.157470452115262,1.1343482299755308,False,False,False
2026-03-01 12:15:00+00:00,oos,0.31824283123707336,0.2788445390475438,False,False,False
2026-03-01 12:30:00+00:00,oos,-0.4013675031714843,0.9734087197260544,False,False,False
2026-03-01 12:45:00+00:00,oos,-1.1209470275613422,0.1297045011766287,False,False,False
2026-03-01 13:00:00+00:00,oos,-1.356047781378291,0.5649999404002537,False,False,False
2026-03-01 13:15:00+00:00,oos,-1.6250389124651554,0.11537779711830223,True,False,False
2026-03-01 13:30:00+00:00,oos,-0.521367844401128,-0.1249974134725064,False,False,False
2026-03-01 13:45:00+00:00,oos,-1.1796978208480497,1.1815423533870066,False,False,False
2026-03-01 14:00:00+00:00,oos,1.6098969274053436,1.5165458466502968,True,True,True
2026-03-01 14:15:00+00:00,oos,-1.0640374084388893,-0.20349056874996554,False,False,False
2026-03-01 14:30:00+00:00,oos,-0.8432948856073097,0.4783267929266516,False,False,False
2026-03-01 14:45:00+00:00,oos,-0.12388095545835118,-0.1568740762308046,False,False,False
2026-03-01 15:00:00+00:00,oos,0.4524287537957769,-0.08232360922397759,False,False,False
2026-03-01 15:15:00+00:00,oos,-0.5365720454746064,-0.321905693657152,False,False,False
2026-03-01 15:30:00+00:00,oos,1.1460560987103625,-0.660294848230492,False,False,False
2026-03-01 15:45:00+00:00,oos,-0.47640966107349003,-0.4319950783995755,False,False,False
2026-03-01 16:00:00+00:00,oos,0.08830247155263682,0.44115795586419465,False,False,False
2026-03-01 16:15:00+00:00,oos,0.8135384276399414,-0.9854644116511585,False,False,False
2026-03-01 16:30:00+00:00,oos,-1.9712020196144375,-0.38121177709154375,True,False,False
2026-03-01 16:45:00+00:00,oos,0.03415518207071758,1.4542859338589316,False,True,False
2026-03-01 17:00:00+00:00,oos,-0.957487054943619,0.42244838375094435,False,False,False
2026-03-01 17:15:00+00:00,oos,-1.0029615866266284,0.3691395622829883,False,False,False
2026-03-01 17:30:00+00:00,oos,0.6781592027903307,-0.4452820797455569,False,False,False
2026-03-01 17:45:00+00:00,oos,0.17510333030064495,0.22228955688931307,False,False,False
2026-03-01 18:00:00+00:00,oos,0.3124037161434696,0.09938378231904367,False,False,False
2026-03-01 18:15:00+00:00,oos,0.04123501946841924,-0.0592494685869599,False,False,False
2026-03-01 18:30:00+00:00,oos,0.3874885785050231,-0.668201359071106,False,False,False
2026-03-01 18:45:00+00:00,oos,-2.2402711194325655,0.4503119063218405,True,False,False
2026-03-01 19:00:00+00:00,oos,-0.8773597620500646,-0.19342614669406055,False,False,False
2026-03-01 19:15:00+00:00,oos,-1.8258228980007791,-0.47033448536066924,True,False,False
2026-03-01 19:30:00+00:00,oos,0.30016872164832736,0.35542219349549925,False,False,False
2026-03-01 19:45:00+00:00,oos,-0.9697330236078161,0.6282908623605676,False,False,False
2026-03-01 20:00:00+00:00,oos,-1.1464493311801964,-0.1337078100381917,False,False,False
2026-03-01 20:15:00+00:00,oos,-0.22293514429901695,0.7248449667562985,False,False,False
2026-03-01 20:30:00+00:00,oos,-0.6260236224354558,1.298427087672853,False,True,False
2026-03-01 20:45:00+00:00,oos,1.1514306060408714,0.1595810250052515,False,False,False
2026-03-01 21:00:00+00:00,oos,-0.4953771807248357,0.1460855279885219,False,False,False
2026-03-01 21:15:00+00:00,oos,-0.616285252431622,0.37146204652446363,False,False,False
2026-03-01 21:30:00+00:00,oos,-0.6903694040693991,0.8217138295704346,False,False,False
2026-03-01 21:45:00+00:00,oos,1.0414395620271935,1.201936915214466,False,False,False
2026-03-01 22:00:00+00:00,oos,-0.06924988467836121,1.534656229653002,False,True,False
2026-03-01 22:15:00+00:00,oos,1.1549483485055172,1.764598231557417,False,True,False
2026-03-01 22:30:00+00:00,oos,0.1661667148030139,2.170516323626646,False,True,False
2026-03-01 22:45:00+00:00,oos,0.0776345048617452,0.9133583312984641,False,False,False
2026-03-01 23:00:00+00:00,oos,0.4668944573861151,-0.19726280489959985,False,False,False
2026-03-01 23:15:00+00:00,oos,0.921521340868367,-1.3980211098986592,False,False,False
2026-03-01 23:30:00+00:00,oos,1.425921514900246,-1.149098340607802,False,False,False
2026-03-01 23:45:00+00:00,oos,1.354034985826951,-1.2317891647491537,False,False,False
2026-03-02 00:00:00+00:00,oos,0.3379551721502448,-0.07053509981527532,False,False,False
2026-03-02 00:15:00+00:00,oos,0.29308112366039585,-0.051049934579266626,False,False,False
2026-03-02 00:30:00+00:00,oos,1.902773701343035,0.03806499298008201,True,False,False
2026-03-02 00:45:00+00:00,oos,0.16040530487928634,1.295465476991817,False,True,False
2026-03-02 01:00:00+00:00,oos,-0.05574367915871226,0.6439231646797542,False,False,False
2026-03-02 01:15:00+00:00,oos,-0.19853699713343476,0.4757271439355471,False,False,False
2026-03-02 01:30:00+00:00,oos,0.05034435644366695,0.525071827157956,False,False,False
2026-03-02 01:45:00+00:00,oos,1.0207167933961345,0.6954964586739711,False,False,False
2026-03-02 02:00:00+00:00,oos,-0.9025114625208639,0.7923996274954886,False,False,False
2026-03-02 02:15:00+00:00,oos,-1.559130588013653,0.2088009383502527,False,False,False
2026-03-02 02:30:00+00:00,oos,-0.29408629152766014,0.4210402496764519,False,False,False
2026-03-02 02:45:00+00:00,oos,0.26780912550972524,0.9965577723619349,False,False,False
2026-03-02 03:00:00+00:00,oos,1.9192110178775752,1.249213350782413,True,False,False
2026-03-02 03:15:00+00:00,oos,0.5130446104690028,0.319232650811624,False,False,False
2026-03-02 03:30:00+00:00,oos,1.0803608933173259,1.7725115721422784,False,True,False
2026-03-02 03:45:00+00:00,oos,-0.9863571880152079,0.49979044512129894,False,False,False
2026-03-02 04:00:00+00:00,oos,-1.1240275585816637,0.0561106962671493,False,False,False
2026-03-02 04:15:00+00:00,oos,-1.3149474854727763,0.4365719985704068,False,False,False
2026-03-02 04:30:00+00:00,oos,-0.419380900626815,0.1911271575895207,False,False,False
2026-03-02 04:45:00+00:00,oos,-0.6072478996767002,1.0953415791832768,False,False,False
2026-03-02 05:00:00+00:00,oos,-0.692364669288269,1.35617462347293,False,True,False
2026-03-02 05:15:00+00:00,oos,-0.18562673640610725,0.3722879331381697,False,False,False
2026-03-02 05:30:00+00:00,oos,1.9126508745928084,0.18263388915670803,True,False,False
2026-03-02 05:45:00+00:00,oos,-1.007524396840859,0.36923153426213257,False,False,False
2026-03-02 06:00:00+00:00,oos,-0.3097743583929595,0.77533954279587,False,False,False
2026-03-02 06:15:00+00:00,oos,-0.30787496360131084,-0.1314690766059237,False,False,False
2026-03-02 06:30:00+00:00,oos,-0.4577677777474296,0.0650110307633212,False,False,False
2026-03-02 06:45:00+00:00,oos,-1.3323511132098163,0.5098251820458637,False,False,False
2026-03-02 07:00:00+00:00,oos,-1.33453456326682,0.583407933162745,False,False,False
2026-03-02 07:15:00+00:00,oos,0.03101162555697194,-0.679095836347844,False,False,False
2026-03-02 07:30:00+00:00,oos,0.4210109797813368,-0.47253872247092193,False,False,False
2026-03-02 07:45:00+00:00,oos,-0.5936786074696412,0.9766316121233307,False,False,False
2026-03-02 08:00:00+00:00,oos,-1.8137844219693673,2.3204904625641127,True,True,True
2026-03-02 08:15:00+00:00,oos,-0.7285984477747013,1.4493295889458637,False,True,False
2026-03-02 08:30:00+00:00,oos,0.6910722251694277,0.8985037666034065,False,False,False
2026-03-02 08:45:00+00:00,oos,1.9976172809368138,-0.39349783505819064,True,False,False
2026-03-02 09:00:00+00:00,oos,-0.5961503884224214,0.26041918017171267,False,False,False
2026-03-02 09:15:00+00:00,oos,-0.24536832426611765,1.3867973320933344,False,True,False
2026-03-02 09:30:00+00:00,oos,0.21962485545410748,-1.251551275521303,False,False,False
2026-03-02 09:45:00+00:00,oos,-1.8801349730471635,0.3793171215867251,True,False,False
2026-03-02 10:00:00+00:00,oos,0.5123533600773008,0.9220680992548007,False,False,False
2026-03-02 10:15:00+00:00,oos,0.5053016624243137,0.8927923674439021,False,False,False
2026-03-02 10:30:00+00:00,oos,0.5295858761782001,0.6584474711608098,False,False,False
2026-03-02 10:45:00+00:00,oos,0.4936255202685582,1.3613561412519717,False,True,False
2026-03-02 11:00:00+00:00,oos,-2.0815981474964795,1.2597068066748993,True,False,False
2026-03-02 11:15:00+00:00,oos,0.5768493738735186,0.9842202513795824,False,False,False
2026-03-02 11:30:00+00:00,oos,0.854162917937276,0.051052923254716595,False,False,False
2026-03-02 11:45:00+00:00,oos,0.11596883162763455,0.9886364193375081,False,False,False
2026-03-02 12:00:00+00:00,oos,-0.06796146275799166,0.8075895454347779,False,False,False
2026-03-02 12:15:00+00:00,oos,-0.21420588487344364,-0.14416662962008817,False,False,False
2026-03-02 12:30:00+00:00,oos,-1.3460397885756343,0.06373614589013374,False,False,False
2026-03-02 12:45:00+00:00,oos,-0.7764111283119514,0.37766381970740803,False,False,False
2026-03-02 13:00:00+00:00,oos,-1.7868735748414049,0.1873910910624592,True,False,False
2026-03-02 13:15:00+00:00,oos,0.8011163166230517,0.21229282545217404,False,False,False
2026-03-02 13:30:00+00:00,oos,-1.002470177275281,0.760437524824355,False,False,False
2026-03-02 13:45:00+00:00,oos,-0.5149590059148972,0.7947421790290258,False,False,False
2026-03-02 14:00:00+00:00,oos,0.2595111438602772,-0.5680616963225125,False,False,False
2026-03-02 14:15:00+00:00,oos,-1.0494445007960693,-0.3506733604672078,False,False,False
2026-03-02 14:30:00+00:00,oos,-1.1072259015027968,1.6855384171615273,False,True,False
2026-03-02 14:45:00+00:00,oos,-0.46998405789478637,-0.11053008072274827,False,False,False
2026-03-02 15:00:00+00:00,oos,-1.1305819536263244,-0.47624349904959057,False,False,False
2026-03-02 15:15:00+00:00,oos,0.5984850784065486,-0.12098299299442498,False,False,False
2026-03-02 15:30:00+00:00,oos,-0.5092613200430527,-0.18294916132901923,False,False,False
2026-03-02 15:45:00+00:00,oos,0.891549363496645,0.37994016055959384,False,False,False
2026-03-02 16:00:00+00:00,oos,-0.4593258111384521,0.748427779637893,False,False,False
2026-03-02 16:15:00+00:00,oos,1.0725785095313456,0.4852534272328676,False,False,False
2026-03-02 16:30:00+00:00,oos,-0.8726858535554638,0.5109016272292034,False,False,False
2026-03-02 16:45:00+00:00,oos,1.181511118077806,-0.28109795549820604,False,False,False
2026-03-02 17:00:00+00:00,oos,-0.8317580102623698,-0.424117689648598,False,False,False
2026-03-02 17:15:00+00:00,oos,0.2591906802525655,1.2254741413730235,False,False,False
2026-03-02 17:30:00+00:00,oos,-0.4156743542448191,0.6119609733622047,False,False,False
2026-03-02 17:45:00+00:00,oos,0.7625873323427255,0.9166886432198125,False,False,False
2026-03-02 18:00:00+00:00,oos,1.130968883136623,0.4922952667277883,False,False,False
2026-03-02 18:15:00+00:00,oos,0.3802124527188158,-0.2099434596424721,False,False,False
2026-03-02 18:30:00+00:00,oos,0.8482603143233924,0.14850472080169552,False,False,False
2026-03-02 18:45:00+00:00,oos,-0.8705211010126129,0.2417508098280325,False,False,False
2026-03-02 19:00:00+00:00,oos,0.16495904666998226,1.207163043167523,False,False,False
2026-03-02 19:15:00+00:00,oos,-1.0337216963054576,1.1781098751196812,False,False,False
2026-03-02 19:30:00+00:00,oos,0.4844459304676247,0.0007519752639361967,False,False,False
2026-03-02 19:45:00+00:00,oos,1.0551959221143334,0.9670417064696126,False,False,False
2026-03-02 20:00:00+00:00,oos,0.012562275555574988,-0.4097313089739765,False,False,False
2026-03-02 20:15:00+00:00,oos,-0.4224018016105703,0.6531635343846216,False,False,False
2026-03-02 20:30:00+00:00,oos,-0.5727964425526516,0.11977980734454376,False,False,False
2026-03-02 20:45:00+00:00,oos,0.45442526536284783,-0.45815526597516837,False,False,False
2026-03-02 21:00:00+00:00,oos,0.2314769481206274,0.42997305302554306,False,False,False
2026-03-02 21:15:00+00:00,oos,-0.49283702479509184,-0.8276011454192682,False,False,False
2026-03-02 21:30:00+00:00,oos,1.218228199558476,0.5799888625734029,False,False,False
2026-03-02 21:45:00+00:00,oos,2.3354774364947195,0.33076535276464525,True,False,False
2026-03-02 22:00:00+00:00,oos,0.30916392341893006,1.6082773189926622,False,True,False
2026-03-02 22:15:00+00:00,oos,0.3212598444749967,2.0851654695882886,False,True,False
2026-03-02 22:30:00+00:00,oos,0.5736357761155172,0.7710753052502456,False,False,False
2026-03-02 22:45:00+00:00,oos,-0.5089357854432817,1.367451274297892,False,True,False
2026-03-02 23:00:00+00:00,oos,-1.0846444922663447,-1.805946531989081,False,False,False
2026-03-02 23:15:00+00:00,oos,-3.167287935969764,-0.32373366383586094,True,False,False
2026-03-02 23:30:00+00:00,oos,-0.8815790463124363,-0.2108469492921355,False,False,False
2026-03-02 23:45:00+00:00,oos,0.35723294840300596,-0.4577769554320428,False,False,False
2026-03-03 00:00:00+00:00,oos,0.3524414069676072,-1.0721046282685416,False,False,False
2026-03-03 00:15:00+00:00,oos,-0.29465305994576807,-0.18498584091616643,False,False,False
2026-03-03 00:30:00+00:00,oos,-0.9618746581182162,-0.17681396385653422,False,False,False
2026-03-03 00:45:00+00:00,oos,0.5100591645714839,-0.6212911798578076,False,False,False
2026-03-03 01:00:00+00:00,oos,0.7200820896675523,0.2658627225208701,False,False,False
2026-03-03 01:15:00+00:00,oos,0.7480108062130099,-0.8270726479453103,False,False,False
2026-03-03 01:30:00+00:00,oos,-0.11811688065796278,0.017109047739500872,False,False,False
2026-03-03 01:45:00+00:00,oos,-0.11007460438887363,-0.6414682021108031,False,False,False
2026-03-03 02:00:00+00:00,oos,-0.11663368892851694,0.3114599151462359,False,False,False
2026-03-03 02:15:00+00:00,oos,-0.8072817869481693,-0.9612292980970428,False,False,False
2026-03-03 02:30:00+00:00,oos,0.4208279077196619,0.24021703198933936,False,False,False
2026-03-03 02:45:00+00:00,oos,1.363746368130241,-0.7605060242656249,False,False,False
2026-03-03 03:00:00+00:00,oos,1.423437099409586,-0.7731858273941361,False,False,False
2026-03-03 03:15:00+00:00,oos,-1.3747082945047286,0.5060797287680818,False,False,False
2026-03-03 03:30:00+00:00,oos,-0.0426503715574919,0.9547788635814197,False,False,False
2026-03-03 03:45:00+00:00,oos,0.11162997218597451,0.32165479849496204,False,False,False
2026-03-03 04:00:00+00:00,oos,-0.10307049349301874,0.11390290646855533,False,False,False
2026-03-03 04:15:00+00:00,oos,-0.3019990465091613,0.056095583874678015,False,False,False
2026-03-03 04:30:00+00:00,oos,-1.5717731445378114,-0.22821582342417285,True,False,False
2026-03-03 04:45:00+00:00,oos,-0.5414196991140297,-0.11565798868418699,False,False,False
2026-03-03 05:00:00+00:00,oos,0.3149495816765063,0.2751216572981428,False,False,False
2026-03-03 05:15:00+00:00,oos,0.44049132682906766,1.3695887576970989,False,True,False
2026-03-03 05:30:00+00:00,oos,-0.9717404678936892,1.0112870731835106,False,False,False
2026-03-03 05:45:00+00:00,oos,-1.4273193168415779,1.2090522067405343,False,False,False
2026-03-03 06:00:00+00:00,oos,-0.9858631800978698,0.8823541484624812,False,False,False
2026-03-03 06:15:00+00:00,oos,-0.44235142511959835,0.968398533199666,False,False,False
2026-03-03 06:30:00+00:00,oos,0.5502636188322675,1.281423939959454,False,False,False
2026-03-03 06:45:00+00:00,oos,-0.24381621455976216,0.25440715916623813,False,False,False
2026-03-03 07:00:00+00:00,oos,1.1652249285699252,0.8582476278916298,False,False,False
2026-03-03 07:15:00+00:00,oos,0.2391913872746768,1.2532005233582078,False,False,False
2026-03-03 07:30:00+00:00,oos,-1.4203144358065887,1.4482231849823592,False,True,False
2026-03-03 07:45:00+00:00,oos,-0.39237686825050017,-0.09444802111585611,False,False,False
2026-03-03 08:00:00+00:00,oos,-0.4394578148291221,-0.19892162801329935,False,False,False
2026-03-03 08:15:00+00:00,oos,-2.0619967308746947,-0.536237781614647,True,False,False
2026-03-03 08:30:00+00:00,oos,-1.578736315580527,-0.5228907614213669,True,False,False
2026-03-03 08:45:00+00:00,oos,0.6764825687636924,-1.4688808162342748,False,False,False
2026-03-03 09:00:00+00:00,oos,0.42075684325751755,1.536712884783721,False,True,False
2026-03-03 09:15:00+00:00,oos,-0.7146777489576649,1.1146400233131806,False,False,False
2026-03-03 09:30:00+00:00,oos,-0.24972393334844045,0.3749275090225909,False,False,False
2026-03-03 09:45:00+00:00,oos,0.7192121994685067,-0.004729849452161719,False,False,False
2026-03-03 10:00:00+00:00,oos,-0.08717996475630456,0.7681150129355353,False,False,False
2026-03-03 10:15:00+00:00,oos,0.5955043827537455,0.991096784511384,False,False,False
2026-03-03 10:30:00+00:00,oos,0.3951957707057836,-0.5769263437456985,False,False,False
2026-03-03 10:45:00+00:00,oos,0.7779122514726944,0.3583443858559049,False,False,False
2026-03-03 11:00:00+00:00,oos,-0.3200370446113503,0.7652419213307025,False,False,False
2026-03-03 11:15:00+00:00,oos,-1.1120982088102165,0.37110025880941144,False,False,False
2026-03-03 11:30:00+00:00,oos,-0.46668462047942005,0.6579526083316769,False,False,False
2026-03-03 11:45:00+00:00,oos,0.4760390656543439,-0.5778476903817095,False,False,False
2026-03-03 12:00:00+00:00,oos,-0.41425217334748116,1.2244619318371888,False,False,False
2026-03-03 12:15:00+00:00,oos,-0.5783668987428546,-0.15622536982320057,False,False,False
2026-03-03 12:30:00+00:00,oos,-0.7051584562759228,1.369415532554049,False,True,False
2026-03-03 12:45:00+00:00,oos,0.6717519268259943,0.01494860296524301,False,False,False
2026-03-03 13:00:00+00:00,oos,-0.9433597688089703,1.0698499523631804,False,False,False
2026-03-03 13:15:00+00:00,oos,1.2959137731940047,0.21824181291176667,False,False,False
2026-03-03 13:30:00+00:00,oos,0.1714563713930565,1.4325876749329276,False,True,False
2026-03-03 13:45:00+00:00,oos,0.3740551941979455,1.5575052888949583,False,True,False
2026-03-03 14:00:00+00:00,oos,0.5761761681530853,1.17532649083162,False,False,False
2026-03-03 14:15:00+00:00,oos,-0.08231620494188162,0.35627108301228216,False,False,False
2026-03-03 14:30:00+00:00,oos,-0.5228643884186984,1.5238665479405957,False,True,False
2026-03-03 14:45:00+00:00,oos,-1.2936427008226554,0.0016618129872793736,False,False,False
2026-03-03 15:00:00+00:00,oos,-0.7306585317101248,0.050383904492458186,False,False,False
2026-03-03 15:15:00+00:00,oos,-0.19528552310983388,-0.49274455800446143,False,False,False
2026-03-03 15:30:00+00:00,oos,-0.9179473760116166,0.3942524709642632,False,False,False
2026-03-03 15:45:00+00:00,oos,-0.7682422872318092,0.28314758062151385,False,False,False
2026-03-03 16:00:00+00:00,oos,-0.822995636853064,-0.11450947045346853,False,False,False
2026-03-03 16:15:00+00:00,oos,-0.45410849158083794,-0.34225233884195194,False,False,False
2026-03-03 16:30:00+00:00,oos,1.0967334565792857,0.28905794220686454,False,False,False
2026-03-03 16:45:00+00:00,oos,0.2566184855143073,0.7092781755969122,False,False,False
2026-03-03 17:00:00+00:00,oos,0.20382193828720457,-0.08415449706608456,False,False,False
2026-03-03 17:15:00+00:00,oos,1.5472004954461656,0.19362794903927258,False,False,False
2026-03-03 17:30:00+00:00,oos,0.29999716462601134,-0.243258540491903,False,False,False
2026-03-03 17:45:00+00:00,oos,-0.04662132177940544,-0.3681246551181582,False,False,False
2026-03-03 18:00:00+00:00,oos,-0.04328741892121964,-0.3996216608668537,False,False,False
2026-03-03 18:15:00+00:00,oos,1.4588031479025458,0.41123139442191375,False,False,False
2026-03-03 18:30:00+00:00,oos,0.5686218621402893,-0.07401434588980127,False,False,False
2026-03-03 18:45:00+00:00,oos,0.4785702057737919,0.4659574234365577,False,False,False
2026-03-03 19:00:00+00:00,oos,-1.669689688434538,0.8190017351308142,True,False,False
2026-03-03 19:15:00+00:00,oos,0.6562016416355372,0.10801510275532236,False,False,False
2026-03-03 19:30:00+00:00,oos,0.8301831485465407,0.5334244867844631,False,False,False
2026-03-03 19:45:00+00:00,oos,0.006822568331281483,-0.10493636929560028,False,False,False
2026-03-03 20:00:00+00:00,oos,-0.36153894965111394,0.18154602776025658,False,False,False
2026-03-03 20:15:00+00:00,oos,1.3065723292031215,-0.0414255287623624,False,False,False
2026-03-03 20:30:00+00:00,oos,0.8895310133430185,-0.4303110088143592,False,False,False
2026-03-03 20:45:00+00:00,oos,-0.1827317182746443,0.2839729032654194,False,False,False
2026-03-03 21:00:00+00:00,oos,-1.0981651205994327,0.056397452325144024,False,False,False
2026-03-03 21:15:00+00:00,oos,-1.457252980644314,0.45053225063801094,False,False,False
2026-03-03 21:30:00+00:00,oos,-1.039911129337404,0.4994653947523988,False,False,False
2026-03-03 21:45:00+00:00,oos,1.0335476106730181,0.03276385746743358,False,False,False
2026-03-03 22:00:00+00:00,oos,0.24762629409558787,1.2120303017669882,False,False,False
2026-03-03 22:15:00+00:00,oos,1.5164414826667694,0.2348397076295025,False,False,False
2026-03-03 22:30:00+00:00,oos,0.1973849380580078,0.582819240480959,False,False,False
2026-03-03 22:45:00+00:00,oos,1.045250817447359,0.9883332509388744,False,False,False
2026-03-03 23:00:00+00:00,oos,1.6196474374958156,-1.8931300862885874,True,False,False
2026-03-03 23:15:00+00:00,oos,0.06855268088919556,-1.5733903977670631,False,False,False
2026-03-03 23:30:00+00:00,oos,-1.3072810271683453,0.23014531549590414,False,False,False
2026-03-03 23:45:00+00:00,oos,-0.706170269198024,1.1643483930204188,False,False,False
2026-03-04 00:00:00+00:00,oos,-0.9651740189614794,-0.25337049489560654,False,False,False
2026-03-04 00:15:00+00:00,oos,0.11622490688769703,-0.33383448992736225,False,False,False
2026-03-04 00:30:00+00:00,oos,-0.45002218815395884,0.41559259945344174,False,False,False
2026-03-04 00:45:00+00:00,oos,0.6540551216811256,0.31326997776718774,False,False,False
2026-03-04 01:00:00+00:00,oos,0.20339170141885687,-0.048670759465488836,False,False,False
2026-03-04 01:15:00+00:00,oos,0.4161826889587058,0.008669877228194497,False,False,False
2026-03-04 01:30:00+00:00,oos,1.0543625650298691,0.11964483053614079,False,False,False
2026-03-04 01:45:00+00:00,oos,-0.6518817862715175,-0.6866983292177176,False,False,False
2026-03-04 02:00:00+00:00,oos,0.9539775892298791,-0.2504757507359464,False,False,False
2026-03-04 02:15:00+00:00,oos,0.8180214027216142,0.12843409408776593,False,False,False
2026-03-04 02:30:00+00:00,oos,-1.1481595265081594,0.12771313674513193,False,False,False
2026-03-04 02:45:00+00:00,oos,1.1624195832050805,-0.25522024887246153,False,False,False
2026-03-04 03:00:00+00:00,oos,0.546237535563156,0.5240130129384256,False,False,False
2026-03-04 03:15:00+00:00,oos,-0.7852055481217575,0.3381971607484271,False,False,False
2026-03-04 03:30:00+00:00,oos,-1.21859202136585,-0.22610838175647843,False,False,False
2026-03-04 03:45:00+00:00,oos,1.3387836023331448,-0.07716675013306454,False,False,False
2026-03-04 04:00:00+00:00,oos,0.5888004516994764,-0.14072000113427144,False,False,False
2026-03-04 04:15:00+00:00,oos,-0.5467734445773693,-0.06178184280360941,False,False,False
2026-03-04 04:30:00+00:00,oos,0.19474515325057082,-0.3169860222356739,False,False,False
2026-03-04 04:45:00+00:00,oos,1.5815639895750793,0.0653892372385455,True,False,False
2026-03-04 05:00:00+00:00,oos,-0.4266855577727251,0.33736569622157936,False,False,False
2026-03-04 05:15:00+00:00,oos,-0.4545303283792571,-0.44098709787887386,False,False,False
2026-03-04 05:30:00+00:00,oos,0.5419941570023695,0.8613792797101265,False,False,False
2026-03-04 05:45:00+00:00,oos,-0.03198812884857738,0.0380601506926091,False,False,False
2026-03-04 06:00:00+00:00,oos,1.1256890550708099,0.6466882208803723,False,False,False
2026-03-04 06:15:00+00:00,oos,-1.305365936604369,-0.031376303620905155,False,False,False
2026-03-04 06:30:00+00:00,oos,-0.4370688558167184,0.8188274095651861,False,False,False
2026-03-04 06:45:00+00:00,oos,-0.03452039614043544,-0.807466034902076,False,False,False
2026-03-04 07:00:00+00:00,oos,-0.46291921102629136,0.38304761837351614,False,False,False
2026-03-04 07:15:00+00:00,oos,0.6804792372791519,0.4940396280798032,False,False,False
2026-03-04 07:30:00+00:00,oos,0.4474529427675508,0.5389717426542247,False,False,False
2026-03-04 07:45:00+00:00,oos,-0.32418906467753766,0.07694830487444289,False,False,False
2026-03-04 08:00:00+00:00,oos,-0.05481647455630035,0.89821448433347,False,False,False
2026-03-04 08:15:00+00:00,oos,-0.8573467833390984,0.13272814819021833,False,False,False
2026-03-04 08:30:00+00:00,oos,0.5426742182117659,0.012028453368324414,False,False,False
2026-03-04 08:45:00+00:00,oos,-1.6174276963060323,0.4677809764673466,True,False,False
2026-03-04 09:00:00+00:00,oos,-0.4773313092894103,-0.6659885655330321,False,False,False
2026-03-04 09:15:00+00:00,oos,0.4881402396972463,0.3310638144557546,False,False,False
2026-03-04 09:30:00+00:00,oos,-0.4410796401612174,0.8934481679965391,False,False,False
2026-03-04 09:45:00+00:00,oos,0.6440219001134762,-0.055949420131477585,False,False,False
2026-03-04 10:00:00+00:00,oos,-0.4416734460937871,0.21844391543035963,False,False,False
2026-03-04 10:15:00+00:00,oos,-0.10405584418578333,-0.5627718450198463,False,False,False
2026-03-04 10:30:00+00:00,oos,-0.8665479460533372,0.9856944207426769,False,False,False
2026-03-04 10:45:00+00:00,oos,0.7456971126450412,0.27166364640656504,False,False,False
2026-03-04 11:00:00+00:00,oos,-1.495572231316618,0.5948581163570988,False,False,False
2026-03-04 11:15:00+00:00,oos,-0.02751473812337615,0.07408475085975319,False,False,False
2026-03-04 11:30:00+00:00,oos,-1.2048500175993508,0.7438757701318298,False,False,False
2026-03-04 11:45:00+00:00,oos,-0.3564750195637999,0.6155957466655901,False,False,False
2026-03-04 12:00:00+00:00,oos,-0.824736670435043,0.9589134659666807,False,False,False
2026-03-04 12:15:00+00:00,oos,-0.46145510232987996,1.4414125223113525,False,True,False
2026-03-04 12:30:00+00:00,oos,-0.9864986102398133,1.75630938120949,False,True,False
2026-03-04 12:45:00+00:00,oos,1.0711994747010605,1.573336128597687,False,True,False
2026-03-04 13:00:00+00:00,oos,0.5329117624823011,1.2676262362642665,False,False,False
2026-03-04 13:15:00+00:00,oos,-0.545164448616704,-0.03999866431865248,False,False,False
2026-03-04 13:30:00+00:00,oos,0.0579215638786542,-0.013396082010007491,False,False,False
2026-03-04 13:45:00+00:00,oos,0.34418228138994744,-0.7792875714718522,False,False,False
2026-03-04 14:00:00+00:00,oos,0.9971558454396774,0.8059462608029714,False,False,False
2026-03-04 14:15:00+00:00,oos,-0.12671159640368126,-0.05790091754583224,False,False,False
2026-03-04 14:30:00+00:00,oos,0.6416839626633138,0.9827291017001899,False,False,False
2026-03-04 14:45:00+00:00,oos,-0.285058995396188,0.2744556518887524,False,False,False
2026-03-04 15:00:00+00:00,oos,0.11584957148550633,0.35102865700774893,False,False,False
2026-03-04 15:15:00+00:00,oos,-1.4533954015400927,-0.13569332263793657,False,False,False
2026-03-04 15:30:00+00:00,oos,0.7604369728013003,1.0605535284357201,False,False,False
2026-03-04 15:45:00+00:00,oos,-0.2569948043484221,0.9220018845606263,False,False,False
2026-03-04 16:00:00+00:00,oos,1.3743710480507576,0.0024923681179116956,False,False,False
2026-03-04 16:15:00+00:00,oos,-0.19042867033396993,0.6318765378662665,False,False,False
2026-03-04 16:30:00+00:00,oos,0.33535474182763986,0.4297738764219129,False,False,False
2026-03-04 16:45:00+00:00,oos,-0.4682554325475381,0.4934973781096667,False,False,False
2026-03-04 17:00:00+00:00,oos,0.029622900707254235,1.1651310692929753,False,False,False
2026-03-04 17:15:00+00:00,oos,0.11050410487779269,1.2543146250371617,False,False,False
2026-03-04 17:30:00+00:00,oos,-0.8911905631282024,-0.005647873897111783,False,False,False
2026-03-04 17:45:00+00:00,oos,0.8563647907929771,0.7179335684323002,False,False,False
2026-03-04 18:00:00+00:00,oos,-0.590593192361046,-0.7563529325645282,False,False,False
2026-03-04 18:15:00+00:00,oos,-0.4503589417005459,0.37435752643281517,False,False,False
2026-03-04 18:30:00+00:00,oos,-0.46597878168269635,-0.11704755023481027,False,False,False
2026-03-04 18:45:00+00:00,oos,0.0811704712336755,0.27973068923773126,False,False,False
2026-03-04 19:00:00+00:00,oos,1.1902739773582682,0.9909569304611644,False,False,False
2026-03-04 19:15:00+00:00,oos,0.5412211517729706,-0.3420810721814835,False,False,False
2026-03-04 19:30:00+00:00,oos,0.7818798765888143,0.19390911406760492,False,False,False
2026-03-04 19:45:00+00:00,oos,1.130081257779019,0.42274906321826117,False,False,False
2026-03-04 20:00:00+00:00,oos,0.28266101155137546,0.396437891736962,False,False,False
2026-03-04 20:15:00+00:00,oos,-0.15466966599048415,0.24249779304268096,False,False,False
2026-03-04 20:30:00+00:00,oos,1.01055117806511,0.2151395559440005,False,False,False
2026-03-04 20:45:00+00:00,oos,-0.5457306317788307,-0.37962829653629787,False,False,False
2026-03-04 21:00:00+00:00,oos,-1.4169056394280113,0.14063606730878772,False,False,False
2026-03-04 21:15:00+00:00,oos,-0.5292435773320673,-0.10079002722126532,False,False,False
2026-03-04 21:30:00+00:00,oos,-0.16870568973457745,0.03459471568375876,False,False,False
2026-03-04 21:45:00+00:00,oos,1.5516463715391846,0.7109641398317732,False,False,False
2026-03-04 22:00:00+00:00,oos,1.0212061423813859,1.3220707018483182,False,True,False
2026-03-04 22:15:00+00:00,oos,-0.3323956411661444,2.2789918495067476,False,True,False
2026-03-04 22:30:00+00:00,oos,-0.6227148436707788,1.4632414235111668,False,True,False
2026-03-04 22:45:00+00:00,oos,-0.22422108134938648,0.8170432696460511,False,False,False
2026-03-04 23:00:00+00:00,oos,1.244134379556131,-1.4866150555429607,False,False,False
2026-03-04 23:15:00+00:00,oos,-1.1071395323125564,-0.7188012370376691,False,False,False
2026-03-04 23:30:00+00:00,oos,-1.6224585529007016,0.7135977112943678,True,False,False
2026-03-04 23:45:00+00:00,oos,0.15966841115477517,0.6386982089689381,False,False,False
2026-03-05 00:00:00+00:00,oos,-0.5224403890791701,1.84167453238055,False,True,False
2026-03-05 00:15:00+00:00,oos,0.07781193991051992,0.9736078377010636,False,False,False
2026-03-05 00:30:00+00:00,oos,0.09265250627378598,0.6458600646628658,False,False,False
2026-03-05 00:45:00+00:00,oos,0.7752562932135123,-0.0459036558230311,False,False,False
2026-03-05 01:00:00+00:00,oos,0.14669630756132,1.010935206276017,False,False,False
2026-03-05 01:15:00+00:00,oos,0.7604111692389025,0.18734298840348848,False,False,False
2026-03-05 01:30:00+00:00,oos,-1.1691551566311031,-1.3587737271330278,False,False,False
2026-03-05 01:45:00+00:00,oos,-1.3061530299272865,-0.20327007584890033,False,False,False
2026-03-05 02:00:00+00:00,oos,0.36394127423323275,-0.08376493313993687,False,False,False
2026-03-05 02:15:00+00:00,oos,-0.2018355167333366,-0.1663672173081809,False,False,False
2026-03-05 02:30:00+00:00,oos,-0.42322483478031603,0.545424295883532,False,False,False
2026-03-05 02:45:00+00:00,oos,0.002977207991883169,-0.3424236068451775,False,False,False
2026-03-05 03:00:00+00:00,oos,0.7739685789055789,-0.23192962776204598,False,False,False
2026-03-05 03:15:00+00:00,oos,0.7477601138171069,-0.1542837278572376,False,False,False
2026-03-05 03:30:00+00:00,oos,-0.27527730889413693,0.9921708616912703,False,False,False
2026-03-05 03:45:00+00:00,oos,1.4783682082711254,-0.02401208664181248,False,False,False
2026-03-05 04:00:00+00:00,oos,1.025133420621233,0.9192857148739606,False,False,False
2026-03-05 04:15:00+00:00,oos,1.7258748939523243,0.8639863379813819,True,False,False
2026-03-05 04:30:00+00:00,oos,0.024679147195267995,0.7182022244747585,False,False,False
2026-03-05 04:45:00+00:00,oos,2.0600763520915617,0.49212928518319937,True,False,False
2026-03-05 05:00:00+00:00,oos,1.4899398303109246,0.36782870196751927,False,False,False
2026-03-05 05:15:00+00:00,oos,-0.7273307603621141,0.775930083628821,False,False,False
2026-03-05 05:30:00+00:00,oos,0.5051187121672776,0.7012916872761973,False,False,False
2026-03-05 05:45:00+00:00,oos,-0.4251636948743553,1.2226719931910834,False,False,False
2026-03-05 06:00:00+00:00,oos,-1.1313810820858907,0.5115751383488171,False,False,False
2026-03-05 06:15:00+00:00,oos,0.07970251506006175,0.153770169318226,False,False,False
2026-03-05 06:30:00+00:00,oos,-0.4638023272170863,1.1533957267928958,False,False,False
2026-03-05 06:45:00+00:00,oos,1.5600913536950414,0.7732956854135262,False,False,False
2026-03-05 07:00:00+00:00,oos,0.0956192615703147,0.995692265108507,False,False,False
2026-03-05 07:15:00+00:00,oos,0.06202413435052168,1.0745942875131567,False,False,False
2026-03-05 07:30:00+00:00,oos,-1.6816070210110734,1.0320648623348996,True,False,False
2026-03-05 07:45:00+00:00,oos,-1.4073621681264963,0.1808642367408196,False,False,False
2026-03-05 08:00:00+00:00,oos,0.2680081439099455,0.7497909965082677,False,False,False
2026-03-05 08:15:00+00:00,oos,-0.44507686021846593,0.010005501724321025,False,False,False
2026-03-05 08:30:00+00:00,oos,0.8194076150494962,-0.25058448511037684,False,False,False
2026-03-05 08:45:00+00:00,oos,0.2829471215406831,1.0875919624346593,False,False,False
2026-03-05 09:00:00+00:00,oos,-0.7640139288472738,0.8651004983395706,False,False,False
2026-03-05 09:15:00+00:00,oos,-1.218708784097479,0.1505969205966447,False,False,False
2026-03-05 09:30:00+00:00,oos,0.6830205338739642,0.3733408089872168,False,False,False
2026-03-05 09:45:00+00:00,oos,0.12352060214524288,1.9253155170632317,False,True,False
2026-03-05 10:00:00+00:00,oos,0.28523133267633377,-0.2730870682236874,False,False,False
2026-03-05 10:15:00+00:00,oos,0.6217204573832189,-1.029032078715082,False,False,False
2026-03-05 10:30:00+00:00,oos,1.0554051025920173,-0.020944697764891138,False,False,False
2026-03-05 10:45:00+00:00,oos,0.25608203847101146,-0.3431879159234403,False,False,False
2026-03-05 11:00:00+00:00,oos,-0.03590335813718806,0.03069222226421751,False,False,False
2026-03-05 11:15:00+00:00,oos,-0.9283652993980441,-0.3352031194153373,False,False,False
2026-03-05 11:30:00+00:00,oos,-0.23398722651252166,0.14687603817463257,False,False,False
2026-03-05 11:45:00+00:00,oos,-0.3558450401001481,0.14082710695113895,False,False,False
2026-03-05 12:00:00+00:00,oos,0.03431055400954827,0.4783066008226885,False,False,False
2026-03-05 12:15:00+00:00,oos,0.36181282089526273,0.48382086653712053,False,False,False
2026-03-05 12:30:00+00:00,oos,0.1251815667769989,0.496150772204863,False,False,False
2026-03-05 12:45:00+00:00,oos,1.438361393145293,1.0100116866621889,False,False,False
2026-03-05 13:00:00+00:00,oos,-1.3745855828760927,0.6658520075546187,False,False,False
2026-03-05 13:15:00+00:00,oos,-0.8283511779968142,0.4136577610109842,False,False,False
2026-03-05 13:30:00+00:00,oos,0.061994573185579945,0.6935211734847884,False,False,False
2026-03-05 13:45:00+00:00,oos,0.4468641776472648,0.4997970782286843,False,False,False
2026-03-05 14:00:00+00:00,oos,0.1639894435824986,1.1088323339893884,False,False,False
2026-03-05 14:15:00+00:00,oos,0.6913710345670605,0.33509422985025705,False,False,False
2026-03-05 14:30:00+00:00,oos,0.33965389535506674,1.3205042830906677,False,True,False
2026-03-05 14:45:00+00:00,oos,-0.08763002917857764,-0.890226007024727,False,False,False
2026-03-05 15:00:00+00:00,oos,0.1712036480146985,-0.4160298375198139,False,False,False
2026-03-05 15:15:00+00:00,oos,-0.5051973632184843,-0.539118015420452,False,False,False
2026-03-05 15:30:00+00:00,oos,0.6721734718675294,0.7672592693297011,False,False,False
2026-03-05 15:45:00+00:00,oos,-0.7625651094327226,-0.3856311538038513,False,False,False
2026-03-05 16:00:00+00:00,oos,-0.09670159088971506,-0.4399427372967394,False,False,False
2026-03-05 16:15:00+00:00,oos,-0.2857410028989917,0.42928598963497244,False,False,False
2026-03-05 16:30:00+00:00,oos,1.3523159253694592,0.6538359924178622,False,False,False
2026-03-05 16:45:00+00:00,oos,-0.39775996238479355,0.42820118482330966,False,False,False
2026-03-05 17:00:00+00:00,oos,-0.19966419674305574,0.8999720063122629,False,False,False
2026-03-05 17:15:00+00:00,oos,-0.44751066514087273,0.02540433080411531,False,False,False
2026-03-05 17:30:00+00:00,oos,-0.5512534080214554,-0.713048684861479,False,False,False
2026-03-05 17:45:00+00:00,oos,-0.7945600981045745,-0.45606903570748886,False,False,False
2026-03-05 18:00:00+00:00,oos,1.5928213780006546,0.21893194660449178,True,False,False
2026-03-05 18:15:00+00:00,oos,-0.10054654380362398,0.40896081280374796,False,False,False
2026-03-05 18:30:00+00:00,oos,0.2925733289137907,-0.1498316408588087,False,False,False
2026-03-05 18:45:00+00:00,oos,0.6541966562428151,0.23405732381421576,False,False,False
2026-03-05 19:00:00+00:00,oos,0.8678120343139233,0.4183924571892384,False,False,False
2026-03-05 19:15:00+00:00,oos,-0.6157321988203927,0.34195993352371923,False,False,False
2026-03-05 19:30:00+00:00,oos,-0.015135744513400958,-0.02999057173013125,False,False,False
2026-03-05 19:45:00+00:00,oos,-1.1446107226447584,0.10972984073600507,False,False,False
2026-03-05 20:00:00+00:00,oos,-0.5300902385570654,-0.30633149492085104,False,False,False
2026-03-05 20:15:00+00:00,oos,0.6841925544301246,-0.05569860107600247,False,False,False
2026-03-05 20:30:00+00:00,oos,-0.6878842835638753,-0.47650383097083515,False,False,False
2026-03-05 20:45:00+00:00,oos,0.27235438292442765,0.8050720877363267,False,False,False
2026-03-05 21:00:00+00:00,oos,0.2694272430111201,0.4832643634121682,False,False,False
2026-03-05 21:15:00+00:00,oos,1.3813776592190345,0.09216895482558614,False,False,False
2026-03-05 21:30:00+00:00,oos,-1.9122909350478545,0.22211474701348302,True,False,False
2026-03-05 21:45:00+00:00,oos,-0.4226800404874344,-0.43427675035794433,False,False,False
2026-03-05 22:00:00+00:00,oos,-1.002955775234002,0.6535390708135905,False,False,False
2026-03-05 22:15:00+00:00,oos,0.8652695820873826,0.9970158189512437,False,False,False
2026-03-05 22:30:00+00:00,oos,-0.3505909268357997,2.33231577284295,False,True,False
2026-03-05 22:45:00+00:00,oos,0.13441103076638672,1.4763783490069078,False,True,False
2026-03-05 23:00:00+00:00,oos,0.3690271504757566,-0.5147105007715311,False,False,False
2026-03-05 23:15:00+00:00,oos,0.4391497848791832,-2.178469913396034,False,False,False
2026-03-05 23:30:00+00:00,oos,-2.350267204726064,-0.8117290187315115,True,False,False
2026-03-05 23:45:00+00:00,oos,-0.10312576899183451,0.0813616705583291,False,False,False
2026-03-06 00:00:00+00:00,oos,1.715262341926637,0.6248795222465813,True,False,False
2026-03-06 00:15:00+00:00,oos,1.2539539684928467,0.6011328950552369,False,False,False
2026-03-06 00:30:00+00:00,oos,-0.19668706918572657,0.600265798609813,False,False,False
2026-03-06 00:45:00+00:00,oos,-1.328245611911114,0.35624697333450656,False,False,False
2026-03-06 01:00:00+00:00,oos,-0.192340220393871,0.9828384361119729,False,False,False
2026-03-06 01:15:00+00:00,oos,-1.2184682454024613,0.5368392299707978,False,False,False
2026-03-06 01:30:00+00:00,oos,0.31919923545910417,0.37700757589056155,False,False,False
2026-03-06 01:45:00+00:00,oos,0.25754525771873077,0.10031797185134701,False,False,False
2026-03-06 02:00:00+00:00,oos,-0.09750787342473523,1.5390202384041407,False,True,False
2026-03-06 02:15:00+00:00,oos,-0.07420583129011638,1.0411723887513362,False,False,False
2026-03-06 02:30:00+00:00,oos,1.6370528939622084,-0.05135815240433983,True,False,False
2026-03-06 02:45:00+00:00,oos,0.19243486976355684,0.9944018875955309,False,False,False
2026-03-06 03:00:00+00:00,oos,-0.07317480506854403,1.0016332545349513,False,False,False
2026-03-06 03:15:00+00:00,oos,-0.44973586792286485,1.0653781221922194,False,False,False
2026-03-06 03:30:00+00:00,oos,0.06999161170936377,1.4858598107067242,False,True,False
2026-03-06 03:45:00+00:00,oos,-0.4062172082456596,0.8063524223011671,False,False,False
2026-03-06 04:00:00+00:00,oos,-0.646085747444646,0.697841421156315,False,False,False
2026-03-06 04:15:00+00:00,oos,-0.05945579442995434,0.3575094791875739,False,False,False
2026-03-06 04:30:00+00:00,oos,-1.1298232367101853,0.6370917986947977,False,False,False
2026-03-06 04:45:00+00:00,oos,-1.5204241611153504,0.529836023208365,False,False,False
2026-03-06 05:00:00+00:00,oos,0.22724987744214026,0.7115820659940377,False,False,False
2026-03-06 05:15:00+00:00,oos,0.3488235937074806,-0.7552453120737005,False,False,False
2026-03-06 05:30:00+00:00,oos,-0.28476075779506055,0.5212132449432784,False,False,False
2026-03-06 05:45:00+00:00,oos,1.4820844049974728,0.1453895138062116,False,False,False
2026-03-06 06:00:00+00:00,oos,-1.971738955956532,0.34965388028352556,True,False,False
2026-03-06 06:15:00+00:00,oos,0.8095316234003825,-0.28383971915518197,False,False,False
2026-03-06 06:30:00+00:00,oos,0.5737575886794214,0.449142297418745,False,False,False
2026-03-06 06:45:00+00:00,oos,-0.22845382783759566,-0.5241784924364049,False,False,False
2026-03-06 07:00:00+00:00,oos,-0.06535816375662944,0.382050387474769,False,False,False
2026-03-06 07:15:00+00:00,oos,0.36597577862897374,-0.6955455558914442,False,False,False
2026-03-06 07:30:00+00:00,oos,0.5149087665899167,0.6751058572804461,False,False,False
2026-03-06 07:45:00+00:00,oos,0.08625744042586869,0.6610661577423658,False,False,False
2026-03-06 08:00:00+00:00,oos,-0.7649808927352001,0.656609589296009,False,False,False
2026-03-06 08:15:00+00:00,oos,0.07624712775711312,0.3111908898619505,False,False,False
2026-03-06 08:30:00+00:00,oos,-0.20962919651200945,0.21436008282664495,False,False,False
2026-03-06 08:45:00+00:00,oos,0.5452886384268857,0.5022853366254411,False,False,False
2026-03-06 09:00:00+00:00,oos,-1.4938022088190366,0.36704096705831957,False,False,False
2026-03-06 09:15:00+00:00,oos,-1.2311995444989503,0.36455311388474065,False,False,False
2026-03-06 09:30:00+00:00,oos,-0.6396686396585402,-0.5412900265191322,False,False,False
2026-03-06 09:45:00+00:00,oos,2.0378452040679456,-0.3225384379168827,True,False,False
2026-03-06 10:00:00+00:00,oos,1.4234788773236462,-0.31923884126409907,False,False,False
2026-03-06 10:15:00+00:00,oos,-0.17632577068867306,-0.054816743620040555,False,False,False
2026-03-06 10:30:00+00:00,oos,-0.9555600296978611,-0.005138679314898201,False,False,False
2026-03-06 10:45:00+00:00,oos,-2.7135217674420296,-0.40394165599704557,True,False,False
2026-03-06 11:00:00+00:00,oos,-0.13079840282209554,0.07592302777931219,False,False,False
2026-03-06 11:15:00+00:00,oos,-0.2628457529959974,0.001935289456596408,False,False,False
2026-03-06 11:30:00+00:00,oos,-1.369052220752962,-0.150073603061255,False,False,False
2026-03-06 11:45:00+00:00,oos,-1.172538568071739,-0.8012319032789906,False,False,False
2026-03-06 12:00:00+00:00,oos,-1.6121242745177802,-0.17875444246934175,True,False,False
2026-03-06 12:15:00+00:00,oos,1.1640798985054974,0.34242466479207906,False,False,False
2026-03-06 12:30:00+00:00,oos,0.036500155520074656,0.47126094078339703,False,False,False
2026-03-06 12:45:00+00:00,oos,0.7362763737017658,0.3996516011426531,False,False,False
2026-03-06 13:00:00+00:00,oos,0.07481452075687256,0.19066090341175165,False,False,False
2026-03-06 13:15:00+00:00,oos,0.7752857985882424,-0.28165809251078483,False,False,False
2026-03-06 13:30:00+00:00,oos,-0.4540466239899071,1.4766236597661087,False,True,False
2026-03-06 13:45:00+00:00,oos,0.26497646358164845,-0.3164239066415323,False,False,False
2026-03-06 14:00:00+00:00,oos,-0.5629460002240142,0.41795897427344336,False,False,False
2026-03-06 14:15:00+00:00,oos,0.32514753117421713,-0.5961850349558183,False,False,False
2026-03-06 14:30:00+00:00,oos,-0.853449567583791,-0.3414310687079177,False,False,False
2026-03-06 14:45:00+00:00,oos,-0.20527510493444426,-0.7666284134847963,False,False,False
2026-03-06 15:00:00+00:00,oos,0.3642025248690571,0.9046828725974938,False,False,False
2026-03-06 15:15:00+00:00,oos,0.15507147077661904,0.5060619430553525,False,False,False
2026-03-06 15:30:00+00:00,oos,0.14773614696073892,1.33717831479464,False,True,False
2026-03-06 15:45:00+00:00,oos,-0.6822104665287785,0.16686226100338494,False,False,False
2026-03-06 16:00:00+00:00,oos,0.3049369095911698,1.1635514227946755,False,False,False
2026-03-06 16:15:00+00:00,oos,-0.7994424284885404,-1.2037158139107393,False,False,False
2026-03-06 16:30:00+00:00,oos,-0.08522812410997649,-0.20152625577010327,False,False,False
2026-03-06 16:45:00+00:00,oos,-1.3876235127657106,0.3059103734695669,False,False,False
2026-03-06 17:00:00+00:00,oos,0.24885184198544655,0.5667934835137312,False,False,False
2026-03-06 17:15:00+00:00,oos,-1.1049960484552381,0.2958674915137111,False,False,False
2026-03-06 17:30:00+00:00,oos,-1.7132759953852075,0.313039382114437,True,False,False
2026-03-06 17:45:00+00:00,oos,1.0052407627730626,-0.11529730153458376,False,False,False
2026-03-06 18:00:00+00:00,oos,1.2270389596728983,0.8942723583773261,False,False,False
2026-03-06 18:15:00+00:00,oos,0.6728873724956741,-0.10632147519234005,False,False,False
2026-03-06 18:30:00+00:00,oos,2.4016983430384506,0.11503439083730158,True,False,False
2026-03-06 18:45:00+00:00,oos,0.5937459029794261,-0.5190121516596996,False,False,False
2026-03-06 19:00:00+00:00,oos,1.7180193301737607,-0.310007492629906,True,False,False
2026-03-06 19:15:00+00:00,oos,0.0734726539321764,0.951616059500617,False,False,False
2026-03-06 19:30:00+00:00,oos,0.048366711914159206,-0.0042952860961791945,False,False,False
2026-03-06 19:45:00+00:00,oos,-0.1650588284503852,0.08339740267681253,False,False,False
2026-03-06 20:00:00+00:00,oos,-0.8730166930308255,1.0755708586812678,False,False,False
2026-03-06 20:15:00+00:00,oos,-1.1766203113941975,-0.3074404690964117,False,False,False
2026-03-06 20:30:00+00:00,oos,1.0852456705317854,-0.6467407582228278,False,False,False
2026-03-06 20:45:00+00:00,oos,-0.4300278622227577,0.7049802157993005,False,False,False
2026-03-06 21:00:00+00:00,oos,-0.47624088781328855,0.7154994370013209,False,False,False
2026-03-06 21:15:00+00:00,oos,-1.8275811832108655,-0.49915415416046643,True,False,False
2026-03-06 21:30:00+00:00,oos,-0.4141693986097987,0.7128051913262948,False,False,False
2026-03-06 21:45:00+00:00,oos,0.5372795160381165,-0.21775290949023138,False,False,False
2026-03-06 22:00:00+00:00,oos,1.3025624876812907,1.3099187973217428,False,True,False
2026-03-06 22:15:00+00:00,oos,1.1926791400913976,0.7494085816056872,False,False,False
2026-03-06 22:30:00+00:00,oos,0.11382242253729846,0.1341903300493385,False,False,False
2026-03-06 22:45:00+00:00,oos,0.27314278575073275,1.2670553741033437,False,False,False
2026-03-06 23:00:00+00:00,oos,-0.27278434425299275,-0.16406289414071915,False,False,False
2026-03-06 23:15:00+00:00,oos,-0.18013933532629228,-0.8942223883266412,False,False,False
2026-03-06 23:30:00+00:00,oos,-0.17563071447545678,0.12282621005736365,False,False,False
2026-03-06 23:45:00+00:00,oos,0.2011883652964867,1.1399666422337844,False,False,False
2026-03-07 00:00:00+00:00,oos,-0.7069665100595381,0.8635644820002573,False,False,False
2026-03-07 00:15:00+00:00,oos,1.3150487731959342,-0.2466107781728568,False,False,False
2026-03-07 00:30:00+00:00,oos,0.3696176045475228,0.5046006924395018,False,False,False
2026-03-07 00:45:00+00:00,oos,0.09768207116449415,-0.21899014085079022,False,False,False
2026-03-07 01:00:00+00:00,oos,0.49211569544654776,0.8454122415841774,False,False,False
2026-03-07 01:15:00+00:00,oos,0.5149010537042897,-0.008573314060413907,False,False,False
2026-03-07 01:30:00+00:00,oos,-0.16554516542922942,0.1965787571486256,False,False,False
2026-03-07 01:45:00+00:00,oos,1.8579505864146892,-0.013695621941851864,True,False,False
2026-03-07 02:00:00+00:00,oos,-0.8057049080130174,0.34435751696012296,False,False,False
2026-03-07 02:15:00+00:00,oos,-2.4067563071129525,0.1457827405515814,True,False,False
2026-03-07 02:30:00+00:00,oos,-0.9319751652064738,-0.27403977185179285,False,False,False
2026-03-07 02:45:00+00:00,oos,2.3469829120545906,0.42307495770851383,True,False,False
2026-03-07 03:00:00+00:00,oos,1.3188967085121088,1.136569326434719,False,False,False
2026-03-07 03:15:00+00:00,oos,-1.4818754859171268,0.06489676031634595,False,False,False
2026-03-07 03:30:00+00:00,oos,0.39783523814889205,0.2081917814971142,False,False,False
2026-03-07 03:45:00+00:00,oos,-1.0468381995195761,-0.7821444689166035,False,False,False
2026-03-07 04:00:00+00:00,oos,-2.4416373285154145,1.3820268538167473,True,True,True
2026-03-07 04:15:00+00:00,oos,0.6629718117790351,0.18280172148779,False,False,False
2026-03-07 04:30:00+00:00,oos,-0.6641077756066297,0.02794989979896954,False,False,False
2026-03-07 04:45:00+00:00,oos,-0.6025859235765133,-0.05508216477772043,False,False,False
2026-03-07 05:00:00+00:00,oos,0.4388530356917897,0.7257813332323803,False,False,False
2026-03-07 05:15:00+00:00,oos,-0.9295860776588898,-0.4075056519324343,False,False,False
2026-03-07 05:30:00+00:00,oos,1.099387906636526,0.32845614143244534,False,False,False
2026-03-07 05:45:00+00:00,oos,1.5947473623480308,0.24977647500187264,True,False,False
2026-03-07 06:00:00+00:00,oos,-0.6718052570728358,-0.1194798455029645,False,False,False
2026-03-07 06:15:00+00:00,oos,-0.84639758842785,0.4834416035878972,False,False,False
2026-03-07 06:30:00+00:00,oos,-1.509501383257745,0.4106419545929911,False,False,False
2026-03-07 06:45:00+00:00,oos,-1.4005665057852419,-0.04431935562173243,False,False,False
2026-03-07 07:00:00+00:00,oos,-0.5354731876527536,-0.5265017222336027,False,False,False
2026-03-07 07:15:00+00:00,oos,1.3056873529644053,-1.1059204263090854,False,False,False
2026-03-07 07:30:00+00:00,oos,1.4628979788730445,-0.6427854418991361,False,False,False
2026-03-07 07:45:00+00:00,oos,1.1492104907397738,-0.3092505908096763,False,False,False
2026-03-07 08:00:00+00:00,oos,-0.41440817863781176,0.5481701205829054,False,False,False
2026-03-07 08:15:00+00:00,oos,1.6814108459792934,0.8388181545954826,True,False,False
2026-03-07 08:30:00+00:00,oos,1.0871685433575695,0.998915980310817,False,False,False
2026-03-07 08:45:00+00:00,oos,-1.739827905548286,0.9761975390844051,True,False,False
2026-03-07 09:00:00+00:00,oos,0.76136492653525,1.5114547000034027,False,True,False
2026-03-07 09:15:00+00:00,oos,0.6607605611098132,0.7685940956839055,False,False,False
2026-03-07 09:30:00+00:00,oos,0.6351689713860779,0.6571446484960779,False,False,False
2026-03-07 09:45:00+00:00,oos,-0.6352695522984136,0.4866643694193171,False,False,False
2026-03-07 10:00:00+00:00,oos,1.9337379767430651,1.3583223530762196,True,True,True
2026-03-07 10:15:00+00:00,oos,-2.516474827665137,2.236055764605553,True,True,True
2026-03-07 10:30:00+00:00,oos,0.7413624504877425,0.7720708362452898,False,False,False
2026-03-07 10:45:00+00:00,oos,-0.36981161767038306,0.9583544835351162,False,False,False
2026-03-07 11:00:00+00:00,oos,0.5717267635837806,1.857356624628661,False,True,False
2026-03-07 11:15:00+00:00,oos,-0.37840231370158006,0.7558687965257662,False,False,False
2026-03-07 11:30:00+00:00,oos,-0.6629680574865819,-0.38981383654029045,False,False,False
2026-03-07 11:45:00+00:00,oos,-0.5775989813215302,0.5271648265757363,False,False,False
2026-03-07 12:00:00+00:00,oos,-0.07821797855934871,-0.2808689866174341,False,False,False
2026-03-07 12:15:00+00:00,oos,0.35635403350383843,-0.17319343059946127,False,False,False
2026-03-07 12:30:00+00:00,oos,0.5046231529799862,-0.21878583940863436,False,False,False
2026-03-07 12:45:00+00:00,oos,-2.559174512256507,0.97624002328389,True,False,False
2026-03-07 13:00:00+00:00,oos,1.4101455552767637,1.2907852911242403,False,True,False
2026-03-07 13:15:00+00:00,oos,-2.02030309217756,1.0502950704054959,True,False,False
2026-03-07 13:30:00+00:00,oos,-0.4897912297185405,1.6299884198731718,False,True,False
2026-03-07 13:45:00+00:00,oos,-0.1963213378565591,-0.15444259315589814,False,False,False
2026-03-07 14:00:00+00:00,oos,-1.071662108483012,0.8699708436454366,False,False,False
2026-03-07 14:15:00+00:00,oos,1.1024915246126639,-0.3647192179740826,False,False,False
2026-03-07 14:30:00+00:00,oos,1.248753916091477,0.13278426704301025,False,False,False
2026-03-07 14:45:00+00:00,oos,1.2284848781173177,-0.20936428725140602,False,False,False
2026-03-07 15:00:00+00:00,oos,-0.21501453557143108,-0.2908602846152256,False,False,False
2026-03-07 15:15:00+00:00,oos,-0.2449008728414522,0.15641593406408025,False,False,False
2026-03-07 15:30:00+00:00,oos,-1.5529800799151763,0.7175893547196246,False,False,False
2026-03-07 15:45:00+00:00,oos,-0.8201137424764411,-0.14628182238620327,False,False,False
2026-03-07 16:00:00+00:00,oos,0.5566723460775804,-0.06163626595710241,False,False,False
2026-03-07 16:15:00+00:00,oos,-0.6225987489050793,-0.4391047977395236,False,False,False
2026-03-07 16:30:00+00:00,oos,-0.2578471055866374,-0.35135411352335877,False,False,False
2026-03-07 16:45:00+00:00,oos,0.13542081849715668,0.06062465487889561,False,False,False
2026-03-07 17:00:00+00:00,oos,1.961082608100632,0.17945451347486746,True,False,False
2026-03-07 17:15:00+00:00,oos,1.7502274915246647,-0.03967719002536243,True,False,False
2026-03-07 17:30:00+00:00,oos,0.850871016421395,-0.3538718722056046,False,False,False
2026-03-07 17:45:00+00:00,oos,0.1726308101390919,-0.15752743957243145,False,False,False
2026-03-07 18:00:00+00:00,oos,-1.2475793130623059,0.7756448676898198,False,False,False
2026-03-07 18:15:00+00:00,oos,1.0560754263224377,-0.034580031350463586,False,False,False
2026-03-07 18:30:00+00:00,oos,0.46858083246236004,-0.8514228714859196,False,False,False
2026-03-07 18:45:00+00:00,oos,0.3834903006843499,-1.0392675948578434,False,False,False
2026-03-07 19:00:00+00:00,oos,-2.0889461028685252,0.36948322177088466,True,False,False
2026-03-07 19:15:00+00:00,oos,-1.0606774890669368,0.3038322275995121,False,False,False
2026-03-07 19:30:00+00:00,oos,-0.9191338427034713,0.6464320275185298,False,False,False
2026-03-07 19:45:00+00:00,oos,-1.4008002562384654,0.06946356801349357,False,False,False
2026-03-07 20:00:00+00:00,oos,0.5490665486622786,-0.17241002003249667,False,False,False
2026-03-07 20:15:00+00:00,oos,0.030982850341422348,-0.8758350352932353,False,False,False
2026-03-07 20:30:00+00:00,oos,0.267994309180813,-0.3424625989605714,False,False,False
2026-03-07 20:45:00+00:00,oos,-0.7896860347374652,-0.11570331881723969,False,False,False
2026-03-07 21:00:00+00:00,oos,1.8082915580125705,0.28725905293716564,True,False,False
2026-03-07 21:15:00+00:00,oos,1.1021148100461409,-0.17694780953379186,False,False,False
2026-03-07 21:30:00+00:00,oos,-1.274586868581346,-0.4732969404437398,False,False,False
2026-03-07 21:45:00+00:00,oos,0.4176732417764229,-0.6147868586375406,False,False,False
2026-03-07 22:00:00+00:00,oos,0.2959467321952762,0.2553284313422001,False,False,False
2026-03-07 22:15:00+00:00,oos,-0.5221067755573833,0.7512551635023036,False,False,False
2026-03-07 22:30:00+00:00,oos,-1.459762995381178,0.34077615010105694,False,False,False
2026-03-07 22:45:00+00:00,oos,-0.298576759525238,0.3042398626989183,False,False,False
2026-03-07 23:00:00+00:00,oos,-0.8459398731257859,-2.0823009205214156,False,False,False
2026-03-07 23:15:00+00:00,oos,0.5231115094911506,-0.44031930531482455,False,False,False
2026-03-07 23:30:00+00:00,oos,-0.765401841393996,-0.6887435439038229,False,False,False
2026-03-07 23:45:00+00:00,oos,-0.21066097911753803,-0.7321141284933649,False,False,False
2026-03-08 00:00:00+00:00,oos,-0.15070913028779245,0.3767101954197218,False,False,False
2026-03-08 00:15:00+00:00,oos,0.11773383307797879,-0.6259714054410963,False,False,False
2026-03-08 00:30:00+00:00,oos,0.6548521880320524,0.15360049654705854,False,False,False
2026-03-08 00:45:00+00:00,oos,0.5245449552522603,-0.14734830529050288,False,False,False
2026-03-08 01:00:00+00:00,oos,1.0182273986120576,-0.30548959470596065,False,False,False
2026-03-08 01:15:00+00:00,oos,-0.4138053150976244,-0.5522171766174322,False,False,False
2026-03-08 01:30:00+00:00,oos,-0.022218679680169526,-0.349436333824314,False,False,False
2026-03-08 01:45:00+00:00,oos,0.46849637426861046,0.16409224820448293,False,False,False
2026-03-08 02:00:00+00:00,oos,0.40700153794269345,-0.15344193122932578,False,False,False
2026-03-08 02:15:00+00:00,oos,-0.32356238091957823,0.3333285111864983,False,False,False
2026-03-08 02:30:00+00:00,oos,1.251940774305562,-0.36075016881187555,False,False,False
2026-03-08 02:45:00+00:00,oos,-0.33002147573694945,1.6179642442878073,False,True,False
2026-03-08 03:00:00+00:00,oos,-1.305093934093526,-1.0948584890219588,False,False,False
2026-03-08 03:15:00+00:00,oos,1.8597116026368572,-0.507567435191723,True,False,False
2026-03-08 03:30:00+00:00,oos,-0.6502592428323235,0.15066360528659153,False,False,False
2026-03-08 03:45:00+00:00,oos,-2.1332801447430447,-0.6942164751470995,True,False,False
2026-03-08 04:00:00+00:00,oos,1.3365227784319604,-0.3305522069901148,False,False,False
2026-03-08 04:15:00+00:00,oos,0.08811014843713895,-0.32504988014103237,False,False,False
2026-03-08 04:30:00+00:00,oos,-1.5704007778519116,-0.5004779577682154,True,False,False
2026-03-08 04:45:00+00:00,oos,-1.9087705677224265,-0.04126042418638785,True,False,False
2026-03-08 05:00:00+00:00,oos,0.9719115907577943,-0.516909068153156,False,False,False
2026-03-08 05:15:00+00:00,oos,-0.23979439773471492,-0.0885872908548425,False,False,False
2026-03-08 05:30:00+00:00,oos,-1.2554647918125401,-0.5860126971352957,False,False,False
2026-03-08 05:45:00+00:00,oos,2.6778368822094984,-0.7751349556949497,True,False,False
2026-03-08 06:00:00+00:00,oos,-0.2895009497687087,0.4755784939500104,False,False,False
2026-03-08 06:15:00+00:00,oos,-0.4095626236729313,-0.6213224262933257,False,False,False
2026-03-08 06:30:00+00:00,oos,-1.0580453695338448,0.7844168684661079,False,False,False
2026-03-08 06:45:00+00:00,oos,0.8385670349628223,-0.23553098020283988,False,False,False
2026-03-08 07:00:00+00:00,oos,1.7047867660577283,0.13071386336715696,True,False,False
2026-03-08 07:15:00+00:00,oos,1.5872958978440412,-0.24765686047528465,True,False,False
2026-03-08 07:30:00+00:00,oos,-1.4779749515827136,0.009498878587497836,False,False,False
2026-03-08 07:45:00+00:00,oos,-0.6750921373251138,0.23015795864996658,False,False,False
2026-03-08 08:00:00+00:00,oos,-0.9780105829405413,1.1402819732489018,False,False,False
2026-03-08 08:15:00+00:00,oos,0.0788394241843338,-0.5920651449583588,False,False,False
2026-03-08 08:30:00+00:00,oos,0.6121154368289555,0.3053968266562951,False,False,False
2026-03-08 08:45:00+00:00,oos,1.4852915782089011,1.187098114572359,False,False,False
2026-03-08 09:00:00+00:00,oos,2.0154197840219106,1.1195357327975557,True,False,False
2026-03-08 09:15:00+00:00,oos,1.1407016740993612,0.2337037941502074,False,False,False
2026-03-08 09:30:00+00:00,oos,1.3182837097874665,-0.32363438477121365,False,False,False
2026-03-08 09:45:00+00:00,oos,0.12237332714676626,0.6458571490745388,False,False,False
2026-03-08 10:00:00+00:00,oos,1.4892556012648617,1.1935548475875155,False,False,False
2026-03-08 10:15:00+00:00,oos,0.8512001846228342,0.5254408791149628,False,False,False
2026-03-08 10:30:00+00:00,oos,-1.8015844942283696,0.007545001872861978,True,False,False
2026-03-08 10:45:00+00:00,oos,-0.2677621799165892,0.49706754340477616,False,False,False
2026-03-08 11:00:00+00:00,oos,-0.17968709963366297,1.0741889354092429,False,False,False
2026-03-08 11:15:00+00:00,oos,0.25639056527830056,0.635792344964284,False,False,False
2026-03-08 11:30:00+00:00,oos,-0.35263219536246343,1.0372053170698166,False,False,False
2026-03-08 11:45:00+00:00,oos,-1.4583870888007577,-0.05119484574875177,False,False,False
2026-03-08 12:00:00+00:00,oos,-1.1744311902626803,0.3767610633058005,False,False,False
2026-03-08 12:15:00+00:00,oos,-1.250747785548946,0.43623111944567267,False,False,False
2026-03-08 12:30:00+00:00,oos,1.397783808619508,0.8697953282596705,False,False,False
2026-03-08 12:45:00+00:00,oos,1.0990839938653634,0.9992548129797194,False,False,False
2026-03-08 13:00:00+00:00,oos,-0.5827357801763426,0.9930168158180495,False,False,False
2026-03-08 13:15:00+00:00,oos,-0.3989231440989764,0.32973449901375707,False,False,False
2026-03-08 13:30:00+00:00,oos,-1.0153501980301627,0.8564249340578444,False,False,False
2026-03-08 13:45:00+00:00,oos,0.6879056288753722,0.0708456842116775,False,False,False
2026-03-08 14:00:00+00:00,oos,1.0323263301272674,0.896675337645846,False,False,False
2026-03-08 14:15:00+00:00,oos,0.13941870056897926,-0.08473229922198194,False,False,False
2026-03-08 14:30:00+00:00,oos,0.16415249242660138,0.06161821158612599,False,False,False
2026-03-08 14:45:00+00:00,oos,0.5822461405100984,-0.031458569005253616,False,False,False
2026-03-08 15:00:00+00:00,oos,0.7393401733799245,1.351250306405393,False,True,False
2026-03-08 15:15:00+00:00,oos,-2.9748697018045593,0.7669380401018553,True,False,False
2026-03-08 15:30:00+00:00,oos,0.7456999137123094,0.7978854743738487,False,False,False
2026-03-08 15:45:00+00:00,oos,0.27696949184430647,0.06738182980484567,False,False,False
2026-03-08 16:00:00+00:00,oos,0.9581488860495548,0.3418483922946402,False,False,False
2026-03-08 16:15:00+00:00,oos,-1.9551833234698206,-0.3908358295288324,True,False,False
2026-03-08 16:30:00+00:00,oos,-0.15030413045883315,0.09257370818203353,False,False,False
2026-03-08 16:45:00+00:00,oos,-1.8553573886656451,0.7513837629993869,True,False,False
2026-03-08 17:00:00+00:00,oos,0.995947808729706,1.0376837350256265,False,False,False
2026-03-08 17:15:00+00:00,oos,-0.25226362124811114,-0.145751115962537,False,False,False
2026-03-08 17:30:00+00:00,oos,-0.37296249616886384,-0.013777539015456874,False,False,False
2026-03-08 17:45:00+00:00,oos,-0.6171961284494193,0.25348103985325926,False,False,False
2026-03-08 18:00:00+00:00,oos,-1.9960533292488487,-0.005372864552844971,True,False,False
2026-03-08 18:15:00+00:00,oos,-1.626996719336797,0.40016367974949135,True,False,False
2026-03-08 18:30:00+00:00,oos,-2.1645332234517514,0.34499245285565755,True,False,False
2026-03-08 18:45:00+00:00,oos,-0.9399373192486082,-0.025450314078982527,False,False,False
2026-03-08 19:00:00+00:00,oos,2.0080871795747144,0.6701054714467659,True,False,False
2026-03-08 19:15:00+00:00,oos,1.2249316031170874,0.874742810757909,False,False,False
2026-03-08 19:30:00+00:00,oos,1.1303726563769116,0.27525233833285945,False,False,False
2026-03-08 19:45:00+00:00,oos,-0.1699727037344133,-0.12063554675045314,False,False,False
2026-03-08 20:00:00+00:00,oos,-1.3632556715717004,1.1216795275681697,False,False,False
2026-03-08 20:15:00+00:00,oos,-1.0431785800379423,0.5362062468674649,False,False,False
2026-03-08 20:30:00+00:00,oos,1.8083406058315838,-0.22802559218057245,True,False,False
2026-03-08 20:45:00+00:00,oos,-2.956342854138957,1.3241285086487398,True,True,True
2026-03-08 21:00:00+00:00,oos,-0.16303090110277937,-0.42323571413583,False,False,False
2026-03-08 21:15:00+00:00,oos,0.9697362797522128,2.3418265945646644,False,True,False
2026-03-08 21:30:00+00:00,oos,0.7183187262301128,0.8216663262107922,False,False,False
2026-03-08 21:45:00+00:00,oos,1.5559449444705786,1.214128984977649,False,False,False
2026-03-08 22:00:00+00:00,oos,0.399663314336221,-0.4024986699431012,False,False,False
2026-03-08 22:15:00+00:00,oos,0.38340912947615063,-0.6888267821751547,False,False,False
2026-03-08 22:30:00+00:00,oos,0.10735505646913458,-0.2823156050731863,False,False,False
2026-03-08 22:45:00+00:00,oos,1.0721762160598263,-0.7707966150178699,False,False,False
2026-03-08 23:00:00+00:00,oos,0.23217800391441434,-0.36652812220187025,False,False,False
2026-03-08 23:15:00+00:00,oos,0.01773033292312068,-0.2643756149306484,False,False,False
2026-03-08 23:30:00+00:00,oos,-0.3874110041368176,-0.20699994938940555,False,False,False
2026-03-08 23:45:00+00:00,oos,0.4246946710858574,0.3027519957333498,False,False,False
2026-03-10 00:15:00+00:00,oos,1.8873723895799408,0.18053019150402838,True,False,False
2026-03-10 00:30:00+00:00,oos,0.8429612960250679,0.7242704890644679,False,False,False
2026-03-10 00:45:00+00:00,oos,-0.5268539487858417,-0.15052619149475263,False,False,False
2026-03-10 01:00:00+00:00,oos,0.015867274832817902,-0.07636855695290155,False,False,False
2026-03-10 01:15:00+00:00,oos,-1.2347298912895055,0.5284801372718961,False,False,False
2026-03-10 01:30:00+00:00,oos,-1.1421084445665464,0.7266272568326166,False,False,False
2026-03-10 01:45:00+00:00,oos,0.8787560829345777,0.8699328026669165,False,False,False
2026-03-10 02:00:00+00:00,oos,-0.11194217665576438,-0.11720197287336238,False,False,False
2026-03-10 02:15:00+00:00,oos,1.6407302492175442,0.42046926766973997,True,False,False
2026-03-10 02:30:00+00:00,oos,-0.7091697703842267,0.5665715054981487,False,False,False
2026-03-10 02:45:00+00:00,oos,-0.2327294266087128,-0.01619105942386012,False,False,False
2026-03-10 03:00:00+00:00,oos,-0.7464194337089413,0.5188511564762378,False,False,False
2026-03-10 03:15:00+00:00,oos,0.43892356981903885,0.7518912674743897,False,False,False
2026-03-10 03:30:00+00:00,oos,-0.6839583898949251,1.353630137145618,False,True,False
2026-03-10 03:45:00+00:00,oos,-0.019646658578885343,0.9233393823995342,False,False,False
2026-03-10 04:00:00+00:00,oos,1.2636828639380064,0.49221915587109366,False,False,False
2026-03-10 04:15:00+00:00,oos,-0.44439853647061317,0.8508695856562273,False,False,False
2026-03-10 04:30:00+00:00,oos,0.7926770297520777,-0.20919429700017836,False,False,False
2026-03-10 04:45:00+00:00,oos,1.70329437737283,0.2663865942132844,True,False,False
2026-03-10 05:00:00+00:00,oos,0.5602878820827123,1.3332073005422589,False,True,False
2026-03-10 05:15:00+00:00,oos,0.2844501703191865,1.4241468383223264,False,True,False
2026-03-10 05:30:00+00:00,oos,-0.5127117483553683,1.3208394221358548,False,True,False
2026-03-10 05:45:00+00:00,oos,-1.5781514090986453,1.138319404414173,True,False,False
2026-03-10 06:00:00+00:00,oos,-0.29055512604097516,0.8275543906032917,False,False,False
2026-03-10 06:15:00+00:00,oos,0.278046487465129,0.8993366387670235,False,False,False
2026-03-10 06:30:00+00:00,oos,0.5986237135232271,-0.06833390806325171,False,False,False
2026-03-10 06:45:00+00:00,oos,-0.28562757494443003,-0.14299837092059123,False,False,False
2026-03-10 07:00:00+00:00,oos,1.515171888378227,0.8891918436550134,False,False,False
2026-03-10 07:15:00+00:00,oos,0.2910146326985063,0.40891940385873876,False,False,False
2026-03-10 07:30:00+00:00,oos,-0.958008452837766,0.09557195830602676,False,False,False
2026-03-10 07:45:00+00:00,oos,1.5561767629495316,1.250302314202526,False,False,False
2026-03-10 08:00:00+00:00,oos,1.7657359760781277,0.013718803305882108,True,False,False
2026-03-10 08:15:00+00:00,oos,1.051591505752802,-0.7074140633164665,False,False,False
2026-03-10 08:30:00+00:00,oos,0.08040557445483525,0.8723446487221254,False,False,False
2026-03-10 08:45:00+00:00,oos,-0.5392293197897621,1.126498443094468,False,False,False
2026-03-10 09:00:00+00:00,oos,0.8104393534094968,0.370182046586367,False,False,False
2026-03-10 09:15:00+00:00,oos,1.1486822356333688,1.0659096724395696,False,False,False
2026-03-10 09:30:00+00:00,oos,-0.7077948623192265,1.3284328777303274,False,True,False
2026-03-10 09:45:00+00:00,oos,-0.5895017339200882,-0.10340101215195506,False,False,False
2026-03-10 10:00:00+00:00,oos,-1.0689138815523087,1.7656273270592342,False,True,False
2026-03-10 10:15:00+00:00,oos,-1.4217250729393234,-0.08307907050275877,False,False,False
2026-03-10 10:30:00+00:00,oos,0.2994976365816187,0.8118981617650515,False,False,False
2026-03-10 10:45:00+00:00,oos,0.3178282754248353,0.14799236808795097,False,False,False
2026-03-10 11:00:00+00:00,oos,1.3441888249010463,-0.8090838373038158,False,False,False
2026-03-10 11:15:00+00:00,oos,0.5363923123381367,-0.523378841622663,False,False,False
2026-03-10 11:30:00+00:00,oos,0.9653986000081328,-0.09130495372308826,False,False,False
2026-03-10 11:45:00+00:00,oos,0.07238233018763782,2.313428452867177,False,True,False
2026-03-10 12:00:00+00:00,oos,-0.9264228303719085,-1.1129398726895907,False,False,False
2026-03-10 12:15:00+00:00,oos,-0.5284565151495235,0.6999266422030127,False,False,False
2026-03-10 12:30:00+00:00,oos,-0.8715244639515823,0.560908679176907,False,False,False
2026-03-10 12:45:00+00:00,oos,0.39164038578478144,-0.5011041921583588,False,False,False
2026-03-10 13:00:00+00:00,oos,0.9857392436509129,0.08350692583826531,False,False,False
2026-03-10 13:15:00+00:00,oos,0.6157768100679925,-0.030100604457320383,False,False,False
2026-03-10 13:30:00+00:00,oos,-0.07691157916247053,1.8347717151404233,False,True,False
2026-03-10 13:45:00+00:00,oos,-0.0964656113192933,0.4774820698403656,False,False,False
2026-03-10 14:00:00+00:00,oos,0.3403510126823935,1.25940741995109,False,False,False
2026-03-10 14:15:00+00:00,oos,-0.08104657006019989,-0.04929304751473205,False,False,False
2026-03-10 14:30:00+00:00,oos,-0.6495503927238003,1.03363387129168,False,False,False
2026-03-10 14:45:00+00:00,oos,-0.5715163731349535,0.9450972112214676,False,False,False
2026-03-10 15:00:00+00:00,oos,0.038742549240310765,0.8508432504512657,False,False,False
2026-03-10 15:15:00+00:00,oos,0.3368798455908274,0.35253858584956793,False,False,False
2026-03-10 15:30:00+00:00,oos,0.11167731080808344,0.5639300136152787,False,False,False
2026-03-10 15:45:00+00:00,oos,0.2751325078403023,0.7199626784288021,False,False,False
2026-03-10 16:00:00+00:00,oos,0.3977891261662821,-0.07556629018437093,False,False,False
2026-03-10 16:15:00+00:00,oos,0.4670292967365259,0.24830093553048474,False,False,False
2026-03-10 16:30:00+00:00,oos,-0.4566296097947085,0.7711868836829612,False,False,False
2026-03-10 16:45:00+00:00,oos,-0.28768757659339605,-0.31000073425454344,False,False,False
2026-03-10 17:00:00+00:00,oos,-0.19135049154585335,0.1037514057240865,False,False,False
2026-03-10 17:15:00+00:00,oos,-0.15411431453431854,0.09094619874787144,False,False,False
2026-03-10 17:30:00+00:00,oos,0.03413989902783288,0.9865572891938944,False,False,False
2026-03-10 17:45:00+00:00,oos,0.9944291533111668,0.2345476025212862,False,False,False
2026-03-10 18:00:00+00:00,oos,-0.5228176216074004,0.7784704197167343,False,False,False
2026-03-10 18:15:00+00:00,oos,0.10920395365444578,-0.044283572531962336,False,False,False
2026-03-10 18:30:00+00:00,oos,-0.07017627966970609,0.11543369873281112,False,False,False
2026-03-10 18:45:00+00:00,oos,0.3401678703511263,-0.03308788403761585,False,False,False
2026-03-10 19:00:00+00:00,oos,-1.2033767020801573,-0.11209802472886296,False,False,False
2026-03-10 19:15:00+00:00,oos,-0.06858368913682936,0.43225554114786924,False,False,False
2026-03-10 19:30:00+00:00,oos,0.16705687143166043,0.6701024662581039,False,False,False
2026-03-10 19:45:00+00:00,oos,0.8767039015546534,0.7476064174722964,False,False,False
2026-03-10 20:00:00+00:00,oos,0.02624046779056371,0.15297659881620318,False,False,False
2026-03-10 20:15:00+00:00,oos,1.1300913336121343,0.03597481159532093,False,False,False
2026-03-10 20:30:00+00:00,oos,0.8264893039099156,-0.15615456467160077,False,False,False
2026-03-10 20:45:00+00:00,oos,0.6138712603527474,0.1325723678656029,False,False,False
2026-03-10 21:00:00+00:00,oos,0.02184077998145445,0.4990907019429814,False,False,False
2026-03-10 21:15:00+00:00,oos,0.5578176083193377,0.8758876731351949,False,False,False
2026-03-10 21:30:00+00:00,oos,-0.3656191953641938,1.3272287250448673,False,True,False
2026-03-10 21:45:00+00:00,oos,-0.631152598547107,0.582412840359116,False,False,False
2026-03-10 22:00:00+00:00,oos,-1.0176629347481767,-2.2546840352049395,False,False,False
2026-03-10 22:15:00+00:00,oos,1.2337525742466666,-0.7951964563974141,False,False,False
2026-03-10 22:30:00+00:00,oos,0.5035392061240511,-0.2009862241750278,False,False,False
2026-03-10 22:45:00+00:00,oos,-0.03682440140707097,-0.25534067414111594,False,False,False
2026-03-10 23:00:00+00:00,oos,1.7594304408515393,0.22308914531759325,True,False,False
2026-03-10 23:15:00+00:00,oos,-0.9197911817332917,-0.06620314929068064,False,False,False
2026-03-10 23:30:00+00:00,oos,0.5366861621028393,-0.4236183428888225,False,False,False
2026-03-10 23:45:00+00:00,oos,0.8170922787182684,-0.6133652265376065,False,False,False
2026-03-11 00:00:00+00:00,oos,-0.2753791670754382,-0.14023309120913285,False,False,False
2026-03-11 00:15:00+00:00,oos,0.7729427320681178,0.3453014353860015,False,False,False
2026-03-11 00:30:00+00:00,oos,-1.7484685623416671,-0.3369781241865269,True,False,False
2026-03-11 00:45:00+00:00,oos,1.73344733907954,0.26047016626105557,True,False,False
2026-03-11 01:00:00+00:00,oos,-1.0166197029067179,0.6600337495846763,False,False,False
2026-03-11 01:15:00+00:00,oos,0.0032853293901778124,0.4023802429438628,False,False,False
2026-03-11 01:30:00+00:00,oos,0.027842089608824297,-0.3370578106482844,False,False,False
2026-03-11 01:45:00+00:00,oos,0.9169847114265319,-0.6511714763092309,False,False,False
2026-03-11 02:00:00+00:00,oos,-1.5700455315913038,-0.5056398152514627,True,False,False
2026-03-11 02:15:00+00:00,oos,1.056493562335409,-0.018396830275227666,False,False,False
2026-03-11 02:30:00+00:00,oos,-1.4486269157485436,0.34207555463450273,False,False,False
2026-03-11 02:45:00+00:00,oos,1.3979966593085151,-0.7141115563492608,False,False,False
2026-03-11 03:00:00+00:00,oos,-0.06641133610996511,0.3949077459887924,False,False,False
2026-03-11 03:15:00+00:00,oos,-0.25940499629063885,-0.33248231809989465,False,False,False
2026-03-11 03:30:00+00:00,oos,0.6008767918419654,-1.3939317333360859,False,False,False
2026-03-11 03:45:00+00:00,oos,1.0216925113326558,-0.4606601547116399,False,False,False
2026-03-11 04:00:00+00:00,oos,0.26016020230291703,-0.1768068332275194,False,False,False
2026-03-11 04:15:00+00:00,oos,2.2527059742911177,-0.026466251339471145,True,False,False
2026-03-11 04:30:00+00:00,oos,-0.1536947929688969,1.324303111162017,False,True,False
2026-03-11 04:45:00+00:00,oos,0.8976235449659652,-0.02502798144245903,False,False,False
2026-03-11 05:00:00+00:00,oos,-1.3469350356866534,0.587979465272648,False,False,False
2026-03-11 05:15:00+00:00,oos,-1.4199359437740944,1.6367411809577228,False,True,False
2026-03-11 05:30:00+00:00,oos,-0.8508506618267311,0.9962606686304526,False,False,False
2026-03-11 05:45:00+00:00,oos,0.2265547826893066,-0.18642861580885442,False,False,False
2026-03-11 06:00:00+00:00,oos,-0.2960752300986045,-0.8066013944678168,False,False,False
2026-03-11 06:15:00+00:00,oos,1.3050602301389425,0.22984972400935266,False,False,False
2026-03-11 06:30:00+00:00,oos,-0.5391567548847586,-0.19574676928482218,False,False,False
2026-03-11 06:45:00+00:00,oos,0.839250774706793,0.14073433696479457,False,False,False
2026-03-11 07:00:00+00:00,oos,0.34084296839048256,0.48658224619069357,False,False,False
2026-03-11 07:15:00+00:00,oos,-0.9168512412569972,0.18672114491680605,False,False,False
2026-03-11 07:30:00+00:00,oos,-2.2098038148190864,0.442650131025507,True,False,False
2026-03-11 07:45:00+00:00,oos,1.1115530714671376,0.3775102016159177,False,False,False
2026-03-11 08:00:00+00:00,oos,1.1579952687259556,-0.04930772989660564,False,False,False
2026-03-11 08:15:00+00:00,oos,-0.9232724388412514,-0.4349693320553575,False,False,False
2026-03-11 08:30:00+00:00,oos,1.626845841125738,1.0759649956778767,True,False,False
2026-03-11 08:45:00+00:00,oos,0.680622098285465,0.27404830709718314,False,False,False
2026-03-11 09:00:00+00:00,oos,-0.40803808857084,0.25008987775180663,False,False,False
2026-03-11 09:15:00+00:00,oos,0.4045702207208745,0.5872434090226286,False,False,False
2026-03-11 09:30:00+00:00,oos,-0.661670365020874,0.18541194919056375,False,False,False
2026-03-11 09:45:00+00:00,oos,0.47695359825347106,0.664573812471136,False,False,False
2026-03-11 10:00:00+00:00,oos,-0.26059343713401967,1.1655926468878846,False,False,False
2026-03-11 10:15:00+00:00,oos,-0.43307315209805175,0.038545813029465706,False,False,False
2026-03-11 10:30:00+00:00,oos,0.3430650669316688,-0.10892353241390894,False,False,False
2026-03-11 10:45:00+00:00,oos,0.4036949866093213,-0.02070360041227408,False,False,False
2026-03-11 11:00:00+00:00,oos,-0.17792301786658246,0.26519763604708274,False,False,False
2026-03-11 11:15:00+00:00,oos,-0.377517181953973,-0.7202573702179368,False,False,False
2026-03-11 11:30:00+00:00,oos,-0.47615703135293097,0.294839944031876,False,False,False
2026-03-11 11:45:00+00:00,oos,0.4064156277251642,-0.07975957231428257,False,False,False
2026-03-11 12:00:00+00:00,oos,-0.8790834105955159,-0.06261660122709334,False,False,False
2026-03-11 12:15:00+00:00,oos,-0.7626073327988426,1.7255770336236302,False,True,False
2026-03-11 12:30:00+00:00,oos,0.20087934666509763,2.114271432789105,False,True,False
2026-03-11 12:45:00+00:00,oos,-0.35180013302689545,-0.017011313685022424,False,False,False
2026-03-11 13:00:00+00:00,oos,1.6126429697732871,-0.8244546225647401,True,False,False
2026-03-11 13:15:00+00:00,oos,-0.1563082325211335,0.23085965654916193,False,False,False
2026-03-11 13:30:00+00:00,oos,-0.11715055747015851,0.11207929968136515,False,False,False
2026-03-11 13:45:00+00:00,oos,-0.12046338413033125,0.5268846248596786,False,False,False
2026-03-11 14:00:00+00:00,oos,-0.4732205497586454,0.30025403789180816,False,False,False
2026-03-11 14:15:00+00:00,oos,0.238631823094084,-0.33785433136016507,False,False,False
2026-03-11 14:30:00+00:00,oos,0.03815153269377121,-0.11535479806276532,False,False,False
2026-03-11 14:45:00+00:00,oos,-0.31700443563361536,-0.40335872629217423,False,False,False
2026-03-11 15:00:00+00:00,oos,-0.8008812609342363,0.4803661172669319,False,False,False
2026-03-11 15:15:00+00:00,oos,0.8711472888099691,-0.10389159529246113,False,False,False
2026-03-11 15:30:00+00:00,oos,-0.4259065367281225,-0.17173777838544277,False,False,False
2026-03-11 15:45:00+00:00,oos,0.27503650450469935,-0.06829906334387856,False,False,False
2026-03-11 16:00:00+00:00,oos,0.5367014500390804,0.15710572132491027,False,False,False
2026-03-11 16:15:00+00:00,oos,-0.07157171468693044,0.4622314660106768,False,False,False
2026-03-11 16:30:00+00:00,oos,-1.720950562393517,-0.567387431280622,True,False,False
2026-03-11 16:45:00+00:00,oos,0.1537945719445359,-0.12391400037422869,False,False,False
2026-03-11 17:00:00+00:00,oos,0.9163626277706737,-0.32736415959747,False,False,False
2026-03-11 17:15:00+00:00,oos,1.8313083555459262,0.3879193489798141,True,False,False
2026-03-11 17:30:00+00:00,oos,0.016302349873123116,0.42841185836628953,False,False,False
2026-03-11 17:45:00+00:00,oos,0.20408463017383038,-0.1624062188418297,False,False,False
2026-03-11 18:00:00+00:00,oos,-0.42399042164183703,-0.2456115549298914,False,False,False
2026-03-11 18:15:00+00:00,oos,-0.0367216988445321,1.6598199368786188,False,True,False
2026-03-11 18:30:00+00:00,oos,-1.7319256881270328,0.5528369152054642,True,False,False
2026-03-11 18:45:00+00:00,oos,0.22044962616534766,-0.3942772694585645,False,False,False
2026-03-11 19:00:00+00:00,oos,0.10512491727125245,-0.737425441653446,False,False,False
2026-03-11 19:15:00+00:00,oos,-1.5714196234769102,0.5501982807368092,True,False,False
2026-03-11 19:30:00+00:00,oos,0.658325702970411,0.5904527640884427,False,False,False
2026-03-11 19:45:00+00:00,oos,-1.2179429928010819,-0.009456555937352978,False,False,False
2026-03-11 20:00:00+00:00,oos,-0.6026635897663197,0.6675602846982317,False,False,False
2026-03-11 20:15:00+00:00,oos,1.0401387698042353,0.5025022987109057,False,False,False
2026-03-11 20:30:00+00:00,oos,1.5253440137527294,0.5011592536657087,False,False,False
2026-03-11 20:45:00+00:00,oos,1.4857261691113508,0.31162817004650295,False,False,False
2026-03-11 21:00:00+00:00,oos,0.892398143252576,0.6471888319867839,False,False,False
2026-03-11 21:15:00+00:00,oos,0.16096663568646688,1.9095839530353493,False,True,False
2026-03-11 21:30:00+00:00,oos,0.5383226551563698,1.332187574369442,False,True,False
2026-03-11 21:45:00+00:00,oos,2.3925751779791726,0.603892132115687,True,False,False
2026-03-11 22:00:00+00:00,oos,1.749754567171633,-2.283843731392129,True,False,False
2026-03-11 22:15:00+00:00,oos,-0.15034901850217294,-0.1142656504526671,False,False,False
2026-03-11 22:30:00+00:00,oos,-0.4636489716866418,-0.9215488388558868,False,False,False
2026-03-11 22:45:00+00:00,oos,0.2497223649044371,-0.5013507000958289,False,False,False
2026-03-11 23:00:00+00:00,oos,1.738264753845913,-0.04843459530256547,True,False,False
2026-03-11 23:15:00+00:00,oos,1.0471240060052778,-0.5426518262268507,False,False,False
2026-03-11 23:30:00+00:00,oos,-0.3671533864639781,1.3223949760154128,False,True,False
2026-03-11 23:45:00+00:00,oos,-1.423026184642424,-0.8386398578729964,False,False,False
2026-03-12 00:00:00+00:00,oos,-0.19007030898936628,-0.1166044043314799,False,False,False
2026-03-12 00:15:00+00:00,oos,0.7261125627008513,0.11683637591768284,False,False,False
2026-03-12 00:30:00+00:00,oos,1.077223787665267,0.2445839896311144,False,False,False
2026-03-12 00:45:00+00:00,oos,-0.7505647371039746,0.15318433183829386,False,False,False
2026-03-12 01:00:00+00:00,oos,-2.0715425635694755,0.37579419600485087,True,False,False
2026-03-12 01:15:00+00:00,oos,1.5120150655575535,0.13059103349801743,False,False,False
2026-03-12 01:30:00+00:00,oos,-0.754227407913551,-0.014058220735344665,False,False,False
2026-03-12 01:45:00+00:00,oos,1.7270972220648613,0.30361852996989874,True,False,False
2026-03-12 02:00:00+00:00,oos,0.6302976788987444,-0.5087888396178966,False,False,False
2026-03-12 02:15:00+00:00,oos,-1.4516196154799597,-0.37274826322649085,False,False,False
2026-03-12 02:30:00+00:00,oos,-1.128784898183274,-0.7841370017241408,False,False,False
2026-03-12 02:45:00+00:00,oos,-0.14185181571622335,0.870122815818786,False,False,False
2026-03-12 03:00:00+00:00,oos,1.4881379342499907,0.1731456040941746,False,False,False
2026-03-12 03:15:00+00:00,oos,0.11836260104784917,0.24153554183492498,False,False,False
2026-03-12 03:30:00+00:00,oos,1.2973345115276913,0.4982369552505243,False,False,False
2026-03-12 03:45:00+00:00,oos,-2.7564130525266948,0.4640356400008505,True,False,False
2026-03-12 04:00:00+00:00,oos,2.3569504574405054,0.7447801468387008,True,False,False
2026-03-12 04:15:00+00:00,oos,0.2036062759748257,0.31056776256746965,False,False,False
2026-03-12 04:30:00+00:00,oos,0.6464360904696401,1.1792560763258182,False,False,False
2026-03-12 04:45:00+00:00,oos,-0.41202389089634806,0.06814266808525533,False,False,False
2026-03-12 05:00:00+00:00,oos,0.6330537842778073,1.8189360349724404,False,True,False
2026-03-12 05:15:00+00:00,oos,-1.3759893963485705,1.186601054507036,False,False,False
2026-03-12 05:30:00+00:00,oos,2.1643198579121323,0.9670089453622619,True,False,False
2026-03-12 05:45:00+00:00,oos,-0.09144677327258999,0.8779954808249789,False,False,False
2026-03-12 06:00:00+00:00,oos,0.08286641170873506,0.5332027108944352,False,False,False
2026-03-12 06:15:00+00:00,oos,1.497072821325125,0.30531102335865473,False,False,False
2026-03-12 06:30:00+00:00,oos,0.5686664373951605,0.3059264563439543,False,False,False
2026-03-12 06:45:00+00:00,oos,-0.9453624677703182,-0.5880330591037984,False,False,False
2026-03-12 07:00:00+00:00,oos,1.319991123149223,0.7316942157177316,False,False,False
2026-03-12 07:15:00+00:00,oos,2.2778007594910443,-0.3158705498755849,True,False,False
2026-03-12 07:30:00+00:00,oos,1.658415086166299,0.763530056873734,True,False,False
2026-03-12 07:45:00+00:00,oos,0.96454793645799,-0.38986736179307513,False,False,False
2026-03-12 08:00:00+00:00,oos,1.5818766589886915,0.7817819555737107,True,False,False
2026-03-12 08:15:00+00:00,oos,2.0603454196883364,-0.7197283546646159,True,False,False
2026-03-12 08:30:00+00:00,oos,-0.29169584144717203,0.1399064064188741,False,False,False
2026-03-12 08:45:00+00:00,oos,1.3778623052433239,0.16502359375285983,False,False,False
2026-03-12 09:00:00+00:00,oos,-2.1241225853617576,1.5535904583440983,True,True,True
2026-03-12 09:15:00+00:00,oos,-1.843143268437602,-0.14774836324368515,True,False,False
2026-03-12 09:30:00+00:00,oos,0.9148030007144814,0.2427122500580202,False,False,False
2026-03-12 09:45:00+00:00,oos,-1.0057898141615251,0.19129359482724248,False,False,False
2026-03-12 10:00:00+00:00,oos,1.0408156291189774,-0.04967115551541986,False,False,False
2026-03-12 10:15:00+00:00,oos,1.6960888675065986,0.17935046155810166,True,False,False
2026-03-12 10:30:00+00:00,oos,-0.1788328507775914,0.3975195910564849,False,False,False
2026-03-12 10:45:00+00:00,oos,-0.7258661609708129,0.34910888992402,False,False,False
2026-03-12 11:00:00+00:00,oos,0.4093615494714929,0.3966208136932697,False,False,False
2026-03-12 11:15:00+00:00,oos,0.8734639380730342,0.34690295000322835,False,False,False
2026-03-12 11:30:00+00:00,oos,0.572391463621148,0.131939928090118,False,False,False
2026-03-12 11:45:00+00:00,oos,-0.06547623202025572,-0.017857344178703334,False,False,False
2026-03-12 12:00:00+00:00,oos,0.31593693130778355,0.08860284232719444,False,False,False
2026-03-12 12:15:00+00:00,oos,1.057657823510334,1.009117499223142,False,False,False
2026-03-12 12:30:00+00:00,oos,0.2938117496884518,0.2509839862043108,False,False,False
2026-03-12 12:45:00+00:00,oos,0.8640449036868061,-0.44707133552426415,False,False,False
2026-03-12 13:00:00+00:00,oos,0.3169263273679741,0.6397839081494704,False,False,False
2026-03-12 13:15:00+00:00,oos,-0.526378893251221,0.5676997513606157,False,False,False
2026-03-12 13:30:00+00:00,oos,1.1355128352997172,0.3372180310159797,False,False,False
2026-03-12 13:45:00+00:00,oos,-1.2496502669495793,0.03311158807158023,False,False,False
2026-03-12 14:00:00+00:00,oos,0.1838807022529918,-0.4475148208674669,False,False,False
2026-03-12 14:15:00+00:00,oos,-0.02426841967067694,0.3060012677959711,False,False,False
2026-03-12 14:30:00+00:00,oos,-1.2471120194359318,0.16613439684154518,False,False,False
2026-03-12 14:45:00+00:00,oos,-0.1894063838734165,0.514075418084492,False,False,False
2026-03-12 15:00:00+00:00,oos,-0.09105251114135968,0.7376310088992574,False,False,False
2026-03-12 15:15:00+00:00,oos,-0.19070789193102636,-0.5445252039089816,False,False,False
2026-03-12 15:30:00+00:00,oos,-0.057881775573500605,-0.030706965507184728,False,False,False
2026-03-12 15:45:00+00:00,oos,-1.2280490540167346,-0.029732513088670157,False,False,False
2026-03-12 16:00:00+00:00,oos,-0.5305802547752319,-0.08344285894982888,False,False,False
2026-03-12 16:15:00+00:00,oos,-0.5396936722728588,-0.4018649753521195,False,False,False
2026-03-12 16:30:00+00:00,oos,-0.7751679386230896,0.38448365163531234,False,False,False
2026-03-12 16:45:00+00:00,oos,0.6745003398538266,-0.2330116023948812,False,False,False
2026-03-12 17:00:00+00:00,oos,-0.830221771027487,-0.15384169024567432,False,False,False
2026-03-12 17:15:00+00:00,oos,0.17508248255126954,0.28760697189095624,False,False,False
2026-03-12 17:30:00+00:00,oos,-0.8860634022312058,-0.28756129455077645,False,False,False
2026-03-12 17:45:00+00:00,oos,-0.3831549173620238,-0.7678048231394266,False,False,False
2026-03-12 18:00:00+00:00,oos,-0.4769943638265028,-0.21882564410609973,False,False,False
2026-03-12 18:15:00+00:00,oos,-0.5580820907620198,0.28210655668520196,False,False,False
2026-03-12 18:30:00+00:00,oos,0.5691530973520594,-0.5369554542442443,False,False,False
2026-03-12 18:45:00+00:00,oos,-1.0453601689026673,0.4012569824334623,False,False,False
2026-03-12 19:00:00+00:00,oos,0.002270383329812304,0.46300096846075145,False,False,False
2026-03-12 19:15:00+00:00,oos,0.662287405679435,0.370525574520069,False,False,False
2026-03-12 19:30:00+00:00,oos,-0.41206976162931797,-0.08172485462253024,False,False,False
2026-03-12 19:45:00+00:00,oos,-0.5099488758308932,-1.0207930383029062,False,False,False
2026-03-12 20:00:00+00:00,oos,-0.010091642343811645,-0.15122926866613023,False,False,False
2026-03-12 20:15:00+00:00,oos,0.41700566635945624,-0.5846513233258614,False,False,False
2026-03-12 20:30:00+00:00,oos,-0.9572773497027575,0.15679316474062632,False,False,False
2026-03-12 20:45:00+00:00,oos,0.38062595891326984,0.6971754021237452,False,False,False
2026-03-12 21:00:00+00:00,oos,1.6629916659497475,1.244606302461997,True,False,False
2026-03-12 21:15:00+00:00,oos,0.7682621329113541,2.8133102953010023,False,True,False
2026-03-12 21:30:00+00:00,oos,0.09381265563343055,1.6300944624183222,False,True,False
2026-03-12 21:45:00+00:00,oos,1.6215990342439779,1.856132482351381,True,True,True
2026-03-12 22:00:00+00:00,oos,0.21247205053192833,-1.134565648370714,False,False,False
2026-03-12 22:15:00+00:00,oos,-0.29025038295648087,0.12293504566430868,False,False,False
2026-03-12 22:30:00+00:00,oos,-0.7519855446549838,-0.2226821210812911,False,False,False
2026-03-12 22:45:00+00:00,oos,1.2198171651200838,0.279968840643386,False,False,False
2026-03-12 23:00:00+00:00,oos,1.976320333381283,0.5960752279521736,True,False,False
2026-03-12 23:15:00+00:00,oos,1.761546183429733,-0.13975109556712115,True,False,False
2026-03-12 23:30:00+00:00,oos,-1.3838305066736103,-0.2910931199618473,False,False,False
2026-03-12 23:45:00+00:00,oos,-0.2513466591880935,-0.09860937334906479,False,False,False
2026-03-13 00:00:00+00:00,oos,0.8007019538775977,1.3045816342058643,False,True,False
2026-03-13 00:15:00+00:00,oos,-0.4002359934835399,1.4695846411015168,False,True,False
2026-03-13 00:30:00+00:00,oos,0.17711515508421796,-0.54039007848313,False,False,False
2026-03-13 00:45:00+00:00,oos,-0.7078688988169576,0.0763632394274134,False,False,False
2026-03-13 01:00:00+00:00,oos,-0.6276602474277674,-0.48008491227955113,False,False,False
2026-03-13 01:15:00+00:00,oos,-0.6680881333637456,0.31367468363665246,False,False,False
2026-03-13 01:30:00+00:00,oos,-0.3916219143751138,1.0749607914567405,False,False,False
2026-03-13 01:45:00+00:00,oos,0.5347957650042414,0.7440778799660624,False,False,False
2026-03-13 02:00:00+00:00,oos,-0.10985584255678704,0.699656224453871,False,False,False
2026-03-13 02:15:00+00:00,oos,-1.1516342234704027,0.27136270641623733,False,False,False
2026-03-13 02:30:00+00:00,oos,-1.2182071584089076,0.7451147954353127,False,False,False
2026-03-13 02:45:00+00:00,oos,1.0303353539556674,0.14218572361977028,False,False,False
2026-03-13 03:00:00+00:00,oos,-0.04992860005484965,1.6699071741940954,False,True,False
2026-03-13 03:15:00+00:00,oos,0.1213664018782236,0.39385053961419303,False,False,False
2026-03-13 03:30:00+00:00,oos,-0.2574695712045997,0.1888429401796542,False,False,False
2026-03-13 03:45:00+00:00,oos,1.3135089542880318,0.5684042591373938,False,False,False
2026-03-13 04:00:00+00:00,oos,0.6520322750842611,0.34670862991237655,False,False,False
2026-03-13 04:15:00+00:00,oos,-0.6807229978890407,0.23989408030092432,False,False,False
2026-03-13 04:30:00+00:00,oos,2.7481661286322923,1.6726229403687574,True,True,True
2026-03-13 04:45:00+00:00,oos,0.5132022365629385,0.48360678822588066,False,False,False
2026-03-13 05:00:00+00:00,oos,-0.5883479795872607,1.0918235599690842,False,False,False
2026-03-13 05:15:00+00:00,oos,1.249306107543802,0.6531604375527501,False,False,False
2026-03-13 05:30:00+00:00,oos,0.7055692904942529,0.9007657942426445,False,False,False
2026-03-13 05:45:00+00:00,oos,0.0775738328635293,0.595825546983226,False,False,False
2026-03-13 06:00:00+00:00,oos,-0.46699466942459106,1.0506469168758292,False,False,False
2026-03-13 06:15:00+00:00,oos,-1.0228221647649414,0.7659374963582024,False,False,False
2026-03-13 06:30:00+00:00,oos,-0.0356469219287111,0.25957253090310056,False,False,False
2026-03-13 06:45:00+00:00,oos,0.8378614375500558,-0.1741460887982174,False,False,False
2026-03-13 07:00:00+00:00,oos,0.7667362848356322,0.3021474763688792,False,False,False
2026-03-13 07:15:00+00:00,oos,0.6200523442686768,-0.03143368243356696,False,False,False
2026-03-13 07:30:00+00:00,oos,-0.951557662415741,0.0861514872984677,False,False,False
2026-03-13 07:45:00+00:00,oos,1.2225586768093581,0.27282738764180914,False,False,False
2026-03-13 08:00:00+00:00,oos,1.4390248566618071,0.5976041355048723,False,False,False
2026-03-13 08:15:00+00:00,oos,0.45855388763500815,-0.3835702794000082,False,False,False
2026-03-13 08:30:00+00:00,oos,0.48863280320278507,0.2227383764322387,False,False,False
2026-03-13 08:45:00+00:00,oos,-0.48800395710272443,1.2734875427739512,False,False,False
2026-03-13 09:00:00+00:00,oos,0.20645582903386958,-0.5304977031396112,False,False,False
2026-03-13 09:15:00+00:00,oos,-0.7216915975490025,-0.7564400683143848,False,False,False
2026-03-13 09:30:00+00:00,oos,0.9048450672921413,0.29581199253699564,False,False,False
2026-03-13 09:45:00+00:00,oos,0.5669264781120532,0.15689890005153082,False,False,False
2026-03-13 10:00:00+00:00,oos,0.5739944941547563,0.06564056353408468,False,False,False
2026-03-13 10:15:00+00:00,oos,1.6135286996964324,0.45791189858054465,True,False,False
2026-03-13 10:30:00+00:00,oos,0.346381453830005,-0.23863683219744358,False,False,False
2026-03-13 10:45:00+00:00,oos,-0.5619463549589413,-0.3549668134524055,False,False,False
2026-03-13 11:00:00+00:00,oos,-1.0172815187709472,1.0575223155331488,False,False,False
2026-03-13 11:15:00+00:00,oos,0.9678065019359156,0.12113059990297279,False,False,False
2026-03-13 11:30:00+00:00,oos,-0.7665577627421759,1.5470681014421117,False,True,False
2026-03-13 11:45:00+00:00,oos,-0.133758054406753,0.8032498090430246,False,False,False
2026-03-13 12:00:00+00:00,oos,0.3992584689386948,1.033508044684033,False,False,False
2026-03-13 12:15:00+00:00,oos,1.1785836395423448,1.6694327104710918,False,True,False
2026-03-13 12:30:00+00:00,oos,1.5720185807184865,1.76816217581466,True,True,True
2026-03-13 12:45:00+00:00,oos,0.9874007948252568,1.0991984668940888,False,False,False
2026-03-13 13:00:00+00:00,oos,0.17022693713914233,-0.14060917228841924,False,False,False
2026-03-13 13:15:00+00:00,oos,0.7997854017093083,1.3997184983114843,False,True,False
2026-03-13 13:30:00+00:00,oos,0.6759896722103137,0.5929841545854009,False,False,False
2026-03-13 13:45:00+00:00,oos,0.8582062623624922,1.2253115249486939,False,False,False
2026-03-13 14:00:00+00:00,oos,0.17285627247683102,1.05492430327644,False,False,False
2026-03-13 14:15:00+00:00,oos,0.5019224409210844,0.5614995746706483,False,False,False
2026-03-13 14:30:00+00:00,oos,0.1610162522269403,0.7005398973892047,False,False,False
2026-03-13 14:45:00+00:00,oos,0.06290008689871675,1.1448709853710353,False,False,False
2026-03-13 15:00:00+00:00,oos,-0.023615670963713992,-0.7796562518123096,False,False,False
2026-03-13 15:15:00+00:00,oos,0.15416523489695153,0.7272650090874107,False,False,False
2026-03-13 15:30:00+00:00,oos,0.2757911852402908,-0.1317491412514988,False,False,False
2026-03-13 15:45:00+00:00,oos,-0.19336014721246592,-0.9688724976218167,False,False,False
2026-03-13 16:00:00+00:00,oos,-0.2062553206008617,0.4217432206090189,False,False,False
2026-03-13 16:15:00+00:00,oos,0.9690018487005411,-0.1861914020917619,False,False,False
2026-03-13 16:30:00+00:00,oos,0.5970298630720962,0.14966143411593397,False,False,False
2026-03-13 16:45:00+00:00,oos,0.1117427318307987,1.230968041665383,False,False,False
2026-03-13 17:00:00+00:00,oos,0.9949532262562029,0.4236202887050596,False,False,False
2026-03-13 17:15:00+00:00,oos,-0.25339924642509537,1.4436428352071196,False,True,False
2026-03-13 17:30:00+00:00,oos,-1.1987598612739672,0.3303891937749892,False,False,False
2026-03-13 17:45:00+00:00,oos,0.7820635997649431,0.8031032998966989,False,False,False
2026-03-13 18:00:00+00:00,oos,1.6862611606174607,0.03481810383857386,True,False,False
2026-03-13 18:15:00+00:00,oos,0.17074702136524428,0.4546802320258778,False,False,False
2026-03-13 18:30:00+00:00,oos,-0.25693188205201845,1.5134376013224722,False,True,False
2026-03-13 18:45:00+00:00,oos,-1.138897706360446,1.2082978864583702,False,False,False
2026-03-13 19:00:00+00:00,oos,-0.5197216344842779,0.47591615897214923,False,False,False
2026-03-13 19:15:00+00:00,oos,0.5649103245863061,-0.3680748415150492,False,False,False
2026-03-13 19:30:00+00:00,oos,0.2855876283755886,0.34326405769544927,False,False,False
2026-03-13 19:45:00+00:00,oos,1.2965704278858474,-0.1404432684525483,False,False,False
2026-03-13 20:00:00+00:00,oos,0.6803829689863402,0.6230021581505562,False,False,False
2026-03-13 20:15:00+00:00,oos,0.5286947312400422,0.2963018575856004,False,False,False
2026-03-13 20:30:00+00:00,oos,0.22321260551612704,0.8871907262186636,False,False,False
2026-03-13 20:45:00+00:00,oos,0.6459488890030662,0.4403969157115746,False,False,False
2026-03-13 21:00:00+00:00,oos,-0.7895959907599132,1.4900351540825483,False,True,False
2026-03-13 21:15:00+00:00,oos,-1.1034173739608615,2.7599381213981378,False,True,False
2026-03-13 21:30:00+00:00,oos,-0.40958163519692037,2.9572939230421076,False,True,False
2026-03-13 21:45:00+00:00,oos,-0.41518745553682995,1.015175805222389,False,False,False
2026-03-13 22:00:00+00:00,oos,-1.1548179593527963,0.3593661724627971,False,False,False
2026-03-13 22:15:00+00:00,oos,-1.8318069269385313,-0.5106330269843016,True,False,False
2026-03-13 22:30:00+00:00,oos,0.0648848179024913,0.666252325431341,False,False,False
2026-03-13 22:45:00+00:00,oos,0.8732577830186046,0.7646767693770519,False,False,False
2026-03-13 23:00:00+00:00,oos,1.326939548330566,0.4999237549264823,False,False,False
2026-03-13 23:15:00+00:00,oos,-0.1237189197122309,0.5189153287613594,False,False,False
2026-03-13 23:30:00+00:00,oos,1.4945395520515563,0.2114613533213824,False,False,False
2026-03-13 23:45:00+00:00,oos,-0.327118817538808,0.16901130870897493,False,False,False
2026-03-14 00:00:00+00:00,oos,-0.6803783313362883,1.0686712503146996,False,False,False
2026-03-14 00:15:00+00:00,oos,-0.10054692407060871,-0.8844361440567577,False,False,False
2026-03-14 00:30:00+00:00,oos,-1.4657462586230328,0.25523042837942556,False,False,False
2026-03-14 00:45:00+00:00,oos,-1.2244029714696623,-0.161945891229479,False,False,False
2026-03-14 01:00:00+00:00,oos,-0.13862527533826538,-0.06707139442167716,False,False,False
2026-03-14 01:15:00+00:00,oos,-0.1401685682002363,-0.2775251116877281,False,False,False
2026-03-14 01:30:00+00:00,oos,-0.17074927886789537,0.9480325687944825,False,False,False
2026-03-14 01:45:00+00:00,oos,1.0865961457042028,1.0098888710688867,False,False,False
2026-03-14 02:00:00+00:00,oos,2.072463599604871,0.10001944938705137,True,False,False
2026-03-14 02:15:00+00:00,oos,0.6302470178193011,0.6594669859192394,False,False,False
2026-03-14 02:30:00+00:00,oos,-1.2715528352070244,-0.15881473771432486,False,False,False
2026-03-14 02:45:00+00:00,oos,2.104773436033931,-0.613089127553158,True,False,False
2026-03-14 03:00:00+00:00,oos,0.07070676595361962,0.1986496699299237,False,False,False
2026-03-14 03:15:00+00:00,oos,1.3051137253334697,0.09665410499977867,False,False,False
2026-03-14 03:30:00+00:00,oos,0.31143877277927834,0.47303265034871195,False,False,False
2026-03-14 03:45:00+00:00,oos,1.8058767428730909,0.1504653640677323,True,False,False
2026-03-14 04:00:00+00:00,oos,1.624667781375005,0.4629014313985644,True,False,False
2026-03-14 04:15:00+00:00,oos,0.8012371679601982,0.6929821498884225,False,False,False
2026-03-14 04:30:00+00:00,oos,1.0772919506315939,1.1601215248871972,False,False,False
2026-03-14 04:45:00+00:00,oos,-1.8489602170642763,1.1602903998434533,True,False,False
2026-03-14 05:00:00+00:00,oos,0.966207351610827,1.1965361400100183,False,False,False
2026-03-14 05:15:00+00:00,oos,1.1146721380615263,0.9181166534041012,False,False,False
2026-03-14 05:30:00+00:00,oos,-0.995115560173869,0.7713701499444962,False,False,False
2026-03-14 05:45:00+00:00,oos,-0.3532446896181902,0.6507957453309416,False,False,False
2026-03-14 06:00:00+00:00,oos,0.005764294253681237,0.36649887259247765,False,False,False
2026-03-14 06:15:00+00:00,oos,-1.7819885987797055,0.8784214524289291,True,False,False
2026-03-14 06:30:00+00:00,oos,-1.1794076259937927,0.8604480743830603,False,False,False
2026-03-14 06:45:00+00:00,oos,2.144543356959899,0.22444596462712543,True,False,False
2026-03-14 07:00:00+00:00,oos,0.8906797476409605,-0.5998344180525035,False,False,False
2026-03-14 07:15:00+00:00,oos,0.1103815786654756,0.23909069185604878,False,False,False
2026-03-14 07:30:00+00:00,oos,-1.2758729694937718,0.21708418198519777,False,False,False
2026-03-14 07:45:00+00:00,oos,-0.5037400800409636,0.40683427421269247,False,False,False
2026-03-14 08:00:00+00:00,oos,0.3497763669509742,-0.33202703130591954,False,False,False
2026-03-14 08:15:00+00:00,oos,-0.05273182733130475,-0.4170757730509115,False,False,False
2026-03-14 08:30:00+00:00,oos,0.056415722691593374,1.0829539300599291,False,False,False
2026-03-14 08:45:00+00:00,oos,0.568981351002926,0.18099192315726859,False,False,False
2026-03-14 09:00:00+00:00,oos,0.5466582983247923,0.2314215448209413,False,False,False
2026-03-14 09:15:00+00:00,oos,0.821968407760463,0.0013763991289260983,False,False,False
2026-03-14 09:30:00+00:00,oos,-1.3016125530112965,-0.08160912528821389,False,False,False
2026-03-14 09:45:00+00:00,oos,-0.5212136960757775,0.7450211231335677,False,False,False
2026-03-14 10:00:00+00:00,oos,-0.8967034523342858,0.14042476958046393,False,False,False
2026-03-14 10:15:00+00:00,oos,-0.033113999505898876,-0.25753393963325105,False,False,False
2026-03-14 10:30:00+00:00,oos,-2.6492884844486673,0.12059518002737663,True,False,False
2026-03-14 10:45:00+00:00,oos,0.9657249197025352,0.7334004348560994,False,False,False
2026-03-14 11:00:00+00:00,oos,0.8595724151334119,0.28295730120826107,False,False,False
2026-03-14 11:15:00+00:00,oos,1.2252494489818664,0.3493667331473753,False,False,False
2026-03-14 11:30:00+00:00,oos,0.7650161086131179,0.015328583923075187,False,False,False
2026-03-14 11:45:00+00:00,oos,0.07245762217547377,0.7701329253752703,False,False,False
2026-03-14 12:00:00+00:00,oos,0.22296357303615816,0.2278379184279872,False,False,False
2026-03-14 12:15:00+00:00,oos,-0.4031393992629132,-0.23688129326592763,False,False,False
2026-03-14 12:30:00+00:00,oos,-0.38170930159183647,0.28426301651114066,False,False,False
2026-03-14 12:45:00+00:00,oos,0.8834254629098212,0.03854240036822499,False,False,False
2026-03-14 13:00:00+00:00,oos,1.2901075313393107,0.21016849688666464,False,False,False
2026-03-14 13:15:00+00:00,oos,1.6839130936482212,0.5223434844848405,True,False,False
2026-03-14 13:30:00+00:00,oos,0.24433398022449537,0.1668451184276691,False,False,False
2026-03-14 13:45:00+00:00,oos,0.8403557340600433,0.011006749591500045,False,False,False
2026-03-14 14:00:00+00:00,oos,-0.5416670137048283,-0.058027964517986114,False,False,False
2026-03-14 14:15:00+00:00,oos,1.2605240548807137,-0.37213952991035726,False,False,False
2026-03-14 14:30:00+00:00,oos,-1.7629064084696011,-0.9289650302589582,True,False,False
2026-03-14 14:45:00+00:00,oos,0.7211886887595101,0.2367472825026755,False,False,False
2026-03-14 15:00:00+00:00,oos,1.7514455994639138,-0.22812282487490457,True,False,False
2026-03-14 15:15:00+00:00,oos,-0.45375421842429536,-0.8263601549104601,False,False,False
2026-03-14 15:30:00+00:00,oos,-0.18004364788621924,0.28542938775824944,False,False,False
2026-03-14 15:45:00+00:00,oos,-0.2550945733315842,-0.5334834127934996,False,False,False
2026-03-14 16:00:00+00:00,oos,-1.0222006259413854,1.3001699847210373,False,True,False
2026-03-14 16:15:00+00:00,oos,2.144078025447235,0.38996115549655164,True,False,False
2026-03-14 16:30:00+00:00,oos,-0.23538993300936542,-0.027049741970772673,False,False,False
2026-03-14 16:45:00+00:00,oos,0.2473391668888131,0.4118615081980357,False,False,False
2026-03-14 17:00:00+00:00,oos,-0.5387611538979018,0.25380725595280673,False,False,False
2026-03-14 17:15:00+00:00,oos,0.05140762281840702,0.005151567766553692,False,False,False
2026-03-14 17:30:00+00:00,oos,-0.9720132530011633,-0.4587547720921287,False,False,False
2026-03-14 17:45:00+00:00,oos,-1.3879285291463013,-0.3735608335072174,False,False,False
2026-03-14 18:00:00+00:00,oos,-2.0389702645483663,-0.34559897453578287,True,False,False
2026-03-14 18:15:00+00:00,oos,-0.20766331168011715,-0.24932089793309828,False,False,False
2026-03-14 18:30:00+00:00,oos,0.1033285069086728,0.4175930168323955,False,False,False
2026-03-14 18:45:00+00:00,oos,2.5276038670159524,-0.447400030500149,True,False,False
2026-03-14 19:00:00+00:00,oos,1.0724920643619447,0.9266189251396316,False,False,False
2026-03-14 19:15:00+00:00,oos,0.1415782671050968,-1.1044961748527786,False,False,False
2026-03-14 19:30:00+00:00,oos,0.10092464452506225,0.7675370412644816,False,False,False
2026-03-14 19:45:00+00:00,oos,-1.995749118426942,-0.3060181694209835,True,False,False
2026-03-14 20:00:00+00:00,oos,-0.3032429071354106,0.6263648172027706,False,False,False
2026-03-14 20:15:00+00:00,oos,1.04458908756215,-0.7095378524377965,False,False,False
2026-03-14 20:30:00+00:00,oos,1.3765155559192497,-0.24061047732478816,False,False,False
2026-03-14 20:45:00+00:00,oos,0.8406157190007216,0.6249401040659324,False,False,False
2026-03-14 21:00:00+00:00,oos,-0.6110533983851332,0.3712280037449441,False,False,False
2026-03-14 21:15:00+00:00,oos,-1.1270558286954264,2.19024269882551,False,True,False
2026-03-14 21:30:00+00:00,oos,0.41976952635216846,0.6994697686189765,False,False,False
2026-03-14 21:45:00+00:00,oos,1.9800342077308914,0.5911070142387564,True,False,False
2026-03-14 22:00:00+00:00,oos,0.03719328101276186,-0.830179726777853,False,False,False
2026-03-14 22:15:00+00:00,oos,1.9833410516070713,-1.3555460865521614,True,False,False
2026-03-14 22:30:00+00:00,oos,1.6271761432240297,-1.3920372031202015,True,False,False
2026-03-14 22:45:00+00:00,oos,-0.0009071288880422198,0.05609770395155796,False,False,False
2026-03-14 23:00:00+00:00,oos,0.5211316696202051,0.5948889943588235,False,False,False
2026-03-14 23:15:00+00:00,oos,0.5978118117607685,-0.3740803071492137,False,False,False
2026-03-14 23:30:00+00:00,oos,1.3473765796369783,-1.0144724544171948,False,False,False
2026-03-14 23:45:00+00:00,oos,0.34922254955013604,0.15649371610486412,False,False,False
2026-03-15 00:00:00+00:00,oos,-0.81028839032053,0.3495908921637686,False,False,False
2026-03-15 00:15:00+00:00,oos,-1.3515231312920588,0.5118661874149282,False,False,False
2026-03-15 00:30:00+00:00,oos,-1.1262356728863436,-0.07228919282119038,False,False,False
2026-03-15 00:45:00+00:00,oos,-0.9926035368093322,-0.5618843122610913,False,False,False
2026-03-15 01:00:00+00:00,oos,-0.5904037370895298,0.8204426443260796,False,False,False
2026-03-15 01:15:00+00:00,oos,0.8943345250275635,-0.5162778719903105,False,False,False
2026-03-15 01:30:00+00:00,oos,-0.38532138108096303,-0.5500947915810275,False,False,False
2026-03-15 01:45:00+00:00,oos,-0.4716545418598396,0.3315347262618559,False,False,False
2026-03-15 02:00:00+00:00,oos,1.1813426845517356,-0.27443191542657036,False,False,False
2026-03-15 02:15:00+00:00,oos,-1.1839190988066903,-0.6492147627172736,False,False,False
2026-03-15 02:30:00+00:00,oos,0.5763139702909308,-0.07796924410955382,False,False,False
2026-03-15 02:45:00+00:00,oos,0.6184101019909957,0.17336691458284947,False,False,False
2026-03-15 03:00:00+00:00,oos,-1.939757727885339,-0.38032586413755143,True,False,False
2026-03-15 03:15:00+00:00,oos,-2.4766650178624703,0.24337323207445108,True,False,False
2026-03-15 03:30:00+00:00,oos,-1.6423713989082267,-0.13733294519112588,True,False,False
2026-03-15 03:45:00+00:00,oos,-0.12251043546897152,0.01863670232695481,False,False,False
2026-03-15 04:00:00+00:00,oos,1.0212231275315937,0.05844367347162696,False,False,False
2026-03-15 04:15:00+00:00,oos,-0.5270990364645456,-0.12428893578227075,False,False,False
2026-03-15 04:30:00+00:00,oos,0.9407299226120733,0.7157549767058249,False,False,False
2026-03-15 04:45:00+00:00,oos,-0.10171415530065965,-0.24115508791332885,False,False,False
2026-03-15 05:00:00+00:00,oos,0.7310817256983952,0.08448524988608323,False,False,False
2026-03-15 05:15:00+00:00,oos,0.5385422740682752,0.19497511439459686,False,False,False
2026-03-15 05:30:00+00:00,oos,0.9167102195695602,-0.11137801955568154,False,False,False
2026-03-15 05:45:00+00:00,oos,-0.7274783652540446,0.34265106792574207,False,False,False
2026-03-15 06:00:00+00:00,oos,1.2413584755613156,0.9954847219486126,False,False,False
2026-03-15 06:15:00+00:00,oos,-1.223479458606739,0.38050708154737856,False,False,False
2026-03-15 06:30:00+00:00,oos,-0.03795735585582313,0.7231138962279737,False,False,False
2026-03-15 06:45:00+00:00,oos,2.1572292251578955,-0.6234441213496892,True,False,False
2026-03-15 07:00:00+00:00,oos,3.102006182707339,-0.026167298844151646,True,False,False
2026-03-15 07:15:00+00:00,oos,1.18561326186524,-0.5387028915472573,False,False,False
2026-03-15 07:30:00+00:00,oos,-0.6759981223144439,0.06926216722603161,False,False,False
2026-03-15 07:45:00+00:00,oos,1.6396541165428336,0.53225043879935,True,False,False
2026-03-15 08:00:00+00:00,oos,2.255451779917078,1.2916644958281227,True,True,True
2026-03-15 08:15:00+00:00,oos,-0.08916872057950528,-0.3808660803137706,False,False,False
2026-03-15 08:30:00+00:00,oos,-0.8043419614419322,-0.0857253810892055,False,False,False
2026-03-15 08:45:00+00:00,oos,2.3094129478468237,0.0040130118408705315,True,False,False
2026-03-15 09:00:00+00:00,oos,0.5407523049321614,0.6542672706955333,False,False,False
2026-03-15 09:15:00+00:00,oos,0.06553946013413907,-0.2697543624385837,False,False,False
2026-03-15 09:30:00+00:00,oos,0.39479628590790516,-0.1291328660390861,False,False,False
2026-03-15 09:45:00+00:00,oos,0.6755704528603675,-0.16383578086815384,False,False,False
2026-03-15 10:00:00+00:00,oos,0.17422896643904634,0.3898167690122156,False,False,False
2026-03-15 10:15:00+00:00,oos,1.1080452193399288,-0.6203980474938421,False,False,False
2026-03-15 10:30:00+00:00,oos,-0.6467703870727789,0.04569607108744261,False,False,False
2026-03-15 10:45:00+00:00,oos,-1.0236751309844565,-0.7599896089492666,False,False,False
2026-03-15 11:00:00+00:00,oos,-2.689751349326822,-0.06698948861920913,True,False,False
2026-03-15 11:15:00+00:00,oos,-0.23354628358113957,-0.10989213944337527,False,False,False
2026-03-15 11:30:00+00:00,oos,1.2323533021447826,-0.060998853088522736,False,False,False
2026-03-15 11:45:00+00:00,oos,0.38213785449181414,0.030227296004341465,False,False,False
2026-03-15 12:00:00+00:00,oos,-1.5650324129831978,-0.6884446365564486,False,False,False
2026-03-15 12:15:00+00:00,oos,0.6117322499053035,-0.45302040345403033,False,False,False
2026-03-15 12:30:00+00:00,oos,-1.239868477749934,0.17428971783455216,False,False,False
2026-03-15 12:45:00+00:00,oos,-0.04252631090983888,0.2639018986275263,False,False,False
2026-03-15 13:00:00+00:00,oos,-0.6465588822681247,-0.35215209900930344,False,False,False
2026-03-15 13:15:00+00:00,oos,-0.060467354600761664,1.0076837409470687,False,False,False
2026-03-15 13:30:00+00:00,oos,-0.21408126820119233,-0.2196203083564313,False,False,False
2026-03-15 13:45:00+00:00,oos,0.06603665511669059,-0.4010973091276288,False,False,False
2026-03-15 14:00:00+00:00,oos,0.5777863714546544,-0.2381971537224204,False,False,False
2026-03-15 14:15:00+00:00,oos,0.3150311179636708,0.23108147572130433,False,False,False
2026-03-15 14:30:00+00:00,oos,-0.8840037105002471,-0.18038620827751312,False,False,False
2026-03-15 14:45:00+00:00,oos,1.932214507757727,0.3343411083431019,True,False,False
2026-03-15 15:00:00+00:00,oos,0.9161074050596856,1.3759901077521006,False,True,False
2026-03-15 15:15:00+00:00,oos,-0.3436906723103493,0.9700395760231805,False,False,False
2026-03-15 15:30:00+00:00,oos,0.24248347798042527,0.47678589267587684,False,False,False
2026-03-15 15:45:00+00:00,oos,-0.9268647005322013,-0.06068158601947142,False,False,False
2026-03-15 16:00:00+00:00,oos,0.8000198551533472,0.15613784067896405,False,False,False
2026-03-15 16:15:00+00:00,oos,-0.8963051831298924,-0.4004703189573978,False,False,False
2026-03-15 16:30:00+00:00,oos,1.0257959869938127,0.858961834294442,False,False,False
2026-03-15 16:45:00+00:00,oos,-1.917483385065489,0.12788313248066724,True,False,False
2026-03-15 17:00:00+00:00,oos,0.745988180343909,0.4927586447479177,False,False,False
2026-03-15 17:15:00+00:00,oos,-0.42244753425635934,-0.35075643504820325,False,False,False
2026-03-15 17:30:00+00:00,oos,1.1779423822630757,0.504036561509823,False,False,False
2026-03-15 17:45:00+00:00,oos,0.8270687431957517,0.6577083159048721,False,False,False
2026-03-15 18:00:00+00:00,oos,-1.142730891793643,0.2832395039460628,False,False,False
2026-03-15 18:15:00+00:00,oos,-1.3464766696853145,-0.5347613404255768,False,False,False
2026-03-15 18:30:00+00:00,oos,1.1545892418167036,-0.8455007126746493,False,False,False
2026-03-15 18:45:00+00:00,oos,-0.8699678808893571,0.713496367333097,False,False,False
2026-03-15 19:00:00+00:00,oos,0.7468030440924754,-0.5805712385454707,False,False,False
2026-03-15 19:15:00+00:00,oos,1.1851059828076238,-0.3903125968236423,False,False,False
2026-03-15 19:30:00+00:00,oos,1.623707396646574,-0.3779943474949369,True,False,False
2026-03-15 19:45:00+00:00,oos,0.25909233204209653,-0.5008085473342228,False,False,False
2026-03-15 20:00:00+00:00,oos,1.6263972928946009,1.2988146748448794,True,True,True
2026-03-15 20:15:00+00:00,oos,2.1135042581089882,-0.2233786640163067,True,False,False
2026-03-15 20:30:00+00:00,oos,1.276860730309956,0.3101517686678989,False,False,False
2026-03-15 20:45:00+00:00,oos,-0.31557922519211956,-0.7844539947425402,False,False,False
2026-03-15 21:00:00+00:00,oos,-1.2724805264449333,0.9488696469459686,False,False,False
2026-03-15 21:15:00+00:00,oos,0.7418261299297584,0.2313275588463326,False,False,False
2026-03-15 21:30:00+00:00,oos,0.39877054956851876,0.8068182975804365,False,False,False
2026-03-15 21:45:00+00:00,oos,0.9168127895729598,1.0000984849364944,False,False,False
2026-03-15 22:00:00+00:00,oos,0.11799781572249544,-0.9252448283135074,False,False,False
2026-03-15 22:15:00+00:00,oos,0.48508308275982154,-1.5312527800122997,False,False,False
2026-03-15 22:30:00+00:00,oos,0.633651210856213,0.6875188341762041,False,False,False
2026-03-15 22:45:00+00:00,oos,-0.12390989333593386,0.14146559783959484,False,False,False
2026-03-15 23:00:00+00:00,oos,0.7363661720525521,0.44824409328458714,False,False,False
2026-03-15 23:15:00+00:00,oos,-0.3638982890649991,1.1435830736835706,False,False,False
2026-03-15 23:30:00+00:00,oos,0.26186711815436775,-0.36183098481572096,False,False,False
2026-03-15 23:45:00+00:00,oos,0.8163737164670561,-0.6607748236315505,False,False,False
2026-03-16 00:00:00+00:00,oos,0.1808652942968065,0.011629176465331379,False,False,False
2026-03-16 00:15:00+00:00,oos,-0.9434474035621573,0.057625031253636855,False,False,False
2026-03-16 00:30:00+00:00,oos,-0.8456419668206612,0.5165590648123146,False,False,False
2026-03-16 00:45:00+00:00,oos,0.6811362026330529,-0.5658092949674973,False,False,False
2026-03-16 01:00:00+00:00,oos,0.6138658093280808,0.3007966924093571,False,False,False
2026-03-16 01:15:00+00:00,oos,0.03682902127203336,0.4335645162777242,False,False,False
2026-03-16 01:30:00+00:00,oos,0.3185279699025146,0.687613633896357,False,False,False
2026-03-16 01:45:00+00:00,oos,0.3438677723167085,0.31545374638018514,False,False,False
2026-03-16 02:00:00+00:00,oos,-0.2809101923388449,-0.26003967943480766,False,False,False
2026-03-16 02:15:00+00:00,oos,-1.26328429144532,0.7777696820381163,False,False,False
2026-03-16 02:30:00+00:00,oos,0.5916293975164775,0.32168467370327525,False,False,False
2026-03-16 02:45:00+00:00,oos,0.8450645306423128,0.9704678671935901,False,False,False
2026-03-16 03:00:00+00:00,oos,1.4074293050117097,1.2435798575545012,False,False,False
2026-03-16 03:15:00+00:00,oos,1.1552492954790823,1.2517002052166595,False,False,False
2026-03-16 03:30:00+00:00,oos,-0.9080732252199945,1.5588570854828303,False,True,False
2026-03-16 03:45:00+00:00,oos,0.02221358046447803,0.005564876594118881,False,False,False
2026-03-16 04:00:00+00:00,oos,1.3110346820987917,1.46187389913953,False,True,False
2026-03-16 04:15:00+00:00,oos,-0.15277338886262143,1.0398565990384099,False,False,False
2026-03-16 04:30:00+00:00,oos,0.4306172081332496,1.048371596759598,False,False,False
2026-03-16 04:45:00+00:00,oos,-0.07669706321319711,-0.43052077284505386,False,False,False
2026-03-16 05:00:00+00:00,oos,0.6634017449571645,-0.21426843741563198,False,False,False
2026-03-16 05:15:00+00:00,oos,0.5348609667336491,0.14177536602509375,False,False,False
2026-03-16 05:30:00+00:00,oos,0.07818981163585806,-0.30539800576090154,False,False,False
2026-03-16 05:45:00+00:00,oos,1.2549407970101703,-0.2113549128051015,False,False,False
2026-03-16 06:00:00+00:00,oos,-1.099379769065055,-0.16092129511838962,False,False,False
2026-03-16 06:15:00+00:00,oos,0.9239968441909412,0.14547577029109265,False,False,False
2026-03-16 06:30:00+00:00,oos,0.6411672467476746,0.3872829046432632,False,False,False
2026-03-16 06:45:00+00:00,oos,-0.8913231613785375,0.9082344484416079,False,False,False
2026-03-16 07:00:00+00:00,oos,-0.2480546723810945,0.2227394553166081,False,False,False
2026-03-16 07:15:00+00:00,oos,0.2884802997000655,1.0508051827919405,False,False,False
2026-03-16 07:30:00+00:00,oos,-0.8524338707762612,0.8222199652517181,False,False,False
2026-03-16 07:45:00+00:00,oos,-0.4421861626189194,0.7156714209896723,False,False,False
2026-03-16 08:00:00+00:00,oos,1.1063493656912593,-0.10061139461462704,False,False,False
2026-03-16 08:15:00+00:00,oos,-0.796577225673949,0.22584076462294483,False,False,False
2026-03-16 08:30:00+00:00,oos,-0.24729673499198054,0.6418039954305024,False,False,False
2026-03-16 08:45:00+00:00,oos,-0.13461509940490235,0.1568419822804781,False,False,False
2026-03-16 09:00:00+00:00,oos,0.7859220362119664,1.316342132389301,False,True,False
2026-03-16 09:15:00+00:00,oos,0.8359636797812868,0.5020186173131904,False,False,False
2026-03-16 09:30:00+00:00,oos,0.411638936984845,0.2662765692244383,False,False,False
2026-03-16 09:45:00+00:00,oos,1.1665276197555274,0.8637617409867473,False,False,False
2026-03-16 10:00:00+00:00,oos,0.39286490757702874,-0.122298703666963,False,False,False
2026-03-16 10:15:00+00:00,oos,1.0175979163698203,-1.215257702760315,False,False,False
2026-03-16 10:30:00+00:00,oos,0.38813108081174735,-0.19217126671269194,False,False,False
2026-03-16 10:45:00+00:00,oos,1.4580987260661036,0.5217956313627484,False,False,False
2026-03-16 11:00:00+00:00,oos,-0.11635354454528694,0.24945773621159575,False,False,False
2026-03-16 11:15:00+00:00,oos,-0.2409710444692441,-0.6262341942961395,False,False,False
2026-03-16 11:30:00+00:00,oos,0.26260790444312343,0.4937430883819943,False,False,False
2026-03-16 11:45:00+00:00,oos,0.07506136175225697,0.44451312728357073,False,False,False
2026-03-16 12:00:00+00:00,oos,0.8491128350186563,0.8480742757486937,False,False,False
2026-03-16 12:15:00+00:00,oos,0.8620808931380229,0.5382399001293164,False,False,False
2026-03-16 12:30:00+00:00,oos,-0.5671566168342539,0.9278565061438867,False,False,False
2026-03-16 12:45:00+00:00,oos,0.3550685297905104,0.724446890554255,False,False,False
2026-03-16 13:00:00+00:00,oos,-0.05845661791078744,0.066809709576778,False,False,False
2026-03-16 13:15:00+00:00,oos,-0.4502095740560017,0.6977137743032313,False,False,False
2026-03-16 13:30:00+00:00,oos,0.8732927730501444,0.4960264654477358,False,False,False
2026-03-16 13:45:00+00:00,oos,-0.19197092614131003,0.7303218585017672,False,False,False
2026-03-16 14:00:00+00:00,oos,1.048421843103494,0.8671920615785644,False,False,False
2026-03-16 14:15:00+00:00,oos,-0.5334123310935641,0.5941052314650029,False,False,False
2026-03-16 14:30:00+00:00,oos,-0.17194142541471344,1.0200384107142286,False,False,False
2026-03-16 14:45:00+00:00,oos,0.6092893253472973,0.31362314735761776,False,False,False
2026-03-16 15:00:00+00:00,oos,0.28454124270860737,-0.1827320790137204,False,False,False
2026-03-16 15:15:00+00:00,oos,-0.2634402413731489,0.25465881187635875,False,False,False
2026-03-16 15:30:00+00:00,oos,0.9666564922948608,-0.14611619034232068,False,False,False
2026-03-16 15:45:00+00:00,oos,0.3429512422210019,0.22624894618104302,False,False,False
2026-03-16 16:00:00+00:00,oos,0.8755448975040947,0.5539031036081022,False,False,False
2026-03-16 16:15:00+00:00,oos,1.8524055064687257,-0.129223409451622,True,False,False
2026-03-16 16:30:00+00:00,oos,1.6842131299512704,0.020345122070667947,True,False,False
2026-03-16 16:45:00+00:00,oos,0.9818838575900469,0.06460299314627364,False,False,False
2026-03-16 17:00:00+00:00,oos,0.07369161182272962,-0.19854013864330897,False,False,False
2026-03-16 17:15:00+00:00,oos,-0.14394700400078755,-0.49424707449843075,False,False,False
2026-03-16 17:30:00+00:00,oos,-0.12479821662138617,0.1883601969546432,False,False,False
2026-03-16 17:45:00+00:00,oos,0.19398210462708382,0.6598144244146485,False,False,False
2026-03-16 18:00:00+00:00,oos,0.7034370132166144,0.9244095318873394,False,False,False
2026-03-16 18:15:00+00:00,oos,0.13072272180932895,0.5320889913100427,False,False,False
2026-03-16 18:30:00+00:00,oos,0.07672908740509593,-0.3568330536421862,False,False,False
2026-03-16 18:45:00+00:00,oos,-1.8719147353680137,-0.47756707435003737,True,False,False
2026-03-16 19:00:00+00:00,oos,0.07399843497912162,-0.17754994707128555,False,False,False
2026-03-16 19:15:00+00:00,oos,0.03278296365938388,-0.14482605532537032,False,False,False
2026-03-16 19:30:00+00:00,oos,0.31149822067095956,-0.7038035721561056,False,False,False
2026-03-16 19:45:00+00:00,oos,-0.4988064555146512,-0.05440923280439163,False,False,False
2026-03-16 20:00:00+00:00,oos,-0.5372302506268508,0.2635977226407682,False,False,False
2026-03-16 20:15:00+00:00,oos,-1.1627529881722125,-0.03608551854036905,False,False,False
2026-03-16 20:30:00+00:00,oos,0.9763171429854967,-0.02480611741371692,False,False,False
2026-03-16 20:45:00+00:00,oos,0.36582378525125997,-0.09390805306702685,False,False,False
2026-03-16 21:00:00+00:00,oos,1.0765735302601822,0.15257911419103437,False,False,False
2026-03-16 21:15:00+00:00,oos,-0.566021667597349,1.985404793253616,False,True,False
2026-03-16 21:30:00+00:00,oos,-0.05724249928252791,0.6975388973969693,False,False,False
2026-03-16 21:45:00+00:00,oos,1.0736033518748394,1.3461401298503608,False,True,False
2026-03-16 22:00:00+00:00,oos,0.011060623392545973,1.144369171515342,False,False,False
2026-03-16 22:15:00+00:00,oos,-0.18877542931662766,-1.3886085362448588,False,False,False
2026-03-16 22:30:00+00:00,oos,0.9209641822351803,0.5387767858765103,False,False,False
2026-03-16 22:45:00+00:00,oos,0.03567840053514409,0.45008874326394194,False,False,False
2026-03-16 23:00:00+00:00,oos,-1.5435748968850997,-0.008535124558290893,False,False,False
2026-03-16 23:15:00+00:00,oos,1.836043775648985,-0.6093620257108102,True,False,False
2026-03-16 23:30:00+00:00,oos,0.8764490759691812,0.25444306606665323,False,False,False
2026-03-16 23:45:00+00:00,oos,-0.22901268483591453,0.2041993735240513,False,False,False
2026-03-17 00:00:00+00:00,oos,1.3429518087263406,0.022813950721114674,False,False,False
2026-03-17 00:15:00+00:00,oos,0.24365364852367885,-0.06693532114564402,False,False,False
2026-03-17 00:30:00+00:00,oos,0.18220716204983642,-0.2258819021351243,False,False,False
2026-03-17 00:45:00+00:00,oos,0.7934995332454692,-0.5318731778602741,False,False,False
2026-03-17 01:00:00+00:00,oos,0.546676448119965,0.2893274558395136,False,False,False
2026-03-17 01:15:00+00:00,oos,0.7988606182504757,0.5689326997398901,False,False,False
2026-03-17 01:30:00+00:00,oos,-0.22662770082225217,-0.26423777702760626,False,False,False
2026-03-17 01:45:00+00:00,oos,-0.45147754325991846,-0.7731752333989708,False,False,False
2026-03-17 02:00:00+00:00,oos,-1.5953268154236329,-0.07534316796239353,True,False,False
2026-03-17 02:15:00+00:00,oos,-0.3139431325611325,0.4429625396678831,False,False,False
2026-03-17 02:30:00+00:00,oos,0.40758928780328213,-0.18785704562694122,False,False,False
2026-03-17 02:45:00+00:00,oos,0.17317402894091072,0.43758872421171063,False,False,False
2026-03-17 03:00:00+00:00,oos,-1.8937919983638518,0.25085505231668837,True,False,False
2026-03-17 03:15:00+00:00,oos,0.257218233792594,0.4883603533619765,False,False,False
2026-03-17 03:30:00+00:00,oos,-0.704271069124515,0.3380784452865135,False,False,False
2026-03-17 03:45:00+00:00,oos,-0.5311555407421072,-0.2716395236773819,False,False,False
2026-03-17 04:00:00+00:00,oos,-1.3313838081681069,-0.10943381071010261,False,False,False
2026-03-17 04:15:00+00:00,oos,-1.5381333309666296,-0.18824720569908554,False,False,False
2026-03-17 04:30:00+00:00,oos,-1.4678533136054095,0.28262077496969584,False,False,False
2026-03-17 04:45:00+00:00,oos,-0.23982374685738242,-0.24333571931505144,False,False,False
2026-03-17 05:00:00+00:00,oos,-0.6075785426990064,-0.22941492004328168,False,False,False
2026-03-17 05:15:00+00:00,oos,-0.38675898797015856,-0.2968887054491207,False,False,False
2026-03-17 05:30:00+00:00,oos,-1.9415482654236713,0.36479888173475766,True,False,False
2026-03-17 05:45:00+00:00,oos,0.10453427743128647,-0.09377103181508764,False,False,False
2026-03-17 06:00:00+00:00,oos,-0.07050257900139273,-0.34227811598926294,False,False,False
2026-03-17 06:15:00+00:00,oos,0.9007034599249347,0.09727645719176918,False,False,False
2026-03-17 06:30:00+00:00,oos,-0.391155467524255,-0.5409260745472053,False,False,False
2026-03-17 06:45:00+00:00,oos,-0.3170931111919514,0.26443510495428724,False,False,False
2026-03-17 07:00:00+00:00,oos,2.3474936522455416,0.4836929180912514,True,False,False
2026-03-17 07:15:00+00:00,oos,1.335956409328401,-0.005175341831701673,False,False,False
2026-03-17 07:30:00+00:00,oos,0.5554660560699513,-0.5516003737946499,False,False,False
2026-03-17 07:45:00+00:00,oos,0.8651160771941111,-0.3575713366643343,False,False,False
2026-03-17 08:00:00+00:00,oos,-0.2595133941349903,0.19488011515001535,False,False,False
2026-03-17 08:15:00+00:00,oos,1.7393093423630714,-0.30385602186716093,True,False,False
2026-03-17 08:30:00+00:00,oos,0.7094863441562782,-0.019770664376906492,False,False,False
2026-03-17 08:45:00+00:00,oos,-0.4363968226571607,-0.412001648629882,False,False,False
2026-03-17 09:00:00+00:00,oos,-0.9867659131547355,0.253572302651568,False,False,False
2026-03-17 09:15:00+00:00,oos,-0.47545456406205494,-0.06047512975953995,False,False,False
2026-03-17 09:30:00+00:00,oos,1.6612970946396788,0.2121063706755595,True,False,False
2026-03-17 09:45:00+00:00,oos,-1.7867783334851417,-0.4453489074872718,True,False,False
2026-03-17 10:00:00+00:00,oos,-0.4364845516894212,-0.2688100122055552,False,False,False
2026-03-17 10:15:00+00:00,oos,-0.569406821977861,-1.019799379404543,False,False,False
2026-03-17 10:30:00+00:00,oos,0.47709935558633965,-0.24234318962854903,False,False,False
2026-03-17 10:45:00+00:00,oos,-0.5368677876936815,-0.5690035283980757,False,False,False
2026-03-17 11:00:00+00:00,oos,0.20500361110684154,0.1403187270369802,False,False,False
2026-03-17 11:15:00+00:00,oos,0.7846952427310322,-0.5233124479391728,False,False,False
2026-03-17 11:30:00+00:00,oos,-0.048378094436756315,-0.7376223289625731,False,False,False
2026-03-17 11:45:00+00:00,oos,1.0018591367190768,-0.04098568788437591,False,False,False
2026-03-17 12:00:00+00:00,oos,0.5313075006533529,-0.36544055691474203,False,False,False
2026-03-17 12:15:00+00:00,oos,0.054726522501364394,-0.38417026929241643,False,False,False
2026-03-17 12:30:00+00:00,oos,-0.6285111205014915,-0.7468836283627842,False,False,False
2026-03-17 12:45:00+00:00,oos,-0.9183468466790632,-0.49712948640187493,False,False,False
2026-03-17 13:00:00+00:00,oos,0.7443336690852547,0.09416573526501765,False,False,False
2026-03-17 13:15:00+00:00,oos,0.6492894315376889,0.4770044189084736,False,False,False
2026-03-17 13:30:00+00:00,oos,-0.28852022088000323,0.2609017269278479,False,False,False
2026-03-17 13:45:00+00:00,oos,-1.055107439525723,0.05127532953237016,False,False,False
2026-03-17 14:00:00+00:00,oos,0.010137176677245141,1.0813449242799038,False,False,False
2026-03-17 14:15:00+00:00,oos,-0.8895283117527863,-0.4935090114157769,False,False,False
2026-03-17 14:30:00+00:00,oos,-1.2322042212900464,-0.19602360931412685,False,False,False
2026-03-17 14:45:00+00:00,oos,-1.013789378435042,0.4926076064723109,False,False,False
2026-03-17 15:00:00+00:00,oos,0.5180916752939784,-0.13818708424320883,False,False,False
2026-03-17 15:15:00+00:00,oos,-0.3810118414707933,-0.5719364738686563,False,False,False
2026-03-17 15:30:00+00:00,oos,-0.5813893560088561,0.35524942594826686,False,False,False
2026-03-17 15:45:00+00:00,oos,0.4203259370960591,-0.2739332797583953,False,False,False
2026-03-17 16:00:00+00:00,oos,0.5999510745623042,0.04580726620786089,False,False,False
2026-03-17 16:15:00+00:00,oos,0.8672826086768674,0.1013854290972331,False,False,False
2026-03-17 16:30:00+00:00,oos,-0.23442657582107754,0.3835207294862911,False,False,False
2026-03-17 16:45:00+00:00,oos,-0.40751145327331373,0.3145622403837627,False,False,False
2026-03-17 17:00:00+00:00,oos,0.06125704822615226,0.3660869476930701,False,False,False
2026-03-17 17:15:00+00:00,oos,-0.36203493323173014,-0.053882023356129446,False,False,False
2026-03-17 17:30:00+00:00,oos,1.17452114870564,0.15563282965713407,False,False,False
2026-03-17 17:45:00+00:00,oos,0.20430659350447766,1.381909480618344,False,True,False
2026-03-17 18:00:00+00:00,oos,-0.5842800125119849,-0.03766153173973708,False,False,False
2026-03-17 18:15:00+00:00,oos,-1.2626884699892673,0.43689373611312227,False,False,False
2026-03-17 18:30:00+00:00,oos,-0.6824137075317439,0.718793582997807,False,False,False
2026-03-17 18:45:00+00:00,oos,-0.32530982786292056,-0.7079275103273904,False,False,False
2026-03-17 19:00:00+00:00,oos,0.3139096989504665,-0.6281557200292626,False,False,False
2026-03-17 19:15:00+00:00,oos,-0.3867898176740753,0.2398771645959448,False,False,False
2026-03-17 19:30:00+00:00,oos,-1.2752623570608645,0.20602196863854425,False,False,False
2026-03-17 19:45:00+00:00,oos,-1.829176519200194,0.08525267517057754,True,False,False
2026-03-17 20:00:00+00:00,oos,-0.8994704310701435,0.44540520552716895,False,False,False
2026-03-17 20:15:00+00:00,oos,2.980352699690946,-0.2972447696558246,True,False,False
2026-03-17 20:30:00+00:00,oos,2.078861278450899,-0.08751797581598388,True,False,False
2026-03-17 20:45:00+00:00,oos,0.9134890502729619,0.05635833777061524,False,False,False
2026-03-17 21:00:00+00:00,oos,1.3826125631875357,0.5488888751447157,False,False,False
2026-03-17 21:15:00+00:00,oos,-0.9246765915509413,1.194176245099846,False,False,False
2026-03-17 21:30:00+00:00,oos,-0.5903608581039556,0.7260067369164768,False,False,False
2026-03-17 21:45:00+00:00,oos,0.7432012606123609,1.736641845108334,False,True,False
2026-03-17 22:00:00+00:00,oos,0.24618994845310832,-1.6060129285975826,False,False,False
2026-03-17 22:15:00+00:00,oos,-1.067047814015789,-1.1672263182130846,False,False,False
2026-03-17 22:30:00+00:00,oos,-0.9986955855661078,0.17764722546287354,False,False,False
2026-03-17 22:45:00+00:00,oos,-0.18126738729370245,0.5045779586508701,False,False,False
2026-03-17 23:00:00+00:00,oos,0.8094367992661112,0.018905113035932425,False,False,False
2026-03-17 23:15:00+00:00,oos,-0.7419236312955361,-0.6512106064840287,False,False,False
2026-03-17 23:30:00+00:00,oos,-2.5116831808189914,0.43313580202595453,True,False,False
2026-03-17 23:45:00+00:00,oos,-0.7665051940541258,0.630469504724027,False,False,False
2026-03-18 00:00:00+00:00,oos,-0.606135525932044,0.03863073780484181,False,False,False
2026-03-18 00:15:00+00:00,oos,-0.9937206177297044,0.40865781179444244,False,False,False
2026-03-18 00:30:00+00:00,oos,-0.8372696056336957,1.0942373581636051,False,False,False
2026-03-18 00:45:00+00:00,oos,1.4614777959866574,0.2995418466796982,False,False,False
2026-03-18 01:00:00+00:00,oos,0.5058106260431763,0.3491302186580696,False,False,False
2026-03-18 01:15:00+00:00,oos,0.6517611199429114,-0.2914329313383679,False,False,False
2026-03-18 01:30:00+00:00,oos,1.3510047654933648,-0.1933166232806887,False,False,False
2026-03-18 01:45:00+00:00,oos,-1.2075126456181453,0.30483808944126056,False,False,False
2026-03-18 02:00:00+00:00,oos,1.682051011830209,0.02779892365661624,True,False,False
2026-03-18 02:15:00+00:00,oos,0.8288734903625696,-0.5558581845373753,False,False,False
2026-03-18 02:30:00+00:00,oos,2.0074035224563023,0.9989977877991257,True,False,False
2026-03-18 02:45:00+00:00,oos,-0.5870583063647457,0.7821147915715387,False,False,False
2026-03-18 03:00:00+00:00,oos,-0.4235831981453556,0.24629857238078967,False,False,False
2026-03-18 03:15:00+00:00,oos,1.872059160040804,0.20821782275940054,True,False,False
2026-03-18 03:30:00+00:00,oos,1.6429329683799674,0.45957437383809785,True,False,False
2026-03-18 03:45:00+00:00,oos,0.3118141835044396,-0.800683014513007,False,False,False
2026-03-18 04:00:00+00:00,oos,-0.08428358816571668,0.7339434874923079,False,False,False
2026-03-18 04:15:00+00:00,oos,-0.5283155346759442,0.14384196353744347,False,False,False
2026-03-18 04:30:00+00:00,oos,-0.6181379423591907,-0.22612512458166092,False,False,False
2026-03-18 04:45:00+00:00,oos,1.2035905823985502,-1.2397938415711074,False,False,False
2026-03-18 05:00:00+00:00,oos,-0.46076523515189993,0.0859827996960251,False,False,False
2026-03-18 05:15:00+00:00,oos,-1.1363573383629164,-0.6143542793729059,False,False,False
2026-03-18 05:30:00+00:00,oos,-1.498382654352483,-0.22615623721972972,False,False,False
2026-03-18 05:45:00+00:00,oos,-1.5164873286213578,-0.10264816731932395,False,False,False
2026-03-18 06:00:00+00:00,oos,0.49956565135172154,-0.6715351922609387,False,False,False
2026-03-18 06:15:00+00:00,oos,1.1784247860339006,0.16197832245194835,False,False,False
2026-03-18 06:30:00+00:00,oos,-0.4360175475926155,0.5003965245725773,False,False,False
2026-03-18 06:45:00+00:00,oos,-0.7654840175571423,-0.10676521368433418,False,False,False
2026-03-18 07:00:00+00:00,oos,-0.8983678869115254,-0.881168763796079,False,False,False
2026-03-18 07:15:00+00:00,oos,-1.3724459718394728,-0.1963413622524131,False,False,False
2026-03-18 07:30:00+00:00,oos,-1.2398647045723306,0.02918715959950895,False,False,False
2026-03-18 07:45:00+00:00,oos,1.5847271011797954,-0.44628784804264493,True,False,False
2026-03-18 08:00:00+00:00,oos,0.6788053009392007,0.647857347022344,False,False,False
2026-03-18 08:15:00+00:00,oos,2.257090744239915,-0.28407341920321505,True,False,False
2026-03-18 08:30:00+00:00,oos,-0.8312329487588849,0.4105337906565215,False,False,False
2026-03-18 08:45:00+00:00,oos,0.5608076557725051,0.36620636019399344,False,False,False
2026-03-18 09:00:00+00:00,oos,0.7998785732844503,-0.019038933368796876,False,False,False
2026-03-18 09:15:00+00:00,oos,0.003577494293848612,-0.5081578758504305,False,False,False
2026-03-18 09:30:00+00:00,oos,1.0219020908338938,1.7495578651955928,False,True,False
2026-03-18 09:45:00+00:00,oos,-0.5887073430462899,-2.2671710518175066,False,False,False
2026-03-18 10:00:00+00:00,oos,-0.15829077976381317,0.20741152499637744,False,False,False
2026-03-18 10:15:00+00:00,oos,0.8098083621605843,-1.405151155757094,False,False,False
2026-03-18 10:30:00+00:00,oos,-2.2047101165213645,0.43438357251180426,True,False,False
2026-03-18 10:45:00+00:00,oos,-0.9251350597357757,0.8574286222929118,False,False,False
2026-03-18 11:00:00+00:00,oos,-0.3317208615868542,0.46808296146792583,False,False,False
2026-03-18 11:15:00+00:00,oos,-1.5419573017267685,0.10216683370110417,False,False,False
2026-03-18 11:30:00+00:00,oos,0.49309125632691636,1.1905788763047374,False,False,False
2026-03-18 11:45:00+00:00,oos,-1.2807958691763333,-0.9680638431635881,False,False,False
2026-03-18 12:00:00+00:00,oos,-0.5792502806962047,0.4087203574621564,False,False,False
2026-03-18 12:15:00+00:00,oos,0.23856456838761939,0.13622330022740348,False,False,False
2026-03-18 12:30:00+00:00,oos,-0.4207770069630213,0.7489634649367394,False,False,False
2026-03-18 12:45:00+00:00,oos,-0.3716464809239479,-0.33023484010765003,False,False,False
2026-03-18 13:00:00+00:00,oos,-0.299353976937211,0.27419734565367093,False,False,False
2026-03-18 13:15:00+00:00,oos,-0.5173268936339918,0.7094202115385365,False,False,False
2026-03-18 13:30:00+00:00,oos,-0.30490435670704297,0.8426459906341686,False,False,False
2026-03-18 13:45:00+00:00,oos,0.1785594262976974,-0.4317830713399384,False,False,False
2026-03-18 14:00:00+00:00,oos,-0.6582386199788373,0.10883774384472497,False,False,False
2026-03-18 14:15:00+00:00,oos,-0.9529301194724069,0.12712418849210394,False,False,False
2026-03-18 14:30:00+00:00,oos,-0.9528153602890562,1.1836813327499176,False,False,False
2026-03-18 14:45:00+00:00,oos,-0.7162361368644268,1.1708772876349092,False,False,False
2026-03-18 15:00:00+00:00,oos,-0.9002512662966299,1.6362306489746918,False,True,False
2026-03-18 15:15:00+00:00,oos,-0.06508771959829789,0.1201130265005771,False,False,False
2026-03-18 15:30:00+00:00,oos,0.28907728534224364,0.15882924620179942,False,False,False
2026-03-18 15:45:00+00:00,oos,-0.429574356500574,0.813270227934531,False,False,False
2026-03-18 16:00:00+00:00,oos,-0.8587007937095994,0.9828798409177621,False,False,False
2026-03-18 16:15:00+00:00,oos,-1.1975433636611676,-0.7361037338310871,False,False,False
2026-03-18 16:30:00+00:00,oos,-0.013042150747376982,1.0115923291360107,False,False,False
2026-03-18 16:45:00+00:00,oos,0.6881840892935641,0.2870523296408187,False,False,False
2026-03-18 17:00:00+00:00,oos,0.9995072261137014,0.7426214069584774,False,False,False
2026-03-18 17:15:00+00:00,oos,1.0313110865761996,0.7472798591448598,False,False,False
2026-03-18 17:30:00+00:00,oos,0.11461139615623984,1.1752992810562006,False,False,False
2026-03-18 17:45:00+00:00,oos,-0.234150858139099,2.3266008297531746,False,True,False
2026-03-18 18:00:00+00:00,oos,-0.17898759199298137,2.145878233441244,False,True,False
2026-03-18 18:15:00+00:00,oos,-0.7047322496243068,-0.518265055639618,False,False,False
2026-03-18 18:30:00+00:00,oos,1.0035233006280413,1.1966358259788243,False,False,False
2026-03-18 18:45:00+00:00,oos,0.22078652634185775,-0.3312076484908611,False,False,False
2026-03-18 19:00:00+00:00,oos,0.221210212704965,0.7132606399403196,False,False,False
2026-03-18 19:15:00+00:00,oos,0.6595169114727246,0.09524976556817785,False,False,False
2026-03-18 19:30:00+00:00,oos,-1.4651228807754433,-0.6519647591512319,False,False,False
2026-03-18 19:45:00+00:00,oos,-0.7303328264746287,-0.03325279269023609,False,False,False
2026-03-18 20:00:00+00:00,oos,-0.8038405043052329,0.746283955670752,False,False,False
2026-03-18 20:15:00+00:00,oos,1.209817274061173,-0.48932334988997606,False,False,False
2026-03-18 20:30:00+00:00,oos,1.585507505106927,0.4646021650034969,True,False,False
2026-03-18 20:45:00+00:00,oos,1.0108328311731458,0.3111265935944847,False,False,False
2026-03-18 21:00:00+00:00,oos,0.020681160837914526,0.7876426887622213,False,False,False
2026-03-18 21:15:00+00:00,oos,0.6054861817868136,0.21437189081254887,False,False,False
2026-03-18 21:30:00+00:00,oos,0.35726294142729315,0.6543502357382549,False,False,False
2026-03-18 21:45:00+00:00,oos,0.01855383425688527,1.2252587444271608,False,False,False
2026-03-18 22:00:00+00:00,oos,0.06692626401018582,-1.4512581937869953,False,False,False
2026-03-18 22:15:00+00:00,oos,0.7209156596357003,-1.5098089182624523,False,False,False
2026-03-18 22:30:00+00:00,oos,-1.1288141863510393,-0.11419460763956985,False,False,False
2026-03-18 22:45:00+00:00,oos,1.2348684033973767,-0.3404869896925092,False,False,False
2026-03-18 23:00:00+00:00,oos,-0.07759747755083085,0.7018879919908604,False,False,False
2026-03-18 23:15:00+00:00,oos,-0.17632522715765814,-0.26272538766939696,False,False,False
2026-03-18 23:30:00+00:00,oos,2.12871712296189,0.5328833871940741,True,False,False
2026-03-18 23:45:00+00:00,oos,1.962019426377662,0.6606539176644157,True,False,False
2026-03-19 00:00:00+00:00,oos,-1.1891817029556955,-0.12007338019894807,False,False,False
2026-03-19 00:15:00+00:00,oos,1.2628404133179587,-0.5033095885041252,False,False,False
2026-03-19 00:30:00+00:00,oos,-0.8882948636575342,-0.21709144352585114,False,False,False
2026-03-19 00:45:00+00:00,oos,-2.2819955767682543,0.38547933750539165,True,False,False
2026-03-19 01:00:00+00:00,oos,-0.44702584441090143,-0.16240659004144906,False,False,False
2026-03-19 01:15:00+00:00,oos,-1.8972519702160902,0.3249461086898756,True,False,False
2026-03-19 01:30:00+00:00,oos,-0.384857343423836,-0.29854306378599205,False,False,False
2026-03-19 01:45:00+00:00,oos,-0.5223254950954581,-0.8196112678983264,False,False,False
2026-03-19 02:00:00+00:00,oos,-0.26920256443188556,0.30009017327273374,False,False,False
2026-03-19 02:15:00+00:00,oos,0.8983593712185465,-0.4424493590861583,False,False,False
2026-03-19 02:30:00+00:00,oos,-0.18930890454877175,-0.031124961402529166,False,False,False
2026-03-19 02:45:00+00:00,oos,-1.3548353082558857,-1.0309310234654518,False,False,False
2026-03-19 03:00:00+00:00,oos,1.64017032398298,-0.5009712451060553,True,False,False
2026-03-19 03:15:00+00:00,oos,1.597664980719449,1.5072626071356756,True,True,True
2026-03-19 03:30:00+00:00,oos,-1.1978782533175256,0.30940957908724875,False,False,False
2026-03-19 03:45:00+00:00,oos,0.7723499585559608,-1.0078176335153242,False,False,False
2026-03-19 04:00:00+00:00,oos,-1.4243257901019284,0.44965975101681166,False,False,False
2026-03-19 04:15:00+00:00,oos,-0.7824537466672011,0.2749321535744914,False,False,False
2026-03-19 04:30:00+00:00,oos,-0.06706009707112277,0.10597200780720588,False,False,False
2026-03-19 04:45:00+00:00,oos,-1.1996015728183491,0.034623851152819504,False,False,False
2026-03-19 05:00:00+00:00,oos,-0.3906080843841506,0.7547113809504851,False,False,False
2026-03-19 05:15:00+00:00,oos,-1.7840468349491554,0.8599030022709366,True,False,False
2026-03-19 05:30:00+00:00,oos,-0.23251037459688007,1.1017869365944808,False,False,False
2026-03-19 05:45:00+00:00,oos,1.0134329588066389,1.3077750938681283,False,True,False
2026-03-19 06:00:00+00:00,oos,0.7658201311616052,0.684724847563722,False,False,False
2026-03-19 06:15:00+00:00,oos,0.6789114354732222,0.28286281623144727,False,False,False
2026-03-19 06:30:00+00:00,oos,-0.7009730053792935,-0.2834798969825376,False,False,False
2026-03-19 06:45:00+00:00,oos,-1.0654756426093288,0.3932690426928679,False,False,False
2026-03-19 07:00:00+00:00,oos,-1.536788297258741,0.5725494304937074,False,False,False
2026-03-19 07:15:00+00:00,oos,-1.7559143488754974,0.4075678678355322,True,False,False
2026-03-19 07:30:00+00:00,oos,0.15722240712014549,1.2727104516504586,False,False,False
2026-03-19 07:45:00+00:00,oos,1.2418915812376552,-0.21200990133480416,False,False,False
2026-03-19 08:00:00+00:00,oos,-0.8218833776408079,0.26529971868578134,False,False,False
2026-03-19 08:15:00+00:00,oos,0.14599611862704057,0.6200412719284779,False,False,False
2026-03-19 08:30:00+00:00,oos,0.917359079586376,-0.06707976555811183,False,False,False
2026-03-19 08:45:00+00:00,oos,-0.37421390449407743,-0.10771439663644403,False,False,False
2026-03-19 09:00:00+00:00,oos,0.21723821214776667,0.9775364306908969,False,False,False
2026-03-19 09:15:00+00:00,oos,1.3335299115282173,1.3483257518375844,False,True,False
2026-03-19 09:30:00+00:00,oos,0.153698020398489,-0.14304135502450413,False,False,False
2026-03-19 09:45:00+00:00,oos,1.6568416113241233,-0.2534540520672147,True,False,False
2026-03-19 10:00:00+00:00,oos,0.2777306927223748,0.1635666623819309,False,False,False
2026-03-19 10:15:00+00:00,oos,0.7056800754552498,0.3774487791680752,False,False,False
2026-03-19 10:30:00+00:00,oos,-1.881452399149174,0.2898965083702929,True,False,False
2026-03-19 10:45:00+00:00,oos,0.8592541609405965,-0.6755797657082471,False,False,False
2026-03-19 11:00:00+00:00,oos,-0.8627369756500274,0.4155395003282859,False,False,False
2026-03-19 11:15:00+00:00,oos,0.9317706746783634,-0.5218002643141144,False,False,False
2026-03-19 11:30:00+00:00,oos,-1.1877984947388014,-0.3391812902053194,False,False,False
2026-03-19 11:45:00+00:00,oos,-0.6303772689112483,0.27658220111432374,False,False,False
2026-03-19 12:00:00+00:00,oos,-0.3196243962364017,1.0463571681188553,False,False,False
2026-03-19 12:15:00+00:00,oos,-1.4288964645416213,-0.7873381637523079,False,False,False
2026-03-19 12:30:00+00:00,oos,-0.16007557695244462,0.40023812562139327,False,False,False
2026-03-19 12:45:00+00:00,oos,-1.492721352825558,-0.4058860331927231,False,False,False
2026-03-19 13:00:00+00:00,oos,-0.10910366888408794,-0.36515321113253435,False,False,False
2026-03-19 13:15:00+00:00,oos,-0.6463067588197551,0.5464982937815513,False,False,False
2026-03-19 13:30:00+00:00,oos,-0.5650868100790635,0.8592547014211597,False,False,False
2026-03-19 13:45:00+00:00,oos,0.36556480188495905,0.03498216952701848,False,False,False
2026-03-19 14:00:00+00:00,oos,0.07498508625287939,0.5096064303728216,False,False,False
2026-03-19 14:15:00+00:00,oos,-0.6632650421803915,-0.6942940870137713,False,False,False
2026-03-19 14:30:00+00:00,oos,0.12874655420774964,0.28506279831571135,False,False,False
2026-03-19 14:45:00+00:00,oos,0.7329537389163531,0.08225729106076736,False,False,False
2026-03-19 15:00:00+00:00,oos,0.30855613969995704,1.1907661993670433,False,False,False
2026-03-19 15:15:00+00:00,oos,-0.4957959186747937,1.5436235249083752,False,True,False
2026-03-19 15:30:00+00:00,oos,-0.49344865759317014,-0.44786419932913035,False,False,False
2026-03-19 15:45:00+00:00,oos,0.6324588682186542,0.46376331350124766,False,False,False
2026-03-19 16:00:00+00:00,oos,-0.8834243438215781,-0.15100581016598563,False,False,False
2026-03-19 16:15:00+00:00,oos,0.46061453577655187,1.028412706864488,False,False,False
2026-03-19 16:30:00+00:00,oos,0.9189091141527457,0.4437760535297476,False,False,False
2026-03-19 16:45:00+00:00,oos,-1.216074028401499,0.6526728649040483,False,False,False
2026-03-19 17:00:00+00:00,oos,-0.3133926289261744,-0.6382917314666157,False,False,False
2026-03-19 17:15:00+00:00,oos,-0.11130412140744848,-0.06583013172215874,False,False,False
2026-03-19 17:30:00+00:00,oos,1.1999995062690063,0.05930328168702649,False,False,False
2026-03-19 17:45:00+00:00,oos,1.3132507970329104,1.0004777414860035,False,False,False
2026-03-19 18:00:00+00:00,oos,-1.6019271053206454,-0.022640088536927495,True,False,False
2026-03-19 18:15:00+00:00,oos,-2.130500247533364,0.231960299420566,True,False,False
2026-03-19 18:30:00+00:00,oos,-0.39024141114154137,0.6993899970914411,False,False,False
2026-03-19 18:45:00+00:00,oos,-0.22295154460266606,0.2805096350603393,False,False,False
2026-03-19 19:00:00+00:00,oos,0.24765801519951325,1.7064247729811817,False,True,False
2026-03-19 19:15:00+00:00,oos,0.9091023114739405,0.5419011128316081,False,False,False
2026-03-19 19:30:00+00:00,oos,-1.5111350374557408,0.06157014852803434,False,False,False
2026-03-19 19:45:00+00:00,oos,-0.9113698561271294,0.11462614386081547,False,False,False
2026-03-19 20:00:00+00:00,oos,-1.187859790396493,0.07552068279948969,False,False,False
2026-03-19 20:15:00+00:00,oos,-0.5782126906359129,1.0664994999617643,False,False,False
2026-03-19 20:30:00+00:00,oos,-0.01501204782379667,1.0164112070083053,False,False,False
2026-03-19 20:45:00+00:00,oos,-0.9188853843401998,0.6342425379141017,False,False,False
2026-03-19 21:00:00+00:00,oos,-0.15894942123929873,1.1570546893723088,False,False,False
2026-03-19 21:15:00+00:00,oos,0.5072998590493367,2.065758963628093,False,True,False
2026-03-19 21:30:00+00:00,oos,-0.7274386858801843,1.3823316887482493,False,True,False
2026-03-19 21:45:00+00:00,oos,-0.3216294277822724,1.107867837917411,False,False,False
2026-03-19 22:00:00+00:00,oos,0.08666451495436513,-0.5663446367877017,False,False,False
2026-03-19 22:15:00+00:00,oos,0.17728583646683851,-0.3977871608338058,False,False,False
2026-03-19 22:30:00+00:00,oos,-2.197495954624373,0.0369203418727949,True,False,False
2026-03-19 22:45:00+00:00,oos,-0.6957879597847656,-0.10778997949251984,False,False,False
2026-03-19 23:00:00+00:00,oos,2.159661837811192,0.4639128640562803,True,False,False
2026-03-19 23:15:00+00:00,oos,0.08142483946341138,0.218996332472726,False,False,False
2026-03-19 23:30:00+00:00,oos,-2.35374303558318,0.08598450726398342,True,False,False
2026-03-19 23:45:00+00:00,oos,1.5273514380239834,0.8779253782694965,False,False,False
2026-03-21 00:15:00+00:00,oos,1.847972192829409,-0.2916485499891467,True,False,False
2026-03-21 00:30:00+00:00,oos,0.006816589180688551,-0.09445923159827738,False,False,False
2026-03-21 00:45:00+00:00,oos,0.9237774668549312,0.10477026553219093,False,False,False
2026-03-21 01:00:00+00:00,oos,0.10042612924903817,0.4817526107624161,False,False,False
2026-03-21 01:15:00+00:00,oos,-0.868139446110264,-0.3814928977251923,False,False,False
2026-03-21 01:30:00+00:00,oos,-1.4525822527336048,0.7577957140582545,False,False,False
2026-03-21 01:45:00+00:00,oos,-1.3563785994597606,-0.01448689667112893,False,False,False
2026-03-21 02:00:00+00:00,oos,-1.0555819913931173,-0.039407641278657445,False,False,False
2026-03-21 02:15:00+00:00,oos,0.10030666037863609,0.26219209637583896,False,False,False
2026-03-21 02:30:00+00:00,oos,0.3164956367756511,-0.039295413730098074,False,False,False
2026-03-21 02:45:00+00:00,oos,0.35616990697830486,0.9257753879452786,False,False,False
2026-03-21 03:00:00+00:00,oos,1.001547103776747,0.7680305990332028,False,False,False
2026-03-21 03:15:00+00:00,oos,-1.311927571527428,0.22973602394860432,False,False,False
2026-03-21 03:30:00+00:00,oos,0.1570044328093969,0.2159011406725731,False,False,False
2026-03-21 03:45:00+00:00,oos,-0.19395029690234117,-0.03477265032411914,False,False,False
2026-03-21 04:00:00+00:00,oos,1.2952091865054072,0.3412420344041368,False,False,False
2026-03-21 04:15:00+00:00,oos,0.36012710328152453,-0.1230111872008745,False,False,False
2026-03-21 04:30:00+00:00,oos,0.13105220652402233,-0.6020279532837887,False,False,False
2026-03-21 04:45:00+00:00,oos,0.8896405234515737,0.2954094966660548,False,False,False
2026-03-21 05:00:00+00:00,oos,3.82435584232165,0.5318490722145698,True,False,False
2026-03-21 05:15:00+00:00,oos,0.6549203187239917,0.5109772084226822,False,False,False
2026-03-21 05:30:00+00:00,oos,0.6509772366727409,-0.060084687784091095,False,False,False
2026-03-21 05:45:00+00:00,oos,-1.0757967846527081,-0.5463235707150544,False,False,False
2026-03-21 06:00:00+00:00,oos,1.1393737826252548,0.5695106531105674,False,False,False
2026-03-21 06:15:00+00:00,oos,0.07921865699654265,-0.10239294956960511,False,False,False
2026-03-21 06:30:00+00:00,oos,0.9612428571749845,0.6770989393608509,False,False,False
2026-03-21 06:45:00+00:00,oos,-0.5443701018944631,1.5209764828730095,False,True,False
2026-03-21 07:00:00+00:00,oos,-1.0501502205911875,1.2395549986359449,False,False,False
2026-03-21 07:15:00+00:00,oos,0.2366458494850961,-0.29833983954820403,False,False,False
2026-03-21 07:30:00+00:00,oos,-0.727680893095186,-0.1517520021033622,False,False,False
2026-03-21 07:45:00+00:00,oos,-1.1167580390352916,0.019949608407412,False,False,False
2026-03-21 08:00:00+00:00,oos,0.8223383175083794,-0.28829861987069455,False,False,False
2026-03-21 08:15:00+00:00,oos,-1.0775429845704527,0.26231314560490093,False,False,False
2026-03-21 08:30:00+00:00,oos,1.2141056866323052,-0.6980812799372034,False,False,False
2026-03-21 08:45:00+00:00,oos,0.7070075640786265,-0.004263679059490297,False,False,False
2026-03-21 09:00:00+00:00,oos,2.4603234658901174,0.1427810264038026,True,False,False
2026-03-21 09:15:00+00:00,oos,-0.4196932589164038,0.15897358075709092,False,False,False
2026-03-21 09:30:00+00:00,oos,0.13694207378206236,0.09052254499346274,False,False,False
2026-03-21 09:45:00+00:00,oos,-0.07687844269418609,0.21489239104634775,False,False,False
2026-03-21 10:00:00+00:00,oos,0.14688672494607719,0.5587508574403492,False,False,False
2026-03-21 10:15:00+00:00,oos,0.07810202549948235,0.3672697627338938,False,False,False
2026-03-21 10:30:00+00:00,oos,0.39039687908792126,0.555397142871888,False,False,False
2026-03-21 10:45:00+00:00,oos,-1.3372159478885484,1.0442893380386333,False,False,False
2026-03-21 11:00:00+00:00,oos,1.1649738351987955,0.4845122985370973,False,False,False
2026-03-21 11:15:00+00:00,oos,0.7879887197144079,0.7954727156237642,False,False,False
2026-03-21 11:30:00+00:00,oos,-0.422629071514371,0.6219827058568022,False,False,False
2026-03-21 11:45:00+00:00,oos,1.1563384112071884,-0.14803668124928995,False,False,False
2026-03-21 12:00:00+00:00,oos,2.534095385475095,0.35330272056825923,True,False,False
2026-03-21 12:15:00+00:00,oos,2.0028786830337912,0.0031562982170502507,True,False,False
2026-03-21 12:30:00+00:00,oos,-0.0359069102404641,0.5290114987286819,False,False,False
2026-03-21 12:45:00+00:00,oos,-0.1578708146926344,-0.6909064106790181,False,False,False
2026-03-21 13:00:00+00:00,oos,1.145199942779952,0.8190853858769531,False,False,False
2026-03-21 13:15:00+00:00,oos,-2.0013317526846777,0.6169905095437997,True,False,False
2026-03-21 13:30:00+00:00,oos,1.512325089731228,0.43212741772151064,False,False,False
2026-03-21 13:45:00+00:00,oos,1.1223098883919336,0.7552746192995291,False,False,False
2026-03-21 14:00:00+00:00,oos,2.2034763767548826,0.17525947752082577,True,False,False
2026-03-21 14:15:00+00:00,oos,1.1001495662840834,-0.04148088610083007,False,False,False
2026-03-21 14:30:00+00:00,oos,-0.9447768651357723,0.3769463119244348,False,False,False
2026-03-21 14:45:00+00:00,oos,-0.800736723004419,-0.35761007197406935,False,False,False
2026-03-21 15:00:00+00:00,oos,0.7289861365414843,-0.12302596433641938,False,False,False
2026-03-21 15:15:00+00:00,oos,-0.8830879604253439,0.12772236318159627,False,False,False
2026-03-21 15:30:00+00:00,oos,1.1088269925798848,-0.7554017329322463,False,False,False
2026-03-21 15:45:00+00:00,oos,2.2202502605144745,-0.5049068558335049,True,False,False
2026-03-21 16:00:00+00:00,oos,-0.206515353146351,0.03091087732301101,False,False,False
2026-03-21 16:15:00+00:00,oos,-1.6701179244570714,0.3754296905786506,True,False,False
2026-03-21 16:30:00+00:00,oos,-0.06073646983100299,0.4321824507821401,False,False,False
2026-03-21 16:45:00+00:00,oos,-0.6088639406420986,-0.28697999798598506,False,False,False
2026-03-21 17:00:00+00:00,oos,-1.6270406598379161,-0.1416099402877926,True,False,False
2026-03-21 17:15:00+00:00,oos,3.0072572513846634,-0.42160280841584485,True,False,False
2026-03-21 17:30:00+00:00,oos,1.3000446722090404,-0.788083646787999,False,False,False
2026-03-21 17:45:00+00:00,oos,0.5734856974266117,0.46663494549790807,False,False,False
2026-03-21 18:00:00+00:00,oos,0.7300437222676065,-0.22113202418835215,False,False,False
2026-03-21 18:15:00+00:00,oos,2.043442170573325,0.1851689214281149,True,False,False
2026-03-21 18:30:00+00:00,oos,-0.05333905266908247,0.3478010616445643,False,False,False
2026-03-21 18:45:00+00:00,oos,-0.5492331363706463,-0.48479730181839953,False,False,False
2026-03-21 19:00:00+00:00,oos,-0.7808503203244186,-0.5875142002415549,False,False,False
2026-03-21 19:15:00+00:00,oos,0.37292052929756003,-0.8437987851362997,False,False,False
2026-03-21 19:30:00+00:00,oos,-1.8069279668100342,-0.6606420849834711,True,False,False
2026-03-21 19:45:00+00:00,oos,1.2372296359746455,0.07736029080559892,False,False,False
2026-03-21 20:00:00+00:00,oos,1.2225350522693101,0.7725646436543635,False,False,False
2026-03-21 20:15:00+00:00,oos,1.5268194600177498,-0.6596046479342649,False,False,False
2026-03-21 20:30:00+00:00,oos,1.6740493418190572,-0.0577659818022226,True,False,False
2026-03-21 20:45:00+00:00,oos,0.158899925052574,0.7134272720128094,False,False,False
2026-03-21 21:00:00+00:00,oos,-0.6331621436449155,0.8439968762179982,False,False,False
2026-03-21 21:15:00+00:00,oos,1.1941927156894794,1.1402495006908842,False,False,False
2026-03-21 21:30:00+00:00,oos,-0.4276383623922484,0.9569042876707693,False,False,False
2026-03-21 21:45:00+00:00,oos,-1.4368912774122657,0.7885912691004835,False,False,False
2026-03-21 22:00:00+00:00,oos,-0.8859332346870441,-2.326942649510002,False,False,False
2026-03-21 22:15:00+00:00,oos,-0.3024222985093691,-0.40901459700157233,False,False,False
2026-03-21 22:30:00+00:00,oos,0.17573912338486883,0.12518922735931268,False,False,False
2026-03-21 22:45:00+00:00,oos,0.586273002877854,-0.07946705238973538,False,False,False
2026-03-21 23:00:00+00:00,oos,-1.1594449248942635,0.1595708370066021,False,False,False
2026-03-21 23:15:00+00:00,oos,-0.9145716557727831,-0.8216719821324248,False,False,False
2026-03-21 23:30:00+00:00,oos,1.143667913750982,-0.5767337331197747,False,False,False
2026-03-21 23:45:00+00:00,oos,1.3201439527941337,2.1669586918878934,False,True,False
2026-03-22 00:00:00+00:00,oos,0.7797677759280497,0.3352865350887484,False,False,False
2026-03-22 00:15:00+00:00,oos,0.07793616662615628,-0.5428300479306987,False,False,False
2026-03-22 00:30:00+00:00,oos,0.7530524468023151,0.31558190017574833,False,False,False
2026-03-22 00:45:00+00:00,oos,-0.10840213492063279,-0.022409443268487074,False,False,False
2026-03-22 01:00:00+00:00,oos,-1.2554250109133251,0.5573675789854478,False,False,False
2026-03-22 01:15:00+00:00,oos,0.3510674376333077,0.17783681930878986,False,False,False
2026-03-22 01:30:00+00:00,oos,-0.20815057771468573,0.29292105799417417,False,False,False
2026-03-22 01:45:00+00:00,oos,0.3308216443948404,0.3397056650151457,False,False,False
2026-03-22 02:00:00+00:00,oos,0.743599631463783,0.1669040010069237,False,False,False
2026-03-22 02:15:00+00:00,oos,1.118042998240462,-0.45510374165351436,False,False,False
2026-03-22 02:30:00+00:00,oos,-0.8372311037974874,0.5138647670735654,False,False,False
2026-03-22 02:45:00+00:00,oos,1.0057069097145694,-0.38526902863749957,False,False,False
2026-03-22 03:00:00+00:00,oos,-0.3434720012374606,-0.29369113591332346,False,False,False
2026-03-22 03:15:00+00:00,oos,1.6321335359605018,0.15154087899054097,True,False,False
2026-03-22 03:30:00+00:00,oos,1.3033655735483274,0.31891076218010844,False,False,False
2026-03-22 03:45:00+00:00,oos,0.31821183435935113,-0.49255983148002214,False,False,False
2026-03-22 04:00:00+00:00,oos,1.8201730146204174,0.5720586338625786,True,False,False
2026-03-22 04:15:00+00:00,oos,-0.13992595971027755,0.23068336054435773,False,False,False
2026-03-22 04:30:00+00:00,oos,2.2756677357781068,0.8672584451056476,True,False,False
2026-03-22 04:45:00+00:00,oos,1.0016820593934637,0.4330438198665279,False,False,False
2026-03-22 05:00:00+00:00,oos,0.6902942049429298,0.8741503994015825,False,False,False
2026-03-22 05:15:00+00:00,oos,-0.3451707914631476,0.4032309239724453,False,False,False
2026-03-22 05:30:00+00:00,oos,-0.7436129204857306,0.7754171050841046,False,False,False
2026-03-22 05:45:00+00:00,oos,0.27103919109450175,0.7496604426675079,False,False,False
2026-03-22 06:00:00+00:00,oos,-0.5349769231668385,0.6664973003856126,False,False,False
2026-03-22 06:15:00+00:00,oos,-1.2374270153623566,1.1285914889454625,False,False,False
2026-03-22 06:30:00+00:00,oos,0.1321131706173098,0.8707099307344891,False,False,False
2026-03-22 06:45:00+00:00,oos,-0.6833345458738102,0.4588114444388711,False,False,False
2026-03-22 07:00:00+00:00,oos,-0.7698219249035836,0.5475102290791144,False,False,False
2026-03-22 07:15:00+00:00,oos,1.8615405447616988,-0.027014825954275068,True,False,False
2026-03-22 07:30:00+00:00,oos,-1.1373363994700816,-0.056290278548339866,False,False,False
2026-03-22 07:45:00+00:00,oos,-1.590901643046156,0.5966093491015731,True,False,False
2026-03-22 08:00:00+00:00,oos,-0.7537979967763749,0.5212876136683396,False,False,False
2026-03-22 08:15:00+00:00,oos,-1.1032096213661367,0.510020268434115,False,False,False
2026-03-22 08:30:00+00:00,oos,0.634370612586397,0.21823363763652986,False,False,False
2026-03-22 08:45:00+00:00,oos,1.7018277662971089,-0.6689458017729004,True,False,False
2026-03-22 09:00:00+00:00,oos,0.8653927071063137,0.07118524949079313,False,False,False
2026-03-22 09:15:00+00:00,oos,-0.1293793419107202,0.7524756353744885,False,False,False
2026-03-22 09:30:00+00:00,oos,0.44547564506883197,0.3311146527851585,False,False,False
2026-03-22 09:45:00+00:00,oos,0.5216006591918971,0.6471126843677053,False,False,False
2026-03-22 10:00:00+00:00,oos,-0.6704593312721736,0.9269306455438264,False,False,False
2026-03-22 10:15:00+00:00,oos,0.2370927806576469,0.020273391497645874,False,False,False
2026-03-22 10:30:00+00:00,oos,-0.5929440695807096,0.11224651952977366,False,False,False
2026-03-22 10:45:00+00:00,oos,-1.0501001946593984,0.2745801330797559,False,False,False
2026-03-22 11:00:00+00:00,oos,1.5726793917021216,-0.3760104322432749,True,False,False
2026-03-22 11:15:00+00:00,oos,-0.44287419147435336,-0.42800499204607717,False,False,False
2026-03-22 11:30:00+00:00,oos,-1.4106129372364904,0.7673698743103655,False,False,False
2026-03-22 11:45:00+00:00,oos,-0.2943427582089064,-0.7845845558410836,False,False,False
2026-03-22 12:00:00+00:00,oos,1.0422249181134522,-0.03304264889211942,False,False,False
2026-03-22 12:15:00+00:00,oos,1.2971675484708467,0.5720814440075865,False,False,False
2026-03-22 12:30:00+00:00,oos,0.07289538374784288,-0.22780889616268096,False,False,False
2026-03-22 12:45:00+00:00,oos,-0.4521604017880824,-0.1085986224538071,False,False,False
2026-03-22 13:00:00+00:00,oos,0.9354902420476763,0.17033165867706912,False,False,False
2026-03-22 13:15:00+00:00,oos,0.30345804189230696,-0.009051546408022445,False,False,False
2026-03-22 13:30:00+00:00,oos,-1.3525227609664336,0.7673075841815215,False,False,False
2026-03-22 13:45:00+00:00,oos,-0.07455277657946736,0.8768965185473766,False,False,False
2026-03-22 14:00:00+00:00,oos,-0.28723221270713223,1.1824270246400659,False,False,False
2026-03-22 14:15:00+00:00,oos,0.9733972395451005,0.7156853908527346,False,False,False
2026-03-22 14:30:00+00:00,oos,-1.400235300715126,0.15491097975375173,False,False,False
2026-03-22 14:45:00+00:00,oos,0.4535854190445038,0.4735984416154745,False,False,False
2026-03-22 15:00:00+00:00,oos,1.997907927844171,0.171056267674161,True,False,False
2026-03-22 15:15:00+00:00,oos,0.851244432290023,-0.04931079857778673,False,False,False
2026-03-22 15:30:00+00:00,oos,1.58403069918423,-0.28375207425088056,True,False,False
2026-03-22 15:45:00+00:00,oos,-0.34045781690536936,0.1675601016407954,False,False,False
2026-03-22 16:00:00+00:00,oos,1.1257855108564845,0.37822914948468783,False,False,False
2026-03-22 16:15:00+00:00,oos,-1.3067512652377316,0.3064197188559956,False,False,False
2026-03-22 16:30:00+00:00,oos,-0.3437035126010728,0.23300965731420692,False,False,False
2026-03-22 16:45:00+00:00,oos,1.9345871622997308,-0.042829288695199114,True,False,False
2026-03-22 17:00:00+00:00,oos,1.6351477030447172,-0.16571400159116695,True,False,False
2026-03-22 17:15:00+00:00,oos,1.7548783069778555,-0.26097160568532635,True,False,False
2026-03-22 17:30:00+00:00,oos,-0.46213847223656923,-0.3086630200595861,False,False,False
2026-03-22 17:45:00+00:00,oos,1.1128689248538362,-0.7374270041429526,False,False,False
2026-03-22 18:00:00+00:00,oos,-0.2305494360047557,-0.36246704347339537,False,False,False
2026-03-22 18:15:00+00:00,oos,1.2183332901457982,-1.3413779575268725,False,False,False
2026-03-22 18:30:00+00:00,oos,-1.3971903241600443,0.27814689492909667,False,False,False
2026-03-22 18:45:00+00:00,oos,0.25074196218064637,-0.5779702189579581,False,False,False
2026-03-22 19:00:00+00:00,oos,-1.7220969948209182,-0.6823779093396238,True,False,False
2026-03-22 19:15:00+00:00,oos,-0.8479137151516621,-0.808166110280657,False,False,False
2026-03-22 19:30:00+00:00,oos,-0.4028772004372138,-0.6708306161547973,False,False,False
2026-03-22 19:45:00+00:00,oos,-1.1968552894362785,-0.41658895542225355,False,False,False
2026-03-22 20:00:00+00:00,oos,2.037661929380245,-0.27910370035137677,True,False,False
2026-03-22 20:15:00+00:00,oos,-1.3062016436601291,-0.72076741652537,False,False,False
2026-03-22 20:30:00+00:00,oos,-0.23600072412193598,0.18733286135440183,False,False,False
2026-03-22 20:45:00+00:00,oos,-1.3289473415530337,-0.5786569070439146,False,False,False
2026-03-22 21:00:00+00:00,oos,-0.04202103405294446,0.5760715544582378,False,False,False
2026-03-22 21:15:00+00:00,oos,-0.45205065909995695,0.390732897364332,False,False,False
2026-03-22 21:30:00+00:00,oos,0.6491297670966693,-0.11701432216386069,False,False,False
2026-03-22 21:45:00+00:00,oos,0.12324546633930307,1.6560257605058044,False,True,False
2026-03-22 22:00:00+00:00,oos,1.4942472434609881,-0.8875237294116975,False,False,False
2026-03-22 22:15:00+00:00,oos,0.7430786894235191,-0.4675246106242481,False,False,False
2026-03-22 22:30:00+00:00,oos,-0.8467991651467253,-0.13946118913810726,False,False,False
2026-03-22 22:45:00+00:00,oos,1.1225176138217168,0.6594726745362544,False,False,False
2026-03-22 23:00:00+00:00,oos,1.129161381189754,0.14018724352427667,False,False,False
2026-03-22 23:15:00+00:00,oos,0.11815655345449957,0.7892857120916923,False,False,False
2026-03-22 23:30:00+00:00,oos,-0.1759644471692077,0.3669268446010986,False,False,False
2026-03-22 23:45:00+00:00,oos,-1.966646912973176,0.24012975255898117,True,False,False
2026-03-23 00:00:00+00:00,oos,0.024008324109282067,1.086201245223926,False,False,False
2026-03-23 00:15:00+00:00,oos,-0.7119593530849271,0.6378138001188574,False,False,False
2026-03-23 00:30:00+00:00,oos,-1.3653012517726553,-0.03136881891953509,False,False,False
2026-03-23 00:45:00+00:00,oos,0.38348389878242667,-0.5291594731618591,False,False,False
2026-03-23 01:00:00+00:00,oos,0.04343762439797075,-0.39542323063275153,False,False,False
2026-03-23 01:15:00+00:00,oos,0.3147178205395849,-0.7053796939687367,False,False,False
2026-03-23 01:30:00+00:00,oos,0.6310216725246933,-0.25576339813321564,False,False,False
2026-03-23 01:45:00+00:00,oos,0.17883977093228012,-0.2866465292640187,False,False,False
2026-03-23 02:00:00+00:00,oos,0.924470977153108,-0.15363426936924796,False,False,False
2026-03-23 02:15:00+00:00,oos,1.402309687824404,0.4822892280160894,False,False,False
2026-03-23 02:30:00+00:00,oos,1.3244859974969154,-0.6039700519593894,False,False,False
2026-03-23 02:45:00+00:00,oos,-0.80770039952711,-0.31761740388742693,False,False,False
2026-03-23 03:00:00+00:00,oos,1.318707652863006,0.5743040255046076,False,False,False
2026-03-23 03:15:00+00:00,oos,0.2547614188822466,-0.7402155719417991,False,False,False
2026-03-23 03:30:00+00:00,oos,-1.2633729639643936,-0.4353478328983103,False,False,False
2026-03-23 03:45:00+00:00,oos,-0.8656208294659845,-0.2730452756639753,False,False,False
2026-03-23 04:00:00+00:00,oos,-0.323184563563106,-0.46198395418832283,False,False,False
2026-03-23 04:15:00+00:00,oos,-0.4711073417646071,0.1406978878771444,False,False,False
2026-03-23 04:30:00+00:00,oos,-0.9749407757407722,0.3439000283058784,False,False,False
2026-03-23 04:45:00+00:00,oos,2.492112125541633,-0.05304742944086886,True,False,False
2026-03-23 05:00:00+00:00,oos,0.1568912902207353,0.4489182619700519,False,False,False
2026-03-23 05:15:00+00:00,oos,-0.3803502030602448,-0.20933032067545673,False,False,False
2026-03-23 05:30:00+00:00,oos,-0.2276590920806437,-0.4076644057334378,False,False,False
2026-03-23 05:45:00+00:00,oos,1.6094718427040944,-0.9825158488539371,True,False,False
2026-03-23 06:00:00+00:00,oos,0.162355772645091,0.5429176628603567,False,False,False
2026-03-23 06:15:00+00:00,oos,1.4578586301018248,0.7723176251622119,False,False,False
2026-03-23 06:30:00+00:00,oos,-0.27522475119988804,0.8076438438508857,False,False,False
2026-03-23 06:45:00+00:00,oos,-0.2905471988885171,0.9029286393652689,False,False,False
2026-03-23 07:00:00+00:00,oos,-0.475626827613673,0.6572602109824988,False,False,False
2026-03-23 07:15:00+00:00,oos,-0.3474874378047387,0.6315636451947539,False,False,False
2026-03-23 07:30:00+00:00,oos,0.02691771050794918,-0.6995474017225404,False,False,False
2026-03-23 07:45:00+00:00,oos,-1.1800114653585172,-0.6131957046166123,False,False,False
2026-03-23 08:00:00+00:00,oos,-0.2608247778677128,0.1540243340264479,False,False,False
2026-03-23 08:15:00+00:00,oos,0.3975836069686416,0.5353379433990583,False,False,False
2026-03-23 08:30:00+00:00,oos,-1.8100132025171631,0.4164491320860073,True,False,False
2026-03-23 08:45:00+00:00,oos,-0.3757295838206997,0.6178534319993544,False,False,False
2026-03-23 09:00:00+00:00,oos,-1.2736412509580906,0.6106372704269613,False,False,False
2026-03-23 09:15:00+00:00,oos,0.711182447186572,0.1775108105666726,False,False,False
2026-03-23 09:30:00+00:00,oos,-1.585058329043389,0.12947050300510046,True,False,False
2026-03-23 09:45:00+00:00,oos,1.5257932184764194,-0.7645551959504323,False,False,False
2026-03-23 10:00:00+00:00,oos,-0.434399726713949,-0.12353494619717531,False,False,False
2026-03-23 10:15:00+00:00,oos,-1.157403565728323,-0.3214092445127528,False,False,False
2026-03-23 10:30:00+00:00,oos,-0.016248241820295804,-0.03759790121341274,False,False,False
2026-03-23 10:45:00+00:00,oos,0.22140703925510408,-0.5377009361692149,False,False,False
2026-03-23 11:00:00+00:00,oos,-5.7099058560573415,2.6270444609701986,True,True,True
2026-03-23 11:15:00+00:00,oos,0.6961917751288725,1.0619361045371152,False,False,False
2026-03-23 11:30:00+00:00,oos,-0.11942200312546736,-0.7882936956754419,False,False,False
2026-03-23 11:45:00+00:00,oos,0.43462003684471456,-1.224274162229678,False,False,False
2026-03-23 12:00:00+00:00,oos,-0.4469457364670678,0.23787140593118453,False,False,False
2026-03-23 12:15:00+00:00,oos,-0.8858036770843122,0.9859558789081427,False,False,False
2026-03-23 12:30:00+00:00,oos,0.2774471805675529,-0.13839143127859585,False,False,False
2026-03-23 12:45:00+00:00,oos,0.7464650816584152,0.2022001131198282,False,False,False
2026-03-23 13:00:00+00:00,oos,0.9833057355325295,0.35394096047688234,False,False,False
2026-03-23 13:15:00+00:00,oos,0.2564959934607066,0.3903397807969653,False,False,False
2026-03-23 13:30:00+00:00,oos,0.7262218591632286,0.7455973415083043,False,False,False
2026-03-23 13:45:00+00:00,oos,0.45545331460207056,-0.6719883580465412,False,False,False
2026-03-23 14:00:00+00:00,oos,0.2086569400998236,0.8753036049747348,False,False,False
2026-03-23 14:15:00+00:00,oos,0.29350519493732274,-0.6695044335765398,False,False,False
2026-03-23 14:30:00+00:00,oos,-1.0784368892579965,0.9188376547583819,False,False,False
2026-03-23 14:45:00+00:00,oos,0.2967374197928773,0.3488201214350529,False,False,False
2026-03-23 15:00:00+00:00,oos,0.8432452208354019,0.776413583142324,False,False,False
2026-03-23 15:15:00+00:00,oos,-0.5501981022658344,0.7381982092800728,False,False,False
2026-03-23 15:30:00+00:00,oos,0.9925987482744272,0.8664132334857688,False,False,False
2026-03-23 15:45:00+00:00,oos,-0.0763970218304037,0.5172149039390468,False,False,False
2026-03-23 16:00:00+00:00,oos,-0.9697996185964477,-0.1434917994179203,False,False,False
2026-03-23 16:15:00+00:00,oos,-0.7311047795495317,0.7000217322201644,False,False,False
2026-03-23 16:30:00+00:00,oos,-0.20600261522738228,0.6718097074028856,False,False,False
2026-03-23 16:45:00+00:00,oos,0.6912281875217228,0.9910993535821984,False,False,False
2026-03-23 17:00:00+00:00,oos,1.4404378710919405,1.3015310136978964,False,True,False
2026-03-23 17:15:00+00:00,oos,-0.21667347248018487,-0.23582674548471225,False,False,False
2026-03-23 17:30:00+00:00,oos,0.7412754171849687,-0.12528411652838378,False,False,False
2026-03-23 17:45:00+00:00,oos,0.27728713302132596,0.9213308182184544,False,False,False
2026-03-23 18:00:00+00:00,oos,-1.2596689320528984,0.4377244789367322,False,False,False
2026-03-23 18:15:00+00:00,oos,-0.35116432812586007,-0.21572620786246832,False,False,False
2026-03-23 18:30:00+00:00,oos,-0.25607659919626313,0.38803637609591957,False,False,False
2026-03-23 18:45:00+00:00,oos,1.228754244076843,0.46997236787714336,False,False,False
2026-03-23 19:00:00+00:00,oos,-0.915569105269922,0.42992619615882594,False,False,False
2026-03-23 19:15:00+00:00,oos,0.18947081123739576,0.47656261109099535,False,False,False
2026-03-23 19:30:00+00:00,oos,-1.240579468412063,0.7844806678576529,False,False,False
2026-03-23 19:45:00+00:00,oos,-0.9881502062633774,-0.31778157860768597,False,False,False
2026-03-23 20:00:00+00:00,oos,1.5149297190299595,-0.16737295268697655,False,False,False
2026-03-23 20:15:00+00:00,oos,1.1336352138201629,0.318670239701203,False,False,False
2026-03-23 20:30:00+00:00,oos,1.1177680870239324,0.7717262626993266,False,False,False
2026-03-23 20:45:00+00:00,oos,-0.08484647580478169,-0.23874307897654207,False,False,False
2026-03-23 21:00:00+00:00,oos,1.0485382019979212,0.03942928106483083,False,False,False
2026-03-23 21:15:00+00:00,oos,-1.2472980537390275,1.650729982154662,False,True,False
2026-03-23 21:30:00+00:00,oos,0.6950724370283883,0.9001072296734134,False,False,False
2026-03-23 21:45:00+00:00,oos,0.4461624045158269,0.6262930627788037,False,False,False
2026-03-23 22:00:00+00:00,oos,-0.7320788465738558,-0.5743343472813063,False,False,False
2026-03-23 22:15:00+00:00,oos,1.408310737098354,-0.21094042045226058,False,False,False
2026-03-23 22:30:00+00:00,oos,0.7331051133574114,1.00520664791437,False,False,False
2026-03-23 22:45:00+00:00,oos,-0.0015598949298481234,1.3038126291045917,False,True,False
2026-03-23 23:00:00+00:00,oos,-0.8249743414228452,0.8731989303631946,False,False,False
2026-03-23 23:15:00+00:00,oos,0.18605092268778278,0.4202909164437407,False,False,False
2026-03-23 23:30:00+00:00,oos,0.9536408910073434,0.48170367648797163,False,False,False
2026-03-23 23:45:00+00:00,oos,2.489935796185014,0.9460935882548718,True,False,False
2026-03-24 00:00:00+00:00,oos,1.1820120645684704,0.8718190501056637,False,False,False
2026-03-24 00:15:00+00:00,oos,-1.247675695463112,0.6841362149943379,False,False,False
2026-03-24 00:30:00+00:00,oos,-1.622409890439596,0.9765082154341893,True,False,False
2026-03-24 00:45:00+00:00,oos,1.5035343435101132,-0.09351479621780513,False,False,False
2026-03-24 01:00:00+00:00,oos,-0.27341566736173323,0.4426870063964259,False,False,False
2026-03-24 01:15:00+00:00,oos,0.7612110248513366,1.1819674072655497,False,False,False
2026-03-24 01:30:00+00:00,oos,-1.31831498011107,1.0574524956090947,False,False,False
2026-03-24 01:45:00+00:00,oos,-0.8945332959866549,0.4854011476745906,False,False,False
2026-03-24 02:00:00+00:00,oos,1.5149196483273693,0.44163733023300966,False,False,False
2026-03-24 02:15:00+00:00,oos,1.3511178061328417,-0.12642798691812926,False,False,False
2026-03-24 02:30:00+00:00,oos,0.3862389222683169,0.0713596219582474,False,False,False
2026-03-24 02:45:00+00:00,oos,-1.225978560683031,0.5780039105564891,False,False,False
2026-03-24 03:00:00+00:00,oos,-0.14876089527157077,0.23621377616949255,False,False,False
2026-03-24 03:15:00+00:00,oos,-1.0412939574294402,0.6284033676435733,False,False,False
2026-03-24 03:30:00+00:00,oos,1.3884147523813448,0.4234002167511411,False,False,False
2026-03-24 03:45:00+00:00,oos,-0.9694309519372581,0.5604978086391805,False,False,False
2026-03-24 04:00:00+00:00,oos,0.8912868852920312,1.0999689473133,False,False,False
2026-03-24 04:15:00+00:00,oos,-0.4585009692574169,1.8748725736834442,False,True,False
2026-03-24 04:30:00+00:00,oos,-1.2432920945967332,0.6444357139635304,False,False,False
2026-03-24 04:45:00+00:00,oos,0.7042532407549082,0.5712413155796572,False,False,False
2026-03-24 05:00:00+00:00,oos,-2.223259664301319,0.9611666305971377,True,False,False
2026-03-24 05:15:00+00:00,oos,0.00045669549522984315,0.8135077741279718,False,False,False
2026-03-24 05:30:00+00:00,oos,0.7719739840172676,1.016509979679777,False,False,False
2026-03-24 05:45:00+00:00,oos,-0.135874828089788,0.272434384369002,False,False,False
2026-03-24 06:00:00+00:00,oos,0.77348626362682,0.24700872212622882,False,False,False
2026-03-24 06:15:00+00:00,oos,-0.23960899372498187,0.484908591676814,False,False,False
2026-03-24 06:30:00+00:00,oos,0.7069730047546934,0.2729169346593393,False,False,False
2026-03-24 06:45:00+00:00,oos,0.027239439368019817,-0.24720669432324371,False,False,False
2026-03-24 07:00:00+00:00,oos,-0.25032403887056737,1.3849564658017337,False,True,False
2026-03-24 07:15:00+00:00,oos,1.0023482743819905,0.7436474115552171,False,False,False
2026-03-24 07:30:00+00:00,oos,-1.9618411670800873,0.9732917069159097,True,False,False
2026-03-24 07:45:00+00:00,oos,0.6821380896103961,0.6477819483916,False,False,False
2026-03-24 08:00:00+00:00,oos,-0.10820702396453866,0.2626482740656673,False,False,False
2026-03-24 08:15:00+00:00,oos,-0.7271302669247257,2.4296469791023334,False,True,False
2026-03-24 08:30:00+00:00,oos,-0.9775838572437018,1.423044446318005,False,True,False
2026-03-24 08:45:00+00:00,oos,-0.6838002374610285,0.5609726739332269,False,False,False
2026-03-24 09:00:00+00:00,oos,-0.5293752723975571,0.7967649885613239,False,False,False
2026-03-24 09:15:00+00:00,oos,-0.533878174352682,1.1587065482145842,False,False,False
2026-03-24 09:30:00+00:00,oos,0.9106398672201366,0.2440877732547631,False,False,False
2026-03-24 09:45:00+00:00,oos,0.7611304811429174,0.815364086389698,False,False,False
2026-03-24 10:00:00+00:00,oos,-0.4121699904268347,1.5462988515552798,False,True,False
2026-03-24 10:15:00+00:00,oos,-0.7727231515184131,0.7177344454898728,False,False,False
2026-03-24 10:30:00+00:00,oos,1.4016346897119538,0.1832664405274826,False,False,False
2026-03-24 10:45:00+00:00,oos,0.1955724527808762,-0.35638146883684796,False,False,False
2026-03-24 11:00:00+00:00,oos,1.4464362783686906,1.1169089829135344,False,False,False
2026-03-24 11:15:00+00:00,oos,-0.10066198330565658,1.1346033615484363,False,False,False
2026-03-24 11:30:00+00:00,oos,0.7590834205831832,1.4009004857277831,False,True,False
2026-03-24 11:45:00+00:00,oos,-0.2482029392280009,0.23004944889813875,False,False,False
2026-03-24 12:00:00+00:00,oos,-0.7640878718683544,2.2914298840546037,False,True,False
2026-03-24 12:15:00+00:00,oos,-0.11615332420446503,1.8350923271957003,False,True,False
2026-03-24 12:30:00+00:00,oos,0.01988096351158487,1.7918001994877297,False,True,False
2026-03-24 12:45:00+00:00,oos,1.1629942228941126,1.461939452468784,False,True,False
2026-03-24 13:00:00+00:00,oos,-0.5269872263242172,1.8996690820597777,False,True,False
2026-03-24 13:15:00+00:00,oos,-0.36397281009549837,0.8829127659917919,False,False,False
2026-03-24 13:30:00+00:00,oos,-1.5849020038254154,1.3673082126929408,True,True,True
2026-03-24 13:45:00+00:00,oos,-0.7453239103279268,-0.16375789517008493,False,False,False
2026-03-24 14:00:00+00:00,oos,0.015327473261834323,0.6149350588709084,False,False,False
2026-03-24 14:15:00+00:00,oos,0.2595614210105761,0.007337927237432586,False,False,False
2026-03-24 14:30:00+00:00,oos,-0.08432069519528294,-0.20809724134232624,False,False,False
2026-03-24 14:45:00+00:00,oos,0.0326755130702649,0.856455335128845,False,False,False
2026-03-24 15:00:00+00:00,oos,-0.07012480412536137,0.22448949327032036,False,False,False
2026-03-24 15:15:00+00:00,oos,0.017992707574854758,-0.47732859429413876,False,False,False
2026-03-24 15:30:00+00:00,oos,-0.5523585134699034,-0.6691575928390144,False,False,False
2026-03-24 15:45:00+00:00,oos,-0.45157487228558957,-0.5756721479336522,False,False,False
2026-03-24 16:00:00+00:00,oos,-0.5283882150156151,0.43308997460434084,False,False,False
2026-03-24 16:15:00+00:00,oos,-0.04212376178492042,-0.2770620040931922,False,False,False
2026-03-24 16:30:00+00:00,oos,-1.7574671907883073,-0.31984579286057324,True,False,False
2026-03-24 16:45:00+00:00,oos,-0.32491302959841417,-0.318945090659862,False,False,False
2026-03-24 17:00:00+00:00,oos,-0.023147179339017658,-0.3088297822767461,False,False,False
2026-03-24 17:15:00+00:00,oos,-0.7029669702426014,0.17367518166932808,False,False,False
2026-03-24 17:30:00+00:00,oos,-1.1404160291619305,-0.8161756222993513,False,False,False
2026-03-24 17:45:00+00:00,oos,0.15677933839925734,0.2803414181282414,False,False,False
2026-03-24 18:00:00+00:00,oos,-0.16424947505588808,-0.4780862312916966,False,False,False
2026-03-24 18:15:00+00:00,oos,0.9216173313485615,0.15730028175812702,False,False,False
2026-03-24 18:30:00+00:00,oos,-0.3006339007310553,0.19184704509950387,False,False,False
2026-03-24 18:45:00+00:00,oos,0.023252717494648353,-0.28417902220849994,False,False,False
2026-03-24 19:00:00+00:00,oos,-0.15368177455161022,-0.18027969258812185,False,False,False
2026-03-24 19:15:00+00:00,oos,-0.6321124614359297,-0.8760086034788337,False,False,False
2026-03-24 19:30:00+00:00,oos,0.5859657817607432,0.02850104201911036,False,False,False
2026-03-24 19:45:00+00:00,oos,-0.8511346326698618,-0.19442639060636835,False,False,False
2026-03-24 20:00:00+00:00,oos,2.389965622233227,-0.645023659718601,True,False,False
2026-03-24 20:15:00+00:00,oos,0.849619549434277,-1.0636025036926184,False,False,False
2026-03-24 20:30:00+00:00,oos,-0.07331447880455283,0.34503180727757676,False,False,False
2026-03-24 20:45:00+00:00,oos,1.2910728067548127,0.04023650802858474,False,False,False
2026-03-24 21:00:00+00:00,oos,-0.7053643151189618,0.73402924654336,False,False,False
2026-03-24 21:15:00+00:00,oos,1.212970825183565,1.2200997385312964,False,False,False
2026-03-24 21:30:00+00:00,oos,0.6281333171926565,1.6294867665497534,False,True,False
2026-03-24 21:45:00+00:00,oos,1.3791577990278,0.7119308472537293,False,False,False
2026-03-24 22:00:00+00:00,oos,0.7133609239847187,-1.1029239507740662,False,False,False
2026-03-24 22:15:00+00:00,oos,-0.6103921299884242,-0.730402395270477,False,False,False
2026-03-24 22:30:00+00:00,oos,-0.8625189866845201,0.17814019824388855,False,False,False
2026-03-24 22:45:00+00:00,oos,0.5730972164922968,-0.1678405841593095,False,False,False
2026-03-24 23:00:00+00:00,oos,2.2716100987917787,-0.39623830142535993,True,False,False
2026-03-24 23:15:00+00:00,oos,1.547054452524051,0.6224823089216442,False,False,False
2026-03-24 23:30:00+00:00,oos,0.5382867996335586,0.20384674439531453,False,False,False
2026-03-24 23:45:00+00:00,oos,-0.32235919327453477,-0.022798933377095577,False,False,False
2026-03-25 00:00:00+00:00,oos,1.2794735172165652,0.7983952681354297,False,False,False
2026-03-25 00:15:00+00:00,oos,-0.7076151732291814,0.3481879467840898,False,False,False
2026-03-25 00:30:00+00:00,oos,0.14212262515967342,1.5245148857737745,False,True,False
2026-03-25 00:45:00+00:00,oos,-1.2159603452929417,0.19431545834930103,False,False,False
2026-03-25 01:00:00+00:00,oos,-0.8177816440133883,0.6929478414992413,False,False,False
2026-03-25 01:15:00+00:00,oos,0.5733702802651766,0.38011992116074395,False,False,False
2026-03-25 01:30:00+00:00,oos,-0.9973443464312429,1.0978921697179091,False,False,False
2026-03-25 01:45:00+00:00,oos,-0.5141567529671817,0.09552024816631027,False,False,False
2026-03-25 02:00:00+00:00,oos,0.5037124575564469,0.6088496699289908,False,False,False
2026-03-25 02:15:00+00:00,oos,-1.1443910721602433,1.1766939748950718,False,False,False
2026-03-25 02:30:00+00:00,oos,0.056670310207334144,1.1784575888731366,False,False,False
2026-03-25 02:45:00+00:00,oos,-0.5376774764521838,-0.10170244414666643,False,False,False
2026-03-25 03:00:00+00:00,oos,-2.3780356196311634,0.48797011863477135,True,False,False
2026-03-25 03:15:00+00:00,oos,0.08276949836005436,0.6851867463318104,False,False,False
2026-03-25 03:30:00+00:00,oos,1.2738574037645352,0.7821826034131437,False,False,False
2026-03-25 03:45:00+00:00,oos,1.254983752492744,1.6952691500026422,False,True,False
2026-03-25 04:00:00+00:00,oos,-0.044121813695069526,0.4570490298551324,False,False,False
2026-03-25 04:15:00+00:00,oos,1.2025454211478042,0.506252842539028,False,False,False
2026-03-25 04:30:00+00:00,oos,-0.7685436232764383,0.875684445306776,False,False,False
2026-03-25 04:45:00+00:00,oos,2.940327875762478,0.22792090280319593,True,False,False
2026-03-25 05:00:00+00:00,oos,0.8478882244050433,0.6305150828802039,False,False,False
2026-03-25 05:15:00+00:00,oos,-0.2654513854487586,0.12950158467694659,False,False,False
2026-03-25 05:30:00+00:00,oos,0.3095268104579782,-0.32849235554274636,False,False,False
2026-03-25 05:45:00+00:00,oos,-1.8513060527912877,0.48410184107689286,True,False,False
2026-03-25 06:00:00+00:00,oos,-0.5302688465814812,0.7122825870253988,False,False,False
2026-03-25 06:15:00+00:00,oos,1.5775289597653341,0.41867955827114256,True,False,False
2026-03-25 06:30:00+00:00,oos,-0.3711495089402514,-0.4213948475315674,False,False,False
2026-03-25 06:45:00+00:00,oos,-1.71263875009532,-0.5393683707778839,True,False,False
2026-03-25 07:00:00+00:00,oos,0.31127443416054584,0.16681011132953677,False,False,False
2026-03-25 07:15:00+00:00,oos,-0.8996676525373133,-0.4191746736026104,False,False,False
2026-03-25 07:30:00+00:00,oos,0.5321110028713493,-0.79335344288131,False,False,False
2026-03-25 07:45:00+00:00,oos,0.09609107727794708,0.3073380653784415,False,False,False
2026-03-25 08:00:00+00:00,oos,0.5659707837283112,0.9390802232457948,False,False,False
2026-03-25 08:15:00+00:00,oos,1.4488057114310289,-0.15928482145121114,False,False,False
2026-03-25 08:30:00+00:00,oos,0.35435944692236493,0.6425980153246807,False,False,False
2026-03-25 08:45:00+00:00,oos,-0.4004340179316307,-0.3980197280099539,False,False,False
2026-03-25 09:00:00+00:00,oos,-0.8424587199848123,0.43188094080398753,False,False,False
2026-03-25 09:15:00+00:00,oos,0.5762372209826089,2.0531735156146835,False,True,False
2026-03-25 09:30:00+00:00,oos,-1.7664963549280488,-0.6939279293825392,True,False,False
2026-03-25 09:45:00+00:00,oos,1.0184754014473936,0.3447344088524914,False,False,False
2026-03-25 10:00:00+00:00,oos,0.8188663449317612,0.4212489749295141,False,False,False
2026-03-25 10:15:00+00:00,oos,1.1247584468222567,0.7170587395795815,False,False,False
2026-03-25 10:30:00+00:00,oos,-0.6807171185156725,-0.0014794417921977277,False,False,False
2026-03-25 10:45:00+00:00,oos,0.84791013708518,0.37950036000636,False,False,False
2026-03-25 11:00:00+00:00,oos,1.1014279273579843,0.36759159461558927,False,False,False
2026-03-25 11:15:00+00:00,oos,0.8236919606903541,0.68927311723738,False,False,False
2026-03-25 11:30:00+00:00,oos,0.589064880609749,0.27268267871788876,False,False,False
2026-03-25 11:45:00+00:00,oos,-1.0092761845509939,0.41684498393257935,False,False,False
2026-03-25 12:00:00+00:00,oos,0.6269794933800562,0.8027928112868264,False,False,False
2026-03-25 12:15:00+00:00,oos,-0.23862983076394212,0.9247860283668403,False,False,False
2026-03-25 12:30:00+00:00,oos,0.6493629078662922,0.45908342564443266,False,False,False
2026-03-25 12:45:00+00:00,oos,0.9753263768371742,0.8291372523694897,False,False,False
2026-03-25 13:00:00+00:00,oos,0.7780621040788865,1.2311721887514073,False,False,False
2026-03-25 13:15:00+00:00,oos,0.09475457688185525,-0.17907665950985935,False,False,False
2026-03-25 13:30:00+00:00,oos,0.0173614017319603,0.9280916861101933,False,False,False
2026-03-25 13:45:00+00:00,oos,1.1051002113312685,-0.31040710873445804,False,False,False
2026-03-25 14:00:00+00:00,oos,-1.6995616748155826,0.3916540018973464,True,False,False
2026-03-25 14:15:00+00:00,oos,0.9940759418987074,0.7673494236795305,False,False,False
2026-03-25 14:30:00+00:00,oos,0.2841915604914636,1.3354201048964822,False,True,False
2026-03-25 14:45:00+00:00,oos,-1.0659199618177786,-0.04325081117636511,False,False,False
2026-03-25 15:00:00+00:00,oos,-1.9232823469748133,0.45372528384002453,True,False,False
2026-03-25 15:15:00+00:00,oos,0.577004095933537,-0.06667058576846208,False,False,False
2026-03-25 15:30:00+00:00,oos,-0.24516193090296576,-0.7015299545161374,False,False,False
2026-03-25 15:45:00+00:00,oos,1.6028838878213951,0.5247298406182679,True,False,False
2026-03-25 16:00:00+00:00,oos,0.5698471016646193,0.20691205565610152,False,False,False
2026-03-25 16:15:00+00:00,oos,0.6397813429560952,0.8321005427143064,False,False,False
2026-03-25 16:30:00+00:00,oos,2.327421188726879,1.810960483419656,True,True,True
2026-03-25 16:45:00+00:00,oos,0.37360635476042997,0.547969352627739,False,False,False
2026-03-25 17:00:00+00:00,oos,0.10259364381364419,1.2635629222337446,False,False,False
2026-03-25 17:15:00+00:00,oos,0.9086412430945713,0.7301919165248891,False,False,False
2026-03-25 17:30:00+00:00,oos,1.5145968699067867,0.09943568203378264,False,False,False
2026-03-25 17:45:00+00:00,oos,-0.7420830320448869,0.5492215282323127,False,False,False
2026-03-25 18:00:00+00:00,oos,1.48279284749944,0.1584575316656473,False,False,False
2026-03-25 18:15:00+00:00,oos,3.077484060044331,0.5954457488134147,True,False,False
2026-03-25 18:30:00+00:00,oos,-0.21510113281181886,0.6253171660149163,False,False,False
2026-03-25 18:45:00+00:00,oos,-1.3322154548292904,1.1115597011278795,False,False,False
2026-03-25 19:00:00+00:00,oos,1.48396020446983,0.6169723080842852,False,False,False
2026-03-25 19:15:00+00:00,oos,1.469435701658275,0.04289575662609164,False,False,False
2026-03-25 19:30:00+00:00,oos,0.8663526253772997,0.47350332120674493,False,False,False
2026-03-25 19:45:00+00:00,oos,0.008285509661634325,0.8475869864433827,False,False,False
2026-03-25 20:00:00+00:00,oos,-0.26339648177930136,0.6334445008022118,False,False,False
2026-03-25 20:15:00+00:00,oos,-1.9005597570474686,0.07410795573000366,True,False,False
2026-03-25 20:30:00+00:00,oos,1.6222298675629727,0.7670276799482552,True,False,False
2026-03-25 20:45:00+00:00,oos,0.5682107510275736,0.29414197743507864,False,False,False
2026-03-25 21:00:00+00:00,oos,0.5740980624433966,1.0739823031837432,False,False,False
2026-03-25 21:15:00+00:00,oos,-1.5294267981119485,0.6497698660627523,False,False,False
2026-03-25 21:30:00+00:00,oos,0.8133031455584818,0.5792089539893688,False,False,False
2026-03-25 21:45:00+00:00,oos,0.9412628243801653,0.843314085134144,False,False,False
2026-03-25 22:00:00+00:00,oos,-0.3795437014890023,-1.293840269828676,False,False,False
2026-03-25 22:15:00+00:00,oos,-0.2800868567207067,-0.4387096698894473,False,False,False
2026-03-25 22:30:00+00:00,oos,1.314050170067308,0.8636114048630746,False,False,False
2026-03-25 22:45:00+00:00,oos,1.0236994146294618,0.37200706938971917,False,False,False
2026-03-25 23:00:00+00:00,oos,-0.008029558280285334,0.8748129463117447,False,False,False
2026-03-25 23:15:00+00:00,oos,-0.06106059057530833,0.9386324109287293,False,False,False
2026-03-25 23:30:00+00:00,oos,-1.3543698357399525,0.6163005748085842,False,False,False
2026-03-25 23:45:00+00:00,oos,-0.3432965199857179,1.346809999171869,False,True,False
2026-03-26 00:00:00+00:00,oos,-0.7321369891727165,-0.02388152089780113,False,False,False
2026-03-26 00:15:00+00:00,oos,-2.5493048957987536,0.49765250463544514,True,False,False
2026-03-26 00:30:00+00:00,oos,-0.7283410640057905,0.6761306424385406,False,False,False
2026-03-26 00:45:00+00:00,oos,-0.06532503191802795,0.8360493668905291,False,False,False
2026-03-26 01:00:00+00:00,oos,-1.5804339577994222,0.44840083559501576,True,False,False
2026-03-26 01:15:00+00:00,oos,0.454260668799338,0.5921357500488754,False,False,False
2026-03-26 01:30:00+00:00,oos,1.2276985436792374,0.6739395895289724,False,False,False
2026-03-26 01:45:00+00:00,oos,0.5220248331542419,0.5199540529577987,False,False,False
2026-03-26 02:00:00+00:00,oos,-1.4823734169141318,0.6113397784523468,False,False,False
2026-03-26 02:15:00+00:00,oos,-1.7058407265378117,0.06609987677170867,True,False,False
2026-03-26 02:30:00+00:00,oos,-1.8998121452486294,0.3105605915592453,True,False,False
2026-03-26 02:45:00+00:00,oos,1.0436414601056583,0.5382971505024642,False,False,False
2026-03-26 03:00:00+00:00,oos,-0.6045961355501105,-0.43711321125853025,False,False,False
2026-03-26 03:15:00+00:00,oos,-1.566176275456285,-0.2633927721848969,False,False,False
2026-03-26 03:30:00+00:00,oos,-0.17172201408654272,-0.3497244795856583,False,False,False
2026-03-26 03:45:00+00:00,oos,1.3447427138462087,-0.0776848841234666,False,False,False
2026-03-26 04:00:00+00:00,oos,-0.9049181792254131,1.0547883463184795,False,False,False
2026-03-26 04:15:00+00:00,oos,1.3614543113616955,0.3474051053259702,False,False,False
2026-03-26 04:30:00+00:00,oos,-2.240192338196845,-0.218512021368406,True,False,False
2026-03-26 04:45:00+00:00,oos,-1.6380713880660764,-0.8266331125469735,True,False,False
2026-03-26 05:00:00+00:00,oos,-2.437066712942974,0.6094818960790086,True,False,False
2026-03-26 05:15:00+00:00,oos,-1.692699383804813,0.5025896800152594,True,False,False
2026-03-26 05:30:00+00:00,oos,-1.6268302992998593,0.2210406009447384,True,False,False
2026-03-26 05:45:00+00:00,oos,-1.2785870559266264,1.643452692091307,False,True,False
2026-03-26 06:00:00+00:00,oos,-0.4636351331118741,1.199535383487284,False,False,False
2026-03-26 06:15:00+00:00,oos,-1.4692240677212176,1.3883813012426476,False,True,False
2026-03-26 06:30:00+00:00,oos,0.38136187907847485,1.7801207351087844,False,True,False
2026-03-26 06:45:00+00:00,oos,0.8579401029310647,1.0351141207819623,False,False,False
2026-03-26 07:00:00+00:00,oos,-0.341210664709573,1.6305987394773136,False,True,False
2026-03-26 07:15:00+00:00,oos,-0.730250061387642,0.41822186758819135,False,False,False
2026-03-26 07:30:00+00:00,oos,-0.5155669247176969,0.3928347718246794,False,False,False
2026-03-26 07:45:00+00:00,oos,0.3450726084056948,0.016725580701114812,False,False,False
2026-03-26 08:00:00+00:00,oos,-1.3102999091007714,0.1531472894056261,False,False,False
2026-03-26 08:15:00+00:00,oos,-0.41315693887089827,0.010259648029471425,False,False,False
2026-03-26 08:30:00+00:00,oos,0.2221223550005319,0.4394916958086716,False,False,False
2026-03-26 08:45:00+00:00,oos,0.0577872650698885,0.3688055409454385,False,False,False
2026-03-26 09:00:00+00:00,oos,-0.2810206722504806,-0.4214582797980316,False,False,False
2026-03-26 09:15:00+00:00,oos,-0.5758776543913389,0.12088368769556451,False,False,False
2026-03-26 09:30:00+00:00,oos,-0.783637315310117,1.1288186954545236,False,False,False
2026-03-26 09:45:00+00:00,oos,-1.1463832448033173,-0.9958435945162436,False,False,False
2026-03-26 10:00:00+00:00,oos,-2.443030109716861,0.4524058293896487,True,False,False
2026-03-26 10:15:00+00:00,oos,2.1358297517935823,-0.5283074032196299,True,False,False
2026-03-26 10:30:00+00:00,oos,-0.41805440216914086,0.43340888242102316,False,False,False
2026-03-26 10:45:00+00:00,oos,0.29793231206469717,0.5803257759424757,False,False,False
2026-03-26 11:00:00+00:00,oos,-0.38195882532374276,1.0294077925668657,False,False,False
2026-03-26 11:15:00+00:00,oos,-1.4171879894368218,0.2365521534168413,False,False,False
2026-03-26 11:30:00+00:00,oos,0.16432783128783965,-0.4256944028492286,False,False,False
2026-03-26 11:45:00+00:00,oos,-0.8546007108944658,-0.5537599242388185,False,False,False
2026-03-26 12:00:00+00:00,oos,-0.19794742646297758,0.6259356443129533,False,False,False
2026-03-26 12:15:00+00:00,oos,0.2557760878760636,-0.6253216196874681,False,False,False
2026-03-26 12:30:00+00:00,oos,0.25400360040826203,0.5213175157219812,False,False,False
2026-03-26 12:45:00+00:00,oos,2.3026444285113237,0.577922097889242,True,False,False
2026-03-26 13:00:00+00:00,oos,1.1748531486150158,0.7815552355535949,False,False,False
2026-03-26 13:15:00+00:00,oos,0.3197816372197264,0.7257685972320767,False,False,False
2026-03-26 13:30:00+00:00,oos,-0.9712500592601792,1.0082936076580686,False,False,False
2026-03-26 13:45:00+00:00,oos,0.19470156845582637,0.622093127115005,False,False,False
2026-03-26 14:00:00+00:00,oos,-0.5931246873439401,-0.10165916580306053,False,False,False
2026-03-26 14:15:00+00:00,oos,0.3461510659029769,0.6448474805061808,False,False,False
2026-03-26 14:30:00+00:00,oos,1.1263998359968526,-0.7850206510294555,False,False,False
2026-03-26 14:45:00+00:00,oos,0.012492019361327844,-0.005139727172960997,False,False,False
2026-03-26 15:00:00+00:00,oos,-0.8600291398632365,-0.034785119674850075,False,False,False
2026-03-26 15:15:00+00:00,oos,-1.5375057567444521,0.23592026082520678,False,False,False
2026-03-26 15:30:00+00:00,oos,0.18528867250057085,0.12618602277910232,False,False,False
2026-03-26 15:45:00+00:00,oos,0.8077928754278441,0.47275678991934655,False,False,False
2026-03-26 16:00:00+00:00,oos,-0.4440636332447438,0.07088881363389024,False,False,False
2026-03-26 16:15:00+00:00,oos,-0.5556636336646923,0.7645176508678755,False,False,False
2026-03-26 16:30:00+00:00,oos,-0.008648798471496674,0.5624523752871958,False,False,False
2026-03-26 16:45:00+00:00,oos,-0.7980470068955027,0.959233675897155,False,False,False
2026-03-26 17:00:00+00:00,oos,1.2797214960632055,0.2260374988589215,False,False,False
2026-03-26 17:15:00+00:00,oos,-0.372359722682438,0.22710130817372245,False,False,False
2026-03-26 17:30:00+00:00,oos,0.5702908056264779,1.0385420351651378,False,False,False
2026-03-26 17:45:00+00:00,oos,-1.1108586426451486,0.9467872640553971,False,False,False
2026-03-26 18:00:00+00:00,oos,-0.42954601348081106,0.1357169034145325,False,False,False
2026-03-26 18:15:00+00:00,oos,-1.3675463583409064,0.7346090676888003,False,False,False
2026-03-26 18:30:00+00:00,oos,0.676691428611136,-0.64263144200518,False,False,False
2026-03-26 18:45:00+00:00,oos,0.2985687789064812,-0.12008542710676365,False,False,False
2026-03-26 19:00:00+00:00,oos,-0.9021358687236235,-0.18773621218732242,False,False,False
2026-03-26 19:15:00+00:00,oos,-1.033347212922613,-0.49748249942293904,False,False,False
2026-03-26 19:30:00+00:00,oos,0.24562955394174849,0.3392166987307917,False,False,False
2026-03-26 19:45:00+00:00,oos,-0.7590269073235248,-0.019914084792057328,False,False,False
2026-03-26 20:00:00+00:00,oos,-0.962741773518348,-0.007964160499477691,False,False,False
2026-03-26 20:15:00+00:00,oos,0.4303207483084489,2.323898172417074,False,True,False
2026-03-26 20:30:00+00:00,oos,0.4212866788794308,-1.7174379284630954,False,False,False
2026-03-26 20:45:00+00:00,oos,-1.479893935022071,0.1560748103913582,False,False,False
2026-03-26 21:00:00+00:00,oos,-1.2432501783008763,0.1919177776293164,False,False,False
2026-03-26 21:15:00+00:00,oos,0.3911431468557095,1.7723753310167396,False,True,False
2026-03-26 21:30:00+00:00,oos,-0.34345938499962686,0.9664893514081294,False,False,False
2026-03-26 21:45:00+00:00,oos,-1.2036856809743295,1.8178713837532352,False,True,False
2026-03-26 22:00:00+00:00,oos,-1.5450941434113996,-1.0147532296837147,False,False,False
2026-03-26 22:15:00+00:00,oos,-1.217338790639421,-0.23923398160243822,False,False,False
2026-03-26 22:30:00+00:00,oos,-0.48038644481892123,1.3320313712103298,False,True,False
2026-03-26 22:45:00+00:00,oos,-1.9142855474312919,0.10013836395822105,True,False,False
2026-03-26 23:00:00+00:00,oos,1.5527904726876147,1.5859846639165713,False,True,False
2026-03-26 23:15:00+00:00,oos,-1.3533817228185834,0.6910993886594733,False,False,False
2026-03-26 23:30:00+00:00,oos,-1.4691463669002875,1.1634820013203495,False,False,False
2026-03-26 23:45:00+00:00,oos,0.1373822638130687,1.104267058640892,False,False,False
2026-03-27 00:00:00+00:00,oos,-0.11658683492240507,0.702372507212036,False,False,False
2026-03-27 00:15:00+00:00,oos,0.1879245000466155,-0.057442051673823956,False,False,False
2026-03-27 00:30:00+00:00,oos,0.3355181155967306,0.7367462543907726,False,False,False
2026-03-27 00:45:00+00:00,oos,0.15683203630115752,0.28754137771536653,False,False,False
2026-03-27 01:00:00+00:00,oos,-0.17843532320766986,-0.12492350756062078,False,False,False
2026-03-27 01:15:00+00:00,oos,1.3771620393719304,0.007713050781136165,False,False,False
2026-03-27 01:30:00+00:00,oos,-0.45376648389908764,0.6159121544723445,False,False,False
2026-03-27 01:45:00+00:00,oos,-0.4526480036579581,0.3810499098051389,False,False,False
2026-03-27 02:00:00+00:00,oos,0.20592801757947016,-0.47447142147012056,False,False,False
2026-03-27 02:15:00+00:00,oos,0.01096456649494161,0.06832805883760283,False,False,False
2026-03-27 02:30:00+00:00,oos,-1.3843975230796244,0.40325803473054855,False,False,False
2026-03-27 02:45:00+00:00,oos,-0.5184325264190102,-0.5163883666448637,False,False,False
2026-03-27 03:00:00+00:00,oos,-0.9761561836775886,0.7825783759602131,False,False,False
2026-03-27 03:15:00+00:00,oos,0.18628469865093555,0.4739373678154355,False,False,False
2026-03-27 03:30:00+00:00,oos,-0.8495131502163037,0.7070850903732218,False,False,False
2026-03-27 03:45:00+00:00,oos,0.37346616532070764,-0.22716242983404575,False,False,False
2026-03-27 04:00:00+00:00,oos,-1.0983169254447658,-0.47857885165612873,False,False,False
2026-03-27 04:15:00+00:00,oos,1.0190541973688139,-0.3367515686129624,False,False,False
2026-03-27 04:30:00+00:00,oos,0.4915653036017595,0.03566117438933852,False,False,False
2026-03-27 04:45:00+00:00,oos,0.9390042429905603,-0.49785543364205015,False,False,False
2026-03-27 05:00:00+00:00,oos,2.0715591617907063,0.7399633087937398,True,False,False
2026-03-27 05:15:00+00:00,oos,0.3649132070566117,0.15054309815670192,False,False,False
2026-03-27 05:30:00+00:00,oos,-0.21787035607096814,0.08294550656076329,False,False,False
2026-03-27 05:45:00+00:00,oos,0.7552068083662064,-0.04348415335429967,False,False,False
2026-03-27 06:00:00+00:00,oos,1.09257333520773,1.116298067162294,False,False,False
2026-03-27 06:15:00+00:00,oos,0.2715700859944293,2.054560363798537,False,True,False
2026-03-27 06:30:00+00:00,oos,-1.444103617971313,0.25300504282588404,False,False,False
2026-03-27 06:45:00+00:00,oos,-0.569699176260763,-0.217398112833409,False,False,False
2026-03-27 07:00:00+00:00,oos,1.2562794387576495,0.4724722507829999,False,False,False
2026-03-27 07:15:00+00:00,oos,1.547565274771578,0.42118079612857656,False,False,False
2026-03-27 07:30:00+00:00,oos,-0.11132134273241313,0.04117118903601031,False,False,False
2026-03-27 07:45:00+00:00,oos,-0.7490776340160409,-0.02089204679535215,False,False,False
2026-03-27 08:00:00+00:00,oos,0.09047878477080379,0.8517228550351389,False,False,False
2026-03-27 08:15:00+00:00,oos,-0.4519704332407448,-0.6994304236670191,False,False,False
2026-03-27 08:30:00+00:00,oos,-1.0990625585566542,1.987820160066716,False,True,False
2026-03-27 08:45:00+00:00,oos,1.0303584377039534,0.6041977363564723,False,False,False
2026-03-27 09:00:00+00:00,oos,-1.1209763099876813,0.4673311436902533,False,False,False
2026-03-27 09:15:00+00:00,oos,1.8322047068314384,0.20288793554309506,True,False,False
2026-03-27 09:30:00+00:00,oos,-0.7624951654476018,-0.35195540400009373,False,False,False
2026-03-27 09:45:00+00:00,oos,0.7741313760741876,-0.0023704496861049894,False,False,False
2026-03-27 10:00:00+00:00,oos,-1.8862392565568287,0.5604422812647577,True,False,False
2026-03-27 10:15:00+00:00,oos,1.739694891439021,-0.472378961710934,True,False,False
2026-03-27 10:30:00+00:00,oos,0.34312115444141517,1.0277401057950728,False,False,False
2026-03-27 10:45:00+00:00,oos,-0.2641193280300316,1.3806545839281015,False,True,False
2026-03-27 11:00:00+00:00,oos,0.2600568595937416,-0.11461505042251546,False,False,False
2026-03-27 11:15:00+00:00,oos,-0.3645953010356665,0.18808262406155626,False,False,False
2026-03-27 11:30:00+00:00,oos,0.7310210421008753,0.4195002859468419,False,False,False
2026-03-27 11:45:00+00:00,oos,0.4331715792701705,0.24612394431809984,False,False,False
2026-03-27 12:00:00+00:00,oos,0.29620494878639503,0.16539512420069571,False,False,False
2026-03-27 12:15:00+00:00,oos,-0.40627949269826125,1.232217999415546,False,False,False
2026-03-27 12:30:00+00:00,oos,-0.11720586737716505,0.4941019685061909,False,False,False
2026-03-27 12:45:00+00:00,oos,-0.18691509649009488,0.34067504555619893,False,False,False
2026-03-27 13:00:00+00:00,oos,-0.2688284720597935,0.45663310351264214,False,False,False
2026-03-27 13:15:00+00:00,oos,0.1497027175401593,-0.3839625286773448,False,False,False
2026-03-27 13:30:00+00:00,oos,-0.41554111186977283,1.3521764633663835,False,True,False
2026-03-27 13:45:00+00:00,oos,-1.1173498747878208,-0.24337376377970588,False,False,False
2026-03-27 14:00:00+00:00,oos,-0.18695903852839077,0.35188135958871797,False,False,False
2026-03-27 14:15:00+00:00,oos,-0.036191097930594086,0.5434847431666685,False,False,False
2026-03-27 14:30:00+00:00,oos,0.24589327344922104,0.09194131673513264,False,False,False
2026-03-27 14:45:00+00:00,oos,0.19880588568466825,0.10542781898368274,False,False,False
2026-03-27 15:00:00+00:00,oos,1.0687484370116085,-0.4273637083662036,False,False,False
2026-03-27 15:15:00+00:00,oos,0.5941323630887708,0.14767743729014499,False,False,False
2026-03-27 15:30:00+00:00,oos,1.5953504303447206,0.1445438763760402,True,False,False
2026-03-27 15:45:00+00:00,oos,0.6272771353754758,-0.4331535529220395,False,False,False
2026-03-27 16:00:00+00:00,oos,-0.2650519519460658,0.9954681723888188,False,False,False
2026-03-27 16:15:00+00:00,oos,-1.292573314599363,-0.28224698998803033,False,False,False
2026-03-27 16:30:00+00:00,oos,0.20124048481595402,-0.548422406975639,False,False,False
2026-03-27 16:45:00+00:00,oos,1.0652568739575368,0.29985159485750024,False,False,False
2026-03-27 17:00:00+00:00,oos,0.7387466596116786,0.028471880290581168,False,False,False
2026-03-27 17:15:00+00:00,oos,-2.398394375419856,0.07196918359358978,True,False,False
2026-03-27 17:30:00+00:00,oos,-1.9785519858443665,-0.20565955687836787,True,False,False
2026-03-27 17:45:00+00:00,oos,-0.9134145283815335,-0.03221149810320432,False,False,False
2026-03-27 18:00:00+00:00,oos,-1.0705945216095905,0.5865499249782261,False,False,False
2026-03-27 18:15:00+00:00,oos,0.04226662483215561,0.05105249679124842,False,False,False
2026-03-27 18:30:00+00:00,oos,-0.04425727045398059,0.6187284136362193,False,False,False
2026-03-27 18:45:00+00:00,oos,0.7093251817132058,0.05186574627241592,False,False,False
2026-03-27 19:00:00+00:00,oos,-0.8551734939727702,0.4909271299693155,False,False,False
2026-03-27 19:15:00+00:00,oos,2.2344710882653804,0.3172687256950542,True,False,False
2026-03-27 19:30:00+00:00,oos,1.6135589035528828,0.4128591328584279,True,False,False
2026-03-27 19:45:00+00:00,oos,2.0318188691683248,0.35841580405173307,True,False,False
2026-03-27 20:00:00+00:00,oos,-0.07813960087494787,0.009426742455722071,False,False,False
2026-03-27 20:15:00+00:00,oos,-1.0060494197180825,-0.2381749313464158,False,False,False
2026-03-27 20:30:00+00:00,oos,1.3655552156823951,-0.061498209675347554,False,False,False
2026-03-27 20:45:00+00:00,oos,-0.36014990896088156,-0.046162355437451466,False,False,False
2026-03-27 21:00:00+00:00,oos,0.9302338079362263,0.7245899350578412,False,False,False
2026-03-27 21:15:00+00:00,oos,1.1134346242194912,1.8198953307673509,False,True,False
2026-03-27 21:30:00+00:00,oos,1.8581584840903915,2.04276700411235,True,True,True
2026-03-27 21:45:00+00:00,oos,1.345867431598244,2.082623989301622,False,True,False
2026-03-27 22:00:00+00:00,oos,-0.8522511804007363,-1.278926600570485,False,False,False
2026-03-27 22:15:00+00:00,oos,-0.415311422942087,-0.31751246813932593,False,False,False
2026-03-27 22:30:00+00:00,oos,0.8182597782924345,0.21702013839741038,False,False,False
2026-03-27 22:45:00+00:00,oos,0.525373433564017,0.06091002429249577,False,False,False
2026-03-27 23:00:00+00:00,oos,-0.09847208020183036,0.40571714605428083,False,False,False
2026-03-27 23:15:00+00:00,oos,0.829690759548635,0.5941403269072402,False,False,False
2026-03-27 23:30:00+00:00,oos,2.2174984513806937,-0.00016024001854832512,True,False,False
2026-03-27 23:45:00+00:00,oos,2.373339575134683,0.14120136537319747,True,False,False
2026-03-28 00:00:00+00:00,oos,0.060614680195461006,-0.3419852068588229,False,False,False
2026-03-28 00:15:00+00:00,oos,2.33075568824638,-0.06333240712877243,True,False,False
2026-03-28 00:30:00+00:00,oos,0.09196453956735426,0.33475610119454985,False,False,False
2026-03-28 00:45:00+00:00,oos,-0.314453756541196,0.48953142332715754,False,False,False
2026-03-28 01:00:00+00:00,oos,-1.4077494171624159,0.048107407063096824,False,False,False
2026-03-28 01:15:00+00:00,oos,0.6365359354369282,-0.2470732803947277,False,False,False
2026-03-28 01:30:00+00:00,oos,-1.1261262770480016,0.8770613530275684,False,False,False
2026-03-28 01:45:00+00:00,oos,0.518401163661424,1.0214074597307612,False,False,False
2026-03-28 02:00:00+00:00,oos,1.3584282391507296,0.023920569097779978,False,False,False
2026-03-28 02:15:00+00:00,oos,-0.911244390519923,-0.48894107900054073,False,False,False
2026-03-28 02:30:00+00:00,oos,-2.0171075987206195,0.564759539405763,True,False,False
2026-03-28 02:45:00+00:00,oos,0.2127458737616642,0.28421820644354107,False,False,False
2026-03-28 03:00:00+00:00,oos,0.14612089795561853,0.17678583441619636,False,False,False
2026-03-28 03:15:00+00:00,oos,0.37537218873299855,0.15359575767902245,False,False,False
2026-03-28 03:30:00+00:00,oos,0.7127705383725015,0.14739837799235855,False,False,False
2026-03-28 03:45:00+00:00,oos,1.3151524213256096,0.24438061246535764,False,False,False
2026-03-28 04:00:00+00:00,oos,-1.3751359038152742,0.3442844286414402,False,False,False
2026-03-28 04:15:00+00:00,oos,2.650602192696839,-0.12233867225309565,True,False,False
2026-03-28 04:30:00+00:00,oos,0.5912471983844518,-0.921748942607554,False,False,False
2026-03-28 04:45:00+00:00,oos,-1.3666105398295714,0.23385089948758242,False,False,False
2026-03-28 05:00:00+00:00,oos,-1.2634033641003515,1.0939103772007002,False,False,False
2026-03-28 05:15:00+00:00,oos,0.5860394734563843,0.8996807769481413,False,False,False
2026-03-28 05:30:00+00:00,oos,1.4700102558553665,0.8156800369701792,False,False,False
2026-03-28 05:45:00+00:00,oos,-0.21754730262275976,-0.27690532123192235,False,False,False
2026-03-28 06:00:00+00:00,oos,0.08171158571645855,-0.6028428801320851,False,False,False
2026-03-28 06:15:00+00:00,oos,1.1863175954693184,0.4588579445319611,False,False,False
2026-03-28 06:30:00+00:00,oos,-1.0869655764547956,-0.6265944257684103,False,False,False
2026-03-28 06:45:00+00:00,oos,-2.095937809831924,0.4733904146030326,True,False,False
2026-03-28 07:00:00+00:00,oos,2.1535774983956073,-0.03929457436097243,True,False,False
2026-03-28 07:15:00+00:00,oos,2.087690675119465,0.09391756104517406,True,False,False
2026-03-28 07:30:00+00:00,oos,2.448268252436988,-0.5921517246219984,True,False,False
2026-03-28 07:45:00+00:00,oos,1.7044804275117331,-0.5647064548224754,True,False,False
2026-03-28 08:00:00+00:00,oos,1.9274672825428163,-0.1679760188840167,True,False,False
2026-03-28 08:15:00+00:00,oos,1.3123480387559194,0.8540461755619352,False,False,False
2026-03-28 08:30:00+00:00,oos,-1.386601173389897,-0.8491382833961046,False,False,False
2026-03-28 08:45:00+00:00,oos,-1.3158552978963385,-0.7943630799780663,False,False,False
2026-03-28 09:00:00+00:00,oos,-1.7117741988231652,-0.8321683493103074,True,False,False
2026-03-28 09:15:00+00:00,oos,-0.6516787350610096,-0.20799741279989317,False,False,False
2026-03-28 09:30:00+00:00,oos,-1.9149876934475938,-0.4680384394824615,True,False,False
2026-03-28 09:45:00+00:00,oos,-0.6748252232864859,-0.59503707315501,False,False,False
2026-03-28 10:00:00+00:00,oos,0.7312464747508943,0.33494857872518047,False,False,False
2026-03-28 10:15:00+00:00,oos,-0.7309726800010103,-1.1527765815454674,False,False,False
2026-03-28 10:30:00+00:00,oos,1.031774092399133,0.5890388108533064,False,False,False
2026-03-28 10:45:00+00:00,oos,1.5726474937789867,-0.1381564160641003,True,False,False
2026-03-28 11:00:00+00:00,oos,1.0810288724439623,0.4976608011034112,False,False,False
2026-03-28 11:15:00+00:00,oos,-0.9743345635498495,-0.6938033301299973,False,False,False
2026-03-28 11:30:00+00:00,oos,1.1912410763331136,-0.4939698388023872,False,False,False
2026-03-28 11:45:00+00:00,oos,-1.3083589402050235,-0.3477364756267571,False,False,False
2026-03-28 12:00:00+00:00,oos,-1.192381682012282,-0.2613305621924282,False,False,False
2026-03-28 12:15:00+00:00,oos,1.2039246115331093,0.18824014406372463,False,False,False
2026-03-28 12:30:00+00:00,oos,-3.0374635859606594,-0.4138604934179386,True,False,False
2026-03-28 12:45:00+00:00,oos,1.250919608540784,-0.28900831282672623,False,False,False
2026-03-28 13:00:00+00:00,oos,2.06043465060799,-0.42494219480722756,True,False,False
2026-03-28 13:15:00+00:00,oos,-0.737694984632694,-0.09844918137498786,False,False,False
2026-03-28 13:30:00+00:00,oos,-0.02161086901261168,1.1453771703740767,False,False,False
2026-03-28 13:45:00+00:00,oos,0.3088972244966678,0.33726687882004686,False,False,False
2026-03-28 14:00:00+00:00,oos,-0.4726240769507212,0.2724411090759057,False,False,False
2026-03-28 14:15:00+00:00,oos,-0.19693255772837892,0.09246317568796829,False,False,False
2026-03-28 14:30:00+00:00,oos,1.5742458669740342,-0.9215107952001962,True,False,False
2026-03-28 14:45:00+00:00,oos,0.2734605290115788,0.21679394069313743,False,False,False
2026-03-28 15:00:00+00:00,oos,0.1047525991087754,-0.3400267103647265,False,False,False
2026-03-28 15:15:00+00:00,oos,-0.24724182850748253,0.658704239618544,False,False,False
2026-03-28 15:30:00+00:00,oos,-0.6098459390307939,0.12958720681652483,False,False,False
2026-03-28 15:45:00+00:00,oos,-2.153718365170074,0.17443456264725837,True,False,False
2026-03-28 16:00:00+00:00,oos,1.1748084183209209,0.078031090470431,False,False,False
2026-03-28 16:15:00+00:00,oos,-0.35418280544184166,-0.6509474541559043,False,False,False
2026-03-28 16:30:00+00:00,oos,-1.3432338709673737,0.18390751773656364,False,False,False
2026-03-28 16:45:00+00:00,oos,-2.2435716959354814,0.6801518985647125,True,False,False
2026-03-28 17:00:00+00:00,oos,-0.766436124284468,-0.4115787417234332,False,False,False
2026-03-28 17:15:00+00:00,oos,-1.7166484058480294,0.026988775525403578,True,False,False
2026-03-28 17:30:00+00:00,oos,-1.2891513958888834,0.6461441966376518,False,False,False
2026-03-28 17:45:00+00:00,oos,0.8623766811116806,-0.14264807176541983,False,False,False
2026-03-28 18:00:00+00:00,oos,1.7035118177819921,0.7610051409054026,True,False,False
2026-03-28 18:15:00+00:00,oos,-2.449905320777276,-0.1793079920012337,True,False,False
2026-03-28 18:30:00+00:00,oos,0.4236633768644983,0.5879294653118605,False,False,False
2026-03-28 18:45:00+00:00,oos,1.6475342235609058,-0.07606517207975397,True,False,False
2026-03-28 19:00:00+00:00,oos,-0.038876466192661996,-0.43315557442123825,False,False,False
2026-03-28 19:15:00+00:00,oos,0.05506278735275245,-0.6943013582670898,False,False,False
2026-03-28 19:30:00+00:00,oos,0.9102593753814688,-0.5634648244679498,False,False,False
2026-03-28 19:45:00+00:00,oos,1.7014152536555995,-0.10865895273501956,True,False,False
2026-03-28 20:00:00+00:00,oos,2.6373618135811596,-0.030753175425640454,True,False,False
2026-03-28 20:15:00+00:00,oos,-1.122924851002138,-8.003615593802645e-05,False,False,False
2026-03-28 20:30:00+00:00,oos,1.9222152833084878,-0.49521478192575996,True,False,False
2026-03-28 20:45:00+00:00,oos,0.3580056180036857,0.004681974832041446,False,False,False
2026-03-28 21:00:00+00:00,oos,-0.08194199507400729,-0.33965370082488505,False,False,False
2026-03-28 21:15:00+00:00,oos,-1.4405462394303268,1.400457219729672,False,True,False
2026-03-28 21:30:00+00:00,oos,-0.17010847411082064,1.5906570642309656,False,True,False
2026-03-28 21:45:00+00:00,oos,-0.5650268782081268,2.1534592823623777,False,True,False
2026-03-28 22:00:00+00:00,oos,-1.7514474431601685,-1.0374703462885284,True,False,False
2026-03-28 22:15:00+00:00,oos,0.8813257727100958,-0.7040921349124801,False,False,False
2026-03-28 22:30:00+00:00,oos,-0.539005941636446,0.04492890516785387,False,False,False
2026-03-28 22:45:00+00:00,oos,1.129853720186065,0.12741322691440676,False,False,False
2026-03-28 23:00:00+00:00,oos,-0.20181298458873853,0.5019219087915696,False,False,False
2026-03-28 23:15:00+00:00,oos,-1.0755041157277982,0.9273016512282815,False,False,False
2026-03-28 23:30:00+00:00,oos,-0.14886162125400215,0.22516886692074117,False,False,False
2026-03-28 23:45:00+00:00,oos,0.13498648723247197,1.0102279059398838,False,False,False
2026-03-29 00:00:00+00:00,oos,1.3585745809937657,0.32779355575257635,False,False,False
2026-03-29 00:15:00+00:00,oos,0.22409675666313733,0.16738761747766856,False,False,False
2026-03-29 00:30:00+00:00,oos,-0.6889520490909393,0.7889063149926046,False,False,False
2026-03-29 00:45:00+00:00,oos,1.2216886885703628,-0.019111824060004983,False,False,False
2026-03-29 01:00:00+00:00,oos,0.026295950800385645,0.7522319710487926,False,False,False
2026-03-29 01:15:00+00:00,oos,0.7385938604071373,-0.32923103255114405,False,False,False
2026-03-29 01:30:00+00:00,oos,0.8028900436135004,-0.4807312352655806,False,False,False
2026-03-29 01:45:00+00:00,oos,-0.8531410082440509,0.19255104073147217,False,False,False
2026-03-29 02:00:00+00:00,oos,1.4543249013216502,-0.24396175968794562,False,False,False
2026-03-29 02:15:00+00:00,oos,0.19783237404330975,-0.05971565670082565,False,False,False
2026-03-29 02:30:00+00:00,oos,1.6069453128355562,-0.027249472050753273,True,False,False
2026-03-29 02:45:00+00:00,oos,1.7528993772567047,-0.16616820655751333,True,False,False
2026-03-29 03:00:00+00:00,oos,-0.3277343991110124,-0.3924284817483304,False,False,False
2026-03-29 03:15:00+00:00,oos,1.1718825037491654,-0.0020393687224116996,False,False,False
2026-03-29 03:30:00+00:00,oos,0.13788841995934825,-1.070974821069648,False,False,False
2026-03-29 03:45:00+00:00,oos,0.033476687612298404,-0.3083390214959339,False,False,False
2026-03-29 04:00:00+00:00,oos,-0.8366139023181203,-0.16835531646692814,False,False,False
2026-03-29 04:15:00+00:00,oos,-0.6449297412881638,0.10032033297370421,False,False,False
2026-03-29 04:30:00+00:00,oos,-1.1578924250657514,-0.1927607058453482,False,False,False
2026-03-29 04:45:00+00:00,oos,-1.1369757244846532,-0.18265508081327034,False,False,False
2026-03-29 05:00:00+00:00,oos,-1.1916663165528678,0.623326904461494,False,False,False
2026-03-29 05:15:00+00:00,oos,-1.0495353385261743,0.9003723441474651,False,False,False
2026-03-29 05:30:00+00:00,oos,0.5679676479951437,-0.23217727143745895,False,False,False
2026-03-29 05:45:00+00:00,oos,1.90492004461417,-0.04031862792549881,True,False,False
2026-03-29 06:00:00+00:00,oos,0.757807665086949,-0.3691280186936078,False,False,False
2026-03-29 06:15:00+00:00,oos,-0.7001841454150419,-0.19507545764420772,False,False,False
2026-03-29 06:30:00+00:00,oos,-0.19467527435523907,-0.5273244744712053,False,False,False
2026-03-29 06:45:00+00:00,oos,1.9089932949921893,0.6935414555715514,True,False,False
2026-03-29 07:00:00+00:00,oos,-0.7020789848248703,-0.2428710776281551,False,False,False
2026-03-29 07:15:00+00:00,oos,2.2488933216466354,-0.21698242724145322,True,False,False
2026-03-29 07:30:00+00:00,oos,1.210188706229542,0.010713981380442987,False,False,False
2026-03-29 07:45:00+00:00,oos,0.9194453913912134,0.024630296493152255,False,False,False
2026-03-29 08:00:00+00:00,oos,-0.6435024521649294,-0.3624490648600038,False,False,False
2026-03-29 08:15:00+00:00,oos,1.3418671617432054,-0.4950140509279056,False,False,False
2026-03-29 08:30:00+00:00,oos,0.2576619159567116,-0.7333153905448678,False,False,False
2026-03-29 08:45:00+00:00,oos,0.6536979899997326,-0.7739859246858436,False,False,False
2026-03-29 09:00:00+00:00,oos,0.9297283679919917,-0.43748866295567235,False,False,False
2026-03-29 09:15:00+00:00,oos,0.9678808011933494,0.11812841767236287,False,False,False
2026-03-29 09:30:00+00:00,oos,-1.670956234058202,0.2043880205767891,True,False,False
2026-03-29 09:45:00+00:00,oos,-0.20053514639996217,-0.5629239710304133,False,False,False
2026-03-29 10:00:00+00:00,oos,-1.1013774003815369,-0.36549040661283727,False,False,False
2026-03-29 10:15:00+00:00,oos,-1.04592057898059,-0.8341192989062073,False,False,False
2026-03-29 10:30:00+00:00,oos,0.060700471582560755,-0.6681144212105632,False,False,False
2026-03-29 10:45:00+00:00,oos,1.9175619412999876,-0.7196029283237334,True,False,False
2026-03-29 11:00:00+00:00,oos,1.2981149807695862,-0.1354200311834617,False,False,False
2026-03-29 11:15:00+00:00,oos,1.926735800805369,-0.3150530479686152,True,False,False
2026-03-29 11:30:00+00:00,oos,-0.03639506554576214,0.493876924330788,False,False,False
2026-03-29 11:45:00+00:00,oos,0.15181008554631323,0.2183326378990351,False,False,False
2026-03-29 12:00:00+00:00,oos,0.04052372544212995,0.1419784974562076,False,False,False
2026-03-29 12:15:00+00:00,oos,-0.64311176786481,-0.22905131773499726,False,False,False
2026-03-29 12:30:00+00:00,oos,-0.27161140636994224,0.010481625246900002,False,False,False
2026-03-29 12:45:00+00:00,oos,1.6960935884053119,0.13257660614788,True,False,False
2026-03-29 13:00:00+00:00,oos,-1.2253697368312781,0.9030343586791939,False,False,False
2026-03-29 13:15:00+00:00,oos,-1.0300464444227486,-0.37128360319511194,False,False,False
2026-03-29 13:30:00+00:00,oos,-0.30175783415145946,0.3427745961064652,False,False,False
2026-03-29 13:45:00+00:00,oos,-1.304443306924538,0.3386643867182788,False,False,False
2026-03-29 14:00:00+00:00,oos,-0.28165656227653213,0.35410975530121963,False,False,False
2026-03-29 14:15:00+00:00,oos,0.002417819798263061,1.3205996060565743,False,True,False
2026-03-29 14:30:00+00:00,oos,-0.16280555325825147,0.2586914490979631,False,False,False
2026-03-29 14:45:00+00:00,oos,-0.9105765335876831,0.5269520517099667,False,False,False
2026-03-29 15:00:00+00:00,oos,0.8366240104017801,0.98584987168694,False,False,False
2026-03-29 15:15:00+00:00,oos,-0.4153905190952328,0.32378785944957994,False,False,False
2026-03-29 15:30:00+00:00,oos,-0.21030433849284805,0.07513515696336862,False,False,False
2026-03-29 15:45:00+00:00,oos,0.2300244160251719,0.05123867557238403,False,False,False
2026-03-29 16:00:00+00:00,oos,-1.3063952777465906,0.547818282226987,False,False,False
2026-03-29 16:15:00+00:00,oos,1.3479093868643703,0.6800022301159367,False,False,False
2026-03-29 16:30:00+00:00,oos,-1.359521041518846,-0.9134143791551256,False,False,False
2026-03-29 16:45:00+00:00,oos,-0.08250543430002746,-0.6066566259613744,False,False,False
2026-03-29 17:00:00+00:00,oos,-0.42548268322341254,0.5775621133136796,False,False,False
2026-03-29 17:15:00+00:00,oos,-1.581185345979951,0.14970212835070548,True,False,False
2026-03-29 17:30:00+00:00,oos,2.131321704342931,0.22651034224109282,True,False,False
2026-03-29 17:45:00+00:00,oos,0.7861896457979882,0.17795691049718745,False,False,False
2026-03-29 18:00:00+00:00,oos,-0.4648241844148112,0.22010283289750313,False,False,False
2026-03-29 18:15:00+00:00,oos,0.03112284858746249,-0.5314301629895943,False,False,False
2026-03-29 18:30:00+00:00,oos,1.7127704151170569,-0.4395061448280871,True,False,False
2026-03-29 18:45:00+00:00,oos,-0.2919450324013314,-0.15407498682510026,False,False,False
2026-03-29 19:00:00+00:00,oos,0.6581046152853344,-0.4611485408766278,False,False,False
2026-03-29 19:15:00+00:00,oos,-0.33965004310440844,-0.396423386343319,False,False,False
2026-03-29 19:30:00+00:00,oos,0.8319577573307112,0.4203013436743942,False,False,False
2026-03-29 19:45:00+00:00,oos,0.2833746237468401,0.25275345875799565,False,False,False
2026-03-29 20:00:00+00:00,oos,0.1483012545448754,0.07263109965277974,False,False,False
2026-03-29 20:15:00+00:00,oos,1.7764336492742243,0.08304373791939873,True,False,False
2026-03-29 20:30:00+00:00,oos,-0.8901978590352888,-0.2689603723609265,False,False,False
2026-03-29 20:45:00+00:00,oos,-1.3038435301446467,-0.5028280389665754,False,False,False
2026-03-29 21:00:00+00:00,oos,1.3588186441507943,-0.10076363348424182,False,False,False
2026-03-29 21:15:00+00:00,oos,0.790302493247793,-0.09807596061069446,False,False,False
2026-03-29 21:30:00+00:00,oos,1.4069065023077316,0.4517584306245688,False,False,False
2026-03-29 21:45:00+00:00,oos,1.0159707832171432,1.2562437525221468,False,False,False
2026-03-29 22:00:00+00:00,oos,-0.5644259972173711,-1.206434289767234,False,False,False
2026-03-29 22:15:00+00:00,oos,0.8076903709868988,-1.2566351595901823,False,False,False
2026-03-29 22:30:00+00:00,oos,-0.37616050717083727,-0.5595332127270088,False,False,False
2026-03-29 22:45:00+00:00,oos,-0.7889224147830053,2.407425923936342,False,True,False
2026-03-29 23:00:00+00:00,oos,0.157821482825232,0.1792300725892199,False,False,False
2026-03-29 23:15:00+00:00,oos,0.33793022172567094,-0.49709582744410724,False,False,False
2026-03-29 23:30:00+00:00,oos,-0.22918905920644203,-0.7530858210705945,False,False,False
2026-03-29 23:45:00+00:00,oos,-0.5697613855484537,0.040340817838971484,False,False,False
2026-03-30 00:00:00+00:00,oos,0.1448843227288268,0.36569766813592475,False,False,False
2026-03-30 00:15:00+00:00,oos,-0.34356601949386967,0.7064261670064758,False,False,False
2026-03-30 00:30:00+00:00,oos,-0.13479034471248721,-0.6196769094724581,False,False,False
2026-03-30 00:45:00+00:00,oos,-0.3964955484331344,-0.6542295382571203,False,False,False
2026-03-30 01:00:00+00:00,oos,0.8459280185022547,0.19372458913682458,False,False,False
2026-03-30 01:15:00+00:00,oos,1.6116626143280846,-0.16140214921928214,True,False,False
2026-03-30 01:30:00+00:00,oos,-1.6849500486389906,-0.6213553606807636,True,False,False
2026-03-30 01:45:00+00:00,oos,0.5013484696799936,-0.5037858793584777,False,False,False
2026-03-30 02:00:00+00:00,oos,0.8962209378931084,-0.5093028364808584,False,False,False
2026-03-30 02:15:00+00:00,oos,-0.2178107245449404,-0.6529077902427279,False,False,False
2026-03-30 02:30:00+00:00,oos,-0.9440742109834506,-0.042464729930190584,False,False,False
2026-03-30 02:45:00+00:00,oos,0.616469061156645,0.433611583844038,False,False,False
2026-03-30 03:00:00+00:00,oos,0.24339291060206408,-0.4786134433259719,False,False,False
2026-03-30 03:15:00+00:00,oos,0.8498488245628147,-0.05105584223084896,False,False,False
2026-03-30 03:30:00+00:00,oos,-0.6654869894696639,-0.40959140712516984,False,False,False
2026-03-30 03:45:00+00:00,oos,0.8368769707020292,0.4057710194453648,False,False,False
2026-03-30 04:00:00+00:00,oos,1.5362343348043137,0.22085582923841762,False,False,False
2026-03-30 04:15:00+00:00,oos,0.6341288089702911,0.24607294543177266,False,False,False
2026-03-30 04:30:00+00:00,oos,-0.6439915223573788,0.7556661864368746,False,False,False
2026-03-30 04:45:00+00:00,oos,0.12027662031945333,0.46097547173923903,False,False,False
2026-03-30 05:00:00+00:00,oos,1.3804987023733988,1.0201557738267126,False,False,False
2026-03-30 05:15:00+00:00,oos,0.009932248332740402,1.7671135946597893,False,True,False
2026-03-30 05:30:00+00:00,oos,-1.5070113257376587,0.7516556807428795,False,False,False
2026-03-30 05:45:00+00:00,oos,-0.41284563624694665,1.2861099152189566,False,True,False
2026-03-30 06:00:00+00:00,oos,-0.40974296842020774,1.2219185863799034,False,False,False
2026-03-30 06:15:00+00:00,oos,-0.7172154241536144,0.057344677443021255,False,False,False
2026-03-30 06:30:00+00:00,oos,0.5139310006406784,-0.16800447593494722,False,False,False
2026-03-30 06:45:00+00:00,oos,-0.16879977875421717,0.4444321941227961,False,False,False
2026-03-30 07:00:00+00:00,oos,0.44264629461804883,0.10270856085504043,False,False,False
2026-03-30 07:15:00+00:00,oos,-0.5427889844673199,-0.14856111718437992,False,False,False
2026-03-30 07:30:00+00:00,oos,0.11557860028290304,-0.22214089046189522,False,False,False
2026-03-30 07:45:00+00:00,oos,1.195074309777434,0.39815358729288614,False,False,False
2026-03-30 08:00:00+00:00,oos,1.0139780295356198,0.8031269302391946,False,False,False
2026-03-30 08:15:00+00:00,oos,-0.40103266454906406,0.33009378171773474,False,False,False
2026-03-30 08:30:00+00:00,oos,0.5057203518286164,0.12212553963114588,False,False,False
2026-03-30 08:45:00+00:00,oos,-1.6328776889380734,0.5026398070689505,True,False,False
2026-03-30 09:00:00+00:00,oos,-0.7246460625500211,0.5548658587053609,False,False,False
2026-03-30 09:15:00+00:00,oos,-1.0197615144577623,0.13145823494392045,False,False,False
2026-03-30 09:30:00+00:00,oos,0.649578970522382,-0.27664434146138484,False,False,False
2026-03-30 09:45:00+00:00,oos,-0.4506505358537562,0.3217923713056672,False,False,False
2026-03-30 10:00:00+00:00,oos,-0.7451127726929632,-0.22802392093392937,False,False,False
2026-03-30 10:15:00+00:00,oos,-1.472966041752319,-1.1095729977751085,False,False,False
2026-03-30 10:30:00+00:00,oos,-1.6893232554801918,-0.5201100547726155,True,False,False
2026-03-30 10:45:00+00:00,oos,0.8341036723258032,0.9152110519559682,False,False,False
2026-03-30 11:00:00+00:00,oos,0.6420697962995084,0.24073941308700655,False,False,False
2026-03-30 11:15:00+00:00,oos,-0.17451165859446788,0.1706187537902723,False,False,False
2026-03-30 11:30:00+00:00,oos,0.8130658802691398,1.0743319712022479,False,False,False
2026-03-30 11:45:00+00:00,oos,-0.12737395226391895,-0.4237013782731883,False,False,False
2026-03-30 12:00:00+00:00,oos,1.491842876161552,0.25912967651198354,False,False,False
2026-03-30 12:15:00+00:00,oos,-1.6585339523702014,0.7102388478400258,True,False,False
2026-03-30 12:30:00+00:00,oos,0.10559960062431974,0.14148030819234378,False,False,False
2026-03-30 12:45:00+00:00,oos,0.569233762434096,1.3634474359789246,False,True,False
2026-03-30 13:00:00+00:00,oos,0.5406062795913761,1.1633421974939107,False,False,False
2026-03-30 13:15:00+00:00,oos,0.882128197869758,-0.5966172009939043,False,False,False
2026-03-30 13:30:00+00:00,oos,-0.10680777486268159,-0.11587484271702385,False,False,False
2026-03-30 13:45:00+00:00,oos,-1.4805444840517994,-0.5823087234134927,False,False,False
2026-03-30 14:00:00+00:00,oos,1.0814147535075629,-0.07616844169795631,False,False,False
2026-03-30 14:15:00+00:00,oos,-0.9873863365112401,-0.07418086380106323,False,False,False
2026-03-30 14:30:00+00:00,oos,-1.428595217479976,0.4301211939745935,False,False,False
2026-03-30 14:45:00+00:00,oos,-0.02557153043013841,-0.2308455202857744,False,False,False
2026-03-30 15:00:00+00:00,oos,1.3509486480061053,-0.19626908846233632,False,False,False
2026-03-30 15:15:00+00:00,oos,-1.0184965368913548,-0.752590537245069,False,False,False
2026-03-30 15:30:00+00:00,oos,0.6498972007786276,0.4971112483573791,False,False,False
2026-03-30 15:45:00+00:00,oos,-0.44925457635044064,-0.006959960164080137,False,False,False
2026-03-30 16:00:00+00:00,oos,-1.0431698372079319,-0.19262135517355752,False,False,False
2026-03-30 16:15:00+00:00,oos,-1.7764299833442012,-0.12120009570241941,True,False,False
2026-03-30 16:30:00+00:00,oos,0.4461363636610565,0.2118066919703052,False,False,False
2026-03-30 16:45:00+00:00,oos,-0.28686401627276586,0.8638359361776349,False,False,False
2026-03-30 17:00:00+00:00,oos,-1.2799788777878234,0.16924206791452368,False,False,False
2026-03-30 17:15:00+00:00,oos,-1.5107522399973332,0.4033163164603326,False,False,False
2026-03-30 17:30:00+00:00,oos,-1.4124071252872037,0.6294858432557767,False,False,False
2026-03-30 17:45:00+00:00,oos,0.7318142327044702,0.12289257042164331,False,False,False
2026-03-30 18:00:00+00:00,oos,-1.7996439913997455,1.1429972665973527,True,False,False
2026-03-30 18:15:00+00:00,oos,-0.003132995702753472,-0.12904384692510731,False,False,False
2026-03-30 18:30:00+00:00,oos,0.40826318153641655,-0.1812139134954927,False,False,False
2026-03-30 18:45:00+00:00,oos,-1.4170958753786214,0.30640876387314464,False,False,False
2026-03-30 19:00:00+00:00,oos,-1.9359988804428454,0.11428775189648405,True,False,False
2026-03-30 19:15:00+00:00,oos,-0.37083364861621293,0.13698544561813267,False,False,False
2026-03-30 19:30:00+00:00,oos,-0.4936312858806652,0.12151005782710068,False,False,False
2026-03-30 19:45:00+00:00,oos,1.497476328755419,0.15301611600618323,False,False,False
2026-03-30 20:00:00+00:00,oos,0.4833819587875945,0.5523852070193481,False,False,False
2026-03-30 20:15:00+00:00,oos,0.6842709178977631,-0.20435802087737048,False,False,False
2026-03-30 20:30:00+00:00,oos,-0.9218190510797716,0.028308162571531445,False,False,False
2026-03-30 20:45:00+00:00,oos,-0.030659787217144,0.13050629883181333,False,False,False
2026-03-30 21:00:00+00:00,oos,1.1724039589992783,0.39114729576605867,False,False,False
2026-03-30 21:15:00+00:00,oos,0.6001447161290143,2.0420779602713472,False,True,False
2026-03-30 21:30:00+00:00,oos,-0.3255437215396887,0.42594826330067354,False,False,False
2026-03-30 21:45:00+00:00,oos,-1.1693550695164123,0.9486681048802788,False,False,False
2026-03-30 22:00:00+00:00,oos,-0.6670215337676394,-0.4605971602147808,False,False,False
2026-03-30 22:15:00+00:00,oos,1.4733951771394642,-1.0907238677864166,False,False,False
2026-03-30 22:30:00+00:00,oos,0.09717725637246517,-0.48528840337644913,False,False,False
2026-03-30 22:45:00+00:00,oos,-0.10933098672105238,0.3290665569459099,False,False,False
2026-03-30 23:00:00+00:00,oos,-0.5134097510810789,1.2065296788784055,False,False,False
2026-03-30 23:15:00+00:00,oos,0.8867411750056147,-0.10968398543001193,False,False,False
2026-03-30 23:30:00+00:00,oos,0.12248992063336926,0.3524844746175593,False,False,False
2026-03-30 23:45:00+00:00,oos,0.06715978471094992,0.20549345506191494,False,False,False
2026-03-31 00:00:00+00:00,oos,-1.0121212916716993,0.9489282516928055,False,False,False
2026-03-31 00:15:00+00:00,oos,1.410974295147055,1.2921902736424618,False,True,False
2026-03-31 00:30:00+00:00,oos,0.8982567311277826,1.4821589711038843,False,True,False
2026-03-31 00:45:00+00:00,oos,1.007665832988607,0.4596102870441679,False,False,False
2026-03-31 01:00:00+00:00,oos,0.011434505280000836,-0.2992842824162624,False,False,False
2026-03-31 01:15:00+00:00,oos,0.3518415864696116,0.5804819706969757,False,False,False
2026-03-31 01:30:00+00:00,oos,0.48593363124697675,0.5488334398031257,False,False,False
2026-03-31 01:45:00+00:00,oos,1.1341145625922147,-0.6121769968794841,False,False,False
2026-03-31 02:00:00+00:00,oos,-0.7070776521972885,-0.12237968011498464,False,False,False
2026-03-31 02:15:00+00:00,oos,-0.38419419797900084,1.0042497507017774,False,False,False
2026-03-31 02:30:00+00:00,oos,0.06705597802019408,-0.08425772384934967,False,False,False
2026-03-31 02:45:00+00:00,oos,-0.27150623232586113,0.221702210411222,False,False,False
2026-03-31 03:00:00+00:00,oos,-0.7193002471983011,0.08880203169963241,False,False,False
2026-03-31 03:15:00+00:00,oos,-0.21721853317626752,-0.1805227052219525,False,False,False
2026-03-31 03:30:00+00:00,oos,-0.9647975087043822,0.7603989117364732,False,False,False
2026-03-31 03:45:00+00:00,oos,1.4304088126445156,0.25037966908174114,False,False,False
2026-03-31 04:00:00+00:00,oos,-1.1644524106660907,0.8528900820539275,False,False,False
2026-03-31 04:15:00+00:00,oos,-0.8249469774384804,0.40824292293694675,False,False,False
2026-03-31 04:30:00+00:00,oos,-0.8119534318346712,0.13567246650685166,False,False,False
2026-03-31 04:45:00+00:00,oos,0.08323437115480917,0.8946608738634284,False,False,False
2026-03-31 05:00:00+00:00,oos,-1.2558347381701553,0.9993986624180412,False,False,False
2026-03-31 05:15:00+00:00,oos,-0.06419381149138577,0.07139727885070099,False,False,False
2026-03-31 05:30:00+00:00,oos,-0.11260897644051068,0.8480288192683516,False,False,False
2026-03-31 05:45:00+00:00,oos,0.675215749811268,0.7931697083714829,False,False,False
2026-03-31 06:00:00+00:00,oos,-0.3082017848626403,2.5697795026731574,False,True,False
2026-03-31 06:15:00+00:00,oos,-0.775325933654401,0.25370934954881386,False,False,False
2026-03-31 06:30:00+00:00,oos,0.04117263833757294,0.6970743553490629,False,False,False
2026-03-31 06:45:00+00:00,oos,-0.17654942212139085,1.1730135740285466,False,False,False
2026-03-31 07:00:00+00:00,oos,-1.1131131127932772,0.7105842546260887,False,False,False
2026-03-31 07:15:00+00:00,oos,-0.7832702491378299,0.9623385466259129,False,False,False
2026-03-31 07:30:00+00:00,oos,0.40423951441668876,0.4342129702360657,False,False,False
2026-03-31 07:45:00+00:00,oos,-1.1504220733680521,-0.08594243140567363,False,False,False
2026-03-31 08:00:00+00:00,oos,-1.0662741669428377,1.4255407835859117,False,True,False
2026-03-31 08:15:00+00:00,oos,0.6259894519323498,0.09138317699153609,False,False,False
2026-03-31 08:30:00+00:00,oos,-1.9853390204750603,0.8459969568352802,True,False,False
2026-03-31 08:45:00+00:00,oos,-0.514711599012522,-0.17975850583149458,False,False,False
2026-03-31 09:00:00+00:00,oos,-1.3362302982673566,-0.0972990105282935,False,False,False
2026-03-31 09:15:00+00:00,oos,-1.6216822201250514,0.5009660845501301,True,False,False
2026-03-31 09:30:00+00:00,oos,1.2218752314312842,1.343497826643025,False,True,False
2026-03-31 09:45:00+00:00,oos,-0.1292005496886697,0.9155168859137083,False,False,False
2026-03-31 10:00:00+00:00,oos,0.701420541426733,0.7216548743264781,False,False,False
2026-03-31 10:15:00+00:00,oos,-1.360498174246197,0.8999293255159806,False,False,False
2026-03-31 10:30:00+00:00,oos,-1.4454406359031247,-0.4952717620412205,False,False,False
2026-03-31 10:45:00+00:00,oos,-0.5263675940350294,-0.5535495755462888,False,False,False
2026-03-31 11:00:00+00:00,oos,-0.4637240794028148,0.09062554626540305,False,False,False
2026-03-31 11:15:00+00:00,oos,-0.5244688316540398,0.6769830623492676,False,False,False
2026-03-31 11:30:00+00:00,oos,-0.047626462645233646,-0.8138762309218199,False,False,False
2026-03-31 11:45:00+00:00,oos,-0.12582491170064763,0.18419420918712118,False,False,False
2026-03-31 12:00:00+00:00,oos,0.11326813933639943,-0.4918529083449839,False,False,False
2026-03-31 12:15:00+00:00,oos,-0.43654162752100784,0.21159273676138796,False,False,False
2026-03-31 12:30:00+00:00,oos,0.11309723570410785,-0.22279545833652112,False,False,False
2026-03-31 12:45:00+00:00,oos,-0.9288618863924478,-0.9496386870960745,False,False,False
2026-03-31 13:00:00+00:00,oos,0.9971914988576068,-0.08425097724094605,False,False,False
2026-03-31 13:15:00+00:00,oos,0.6346655858989291,-0.3745416018862172,False,False,False
2026-03-31 13:30:00+00:00,oos,-0.37458813457781703,0.2064589755432964,False,False,False
2026-03-31 13:45:00+00:00,oos,-0.37709999447904824,-0.16435261459034817,False,False,False
2026-03-31 14:00:00+00:00,oos,-0.603274416555945,-0.45486845723987024,False,False,False
2026-03-31 14:15:00+00:00,oos,-0.5133585427080767,-0.8840093498770788,False,False,False
2026-03-31 14:30:00+00:00,oos,-0.6955685558015519,-0.45501123568488994,False,False,False
2026-03-31 14:45:00+00:00,oos,-0.9073423269595048,-0.443439573233075,False,False,False
2026-03-31 15:00:00+00:00,oos,-0.19851108587167382,-1.111849945805723,False,False,False
2026-03-31 15:15:00+00:00,oos,-0.9756729846799457,-0.6052310455763876,False,False,False
2026-03-31 15:30:00+00:00,oos,-0.6194369249737655,-1.0104638580683358,False,False,False
2026-03-31 15:45:00+00:00,oos,-0.2944114801000223,-0.47019712423817034,False,False,False
2026-03-31 16:00:00+00:00,oos,1.159593054141309,1.1971069305627606,False,False,False
2026-03-31 16:15:00+00:00,oos,-0.2736934974025786,-0.2171966097775983,False,False,False
2026-03-31 16:30:00+00:00,oos,-0.744301845094717,0.25992085960624484,False,False,False
2026-03-31 16:45:00+00:00,oos,-0.6899860058890671,0.26359526387843235,False,False,False
2026-03-31 17:00:00+00:00,oos,0.4561706848885127,-0.09264830086594517,False,False,False
2026-03-31 17:15:00+00:00,oos,-0.25633850779422473,0.5400253644840818,False,False,False
2026-03-31 17:30:00+00:00,oos,-1.7916833906975058,0.3127396180291024,True,False,False
2026-03-31 17:45:00+00:00,oos,-0.45804165913769607,-0.5865551878904035,False,False,False
2026-03-31 18:00:00+00:00,oos,1.1738894810779725,0.21710967943951673,False,False,False
2026-03-31 18:15:00+00:00,oos,0.49401946603407776,0.44046313327059733,False,False,False
2026-03-31 18:30:00+00:00,oos,-0.0826526062719939,0.22939307864899935,False,False,False
2026-03-31 18:45:00+00:00,oos,0.1699577909149351,0.20444967817130028,False,False,False
2026-03-31 19:00:00+00:00,oos,0.9480319005592261,0.6786757845573389,False,False,False
2026-03-31 19:15:00+00:00,oos,-0.43185773423850526,0.9555810026499771,False,False,False
2026-03-31 19:30:00+00:00,oos,-0.2797967752889479,0.6811176670522325,False,False,False
2026-03-31 19:45:00+00:00,oos,0.7805170654539177,1.1727574392198072,False,False,False
2026-03-31 20:00:00+00:00,oos,0.6467372664139115,0.5367412427591791,False,False,False
2026-03-31 20:15:00+00:00,oos,-1.631303712273969,0.9188784124252231,True,False,False
2026-03-31 20:30:00+00:00,oos,1.5202691697776936,0.917545123045419,False,False,False
2026-03-31 20:45:00+00:00,oos,1.9960755154745797,0.384343909426267,True,False,False
2026-03-31 21:00:00+00:00,oos,-1.257912491342445,0.9656692099373276,False,False,False
2026-03-31 21:15:00+00:00,oos,0.7959373171673574,1.6153053712470677,False,True,False
2026-03-31 21:30:00+00:00,oos,0.7981128969588535,1.1813070188074768,False,False,False
2026-03-31 21:45:00+00:00,oos,2.683190211174577,2.281571470387071,True,True,True
2026-03-31 22:00:00+00:00,oos,-0.6803692107764406,-1.5738276221406187,False,False,False
2026-03-31 22:15:00+00:00,oos,0.04633408650830176,-0.7549168578773894,False,False,False
2026-03-31 22:30:00+00:00,oos,-1.307452752098794,-0.5966738814148355,False,False,False
2026-03-31 22:45:00+00:00,oos,-1.7923129151240131,-0.11380671267278493,True,False,False
2026-03-31 23:00:00+00:00,oos,0.20964504440627535,0.3607111818007321,False,False,False
2026-03-31 23:15:00+00:00,oos,1.242771165879216,0.4955259770672042,False,False,False
2026-03-31 23:30:00+00:00,oos,0.40302357479230383,0.31463099721613086,False,False,False
2026-03-31 23:45:00+00:00,oos,1.2525464838005276,0.46507095660351666,False,False,False
2026-04-01 00:00:00+00:00,oos,-0.74728906746906,-0.17008552533183485,False,False,False
2026-04-01 00:15:00+00:00,oos,-1.3315663340308228,0.08768997088728228,False,False,False
2026-04-01 00:30:00+00:00,oos,-0.9053625542727732,0.5344916687091956,False,False,False
2026-04-01 00:45:00+00:00,oos,2.2708518561461357,0.43810579803647365,True,False,False
2026-04-01 01:00:00+00:00,oos,-0.6552953378207915,1.1878455870637543,False,False,False
2026-04-01 01:15:00+00:00,oos,-1.1368224052615088,0.12266544398873273,False,False,False
2026-04-01 01:30:00+00:00,oos,-1.2852492624720706,1.4831993505369334,False,True,False
2026-04-01 01:45:00+00:00,oos,-0.05752808761657092,-0.04924174315151719,False,False,False
2026-04-01 02:00:00+00:00,oos,0.9381735306508472,0.29867603262592274,False,False,False
2026-04-01 02:15:00+00:00,oos,-1.2531815769564614,0.4292115918774551,False,False,False
2026-04-01 02:30:00+00:00,oos,-1.1551592951429606,1.467701452755334,False,True,False
2026-04-01 02:45:00+00:00,oos,-0.5491238496942185,0.8072057893043113,False,False,False
2026-04-01 03:00:00+00:00,oos,1.7983504075572943,1.6006744775305919,True,True,True
2026-04-01 03:15:00+00:00,oos,-1.3930190133863722,0.528394337694602,False,False,False
2026-04-01 03:30:00+00:00,oos,0.059662971337387335,0.9012389327866179,False,False,False
2026-04-01 03:45:00+00:00,oos,1.1417978059360088,0.5966962884087227,False,False,False
2026-04-01 04:00:00+00:00,oos,-1.6623174878603864,0.4872420544033316,True,False,False
2026-04-01 04:15:00+00:00,oos,-0.6828262401739111,-0.15129037638043305,False,False,False
2026-04-01 04:30:00+00:00,oos,0.9449578874097794,-0.18921605128856184,False,False,False
2026-04-01 04:45:00+00:00,oos,1.9747067259887898,0.29312944974232935,True,False,False
2026-04-01 05:00:00+00:00,oos,0.09482645593152515,1.5383614469269968,False,True,False
2026-04-01 05:15:00+00:00,oos,1.0909566399621855,-0.32545912453733505,False,False,False
2026-04-01 05:30:00+00:00,oos,0.697880927536125,1.6508612705613872,False,True,False
2026-04-01 05:45:00+00:00,oos,-0.34284702551397284,2.1713293839850185,False,True,False
2026-04-01 06:00:00+00:00,oos,0.3142993338666329,1.7295482497625616,False,True,False
2026-04-01 06:15:00+00:00,oos,0.2821378881861383,1.0037862044151755,False,False,False
2026-04-01 06:30:00+00:00,oos,0.15509104283391364,0.7269888115414347,False,False,False
2026-04-01 06:45:00+00:00,oos,0.20617857757778793,0.5385022699438444,False,False,False
2026-04-01 07:00:00+00:00,oos,0.8973529026565694,0.336436519961538,False,False,False
2026-04-01 07:15:00+00:00,oos,-0.741935965025227,1.062608753960824,False,False,False
2026-04-01 07:30:00+00:00,oos,-0.47875522498458695,0.23938910128164376,False,False,False
2026-04-01 07:45:00+00:00,oos,-0.7224732843334831,0.34261667983035987,False,False,False
2026-04-01 08:00:00+00:00,oos,-0.9750348862815671,-0.215860019065421,False,False,False
2026-04-01 08:15:00+00:00,oos,-0.814939743155936,-0.4207988495764945,False,False,False
2026-04-01 08:30:00+00:00,oos,0.765723674721602,-0.10931851425462091,False,False,False
2026-04-01 08:45:00+00:00,oos,-1.209930143419392,0.5578234008095105,False,False,False
2026-04-01 09:00:00+00:00,oos,0.29067246458824625,-0.810686424228905,False,False,False
2026-04-01 09:15:00+00:00,oos,-1.0200497080954671,0.20099158066475908,False,False,False
2026-04-01 09:30:00+00:00,oos,-1.4109099507109215,-0.014224534070660065,False,False,False
2026-04-01 09:45:00+00:00,oos,0.9141994699986271,0.7098881844071789,False,False,False
2026-04-01 10:00:00+00:00,oos,-0.611538004991869,0.38736059258735683,False,False,False
2026-04-01 10:15:00+00:00,oos,0.725133837786758,0.25919191413355674,False,False,False
2026-04-01 10:30:00+00:00,oos,-0.6581801571094693,0.33788647876863415,False,False,False
2026-04-01 10:45:00+00:00,oos,1.3080264312639305,0.4095682716284677,False,False,False
2026-04-01 11:00:00+00:00,oos,0.4550764553909805,0.003108665205072564,False,False,False
2026-04-01 11:15:00+00:00,oos,1.2172323357850097,0.5740667243391386,False,False,False
2026-04-01 11:30:00+00:00,oos,0.325404077906714,0.5629770108580491,False,False,False
2026-04-01 11:45:00+00:00,oos,2.8423527151895174,0.28096210636872926,True,False,False
2026-04-01 12:00:00+00:00,oos,-0.13976607499473792,0.5680091953202973,False,False,False
2026-04-01 12:15:00+00:00,oos,1.2479711780352463,1.951652444603289,False,True,False
2026-04-01 12:30:00+00:00,oos,0.09255786139096293,-0.3561646653655387,False,False,False
2026-04-01 12:45:00+00:00,oos,-0.5347866433105062,0.9330932542403774,False,False,False
2026-04-01 13:00:00+00:00,oos,-0.4893080586045198,-0.8999818060999089,False,False,False
2026-04-01 13:15:00+00:00,oos,2.8225864784293515,0.18483494161579592,True,False,False
2026-04-01 13:30:00+00:00,oos,1.4042307142802886,0.13399793678116978,False,False,False
2026-04-01 13:45:00+00:00,oos,1.253909019476005,0.15920783715492415,False,False,False
2026-04-01 14:00:00+00:00,oos,-0.03066555215646242,-0.7413139800573426,False,False,False
2026-04-01 14:15:00+00:00,oos,0.6612284052542032,-0.3950402221040347,False,False,False
2026-04-01 14:30:00+00:00,oos,0.17577329811722084,-0.39771067271336075,False,False,False
2026-04-01 14:45:00+00:00,oos,-0.019435145377754225,0.43603969470794557,False,False,False
2026-04-01 15:00:00+00:00,oos,-0.2696515699968811,-0.5628159189699854,False,False,False
2026-04-01 15:15:00+00:00,oos,1.3455184543926,0.4459834631268514,False,False,False
2026-04-01 15:30:00+00:00,oos,-0.15426881828252378,-0.3657076237099531,False,False,False
2026-04-01 15:45:00+00:00,oos,1.536114678355184,-0.2895137162846176,False,False,False
2026-04-01 16:00:00+00:00,oos,-0.8690013299767102,0.1564466142218932,False,False,False
2026-04-01 16:15:00+00:00,oos,-0.07030912847585248,0.8536433183341718,False,False,False
2026-04-01 16:30:00+00:00,oos,0.8110016142368802,0.3820575528346074,False,False,False
2026-04-01 16:45:00+00:00,oos,-1.5399437236970672,-0.3851376531020312,False,False,False
2026-04-01 17:00:00+00:00,oos,0.5502442815445902,1.4691119979640277,False,True,False
2026-04-01 17:15:00+00:00,oos,-0.8432678100837155,0.1250022230430637,False,False,False
2026-04-01 17:30:00+00:00,oos,-0.7768630715191828,0.04491429892669999,False,False,False
2026-04-01 17:45:00+00:00,oos,0.483851939122528,-0.21790798445452084,False,False,False
2026-04-01 18:00:00+00:00,oos,-0.10969955709964048,0.32210404235935497,False,False,False
2026-04-01 18:15:00+00:00,oos,-0.7026286889071683,0.6151078305424774,False,False,False
2026-04-01 18:30:00+00:00,oos,2.1331151837399314,0.39402536893607165,True,False,False
2026-04-01 18:45:00+00:00,oos,-0.03156724361476764,0.8673152415574512,False,False,False
2026-04-01 19:00:00+00:00,oos,0.8328076878388622,1.0275050016125808,False,False,False
2026-04-01 19:15:00+00:00,oos,1.9902204180813707,0.7840405473361317,True,False,False
2026-04-01 19:30:00+00:00,oos,1.5924162351275486,0.679519572019152,True,False,False
2026-04-01 19:45:00+00:00,oos,-0.5598306327589434,0.8425035079718823,False,False,False
2026-04-01 20:00:00+00:00,oos,-1.7127622274269745,2.177331956256842,True,True,True
2026-04-01 20:15:00+00:00,oos,-0.9793721972930536,0.6536349592473302,False,False,False
2026-04-01 20:30:00+00:00,oos,-0.32913642051637254,-0.12490798564112468,False,False,False
2026-04-01 20:45:00+00:00,oos,1.5803845417011941,0.8551130934216956,True,False,False
2026-04-01 21:00:00+00:00,oos,0.8303208792386885,0.6186122941717742,False,False,False
2026-04-01 21:15:00+00:00,oos,0.7147687851841568,1.4287946768963282,False,True,False
2026-04-01 21:30:00+00:00,oos,-0.4270885866403843,0.7965925144117002,False,False,False
2026-04-01 21:45:00+00:00,oos,0.6086363810447692,2.0711438424111326,False,True,False
2026-04-01 22:00:00+00:00,oos,-0.5199414317452347,-0.8032660159735537,False,False,False
2026-04-01 22:15:00+00:00,oos,-0.6927358436872832,-0.5419883319784302,False,False,False
2026-04-01 22:30:00+00:00,oos,0.3006714610912716,1.1501103555802132,False,False,False
2026-04-01 22:45:00+00:00,oos,-0.789671481848657,1.395856757811914,False,True,False
2026-04-01 23:00:00+00:00,oos,0.3951672309092729,0.7452796938717662,False,False,False
2026-04-01 23:15:00+00:00,oos,-1.0820110898997777,1.1121694528403132,False,False,False
2026-04-01 23:30:00+00:00,oos,0.027670324881094013,0.6700040596647666,False,False,False
2026-04-01 23:45:00+00:00,oos,0.615874229115959,1.17403253517521,False,False,False
2026-04-02 00:00:00+00:00,oos,0.9064889700953632,0.8161257406739554,False,False,False
2026-04-02 00:15:00+00:00,oos,0.5739737137749056,-0.6922486411559529,False,False,False
2026-04-02 00:30:00+00:00,oos,2.318734862096677,0.03647656267674102,True,False,False
2026-04-02 00:45:00+00:00,oos,1.2789455975883628,0.7778268195014271,False,False,False
2026-04-02 01:00:00+00:00,oos,0.3080931012766605,2.564175011363555,False,True,False
2026-04-02 01:15:00+00:00,oos,0.04882607857324859,0.5589456176662798,False,False,False
2026-04-02 01:30:00+00:00,oos,-0.6210328893221346,-0.7269051904808977,False,False,False
2026-04-02 01:45:00+00:00,oos,0.031731627088775506,-0.03006370106017228,False,False,False
2026-04-02 02:00:00+00:00,oos,-0.639922794251183,-0.18189524478100536,False,False,False
2026-04-02 02:15:00+00:00,oos,-0.401246526146696,0.33026689951180505,False,False,False
2026-04-02 02:30:00+00:00,oos,-1.0645953212603998,0.9917363493437293,False,False,False
2026-04-02 02:45:00+00:00,oos,0.26819018560410207,2.0832164217308193,False,True,False
2026-04-02 03:00:00+00:00,oos,-0.8939776385655759,0.7235397574560636,False,False,False
2026-04-02 03:15:00+00:00,oos,0.9701415012941412,1.5751843802715282,False,True,False
2026-04-02 03:30:00+00:00,oos,-1.144575192592412,0.4216143387221535,False,False,False
2026-04-02 03:45:00+00:00,oos,0.9394006142183968,0.46539164555928286,False,False,False
2026-04-02 04:00:00+00:00,oos,1.0643225672839183,0.955907514013405,False,False,False
2026-04-02 04:15:00+00:00,oos,0.00872661971577219,0.7172402580828117,False,False,False
2026-04-02 04:30:00+00:00,oos,-0.15171386404536152,1.0244263583341282,False,False,False
2026-04-02 04:45:00+00:00,oos,-0.2008313895545539,0.05438974363863464,False,False,False
2026-04-02 05:00:00+00:00,oos,0.3142717771630878,0.5362358313189609,False,False,False
2026-04-02 05:15:00+00:00,oos,-0.11377672698852717,-0.8912268330709613,False,False,False
2026-04-02 05:30:00+00:00,oos,1.3499345958261577,0.6614727410156892,False,False,False
2026-04-02 05:45:00+00:00,oos,1.6148541036657955,-0.05659027799434583,True,False,False
2026-04-02 06:00:00+00:00,oos,-0.7459784699947463,-0.19720575147301783,False,False,False
2026-04-02 06:15:00+00:00,oos,-0.19813906168381357,-0.46942822094588016,False,False,False
2026-04-02 06:30:00+00:00,oos,0.051724378930721036,0.11233060347116708,False,False,False
2026-04-02 06:45:00+00:00,oos,0.3759180311713462,0.4095125986414141,False,False,False
2026-04-02 07:00:00+00:00,oos,0.7072933708894776,-0.7309106858226166,False,False,False
2026-04-02 07:15:00+00:00,oos,1.8271639314074273,0.23825526041972547,True,False,False
2026-04-02 07:30:00+00:00,oos,1.511520243091917,-0.07587207342374669,False,False,False
2026-04-02 07:45:00+00:00,oos,1.2434556881100103,0.32122270272047404,False,False,False
2026-04-02 08:00:00+00:00,oos,-1.001558741939816,0.3145248141595432,False,False,False
2026-04-02 08:15:00+00:00,oos,-1.2196150192765698,0.10190944996463769,False,False,False
2026-04-02 08:30:00+00:00,oos,-0.10130501833629528,-0.7007902843449166,False,False,False
2026-04-02 08:45:00+00:00,oos,-0.5616607582565449,1.4702877112070023,False,True,False
2026-04-02 09:00:00+00:00,oos,-0.5325515757242887,-0.4099214513788648,False,False,False
2026-04-02 09:15:00+00:00,oos,0.7732705950554383,-3.432463440643011,False,False,False
2026-04-02 09:30:00+00:00,oos,0.4333663998665996,-0.34461238655021453,False,False,False
2026-04-02 09:45:00+00:00,oos,0.862120818523358,-0.18244928058445967,False,False,False
2026-04-02 10:00:00+00:00,oos,0.06601320743320435,-0.2099900082012968,False,False,False
2026-04-02 10:15:00+00:00,oos,0.7919046560536223,-1.098641742587229,False,False,False
2026-04-02 10:30:00+00:00,oos,-0.6018940457669614,-0.19238209428774225,False,False,False
2026-04-02 10:45:00+00:00,oos,1.9476181837553839,-0.4447191323090998,True,False,False
2026-04-02 11:00:00+00:00,oos,-0.04847329830235513,-0.013706394027409769,False,False,False
2026-04-02 11:15:00+00:00,oos,0.5565013798178202,0.3832717094654992,False,False,False
2026-04-02 11:30:00+00:00,oos,0.16904713790151246,-0.39361064773414045,False,False,False
2026-04-02 11:45:00+00:00,oos,-0.09625956211199575,0.266659583454081,False,False,False
2026-04-02 12:00:00+00:00,oos,-0.029328216784463,-0.6677527242538405,False,False,False
2026-04-02 12:15:00+00:00,oos,0.01600267121788967,-0.6033165437797017,False,False,False
2026-04-02 12:30:00+00:00,oos,-0.048178565026401374,-0.6922660575266922,False,False,False
2026-04-02 12:45:00+00:00,oos,-0.5742978176017989,-0.6869392570495257,False,False,False
2026-04-02 13:00:00+00:00,oos,0.03910437152161129,0.20002734013417883,False,False,False
2026-04-02 13:15:00+00:00,oos,0.21279002562844263,-0.8236338953749102,False,False,False
2026-04-02 13:30:00+00:00,oos,-0.939530883297245,-0.37189494682614177,False,False,False
2026-04-02 13:45:00+00:00,oos,0.9623403465911858,-1.1879562842941092,False,False,False
2026-04-02 14:00:00+00:00,oos,0.8501750021407956,0.22798999836958664,False,False,False
2026-04-02 14:15:00+00:00,oos,0.2752467995052963,-0.129668584852417,False,False,False
2026-04-02 14:30:00+00:00,oos,0.395888362655999,0.9740231543373665,False,False,False
2026-04-02 14:45:00+00:00,oos,0.5250504910955245,0.1263892672553723,False,False,False
2026-04-02 15:00:00+00:00,oos,-0.24895370544979797,-0.02832213701673419,False,False,False
2026-04-02 15:15:00+00:00,oos,-1.0666715810203662,0.3173552763775587,False,False,False
2026-04-02 15:30:00+00:00,oos,-0.031904616301612766,0.25971663298462044,False,False,False
2026-04-02 15:45:00+00:00,oos,1.8361138434434399,-0.39464861602503376,True,False,False
2026-04-02 16:00:00+00:00,oos,0.6889843360517626,-0.44106058025150013,False,False,False
2026-04-02 16:15:00+00:00,oos,0.44647689409473656,0.3359747599860818,False,False,False
2026-04-02 16:30:00+00:00,oos,1.4154021352069837,0.04542516154582656,False,False,False
2026-04-02 16:45:00+00:00,oos,0.6944971985072222,-0.49455685144892214,False,False,False
2026-04-02 17:00:00+00:00,oos,-0.28263105942075256,0.9507310356492913,False,False,False
2026-04-02 17:15:00+00:00,oos,1.120945327757525,-0.22965850356530867,False,False,False
2026-04-02 17:30:00+00:00,oos,-2.2748471061332616,0.17381674822480178,True,False,False
2026-04-02 17:45:00+00:00,oos,-2.082244288920659,-0.12925093609961852,True,False,False
2026-04-02 18:00:00+00:00,oos,-0.2071350217643511,-0.1836837533003099,False,False,False
2026-04-02 18:15:00+00:00,oos,-0.3943913964882837,0.1106962755612795,False,False,False
2026-04-02 18:30:00+00:00,oos,0.902502341449469,-0.11413803177022137,False,False,False
2026-04-02 18:45:00+00:00,oos,1.545667407896566,0.2794066292997493,False,False,False
2026-04-02 19:00:00+00:00,oos,0.5917295077617282,0.42437120654745913,False,False,False
2026-04-02 19:15:00+00:00,oos,0.4990161887925958,0.23123772623235803,False,False,False
2026-04-02 19:30:00+00:00,oos,-1.2893274068195513,-0.06161588785160754,False,False,False
2026-04-02 19:45:00+00:00,oos,-1.0377628084258088,0.7717676886888377,False,False,False
2026-04-02 20:00:00+00:00,oos,1.3979989795246965,0.04006539173850118,False,False,False
2026-04-02 20:15:00+00:00,oos,0.5852494076509701,-0.044942924077211927,False,False,False
2026-04-02 20:30:00+00:00,oos,0.726852815223868,0.056967461015129214,False,False,False
2026-04-02 20:45:00+00:00,oos,1.1211097368226894,0.9999207094029644,False,False,False
2026-04-02 21:00:00+00:00,oos,-1.5696729300918362,1.318196106213946,True,True,True
2026-04-02 21:15:00+00:00,oos,0.34982745352497274,1.4956085680570257,False,True,False
2026-04-02 21:30:00+00:00,oos,-0.47663539949859834,1.3608386563291628,False,True,False
2026-04-02 21:45:00+00:00,oos,-0.20319347524749048,1.9256324265472173,False,True,False
2026-04-02 22:00:00+00:00,oos,1.5459052406368525,-1.169349504917766,False,False,False
2026-04-02 22:15:00+00:00,oos,-2.2906981546234566,-0.5496321102377852,True,False,False
2026-04-02 22:30:00+00:00,oos,0.7239986831072099,0.1349211583942678,False,False,False
2026-04-02 22:45:00+00:00,oos,-2.241257495988678,-0.2923423388034388,True,False,False
2026-04-02 23:00:00+00:00,oos,-0.06142244148205726,0.2700138208861814,False,False,False
2026-04-02 23:15:00+00:00,oos,0.26666217291389116,0.28604800087792615,False,False,False
2026-04-02 23:30:00+00:00,oos,1.2818125342881035,0.8762645434623616,False,False,False
2026-04-02 23:45:00+00:00,oos,0.11996344163107821,0.09711896621577268,False,False,False
2026-04-03 00:00:00+00:00,oos,-0.6654025041398812,0.08687739452894322,False,False,False
2026-04-03 00:15:00+00:00,oos,-0.860228931757883,-0.6121529359409972,False,False,False
2026-04-03 00:30:00+00:00,oos,0.10628220006754054,0.29530756566090316,False,False,False
2026-04-03 00:45:00+00:00,oos,-0.760368287444577,0.9902910215641375,False,False,False
2026-04-03 01:00:00+00:00,oos,1.8422765417105318,0.9788722933507875,True,False,False
2026-04-03 01:15:00+00:00,oos,-0.1380743873935974,-0.11471140101211773,False,False,False
2026-04-03 01:30:00+00:00,oos,-0.9376347003794309,0.5513796306635129,False,False,False
2026-04-03 01:45:00+00:00,oos,0.36215605325336897,-0.09408386627415104,False,False,False
2026-04-03 02:00:00+00:00,oos,-0.7230497300076176,-0.24297921370178316,False,False,False
2026-04-03 02:15:00+00:00,oos,0.30485650515518337,0.31572052731838085,False,False,False
2026-04-03 02:30:00+00:00,oos,-0.5825483045784289,0.25472986835348893,False,False,False
2026-04-03 02:45:00+00:00,oos,2.0034345717261512,-0.08647032119929235,True,False,False
2026-04-03 03:00:00+00:00,oos,0.10542056287338561,0.9185889781991884,False,False,False
2026-04-03 03:15:00+00:00,oos,0.7817944132410335,-0.49390914979425293,False,False,False
2026-04-03 03:30:00+00:00,oos,1.4547403795382687,-0.6998492603125895,False,False,False
2026-04-03 03:45:00+00:00,oos,-0.9106972781822813,-0.5583066245411616,False,False,False
2026-04-03 04:00:00+00:00,oos,1.025711682951569,1.8478241940142617,False,True,False
2026-04-03 04:15:00+00:00,oos,-1.2970674919304537,-0.09694700589916917,False,False,False
2026-04-03 04:30:00+00:00,oos,-0.31657803248673033,-0.21090902826598712,False,False,False
2026-04-03 04:45:00+00:00,oos,0.4344176635612834,-0.8538919424246347,False,False,False
2026-04-03 05:00:00+00:00,oos,0.39560253383343896,0.8521707077009509,False,False,False
2026-04-03 05:15:00+00:00,oos,0.7099394276017935,0.43929366341973763,False,False,False
2026-04-03 05:30:00+00:00,oos,1.5294580301661993,1.2735344725637296,False,False,False
2026-04-03 05:45:00+00:00,oos,-0.24530898444724944,0.27090739317888196,False,False,False
2026-04-03 06:00:00+00:00,oos,0.6679520701062557,0.7596625628129383,False,False,False
2026-04-03 06:15:00+00:00,oos,2.0502827690426026,0.8199170104169042,True,False,False
2026-04-03 06:30:00+00:00,oos,0.6204377437695772,-0.22730373767550427,False,False,False
2026-04-03 06:45:00+00:00,oos,-0.07893908128397499,0.40231514078862973,False,False,False
2026-04-03 07:00:00+00:00,oos,0.3516501947537155,1.2544858240286008,False,False,False
2026-04-03 07:15:00+00:00,oos,0.23527976875892406,1.1849923394177992,False,False,False
2026-04-03 07:30:00+00:00,oos,1.578081333608087,1.0015919691780621,True,False,False
2026-04-03 07:45:00+00:00,oos,-0.14799419403320924,1.32175609325741,False,True,False
2026-04-03 08:00:00+00:00,oos,0.20927986007012736,0.5267891717887724,False,False,False
2026-04-03 08:15:00+00:00,oos,-0.4088769013815443,0.7358635912516502,False,False,False
2026-04-03 08:30:00+00:00,oos,-1.6771556121814863,0.665409975661307,True,False,False
2026-04-03 08:45:00+00:00,oos,-1.0909361977820122,0.2375739420813136,False,False,False
2026-04-03 09:00:00+00:00,oos,0.5082020229242704,0.9733170552652938,False,False,False
2026-04-03 09:15:00+00:00,oos,-0.2532868097762286,1.371570392674089,False,True,False
2026-04-03 09:30:00+00:00,oos,0.6104902440056319,0.8763352892553797,False,False,False
2026-04-03 09:45:00+00:00,oos,0.8418403949595629,0.5069834451517844,False,False,False
2026-04-03 10:00:00+00:00,oos,0.8650461109764991,0.6223966069612619,False,False,False
2026-04-03 10:15:00+00:00,oos,0.8559562799558245,0.8441115369553297,False,False,False
2026-04-03 10:30:00+00:00,oos,0.8218984894857697,0.41931531038152975,False,False,False
2026-04-03 10:45:00+00:00,oos,-0.2671003318619582,-0.6397883471686275,False,False,False
2026-04-03 11:00:00+00:00,oos,0.827821652303934,0.23881955084564277,False,False,False
2026-04-03 11:15:00+00:00,oos,1.9774472367375293,0.38924254255489316,True,False,False
2026-04-03 11:30:00+00:00,oos,-0.16821590418309174,-0.3223748115986741,False,False,False
2026-04-03 11:45:00+00:00,oos,0.436950923661873,0.2833675334492509,False,False,False
2026-04-03 12:00:00+00:00,oos,1.276410391538714,1.1566416265594934,False,False,False
2026-04-03 12:15:00+00:00,oos,-0.0909074016919142,0.9903831256641308,False,False,False
2026-04-03 12:30:00+00:00,oos,1.2346499709594418,1.4210911732444094,False,True,False
2026-04-03 12:45:00+00:00,oos,-1.439402751915974,-0.8957454223561766,False,False,False
2026-04-03 13:00:00+00:00,oos,1.4996505541070664,-0.22898366501962955,False,False,False
2026-04-03 13:15:00+00:00,oos,0.189797872114039,-0.3784074972651454,False,False,False
2026-04-03 13:30:00+00:00,oos,-0.06525767256426666,1.504886560503,False,True,False
2026-04-03 13:45:00+00:00,oos,0.23532309298695117,-0.02906329561097249,False,False,False
2026-04-03 14:00:00+00:00,oos,1.3190292815092939,1.1943364960110487,False,False,False
2026-04-03 14:15:00+00:00,oos,0.48964071244529117,0.47195507569349465,False,False,False
2026-04-03 14:30:00+00:00,oos,-0.3154255214320877,1.0313040634851929,False,False,False
2026-04-03 14:45:00+00:00,oos,0.5310413626844078,0.25803296318824676,False,False,False
2026-04-03 15:00:00+00:00,oos,1.0573879337654244,1.3745804912439505,False,True,False
2026-04-03 15:15:00+00:00,oos,0.02734748411815783,0.9780567454440242,False,False,False
2026-04-03 15:30:00+00:00,oos,0.5361303716591799,-0.1848519422460095,False,False,False
2026-04-03 15:45:00+00:00,oos,0.5716663398459834,-0.02663355728510915,False,False,False
2026-04-03 16:00:00+00:00,oos,1.138230817129898,0.9912425495048538,False,False,False
2026-04-03 16:15:00+00:00,oos,1.2675294715299978,-0.37218104923347417,False,False,False
2026-04-03 16:30:00+00:00,oos,2.2411099446773983,1.046733089957189,True,False,False
2026-04-03 16:45:00+00:00,oos,2.580660706567497,-0.4346529370650295,True,False,False
2026-04-03 17:00:00+00:00,oos,-1.4170327716625668,-0.19565043738379287,False,False,False
2026-04-03 17:15:00+00:00,oos,-1.1864910888281346,0.7305735823759185,False,False,False
2026-04-03 17:30:00+00:00,oos,-0.9882883295063603,0.5389600517681186,False,False,False
2026-04-03 17:45:00+00:00,oos,-1.9206964213952245,0.6622642545332542,True,False,False
2026-04-03 18:00:00+00:00,oos,0.5284467736590983,0.17268166659481868,False,False,False
2026-04-03 18:15:00+00:00,oos,-0.007496217272902138,0.9559742440540171,False,False,False
2026-04-03 18:30:00+00:00,oos,-0.1391106091523847,1.0679137591450427,False,False,False
2026-04-03 18:45:00+00:00,oos,-0.8539638665070571,0.25779325979334977,False,False,False
2026-04-03 19:00:00+00:00,oos,-1.7873245237130149,0.6010249514290168,True,False,False
2026-04-03 19:15:00+00:00,oos,0.08401371791206781,-0.4994045230948497,False,False,False
2026-04-03 19:30:00+00:00,oos,0.5853466703072181,-0.7121487785930104,False,False,False
2026-04-03 19:45:00+00:00,oos,2.37026824141396,0.08868468198452534,True,False,False
2026-04-03 20:00:00+00:00,oos,-0.30965948570160007,0.7807735570924597,False,False,False
2026-04-03 20:15:00+00:00,oos,0.7310440754731776,-0.24980658884238494,False,False,False
2026-04-03 20:30:00+00:00,oos,-0.942527085287649,-0.6833056344747376,False,False,False
2026-04-03 20:45:00+00:00,oos,-0.09702450884431717,0.2809005663642823,False,False,False
2026-04-03 21:00:00+00:00,oos,1.0639008955933529,0.5071524808676571,False,False,False
2026-04-03 21:15:00+00:00,oos,0.07401502722875868,1.159027496651788,False,False,False
2026-04-03 21:30:00+00:00,oos,-0.35884105780133824,1.2292040698110516,False,False,False
2026-04-03 21:45:00+00:00,oos,1.5057047261853629,1.5771812943769938,False,True,False
2026-04-03 22:00:00+00:00,oos,0.17511517845954294,-0.694727935656146,False,False,False
2026-04-03 22:15:00+00:00,oos,1.1189252687102202,-1.0741361900334687,False,False,False
2026-04-03 22:30:00+00:00,oos,-0.36113114824443465,1.1599429851337755,False,False,False
2026-04-03 22:45:00+00:00,oos,-0.286679325785254,1.6110558061802904,False,True,False
2026-04-03 23:00:00+00:00,oos,0.17613917504932014,0.3968030710927846,False,False,False
2026-04-03 23:15:00+00:00,oos,1.0936840460581643,-0.35930481462732317,False,False,False
2026-04-03 23:30:00+00:00,oos,-0.869204331624778,1.0234166951758545,False,False,False
2026-04-03 23:45:00+00:00,oos,0.811966327704023,0.7316741714354599,False,False,False
2026-04-04 00:00:00+00:00,oos,0.10890749386363437,0.6809198054959703,False,False,False
2026-04-04 00:15:00+00:00,oos,0.26775721811307135,-0.02539043820070073,False,False,False
2026-04-04 00:30:00+00:00,oos,0.7715969132524739,0.042617664317165425,False,False,False
2026-04-04 00:45:00+00:00,oos,-2.5184954914020072,-0.1293716742567429,True,False,False
2026-04-04 01:00:00+00:00,oos,-1.6275467029414645,0.002858975267148567,True,False,False
2026-04-04 01:15:00+00:00,oos,-0.44991068362590764,-0.10720392146752565,False,False,False
2026-04-04 01:30:00+00:00,oos,0.8645875043373956,-0.3784161829843449,False,False,False
2026-04-04 01:45:00+00:00,oos,1.2338220931692445,0.6948394856364214,False,False,False
2026-04-04 02:00:00+00:00,oos,0.7397124112673832,0.24663887171602622,False,False,False
2026-04-04 02:15:00+00:00,oos,0.8999070725222847,-0.45029612615102665,False,False,False
2026-04-04 02:30:00+00:00,oos,-0.4149815539259308,0.02476306554043948,False,False,False
2026-04-04 02:45:00+00:00,oos,0.26447468616596065,-0.03828177258524294,False,False,False
2026-04-04 03:00:00+00:00,oos,2.0635216519912034,-0.0069451672238859865,True,False,False
2026-04-04 03:15:00+00:00,oos,-0.4468765614504324,0.0706366127688202,False,False,False
2026-04-04 03:30:00+00:00,oos,-0.05040311414853543,-0.3321018231992707,False,False,False
2026-04-04 03:45:00+00:00,oos,1.4988537876662336,-0.585877267405351,False,False,False
2026-04-04 04:00:00+00:00,oos,-1.2534068956432551,0.2517922737948547,False,False,False
2026-04-04 04:15:00+00:00,oos,2.652489125945083,-0.9157501623216483,True,False,False
2026-04-04 04:30:00+00:00,oos,2.915670044298367,0.6947751317793658,True,False,False
2026-04-04 04:45:00+00:00,oos,-0.01579032636778749,0.3063445965535329,False,False,False
2026-04-04 05:00:00+00:00,oos,-0.9118658442928728,0.6992942861774691,False,False,False
2026-04-04 05:15:00+00:00,oos,1.9460467306336984,-0.37235265765414044,True,False,False
2026-04-04 05:30:00+00:00,oos,0.7577450109454635,0.765336390863529,False,False,False
2026-04-04 05:45:00+00:00,oos,0.07921363692409873,0.24044151607798092,False,False,False
2026-04-04 06:00:00+00:00,oos,0.6269434949433856,-0.6045940937242514,False,False,False
2026-04-04 06:15:00+00:00,oos,0.8357962281758512,-0.16403734473649598,False,False,False
2026-04-04 06:30:00+00:00,oos,2.3335566481285657,0.09744858995309236,True,False,False
2026-04-04 06:45:00+00:00,oos,1.4381313753854243,-0.4543657980594467,False,False,False
2026-04-04 07:00:00+00:00,oos,-0.4852828126930892,0.0889740762435037,False,False,False
2026-04-04 07:15:00+00:00,oos,-1.4492253895890972,-0.4570996652242755,False,False,False
2026-04-04 07:30:00+00:00,oos,0.10978894982635279,-0.7666019442375336,False,False,False
2026-04-04 07:45:00+00:00,oos,2.3666183959613676,-0.6601823289163582,True,False,False
2026-04-04 08:00:00+00:00,oos,-0.16573224189726468,0.09329917722119545,False,False,False
2026-04-04 08:15:00+00:00,oos,0.2989217537164872,-0.7121473133439858,False,False,False
2026-04-04 08:30:00+00:00,oos,-2.735114102462617,0.18297224759628167,True,False,False
2026-04-04 08:45:00+00:00,oos,-1.42396810273716,-0.6468199161017278,False,False,False
2026-04-04 09:00:00+00:00,oos,0.6413434058658305,-0.604428702141354,False,False,False
2026-04-04 09:15:00+00:00,oos,0.3547231986020258,-0.9228543447640606,False,False,False
2026-04-04 09:30:00+00:00,oos,-0.8133517695316175,-0.2900170030149158,False,False,False
2026-04-04 09:45:00+00:00,oos,1.6355584011601554,-0.3263546970050154,True,False,False
2026-04-04 10:00:00+00:00,oos,1.0180481169153675,0.20147437617358224,False,False,False
2026-04-04 10:15:00+00:00,oos,2.2824035695847975,-0.2742154907121879,True,False,False
2026-04-04 10:30:00+00:00,oos,1.3194853029939493,0.7952575871341945,False,False,False
2026-04-04 10:45:00+00:00,oos,1.750503401784039,-0.20590228344407346,True,False,False
2026-04-04 11:00:00+00:00,oos,2.226708133454968,-0.45350667673610773,True,False,False
2026-04-04 11:15:00+00:00,oos,0.32484023242353527,0.38055428173935685,False,False,False
2026-04-04 11:30:00+00:00,oos,-1.2449553904943487,0.5085903211428708,False,False,False
2026-04-04 11:45:00+00:00,oos,0.21246225784722989,0.4445033521495885,False,False,False
2026-04-04 12:00:00+00:00,oos,-0.3433557148536821,0.8321957734958783,False,False,False
2026-04-04 12:15:00+00:00,oos,2.214211697398177,0.08113345818405161,True,False,False
2026-04-04 12:30:00+00:00,oos,-0.4641208482010176,0.021336361207415087,False,False,False
2026-04-04 12:45:00+00:00,oos,-1.7055869391486314,0.06610478031334692,True,False,False
2026-04-04 13:00:00+00:00,oos,2.1071933273482575,0.09260465254219152,True,False,False
2026-04-04 13:15:00+00:00,oos,2.3950878802272637,-0.13247973301516483,True,False,False
2026-04-04 13:30:00+00:00,oos,1.351726934486657,0.36776798055304577,False,False,False
2026-04-04 13:45:00+00:00,oos,2.3818147407664307,-0.2089635523707879,True,False,False
2026-04-04 14:00:00+00:00,oos,0.23698761482766806,0.8247717750744106,False,False,False
2026-04-04 14:15:00+00:00,oos,0.4176978719624287,1.2817355139775723,False,False,False
2026-04-04 14:30:00+00:00,oos,-0.9447538847679808,0.9467081544580311,False,False,False
2026-04-04 14:45:00+00:00,oos,2.620928684015514,-0.0072308735969703,True,False,False
2026-04-04 15:00:00+00:00,oos,2.1503128299572865,0.8122160522156403,True,False,False
2026-04-04 15:15:00+00:00,oos,0.1753691987563738,-0.5556055496693224,False,False,False
2026-04-04 15:30:00+00:00,oos,1.603174383454035,0.5281429045680295,True,False,False
2026-04-04 15:45:00+00:00,oos,1.4101502308784006,1.3446390057021345,False,True,False
2026-04-04 16:00:00+00:00,oos,-0.8199641490705244,0.9108727005268318,False,False,False
2026-04-04 16:15:00+00:00,oos,1.7178257711290037,0.638582534495093,True,False,False
2026-04-04 16:30:00+00:00,oos,0.6430920012788305,0.6026594204377201,False,False,False
2026-04-04 16:45:00+00:00,oos,-0.6560900966656377,-0.5098255207743588,False,False,False
2026-04-04 17:00:00+00:00,oos,0.007653062884736985,0.004746991387003716,False,False,False
2026-04-04 17:15:00+00:00,oos,1.899200144311083,-0.26146677370922483,True,False,False
2026-04-04 17:30:00+00:00,oos,-0.9409466257719873,0.5291710266096264,False,False,False
2026-04-04 17:45:00+00:00,oos,-0.9123353652981131,0.3539960593465406,False,False,False
2026-04-04 18:00:00+00:00,oos,-0.9638875263074181,0.58153014921681,False,False,False
2026-04-04 18:15:00+00:00,oos,-0.22270625175320888,0.31186690623744084,False,False,False
2026-04-04 18:30:00+00:00,oos,-2.3202909664145626,-0.1855724544844685,True,False,False
2026-04-04 18:45:00+00:00,oos,0.7268094715521096,0.8297225055342032,False,False,False
2026-04-04 19:00:00+00:00,oos,0.9863532688675545,1.0001343353071523,False,False,False
2026-04-04 19:15:00+00:00,oos,-0.33741124145222623,0.20541423074958606,False,False,False
2026-04-04 19:30:00+00:00,oos,0.7132348554267939,-0.491805845261658,False,False,False
2026-04-04 19:45:00+00:00,oos,0.27975221799760785,-0.3958500047813162,False,False,False
2026-04-04 20:00:00+00:00,oos,0.13702758072991036,-0.1100850117538585,False,False,False
2026-04-04 20:15:00+00:00,oos,-0.7084327712683374,-0.28210591370906407,False,False,False
2026-04-04 20:30:00+00:00,oos,-1.295000641660135,-0.01516971872124542,False,False,False
2026-04-04 20:45:00+00:00,oos,1.0312049192328623,-0.06242532270479932,False,False,False
2026-04-04 21:00:00+00:00,oos,0.5739985285917512,1.3170112195655495,False,True,False
2026-04-04 21:15:00+00:00,oos,2.0065116722223997,0.4403244759753998,True,False,False
2026-04-04 21:30:00+00:00,oos,0.2854058686467267,0.9002900232830403,False,False,False
2026-04-04 21:45:00+00:00,oos,1.8866164022837701,1.105349315470848,True,False,False
2026-04-04 22:00:00+00:00,oos,-0.24490201890026364,-0.5832332425796489,False,False,False
2026-04-04 22:15:00+00:00,oos,-0.37344869752337634,-0.38120960604529647,False,False,False
2026-04-04 22:30:00+00:00,oos,2.426477573853636,-0.11449662988575667,True,False,False
2026-04-04 22:45:00+00:00,oos,-2.087485029904976,0.5193432454284628,True,False,False
2026-04-04 23:00:00+00:00,oos,0.15346775101940008,0.4831636477685523,False,False,False
2026-04-04 23:15:00+00:00,oos,-2.38156705705586,-0.18936290633704242,True,False,False
2026-04-04 23:30:00+00:00,oos,2.0470281793548213,0.31098735973478664,True,False,False
2026-04-04 23:45:00+00:00,oos,-1.5532260200907129,0.34589467260509915,False,False,False
2026-04-05 00:00:00+00:00,oos,0.9399152284072989,0.7721291260495404,False,False,False
2026-04-05 00:15:00+00:00,oos,0.20436070883404736,-0.11009599532113488,False,False,False
2026-04-05 00:30:00+00:00,oos,-1.3745828657565986,0.4851811485936176,False,False,False
2026-04-05 00:45:00+00:00,oos,-1.8882965148093993,0.6393104290747855,True,False,False
2026-04-05 01:00:00+00:00,oos,-2.2164199533330207,0.5725988708521238,True,False,False
2026-04-05 01:15:00+00:00,oos,-1.0283551324255937,0.11092522722986908,False,False,False
2026-04-05 01:30:00+00:00,oos,-1.9530184142581923,0.1631171555631972,True,False,False
2026-04-05 01:45:00+00:00,oos,-1.8765146320096122,0.29842837929418303,True,False,False
2026-04-05 02:00:00+00:00,oos,0.061775593285475994,0.05713462336600805,False,False,False
2026-04-05 02:15:00+00:00,oos,0.21462583086736262,0.2048706128700163,False,False,False
2026-04-05 02:30:00+00:00,oos,1.335295822418216,0.7349256111901807,False,False,False
2026-04-05 02:45:00+00:00,oos,0.9121649948263696,-0.7122290378275388,False,False,False
2026-04-05 03:00:00+00:00,oos,2.0741734470207045,0.07438794089378256,True,False,False
2026-04-05 03:15:00+00:00,oos,-1.1051422983625332,1.0847538186627437,False,False,False
2026-04-05 03:30:00+00:00,oos,0.33523220486289235,0.6198467264272725,False,False,False
2026-04-05 03:45:00+00:00,oos,-0.7982592355789023,0.12151810905990396,False,False,False
2026-04-05 04:00:00+00:00,oos,-0.5156611998213111,0.8106218703710204,False,False,False
2026-04-05 04:15:00+00:00,oos,2.047610956844464,-0.11564556111776225,True,False,False
2026-04-05 04:30:00+00:00,oos,0.4164673619806717,0.4158561211429345,False,False,False
2026-04-05 04:45:00+00:00,oos,-0.447041455517579,0.006041003687647657,False,False,False
2026-04-05 05:00:00+00:00,oos,-2.7426533079812923,0.21060272864027768,True,False,False
2026-04-05 05:15:00+00:00,oos,-0.9766766961052921,1.0796173228692754,False,False,False
2026-04-05 05:30:00+00:00,oos,0.649590412124254,0.5007281982598712,False,False,False
2026-04-05 05:45:00+00:00,oos,0.3057029572438402,0.6175489930611118,False,False,False
2026-04-05 06:00:00+00:00,oos,-1.845579524181031,1.2029842085967217,True,False,False
2026-04-05 06:15:00+00:00,oos,1.1997424672440864,-0.20556334269616597,False,False,False
2026-04-05 06:30:00+00:00,oos,2.383532149240184,0.09965498303577719,True,False,False
2026-04-05 06:45:00+00:00,oos,0.04121146649345462,-0.49039618578889776,False,False,False
2026-04-05 07:00:00+00:00,oos,1.2145526928211794,0.5971349870321309,False,False,False
2026-04-05 07:15:00+00:00,oos,-0.29726263861299373,-0.3067197672839682,False,False,False
2026-04-05 07:30:00+00:00,oos,-1.310260648605152,-0.16679131494808477,False,False,False
2026-04-05 07:45:00+00:00,oos,-1.5551489533125582,-0.29458075158342845,False,False,False
2026-04-05 08:00:00+00:00,oos,1.4114435935193486,1.2137390669163668,False,False,False
2026-04-05 08:15:00+00:00,oos,1.6613929040499638,0.07264027803717037,True,False,False
2026-04-05 08:30:00+00:00,oos,-0.3114476045756359,-0.13570796393290777,False,False,False
2026-04-05 08:45:00+00:00,oos,2.384562995739067,-0.3053052016066617,True,False,False
2026-04-05 09:00:00+00:00,oos,0.9342551255680994,-0.6844195910150156,False,False,False
2026-04-05 09:15:00+00:00,oos,2.1003948857274257,-0.8689383582341086,True,False,False
2026-04-05 09:30:00+00:00,oos,3.136579502149484,0.1031670862614961,True,False,False
2026-04-05 09:45:00+00:00,oos,0.17185829750505496,0.15264979507042448,False,False,False
2026-04-05 10:00:00+00:00,oos,-0.7514359583297441,0.2426072938163982,False,False,False
2026-04-05 10:15:00+00:00,oos,-0.7518582331882341,0.33224367920270936,False,False,False
2026-04-05 10:30:00+00:00,oos,2.143417077695927,0.023968304370885117,True,False,False
2026-04-05 10:45:00+00:00,oos,-0.4874125398264853,-0.4627610179257459,False,False,False
2026-04-05 11:00:00+00:00,oos,0.3987690612041675,0.26772971113463084,False,False,False
2026-04-05 11:15:00+00:00,oos,0.9019923573181281,-0.0753713644951362,False,False,False
2026-04-05 11:30:00+00:00,oos,2.2797937185897137,0.06775282792658158,True,False,False
2026-04-05 11:45:00+00:00,oos,1.2926176790818873,-0.6269865504106455,False,False,False
2026-04-05 12:00:00+00:00,oos,-0.19784519773864923,0.018565977400416548,False,False,False
2026-04-05 12:15:00+00:00,oos,-1.7839844637210656,-1.0232725467277606,True,False,False
2026-04-05 12:30:00+00:00,oos,-0.4311933656266274,0.27574398797437477,False,False,False
2026-04-05 12:45:00+00:00,oos,1.4577867319365052,-0.6116211892817838,False,False,False
2026-04-05 13:00:00+00:00,oos,-0.15384656397566926,0.38890477181594213,False,False,False
2026-04-05 13:15:00+00:00,oos,-0.02333833981137677,0.18795080148066182,False,False,False
2026-04-05 13:30:00+00:00,oos,1.1138581709955053,0.23605787914976054,False,False,False
2026-04-05 13:45:00+00:00,oos,0.8161481690928415,0.03685059066341056,False,False,False
2026-04-05 14:00:00+00:00,oos,0.5194907290773609,0.6890111877029527,False,False,False
2026-04-05 14:15:00+00:00,oos,-1.5345482921103433,-1.2067675085742056,False,False,False
2026-04-05 14:30:00+00:00,oos,2.8409690968192,-0.8794272305784263,True,False,False
2026-04-05 14:45:00+00:00,oos,-0.7150454051301277,0.011257201315627699,False,False,False
2026-04-05 15:00:00+00:00,oos,-0.3488468585785491,0.46059778276701896,False,False,False
2026-04-05 15:15:00+00:00,oos,0.7867935054949055,-0.06920363252234696,False,False,False
2026-04-05 15:30:00+00:00,oos,1.0004334635381036,0.6601156375020382,False,False,False
2026-04-05 15:45:00+00:00,oos,-0.4810695842876285,0.13374044875056423,False,False,False
2026-04-05 16:00:00+00:00,oos,1.0997391956520428,-0.13058507298325764,False,False,False
2026-04-05 16:15:00+00:00,oos,-1.4915520810062086,-0.4505086388461834,False,False,False
2026-04-05 16:30:00+00:00,oos,0.8058285939435312,0.2893324598955267,False,False,False
2026-04-05 16:45:00+00:00,oos,-1.780546951218141,-0.13401034450532992,True,False,False
2026-04-05 17:00:00+00:00,oos,1.8046963449129165,-0.13154398222243968,True,False,False
2026-04-05 17:15:00+00:00,oos,0.4337026784691659,0.27078843359803606,False,False,False
2026-04-05 17:30:00+00:00,oos,1.4229358407063561,0.3642196696781331,False,False,False
2026-04-05 17:45:00+00:00,oos,-0.07275416203813584,0.6815473636959873,False,False,False
2026-04-05 18:00:00+00:00,oos,-1.9231159159661027,0.18326506912834026,True,False,False
2026-04-05 18:15:00+00:00,oos,1.6100159401851206,-0.412167885170535,True,False,False
2026-04-05 18:30:00+00:00,oos,2.6853029474147947,-0.19393192866481165,True,False,False
2026-04-05 18:45:00+00:00,oos,0.5142102111291059,0.1820972005784949,False,False,False
2026-04-05 19:00:00+00:00,oos,1.1001155301249468,0.7274540776230234,False,False,False
2026-04-05 19:15:00+00:00,oos,1.434421320471241,0.5330513970569594,False,False,False
2026-04-05 19:30:00+00:00,oos,-2.085026767704731,0.20395684251045992,True,False,False
2026-04-05 19:45:00+00:00,oos,3.0844937874056018,-0.07114375843653417,True,False,False
2026-04-05 20:00:00+00:00,oos,0.8939267802218462,0.8186330769825783,False,False,False
2026-04-05 20:15:00+00:00,oos,2.146000016978582,0.17079591055733456,True,False,False
2026-04-05 20:30:00+00:00,oos,0.9606408516382524,0.3479469601747491,False,False,False
2026-04-05 20:45:00+00:00,oos,1.6287676738529406,-0.4672406096611263,True,False,False
2026-04-05 21:00:00+00:00,oos,-0.5752707765258857,0.6605321951645678,False,False,False
2026-04-05 21:15:00+00:00,oos,-0.7598187375371881,1.1584997096059113,False,False,False
2026-04-05 21:30:00+00:00,oos,0.4134425589583137,0.5309820127811825,False,False,False
2026-04-05 21:45:00+00:00,oos,1.8343678171605862,1.4733876114418771,True,True,True
2026-04-05 22:00:00+00:00,oos,-0.30229393080954753,-1.4150235069171646,False,False,False
2026-04-05 22:15:00+00:00,oos,-0.6898652223903198,-0.7435740320655113,False,False,False
2026-04-05 22:30:00+00:00,oos,1.63094848602541,0.2545272127151894,True,False,False
2026-04-05 22:45:00+00:00,oos,0.6403283696853885,0.023144285204467284,False,False,False
2026-04-05 23:00:00+00:00,oos,0.6387286977807937,-0.08956352152433528,False,False,False
2026-04-05 23:15:00+00:00,oos,0.9246676211943425,1.530458155239522,False,True,False
2026-04-05 23:30:00+00:00,oos,0.1332141484583068,-0.5877198112157462,False,False,False
2026-04-05 23:45:00+00:00,oos,-0.18388049932988865,-0.23521700850097554,False,False,False
