direction,horizon_minutes,draw,mse_improvement
liquidity_to_flow,15,1,-0.01247774474520047
liquidity_to_flow,15,2,-0.01341914761779961
liquidity_to_flow,15,3,-0.011502147253903194
liquidity_to_flow,15,4,-0.014219688270193487
liquidity_to_flow,15,5,-0.01412947440403478
liquidity_to_flow,15,6,-0.012323321452945457
liquidity_to_flow,15,7,-0.015082477951425366
liquidity_to_flow,15,8,-0.009519201994133253
liquidity_to_flow,15,9,-0.014048608514217298
liquidity_to_flow,15,10,-0.00993497633130569
liquidity_to_flow,15,11,-0.01290937862179975
liquidity_to_flow,15,12,-0.015183757851593871
liquidity_to_flow,15,13,-0.010799619000412486
liquidity_to_flow,15,14,-0.013330708641394962
liquidity_to_flow,15,15,-0.01415842901864095
liquidity_to_flow,15,16,-0.013582941063944087
liquidity_to_flow,15,17,-0.011704137206602683
liquidity_to_flow,15,18,-0.010795795011507847
liquidity_to_flow,15,19,-0.011281634340836177
liquidity_to_flow,15,20,-0.011239371794311781
liquidity_to_flow,15,21,-0.014382011707323228
liquidity_to_flow,15,22,-0.01107145717347624
liquidity_to_flow,15,23,-0.017759852064902937
liquidity_to_flow,15,24,-0.01117889051102905
liquidity_to_flow,15,25,-0.01190437361818919
liquidity_to_flow,15,26,-0.009244983425939823
liquidity_to_flow,15,27,-0.012726400817458794
liquidity_to_flow,15,28,-0.011271555525452781
liquidity_to_flow,15,29,-0.01503629406136131
liquidity_to_flow,15,30,-0.0081595100117271
liquidity_to_flow,15,31,-0.011693374893542607
liquidity_to_flow,15,32,-0.013071320893513816
liquidity_to_flow,15,33,-0.01587319549385513
liquidity_to_flow,15,34,-0.015030973281504822
liquidity_to_flow,15,35,-0.01309215926934959
liquidity_to_flow,15,36,-0.012545971849518223
liquidity_to_flow,15,37,-0.008062012587560785
liquidity_to_flow,15,38,-0.011000519842690126
liquidity_to_flow,15,39,-0.013242893421442359
liquidity_to_flow,15,40,-0.011521827630746717
liquidity_to_flow,15,41,-0.01028858547172895
liquidity_to_flow,15,42,-0.010604626527861871
liquidity_to_flow,15,43,-0.012290048769300288
liquidity_to_flow,15,44,-0.011911233804297927
liquidity_to_flow,15,45,-0.008851834851521634
liquidity_to_flow,15,46,-0.01083734281177029
liquidity_to_flow,15,47,-0.010878880355468246
liquidity_to_flow,15,48,-0.011560790319938397
liquidity_to_flow,15,49,-0.01216544677450293
liquidity_to_flow,15,50,-0.011974138183891148
liquidity_to_flow,15,51,-0.01078448966528911
liquidity_to_flow,15,52,-0.013834484644337453
liquidity_to_flow,15,53,-0.01206446528680849
liquidity_to_flow,15,54,-0.012046164393415104
liquidity_to_flow,15,55,-0.011391260878455878
liquidity_to_flow,15,56,-0.016013072857952393
liquidity_to_flow,15,57,-0.01079568190304081
liquidity_to_flow,15,58,-0.01036700197215179
liquidity_to_flow,15,59,-0.012787144946021511
liquidity_to_flow,15,60,-0.012691466926835648
liquidity_to_flow,15,61,-0.012807062257191859
liquidity_to_flow,15,62,-0.011846539996971828
liquidity_to_flow,15,63,-0.012176561793704854
liquidity_to_flow,15,64,-0.014566378491912335
liquidity_to_flow,15,65,-0.011260334623457435
liquidity_to_flow,15,66,-0.013392734402807083
liquidity_to_flow,15,67,-0.00939978418794607
liquidity_to_flow,15,68,-0.013863230217496136
liquidity_to_flow,15,69,-0.010757336263277795
liquidity_to_flow,15,70,-0.012486965490670299
liquidity_to_flow,15,71,-0.01323524858568148
liquidity_to_flow,15,72,-0.011316877890352295
liquidity_to_flow,15,73,-0.011497051940134284
liquidity_to_flow,15,74,-0.015182453454858136
liquidity_to_flow,15,75,-0.01213501199210576
liquidity_to_flow,15,76,-0.011457782468696776
liquidity_to_flow,15,77,-0.013418365541530752
liquidity_to_flow,15,78,-0.013984014038700865
liquidity_to_flow,15,79,-0.01276294910211595
liquidity_to_flow,15,80,-0.010347750167484016
liquidity_to_flow,15,81,-0.014917195305207187
liquidity_to_flow,15,82,-0.014993082994927631
liquidity_to_flow,15,83,-0.011177220585619763
liquidity_to_flow,15,84,-0.01136111510203719
liquidity_to_flow,15,85,-0.0070528838193997245
liquidity_to_flow,15,86,-0.011462096624591522
liquidity_to_flow,15,87,-0.01038373638091361
liquidity_to_flow,15,88,-0.014078383042751108
liquidity_to_flow,15,89,-0.012664952295809329
liquidity_to_flow,15,90,-0.010704025550295704
liquidity_to_flow,15,91,-0.010803997468650905
liquidity_to_flow,15,92,-0.011399085622673333
liquidity_to_flow,15,93,-0.011092709925316857
liquidity_to_flow,15,94,-0.01269772392571955
liquidity_to_flow,15,95,-0.007679809459671061
liquidity_to_flow,15,96,-0.012487423148840993
liquidity_to_flow,15,97,-0.009412355279609486
liquidity_to_flow,15,98,-0.013575923809756585
liquidity_to_flow,15,99,-0.011222966838599469
liquidity_to_flow,15,100,-0.011621483354992579
liquidity_to_flow,15,101,-0.011807969103069915
liquidity_to_flow,15,102,-0.012404918576283563
liquidity_to_flow,15,103,-0.012788281849454242
liquidity_to_flow,15,104,-0.011995451216401776
liquidity_to_flow,15,105,-0.01250631360233645
liquidity_to_flow,15,106,-0.012805398053453487
liquidity_to_flow,15,107,-0.012709440638947855
liquidity_to_flow,15,108,-0.015804203266899686
liquidity_to_flow,15,109,-0.016263863729814254
liquidity_to_flow,15,110,-0.009735038190072931
liquidity_to_flow,15,111,-0.0152538265062383
liquidity_to_flow,15,112,-0.011512322438456124
liquidity_to_flow,15,113,-0.014007795456434602
liquidity_to_flow,15,114,-0.010548570212062014
liquidity_to_flow,15,115,-0.010203935163848321
liquidity_to_flow,15,116,-0.007798804507686885
liquidity_to_flow,15,117,-0.013808721267976054
liquidity_to_flow,15,118,-0.01331483839814318
liquidity_to_flow,15,119,-0.01231172338707065
liquidity_to_flow,15,120,-0.015124817930065593
liquidity_to_flow,15,121,-0.010939751137220677
liquidity_to_flow,15,122,-0.011215136439861828
liquidity_to_flow,15,123,-0.017092681044219127
liquidity_to_flow,15,124,-0.012408145458875364
liquidity_to_flow,15,125,-0.015195592656545687
liquidity_to_flow,15,126,-0.009548621965081106
liquidity_to_flow,15,127,-0.00837621068603922
liquidity_to_flow,15,128,-0.009661625846580035
liquidity_to_flow,15,129,-0.013417107606679801
liquidity_to_flow,15,130,-0.01041546189268261
liquidity_to_flow,15,131,-0.01269108243360928
liquidity_to_flow,15,132,-0.014857035043439604
liquidity_to_flow,15,133,-0.012279624520632915
liquidity_to_flow,15,134,-0.014647920963503092
liquidity_to_flow,15,135,-0.014586373161319166
liquidity_to_flow,15,136,-0.009565540482877832
liquidity_to_flow,15,137,-0.010648208472473497
liquidity_to_flow,15,138,-0.014103558762766477
liquidity_to_flow,15,139,-0.01356743810233274
liquidity_to_flow,15,140,-0.013939806529921217
liquidity_to_flow,15,141,-0.012541918052267675
liquidity_to_flow,15,142,-0.013141897561227633
liquidity_to_flow,15,143,-0.012749639076896413
liquidity_to_flow,15,144,-0.014751189545826326
liquidity_to_flow,15,145,-0.011450648468096514
liquidity_to_flow,15,146,-0.01413257778195276
liquidity_to_flow,15,147,-0.011904161847259287
liquidity_to_flow,15,148,-0.011825760813471753
liquidity_to_flow,15,149,-0.013354218687222641
liquidity_to_flow,15,150,-0.008359417204406583
liquidity_to_flow,15,151,-0.008115117243337577
liquidity_to_flow,15,152,-0.012848435678646464
liquidity_to_flow,15,153,-0.013216663443427645
liquidity_to_flow,15,154,-0.011357587377352152
liquidity_to_flow,15,155,-0.008800169010336534
liquidity_to_flow,15,156,-0.01338450652550538
liquidity_to_flow,15,157,-0.014653142974785816
liquidity_to_flow,15,158,-0.012915712329321538
liquidity_to_flow,15,159,-0.013081577975833314
liquidity_to_flow,15,160,-0.013469281534093991
liquidity_to_flow,15,161,-0.01212457940722067
liquidity_to_flow,15,162,-0.013641776709332643
liquidity_to_flow,15,163,-0.009676603183716548
liquidity_to_flow,15,164,-0.013504505583726623
liquidity_to_flow,15,165,-0.011819219739979792
liquidity_to_flow,15,166,-0.01162262673058101
liquidity_to_flow,15,167,-0.011604201629915156
liquidity_to_flow,15,168,-0.010042265135176143
liquidity_to_flow,15,169,-0.007953419349744362
liquidity_to_flow,15,170,-0.013511481172203466
liquidity_to_flow,15,171,-0.010113536279680257
liquidity_to_flow,15,172,-0.011071632234177953
liquidity_to_flow,15,173,-0.01580196560684355
liquidity_to_flow,15,174,-0.011440881356648003
liquidity_to_flow,15,175,-0.013566232679140366
liquidity_to_flow,15,176,-0.013649230884891006
liquidity_to_flow,15,177,-0.014111640303855477
liquidity_to_flow,15,178,-0.010129222538992622
liquidity_to_flow,15,179,-0.010018121883831554
liquidity_to_flow,15,180,-0.012990120148695716
liquidity_to_flow,15,181,-0.01365253854293047
liquidity_to_flow,15,182,-0.013807741926503692
liquidity_to_flow,15,183,-0.012477474329747329
liquidity_to_flow,15,184,-0.013598905345602708
liquidity_to_flow,15,185,-0.012348601589225128
liquidity_to_flow,15,186,-0.008172350629817027
liquidity_to_flow,15,187,-0.010377612377676648
liquidity_to_flow,15,188,-0.014453968484255952
liquidity_to_flow,15,189,-0.011179298279959893
liquidity_to_flow,15,190,-0.01625088050154022
liquidity_to_flow,15,191,-0.012142621163530265
liquidity_to_flow,15,192,-0.013657260278302052
liquidity_to_flow,15,193,-0.009783461898598356
liquidity_to_flow,15,194,-0.012932529630894418
liquidity_to_flow,15,195,-0.014242889166588002
liquidity_to_flow,15,196,-0.016496353214053183
liquidity_to_flow,15,197,-0.0111541335713361
liquidity_to_flow,15,198,-0.011346481307178635
liquidity_to_flow,15,199,-0.010944717140864313
liquidity_to_flow,15,200,-0.011993347143206101
liquidity_to_flow,15,201,-0.01278492217469851
liquidity_to_flow,15,202,-0.012533236862068087
liquidity_to_flow,15,203,-0.010572800059075682
liquidity_to_flow,15,204,-0.01046162976818854
liquidity_to_flow,15,205,-0.012911385105481843
liquidity_to_flow,15,206,-0.016491063847439147
liquidity_to_flow,15,207,-0.01343184916553919
liquidity_to_flow,15,208,-0.012295745723955642
liquidity_to_flow,15,209,-0.011638415144766157
liquidity_to_flow,15,210,-0.014454984664767023
liquidity_to_flow,15,211,-0.013241608201082222
liquidity_to_flow,15,212,-0.01216394977046864
liquidity_to_flow,15,213,-0.012412469819815586
liquidity_to_flow,15,214,-0.011682009306459795
liquidity_to_flow,15,215,-0.0095691214504241
liquidity_to_flow,15,216,-0.0106034541446407
liquidity_to_flow,15,217,-0.01095171835417319
liquidity_to_flow,15,218,-0.013837016514643086
liquidity_to_flow,15,219,-0.01317774896275159
liquidity_to_flow,15,220,-0.011943883199625915
liquidity_to_flow,15,221,-0.009224752621123766
liquidity_to_flow,15,222,-0.015405535627565525
liquidity_to_flow,15,223,-0.01029398966005557
liquidity_to_flow,15,224,-0.013962766298841744
liquidity_to_flow,15,225,-0.01229642808990472
liquidity_to_flow,15,226,-0.01448618672831059
liquidity_to_flow,15,227,-0.013613856463137619
liquidity_to_flow,15,228,-0.010817198048721277
liquidity_to_flow,15,229,-0.015621266365327235
liquidity_to_flow,15,230,-0.012158140960162545
liquidity_to_flow,15,231,-0.012429451988398288
liquidity_to_flow,15,232,-0.010656864836111835
liquidity_to_flow,15,233,-0.012357647057544385
liquidity_to_flow,15,234,-0.011213282121541157
liquidity_to_flow,15,235,-0.014432297691973073
liquidity_to_flow,15,236,-0.010256521952427322
liquidity_to_flow,15,237,-0.011850341910891515
liquidity_to_flow,15,238,-0.015206614845782562
liquidity_to_flow,15,239,-0.013978694098669475
liquidity_to_flow,15,240,-0.010650682406929013
liquidity_to_flow,15,241,-0.01216142377966789
liquidity_to_flow,15,242,-0.011281306080803466
liquidity_to_flow,15,243,-0.01237803489444933
liquidity_to_flow,15,244,-0.01357765062409988
liquidity_to_flow,15,245,-0.0105051142897854
liquidity_to_flow,15,246,-0.013026136408594846
liquidity_to_flow,15,247,-0.012005870452061806
liquidity_to_flow,15,248,-0.014540759744146037
liquidity_to_flow,15,249,-0.010765601777151579
liquidity_to_flow,15,250,-0.01327096714454834
liquidity_to_flow,15,251,-0.008773082516576824
liquidity_to_flow,15,252,-0.014816924583617164
liquidity_to_flow,15,253,-0.01038140269939758
liquidity_to_flow,15,254,-0.010779756242358385
liquidity_to_flow,15,255,-0.011733774958344823
liquidity_to_flow,15,256,-0.012252950343044411
liquidity_to_flow,15,257,-0.00892193922531792
liquidity_to_flow,15,258,-0.011264295074730146
liquidity_to_flow,15,259,-0.0134022349271119
liquidity_to_flow,15,260,-0.012894980464778216
liquidity_to_flow,15,261,-0.006363329363030967
liquidity_to_flow,15,262,-0.011701818233136096
liquidity_to_flow,15,263,-0.013879795789890181
liquidity_to_flow,15,264,-0.014075857747242848
liquidity_to_flow,15,265,-0.010121689970552517
liquidity_to_flow,15,266,-0.01124006337050698
liquidity_to_flow,15,267,-0.013099252236860481
liquidity_to_flow,15,268,-0.011789592717779351
liquidity_to_flow,15,269,-0.00984145051347518
liquidity_to_flow,15,270,-0.013232997963603443
liquidity_to_flow,15,271,-0.016371664119848583
liquidity_to_flow,15,272,-0.00946196600956939
liquidity_to_flow,15,273,-0.015221936262818536
liquidity_to_flow,15,274,-0.01289993543679846
liquidity_to_flow,15,275,-0.012416593530582665
liquidity_to_flow,15,276,-0.014993371890754448
liquidity_to_flow,15,277,-0.015373519317377182
liquidity_to_flow,15,278,-0.015554086208499296
liquidity_to_flow,15,279,-0.014397157792331416
liquidity_to_flow,15,280,-0.013387133224668224
liquidity_to_flow,15,281,-0.013290549838913757
liquidity_to_flow,15,282,-0.013793098487392852
liquidity_to_flow,15,283,-0.016862253194849908
liquidity_to_flow,15,284,-0.015897442138200102
liquidity_to_flow,15,285,-0.012529810220509141
liquidity_to_flow,15,286,-0.012214785111293258
liquidity_to_flow,15,287,-0.01002286132741581
liquidity_to_flow,15,288,-0.013496269440268938
liquidity_to_flow,15,289,-0.014517730647547022
liquidity_to_flow,15,290,-0.012759174305328802
liquidity_to_flow,15,291,-0.014321230874194457
liquidity_to_flow,15,292,-0.011416292438936715
liquidity_to_flow,15,293,-0.013939557923555945
liquidity_to_flow,15,294,-0.011734891650482027
liquidity_to_flow,15,295,-0.013927242521898808
liquidity_to_flow,15,296,-0.01592583699305883
liquidity_to_flow,15,297,-0.014507392395892715
liquidity_to_flow,15,298,-0.012414729130460156
liquidity_to_flow,15,299,-0.012085612895192499
liquidity_to_flow,15,300,-0.01136538243505325
liquidity_to_flow,15,301,-0.015588093189366825
liquidity_to_flow,15,302,-0.009213218305060389
liquidity_to_flow,15,303,-0.011256082651458943
liquidity_to_flow,15,304,-0.01249445423703266
liquidity_to_flow,15,305,-0.013050911535381848
liquidity_to_flow,15,306,-0.01053161713639561
liquidity_to_flow,15,307,-0.018549124265401673
liquidity_to_flow,15,308,-0.012355633592521897
liquidity_to_flow,15,309,-0.010436236479420158
liquidity_to_flow,15,310,-0.013438531197134784
liquidity_to_flow,15,311,-0.011597547573704015
liquidity_to_flow,15,312,-0.009874626630067995
liquidity_to_flow,15,313,-0.013907456901719906
liquidity_to_flow,15,314,-0.012800007109907474
liquidity_to_flow,15,315,-0.013729636989362026
liquidity_to_flow,15,316,-0.012243125923445453
liquidity_to_flow,15,317,-0.01594287083346857
liquidity_to_flow,15,318,-0.010603459219169942
liquidity_to_flow,15,319,-0.011066746337929478
liquidity_to_flow,15,320,-0.01215188849873905
liquidity_to_flow,15,321,-0.012810640288440034
liquidity_to_flow,15,322,-0.016122938416230248
liquidity_to_flow,15,323,-0.010575945154787547
liquidity_to_flow,15,324,-0.009647456250787556
liquidity_to_flow,15,325,-0.01511057675485783
liquidity_to_flow,15,326,-0.009360824290770786
liquidity_to_flow,15,327,-0.012066932295295763
liquidity_to_flow,15,328,-0.015373632783345137
liquidity_to_flow,15,329,-0.010051531970284966
liquidity_to_flow,15,330,-0.014312243762421462
liquidity_to_flow,15,331,-0.011636378723381524
liquidity_to_flow,15,332,-0.013379907459490914
liquidity_to_flow,15,333,-0.014164906556858092
liquidity_to_flow,15,334,-0.011135026381760449
liquidity_to_flow,15,335,-0.01263063141812526
liquidity_to_flow,15,336,-0.012159150882431469
liquidity_to_flow,15,337,-0.011685130111414699
liquidity_to_flow,15,338,-0.008916369861790674
liquidity_to_flow,15,339,-0.013681792954496563
liquidity_to_flow,15,340,-0.014804058221575378
liquidity_to_flow,15,341,-0.013099721535179576
liquidity_to_flow,15,342,-0.010416474133343234
liquidity_to_flow,15,343,-0.012273726131505347
liquidity_to_flow,15,344,-0.010579586899115867
liquidity_to_flow,15,345,-0.01267724803351622
liquidity_to_flow,15,346,-0.01396613317292994
liquidity_to_flow,15,347,-0.011798428557904916
liquidity_to_flow,15,348,-0.008700468324576605
liquidity_to_flow,15,349,-0.014951222223524852
liquidity_to_flow,15,350,-0.010985867336386512
liquidity_to_flow,15,351,-0.01196295078573928
liquidity_to_flow,15,352,-0.011281765504645769
liquidity_to_flow,15,353,-0.014163174111894827
liquidity_to_flow,15,354,-0.01509164269094776
liquidity_to_flow,15,355,-0.015249564178059671
liquidity_to_flow,15,356,-0.01079827540548517
liquidity_to_flow,15,357,-0.011910691314082511
liquidity_to_flow,15,358,-0.013983871818504356
liquidity_to_flow,15,359,-0.013995713467835014
liquidity_to_flow,15,360,-0.013273726137826847
liquidity_to_flow,15,361,-0.011280261357615284
liquidity_to_flow,15,362,-0.013631939099959745
liquidity_to_flow,15,363,-0.01394209151657666
liquidity_to_flow,15,364,-0.009528951621531112
liquidity_to_flow,15,365,-0.011278821817889861
liquidity_to_flow,15,366,-0.012611174969141103
liquidity_to_flow,15,367,-0.014291116164665718
liquidity_to_flow,15,368,-0.014111154671553328
liquidity_to_flow,15,369,-0.01336801971509316
liquidity_to_flow,15,370,-0.01151649881865513
liquidity_to_flow,15,371,-0.012234162610350818
liquidity_to_flow,15,372,-0.011340864991936872
liquidity_to_flow,15,373,-0.010957265975236608
liquidity_to_flow,15,374,-0.015355723890347894
liquidity_to_flow,15,375,-0.015300713370726582
liquidity_to_flow,15,376,-0.013239905391041473
liquidity_to_flow,15,377,-0.012984808787821489
liquidity_to_flow,15,378,-0.010746536435329634
liquidity_to_flow,15,379,-0.015529335318303916
liquidity_to_flow,15,380,-0.01450755718020269
liquidity_to_flow,15,381,-0.006447800932784409
liquidity_to_flow,15,382,-0.015005967859000213
liquidity_to_flow,15,383,-0.010902416529340986
liquidity_to_flow,15,384,-0.012056154597516189
liquidity_to_flow,15,385,-0.015911704845452235
liquidity_to_flow,15,386,-0.01188841299034471
liquidity_to_flow,15,387,-0.014976553933600423
liquidity_to_flow,15,388,-0.014562993089338505
liquidity_to_flow,15,389,-0.011485345582641804
liquidity_to_flow,15,390,-0.011175066927185284
liquidity_to_flow,15,391,-0.0125015082996629
liquidity_to_flow,15,392,-0.010157155450330801
liquidity_to_flow,15,393,-0.014869339338564602
liquidity_to_flow,15,394,-0.015602552248323631
liquidity_to_flow,15,395,-0.013089631365826637
liquidity_to_flow,15,396,-0.010984558659346666
liquidity_to_flow,15,397,-0.012075146637692935
liquidity_to_flow,15,398,-0.010442176895238964
liquidity_to_flow,15,399,-0.013117237482457522
liquidity_to_flow,15,400,-0.012956099445172287
liquidity_to_flow,15,401,-0.013933132919926372
liquidity_to_flow,15,402,-0.016352729193711113
liquidity_to_flow,15,403,-0.013753703682118257
liquidity_to_flow,15,404,-0.00997151261216378
liquidity_to_flow,15,405,-0.010235573681915078
liquidity_to_flow,15,406,-0.01270957680536644
liquidity_to_flow,15,407,-0.01579065855287287
liquidity_to_flow,15,408,-0.010690903735129487
liquidity_to_flow,15,409,-0.012389079882731968
liquidity_to_flow,15,410,-0.013938514811125735
liquidity_to_flow,15,411,-0.012388468761716176
liquidity_to_flow,15,412,-0.011653179779269385
liquidity_to_flow,15,413,-0.015607549925451769
liquidity_to_flow,15,414,-0.015463497686376337
liquidity_to_flow,15,415,-0.009294171749406832
liquidity_to_flow,15,416,-0.009045536377970897
liquidity_to_flow,15,417,-0.013329760793545642
liquidity_to_flow,15,418,-0.011250563401038471
liquidity_to_flow,15,419,-0.015221814388923338
liquidity_to_flow,15,420,-0.013360255448444436
liquidity_to_flow,15,421,-0.013789929276244006
liquidity_to_flow,15,422,-0.01252809554596368
liquidity_to_flow,15,423,-0.009258395895558102
liquidity_to_flow,15,424,-0.014253912375067124
liquidity_to_flow,15,425,-0.007896515097221002
liquidity_to_flow,15,426,-0.010509388106812567
liquidity_to_flow,15,427,-0.012477774664950703
liquidity_to_flow,15,428,-0.013292290442927568
liquidity_to_flow,15,429,-0.01275361553069243
liquidity_to_flow,15,430,-0.012173556937083996
liquidity_to_flow,15,431,-0.010443158429781718
liquidity_to_flow,15,432,-0.01282589738655493
liquidity_to_flow,15,433,-0.011224676739182593
liquidity_to_flow,15,434,-0.011543842630999945
liquidity_to_flow,15,435,-0.0097934002223512
liquidity_to_flow,15,436,-0.013080113156871187
liquidity_to_flow,15,437,-0.015900338068001174
liquidity_to_flow,15,438,-0.013399204524396913
liquidity_to_flow,15,439,-0.010084872912379472
liquidity_to_flow,15,440,-0.011018109776268714
liquidity_to_flow,15,441,-0.013878904147525573
liquidity_to_flow,15,442,-0.012525010359642597
liquidity_to_flow,15,443,-0.013499543300775185
liquidity_to_flow,15,444,-0.00989175691835853
liquidity_to_flow,15,445,-0.011180274357249553
liquidity_to_flow,15,446,-0.012684223329350708
liquidity_to_flow,15,447,-0.011784969329721173
liquidity_to_flow,15,448,-0.01546961706826222
liquidity_to_flow,15,449,-0.014197263015108819
liquidity_to_flow,15,450,-0.013139684907438998
liquidity_to_flow,15,451,-0.01380336855590647
liquidity_to_flow,15,452,-0.01278074313192712
liquidity_to_flow,15,453,-0.011179908221014001
liquidity_to_flow,15,454,-0.01247472822714113
liquidity_to_flow,15,455,-0.012106809228338955
liquidity_to_flow,15,456,-0.010709005075528522
liquidity_to_flow,15,457,-0.015822494080241167
liquidity_to_flow,15,458,-0.014801621028725842
liquidity_to_flow,15,459,-0.013475059071808015
liquidity_to_flow,15,460,-0.008970301214470178
liquidity_to_flow,15,461,-0.011919486072942798
liquidity_to_flow,15,462,-0.015080785495464433
liquidity_to_flow,15,463,-0.011017017599627366
liquidity_to_flow,15,464,-0.014244204502041224
liquidity_to_flow,15,465,-0.009846687821086775
liquidity_to_flow,15,466,-0.013496920706970172
liquidity_to_flow,15,467,-0.010194652442401253
liquidity_to_flow,15,468,-0.01087752960757804
liquidity_to_flow,15,469,-0.015080001310248559
liquidity_to_flow,15,470,-0.012033877220377631
liquidity_to_flow,15,471,-0.015773435809560032
liquidity_to_flow,15,472,-0.011807475686795854
liquidity_to_flow,15,473,-0.01350958814299208
liquidity_to_flow,15,474,-0.009733456028186982
liquidity_to_flow,15,475,-0.01288555459373808
liquidity_to_flow,15,476,-0.011195905881066004
liquidity_to_flow,15,477,-0.011636238470925653
liquidity_to_flow,15,478,-0.012424946158783312
liquidity_to_flow,15,479,-0.00929783750471147
liquidity_to_flow,15,480,-0.012979397003617832
liquidity_to_flow,15,481,-0.0102984531070196
liquidity_to_flow,15,482,-0.013233678861196863
liquidity_to_flow,15,483,-0.00877409814938157
liquidity_to_flow,15,484,-0.01595138316519673
liquidity_to_flow,15,485,-0.01033103199091534
liquidity_to_flow,15,486,-0.01304188281646601
liquidity_to_flow,15,487,-0.010763654653898724
liquidity_to_flow,15,488,-0.012802321769825653
liquidity_to_flow,15,489,-0.010131840367046285
liquidity_to_flow,15,490,-0.012662276810785356
liquidity_to_flow,15,491,-0.012070469111026716
liquidity_to_flow,15,492,-0.009612494556523243
liquidity_to_flow,15,493,-0.013766613486823731
liquidity_to_flow,15,494,-0.01395904676473081
liquidity_to_flow,15,495,-0.010231620439152156
liquidity_to_flow,15,496,-0.011538287909679257
liquidity_to_flow,15,497,-0.015110737681162556
liquidity_to_flow,15,498,-0.013736560606558923
liquidity_to_flow,15,499,-0.015719488526654946
liquidity_to_flow,30,1,-0.018477947149329488
liquidity_to_flow,30,2,-0.014418184619209073
liquidity_to_flow,30,3,-0.011240851881718195
liquidity_to_flow,30,4,-0.01566549732518574
liquidity_to_flow,30,5,-0.016667567960210405
liquidity_to_flow,30,6,-0.017804120700149806
liquidity_to_flow,30,7,-0.0168954776717003
liquidity_to_flow,30,8,-0.013808074415015525
liquidity_to_flow,30,9,-0.02242977237744892
liquidity_to_flow,30,10,-0.018110118448771972
liquidity_to_flow,30,11,-0.010476319884539897
liquidity_to_flow,30,12,-0.01807162598754375
liquidity_to_flow,30,13,-0.019230724981839975
liquidity_to_flow,30,14,-0.019868917702317246
liquidity_to_flow,30,15,-0.013331314485386825
liquidity_to_flow,30,16,-0.016310411827012095
liquidity_to_flow,30,17,-0.021017491243189967
liquidity_to_flow,30,18,-0.013791809327961424
liquidity_to_flow,30,19,-0.014427252565228255
liquidity_to_flow,30,20,-0.015536854289445179
liquidity_to_flow,30,21,-0.01875646723443003
liquidity_to_flow,30,22,-0.014948312715650225
liquidity_to_flow,30,23,-0.01911390889762199
liquidity_to_flow,30,24,-0.01907787297505581
liquidity_to_flow,30,25,-0.017583042032554008
liquidity_to_flow,30,26,-0.017628211884308742
liquidity_to_flow,30,27,-0.01720407891039355
liquidity_to_flow,30,28,-0.015031310675622356
liquidity_to_flow,30,29,-0.01722267979351444
liquidity_to_flow,30,30,-0.02335791324313452
liquidity_to_flow,30,31,-0.017963563673890626
liquidity_to_flow,30,32,-0.013716628528439356
liquidity_to_flow,30,33,-0.01656064062341911
liquidity_to_flow,30,34,-0.01859243353261819
liquidity_to_flow,30,35,-0.012886267294958342
liquidity_to_flow,30,36,-0.0196134053460304
liquidity_to_flow,30,37,-0.015867159239997708
liquidity_to_flow,30,38,-0.01708616038719546
liquidity_to_flow,30,39,-0.017167522239796007
liquidity_to_flow,30,40,-0.02024016886754465
liquidity_to_flow,30,41,-0.013706417942051186
liquidity_to_flow,30,42,-0.01858872451684035
liquidity_to_flow,30,43,-0.018308059376234587
liquidity_to_flow,30,44,-0.01427166105856803
liquidity_to_flow,30,45,-0.0160359155556542
liquidity_to_flow,30,46,-0.020028719542080742
liquidity_to_flow,30,47,-0.01516958194623097
liquidity_to_flow,30,48,-0.01969811513773312
liquidity_to_flow,30,49,-0.020803016724375345
liquidity_to_flow,30,50,-0.012317749706761916
liquidity_to_flow,30,51,-0.018616430194943412
liquidity_to_flow,30,52,-0.01881479698462485
liquidity_to_flow,30,53,-0.017892331935055905
liquidity_to_flow,30,54,-0.014915884251697653
liquidity_to_flow,30,55,-0.018242140380081873
liquidity_to_flow,30,56,-0.018703707205990128
liquidity_to_flow,30,57,-0.013148597403527917
liquidity_to_flow,30,58,-0.013698457829569355
liquidity_to_flow,30,59,-0.015998339662450345
liquidity_to_flow,30,60,-0.020509865623796752
liquidity_to_flow,30,61,-0.020722270931525122
liquidity_to_flow,30,62,-0.016548392570742365
liquidity_to_flow,30,63,-0.011926516715775604
liquidity_to_flow,30,64,-0.01568980487729066
liquidity_to_flow,30,65,-0.01940987140753836
liquidity_to_flow,30,66,-0.017964699433497433
liquidity_to_flow,30,67,-0.01886921781136275
liquidity_to_flow,30,68,-0.01823461022711559
liquidity_to_flow,30,69,-0.022177518091162973
liquidity_to_flow,30,70,-0.013939018559830707
liquidity_to_flow,30,71,-0.016686225896904494
liquidity_to_flow,30,72,-0.01604796023970345
liquidity_to_flow,30,73,-0.016381600684014952
liquidity_to_flow,30,74,-0.016717796943280572
liquidity_to_flow,30,75,-0.02109152632485989
liquidity_to_flow,30,76,-0.017714629092207224
liquidity_to_flow,30,77,-0.019653328232758893
liquidity_to_flow,30,78,-0.018511357580218712
liquidity_to_flow,30,79,-0.017467534877753765
liquidity_to_flow,30,80,-0.015101477017073428
liquidity_to_flow,30,81,-0.016123168952802747
liquidity_to_flow,30,82,-0.016444428576178005
liquidity_to_flow,30,83,-0.017098286927917927
liquidity_to_flow,30,84,-0.012440728402566048
liquidity_to_flow,30,85,-0.018438745038910964
liquidity_to_flow,30,86,-0.02072707998147494
liquidity_to_flow,30,87,-0.01727719443614295
liquidity_to_flow,30,88,-0.01654089658800828
liquidity_to_flow,30,89,-0.015998874395963814
liquidity_to_flow,30,90,-0.01869054688073324
liquidity_to_flow,30,91,-0.019615316103393843
liquidity_to_flow,30,92,-0.012179721046160275
liquidity_to_flow,30,93,-0.01506551730549921
liquidity_to_flow,30,94,-0.01878574025944446
liquidity_to_flow,30,95,-0.02038664618956787
liquidity_to_flow,30,96,-0.016085180834357837
liquidity_to_flow,30,97,-0.01792364755009146
liquidity_to_flow,30,98,-0.018822409518653105
liquidity_to_flow,30,99,-0.018862318110691056
liquidity_to_flow,30,100,-0.016967981300122004
liquidity_to_flow,30,101,-0.017912982762178453
liquidity_to_flow,30,102,-0.018229565650809576
liquidity_to_flow,30,103,-0.01747203204508785
liquidity_to_flow,30,104,-0.018362659506995893
liquidity_to_flow,30,105,-0.018976176530350886
liquidity_to_flow,30,106,-0.01711891374543084
liquidity_to_flow,30,107,-0.01604064101411673
liquidity_to_flow,30,108,-0.016779672945910207
liquidity_to_flow,30,109,-0.021042079580847917
liquidity_to_flow,30,110,-0.019838225055874625
liquidity_to_flow,30,111,-0.01959786899905791
liquidity_to_flow,30,112,-0.019061525960934578
liquidity_to_flow,30,113,-0.014793658850061453
liquidity_to_flow,30,114,-0.017574333398350683
liquidity_to_flow,30,115,-0.01841645069655229
liquidity_to_flow,30,116,-0.01760010324549155
liquidity_to_flow,30,117,-0.017928424486333805
liquidity_to_flow,30,118,-0.015506215204980078
liquidity_to_flow,30,119,-0.02203099343738879
liquidity_to_flow,30,120,-0.016124365111406025
liquidity_to_flow,30,121,-0.01550454982978744
liquidity_to_flow,30,122,-0.014766019329708557
liquidity_to_flow,30,123,-0.016244432940233366
liquidity_to_flow,30,124,-0.018516444333047666
liquidity_to_flow,30,125,-0.0157842650889346
liquidity_to_flow,30,126,-0.02104322724311536
liquidity_to_flow,30,127,-0.01697999781006665
liquidity_to_flow,30,128,-0.01867815940322637
liquidity_to_flow,30,129,-0.014931440711429822
liquidity_to_flow,30,130,-0.0197947670944727
liquidity_to_flow,30,131,-0.01332621132373668
liquidity_to_flow,30,132,-0.012075154784990216
liquidity_to_flow,30,133,-0.017898808705882008
liquidity_to_flow,30,134,-0.021149159850085697
liquidity_to_flow,30,135,-0.01739893233345491
liquidity_to_flow,30,136,-0.019830524614902867
liquidity_to_flow,30,137,-0.014763151009181907
liquidity_to_flow,30,138,-0.01574211980845286
liquidity_to_flow,30,139,-0.01604807289233201
liquidity_to_flow,30,140,-0.018008589452455315
liquidity_to_flow,30,141,-0.012068771879484297
liquidity_to_flow,30,142,-0.01368542258009664
liquidity_to_flow,30,143,-0.018321387874089767
liquidity_to_flow,30,144,-0.019061985327396558
liquidity_to_flow,30,145,-0.01621759280396029
liquidity_to_flow,30,146,-0.016173179692278605
liquidity_to_flow,30,147,-0.015160403202003625
liquidity_to_flow,30,148,-0.018872217755460552
liquidity_to_flow,30,149,-0.01999939025830577
liquidity_to_flow,30,150,-0.01923160301229676
liquidity_to_flow,30,151,-0.017564031786698076
liquidity_to_flow,30,152,-0.015839988979060582
liquidity_to_flow,30,153,-0.019645505691186838
liquidity_to_flow,30,154,-0.01961170040501692
liquidity_to_flow,30,155,-0.018483829960133313
liquidity_to_flow,30,156,-0.017023165604742818
liquidity_to_flow,30,157,-0.015370550094318647
liquidity_to_flow,30,158,-0.01526685457367205
liquidity_to_flow,30,159,-0.01974127962444916
liquidity_to_flow,30,160,-0.017537329244265765
liquidity_to_flow,30,161,-0.016143862836471623
liquidity_to_flow,30,162,-0.017986288219266733
liquidity_to_flow,30,163,-0.013232984143450643
liquidity_to_flow,30,164,-0.015518845804980419
liquidity_to_flow,30,165,-0.014284579782118723
liquidity_to_flow,30,166,-0.018178770134713362
liquidity_to_flow,30,167,-0.0191689473164387
liquidity_to_flow,30,168,-0.018879265348028973
liquidity_to_flow,30,169,-0.020839522328077065
liquidity_to_flow,30,170,-0.01693961304625069
liquidity_to_flow,30,171,-0.017588113598237642
liquidity_to_flow,30,172,-0.016279328147741134
liquidity_to_flow,30,173,-0.01737825837153384
liquidity_to_flow,30,174,-0.017387852000930293
liquidity_to_flow,30,175,-0.01645969487094745
liquidity_to_flow,30,176,-0.021086247613067766
liquidity_to_flow,30,177,-0.018392761936397495
liquidity_to_flow,30,178,-0.016715056565634434
liquidity_to_flow,30,179,-0.014081173403481806
liquidity_to_flow,30,180,-0.017174145966054155
liquidity_to_flow,30,181,-0.018957815068705308
liquidity_to_flow,30,182,-0.018224023027650915
liquidity_to_flow,30,183,-0.01765729819450801
liquidity_to_flow,30,184,-0.020068683561426326
liquidity_to_flow,30,185,-0.020065932934181463
liquidity_to_flow,30,186,-0.018793225462566898
liquidity_to_flow,30,187,-0.021575196064167024
liquidity_to_flow,30,188,-0.01490132511810316
liquidity_to_flow,30,189,-0.019638351264098075
liquidity_to_flow,30,190,-0.016695997658043638
liquidity_to_flow,30,191,-0.01609228098232296
liquidity_to_flow,30,192,-0.01924279934303308
liquidity_to_flow,30,193,-0.01610419374883021
liquidity_to_flow,30,194,-0.021766342707347786
liquidity_to_flow,30,195,-0.01827804874045591
liquidity_to_flow,30,196,-0.0162917024031064
liquidity_to_flow,30,197,-0.020951982087194843
liquidity_to_flow,30,198,-0.016201871621627006
liquidity_to_flow,30,199,-0.017713709444379333
liquidity_to_flow,30,200,-0.016944116981245427
liquidity_to_flow,30,201,-0.01865744783783385
liquidity_to_flow,30,202,-0.015600592619989806
liquidity_to_flow,30,203,-0.017126371170696597
liquidity_to_flow,30,204,-0.02203938972811459
liquidity_to_flow,30,205,-0.01948647422331451
liquidity_to_flow,30,206,-0.01824306862914793
liquidity_to_flow,30,207,-0.01894850172301754
liquidity_to_flow,30,208,-0.014288051369009569
liquidity_to_flow,30,209,-0.015960335823541616
liquidity_to_flow,30,210,-0.020969259150383834
liquidity_to_flow,30,211,-0.01904129417956657
liquidity_to_flow,30,212,-0.015925719370041946
liquidity_to_flow,30,213,-0.014928821543340964
liquidity_to_flow,30,214,-0.014136544407176599
liquidity_to_flow,30,215,-0.01505354046689833
liquidity_to_flow,30,216,-0.019447856166500577
liquidity_to_flow,30,217,-0.012846612667056778
liquidity_to_flow,30,218,-0.01242584515122136
liquidity_to_flow,30,219,-0.017484157077574114
liquidity_to_flow,30,220,-0.016998760292864956
liquidity_to_flow,30,221,-0.013026145820814072
liquidity_to_flow,30,222,-0.015157605189946022
liquidity_to_flow,30,223,-0.014817779422676258
liquidity_to_flow,30,224,-0.017041453580641575
liquidity_to_flow,30,225,-0.016863097462494148
liquidity_to_flow,30,226,-0.017920303953297134
liquidity_to_flow,30,227,-0.015546717033344981
liquidity_to_flow,30,228,-0.018243737972996055
liquidity_to_flow,30,229,-0.021317156243917834
liquidity_to_flow,30,230,-0.01779210652387908
liquidity_to_flow,30,231,-0.019781005096168203
liquidity_to_flow,30,232,-0.016938741917819744
liquidity_to_flow,30,233,-0.02081151748507315
liquidity_to_flow,30,234,-0.016926534272698746
liquidity_to_flow,30,235,-0.01555469874013271
liquidity_to_flow,30,236,-0.01717669366733121
liquidity_to_flow,30,237,-0.015874981154810452
liquidity_to_flow,30,238,-0.013572104161704734
liquidity_to_flow,30,239,-0.018314806176855436
liquidity_to_flow,30,240,-0.017803277070115753
liquidity_to_flow,30,241,-0.013537963483674753
liquidity_to_flow,30,242,-0.01554778098610643
liquidity_to_flow,30,243,-0.017377416869014395
liquidity_to_flow,30,244,-0.016333906102391493
liquidity_to_flow,30,245,-0.014222827082176037
liquidity_to_flow,30,246,-0.01668879500304654
liquidity_to_flow,30,247,-0.014777365043916912
liquidity_to_flow,30,248,-0.014585607481660823
liquidity_to_flow,30,249,-0.01992882559441922
liquidity_to_flow,30,250,-0.015575645098776292
liquidity_to_flow,30,251,-0.021047715236777842
liquidity_to_flow,30,252,-0.017287372396671108
liquidity_to_flow,30,253,-0.017130307729762206
liquidity_to_flow,30,254,-0.015330978897583725
liquidity_to_flow,30,255,-0.015558088203052156
liquidity_to_flow,30,256,-0.019565939704727864
liquidity_to_flow,30,257,-0.01893557907540977
liquidity_to_flow,30,258,-0.016096869176839057
liquidity_to_flow,30,259,-0.015819598234692922
liquidity_to_flow,30,260,-0.016423562754608545
liquidity_to_flow,30,261,-0.01743945549578907
liquidity_to_flow,30,262,-0.021748747091012932
liquidity_to_flow,30,263,-0.017645825917925517
liquidity_to_flow,30,264,-0.016672712366792464
liquidity_to_flow,30,265,-0.013210867513446134
liquidity_to_flow,30,266,-0.01755757108164313
liquidity_to_flow,30,267,-0.015835792099109014
liquidity_to_flow,30,268,-0.016995152107173173
liquidity_to_flow,30,269,-0.017505240490995
liquidity_to_flow,30,270,-0.0173458269057174
liquidity_to_flow,30,271,-0.017847249801061782
liquidity_to_flow,30,272,-0.017796701116726155
liquidity_to_flow,30,273,-0.015566706913758832
liquidity_to_flow,30,274,-0.017793083584948688
liquidity_to_flow,30,275,-0.016056437296557258
liquidity_to_flow,30,276,-0.019352279303617825
liquidity_to_flow,30,277,-0.01766195997128439
liquidity_to_flow,30,278,-0.020188110546947025
liquidity_to_flow,30,279,-0.01780589823198775
liquidity_to_flow,30,280,-0.01693504266378465
liquidity_to_flow,30,281,-0.012352732023239055
liquidity_to_flow,30,282,-0.01786342440515587
liquidity_to_flow,30,283,-0.016895535108866433
liquidity_to_flow,30,284,-0.01674505000371629
liquidity_to_flow,30,285,-0.016784780074240002
liquidity_to_flow,30,286,-0.016599536297096984
liquidity_to_flow,30,287,-0.014398251582375732
liquidity_to_flow,30,288,-0.01566635411707451
liquidity_to_flow,30,289,-0.017512309510022694
liquidity_to_flow,30,290,-0.015861754444544074
liquidity_to_flow,30,291,-0.016383355935500887
liquidity_to_flow,30,292,-0.017695134208337793
liquidity_to_flow,30,293,-0.017096104104539878
liquidity_to_flow,30,294,-0.018238208097859587
liquidity_to_flow,30,295,-0.021029633447293028
liquidity_to_flow,30,296,-0.017041979846567967
liquidity_to_flow,30,297,-0.016618857206180504
liquidity_to_flow,30,298,-0.015015003292418783
liquidity_to_flow,30,299,-0.019065194912177175
liquidity_to_flow,30,300,-0.01706419963403083
liquidity_to_flow,30,301,-0.015441275779188413
liquidity_to_flow,30,302,-0.014756672731730758
liquidity_to_flow,30,303,-0.013068940547795949
liquidity_to_flow,30,304,-0.02130977792616373
liquidity_to_flow,30,305,-0.015603535191828666
liquidity_to_flow,30,306,-0.015882962805012113
liquidity_to_flow,30,307,-0.017611270869989593
liquidity_to_flow,30,308,-0.02131423529759746
liquidity_to_flow,30,309,-0.015167206532446409
liquidity_to_flow,30,310,-0.017496781105309944
liquidity_to_flow,30,311,-0.015004484523176265
liquidity_to_flow,30,312,-0.020529304690253047
liquidity_to_flow,30,313,-0.015075997484967685
liquidity_to_flow,30,314,-0.019697297048057116
liquidity_to_flow,30,315,-0.018874849581636655
liquidity_to_flow,30,316,-0.019455134733814106
liquidity_to_flow,30,317,-0.020991513563911823
liquidity_to_flow,30,318,-0.01664836711185802
liquidity_to_flow,30,319,-0.01843666386871612
liquidity_to_flow,30,320,-0.013544878334859733
liquidity_to_flow,30,321,-0.01858970725912057
liquidity_to_flow,30,322,-0.01257888118385675
liquidity_to_flow,30,323,-0.017396200485096047
liquidity_to_flow,30,324,-0.019026807857565498
liquidity_to_flow,30,325,-0.01739928587282047
liquidity_to_flow,30,326,-0.015900551609300928
liquidity_to_flow,30,327,-0.017094985652813532
liquidity_to_flow,30,328,-0.019758720788779716
liquidity_to_flow,30,329,-0.016003473872411522
liquidity_to_flow,30,330,-0.018504673949177652
liquidity_to_flow,30,331,-0.016742523034205536
liquidity_to_flow,30,332,-0.016762400655977894
liquidity_to_flow,30,333,-0.014274293026828921
liquidity_to_flow,30,334,-0.016002863873058493
liquidity_to_flow,30,335,-0.015151470274086032
liquidity_to_flow,30,336,-0.013637659308744166
liquidity_to_flow,30,337,-0.016738690482395624
liquidity_to_flow,30,338,-0.018126080932113098
liquidity_to_flow,30,339,-0.01675092877995077
liquidity_to_flow,30,340,-0.019011533571238637
liquidity_to_flow,30,341,-0.016747365775952705
liquidity_to_flow,30,342,-0.018787586883508345
liquidity_to_flow,30,343,-0.015476001543304418
liquidity_to_flow,30,344,-0.016994374661329026
liquidity_to_flow,30,345,-0.013437370863274234
liquidity_to_flow,30,346,-0.014449841551896325
liquidity_to_flow,30,347,-0.020914509909728984
liquidity_to_flow,30,348,-0.017132518002870967
liquidity_to_flow,30,349,-0.018973917362652193
liquidity_to_flow,30,350,-0.014291240061336419
liquidity_to_flow,30,351,-0.015418250664991806
liquidity_to_flow,30,352,-0.016031101039023277
liquidity_to_flow,30,353,-0.017434852846233362
liquidity_to_flow,30,354,-0.019025741403952967
liquidity_to_flow,30,355,-0.018533675927447035
liquidity_to_flow,30,356,-0.015259329756244666
liquidity_to_flow,30,357,-0.017335206759248045
liquidity_to_flow,30,358,-0.01595253109553041
liquidity_to_flow,30,359,-0.015344298844899962
liquidity_to_flow,30,360,-0.012923449421521571
liquidity_to_flow,30,361,-0.01976275291767382
liquidity_to_flow,30,362,-0.015879182335923447
liquidity_to_flow,30,363,-0.01574092030523211
liquidity_to_flow,30,364,-0.01565682564252624
liquidity_to_flow,30,365,-0.01485701637390724
liquidity_to_flow,30,366,-0.016575636434861485
liquidity_to_flow,30,367,-0.017988200182321723
liquidity_to_flow,30,368,-0.01728676859196132
liquidity_to_flow,30,369,-0.0200927976242522
liquidity_to_flow,30,370,-0.0210449027843016
liquidity_to_flow,30,371,-0.019573046939974637
liquidity_to_flow,30,372,-0.01737656749393146
liquidity_to_flow,30,373,-0.018486425360097147
liquidity_to_flow,30,374,-0.02153859604317132
liquidity_to_flow,30,375,-0.016494246389988865
liquidity_to_flow,30,376,-0.015705783367133463
liquidity_to_flow,30,377,-0.01697499121496726
liquidity_to_flow,30,378,-0.018689538296981834
liquidity_to_flow,30,379,-0.01708238288520514
liquidity_to_flow,30,380,-0.019595967620236188
liquidity_to_flow,30,381,-0.016749527247379437
liquidity_to_flow,30,382,-0.017137919854049555
liquidity_to_flow,30,383,-0.017774726240771255
liquidity_to_flow,30,384,-0.014212575134145311
liquidity_to_flow,30,385,-0.022942195705114132
liquidity_to_flow,30,386,-0.01853187298290182
liquidity_to_flow,30,387,-0.017931483941938664
liquidity_to_flow,30,388,-0.013182884821147267
liquidity_to_flow,30,389,-0.016291616627273076
liquidity_to_flow,30,390,-0.013235501558325202
liquidity_to_flow,30,391,-0.014974131534339241
liquidity_to_flow,30,392,-0.018003989457145098
liquidity_to_flow,30,393,-0.018057616432477053
liquidity_to_flow,30,394,-0.016711392567886563
liquidity_to_flow,30,395,-0.014867926777573315
liquidity_to_flow,30,396,-0.022060549877363833
liquidity_to_flow,30,397,-0.014698641742878715
liquidity_to_flow,30,398,-0.019573926834782762
liquidity_to_flow,30,399,-0.01537103686522201
liquidity_to_flow,30,400,-0.01725967950850249
liquidity_to_flow,30,401,-0.016385639439418398
liquidity_to_flow,30,402,-0.01776474428206365
liquidity_to_flow,30,403,-0.01592512114072031
liquidity_to_flow,30,404,-0.016978653861635662
liquidity_to_flow,30,405,-0.01729237767795655
liquidity_to_flow,30,406,-0.016924272783064298
liquidity_to_flow,30,407,-0.015825551616136968
liquidity_to_flow,30,408,-0.012140559108623439
liquidity_to_flow,30,409,-0.01721704188637263
liquidity_to_flow,30,410,-0.014354083445774712
liquidity_to_flow,30,411,-0.020638069604637987
liquidity_to_flow,30,412,-0.014370107525697007
liquidity_to_flow,30,413,-0.020250422559011216
liquidity_to_flow,30,414,-0.015193522893098166
liquidity_to_flow,30,415,-0.015868736836705866
liquidity_to_flow,30,416,-0.019252011015682413
liquidity_to_flow,30,417,-0.01715830348961278
liquidity_to_flow,30,418,-0.018771335161528624
liquidity_to_flow,30,419,-0.01656962010823282
liquidity_to_flow,30,420,-0.015000296554499082
liquidity_to_flow,30,421,-0.017548436205592877
liquidity_to_flow,30,422,-0.01979349349352244
liquidity_to_flow,30,423,-0.017494388580676867
liquidity_to_flow,30,424,-0.018222560494645323
liquidity_to_flow,30,425,-0.019740200587704537
liquidity_to_flow,30,426,-0.011512430647473204
liquidity_to_flow,30,427,-0.017564141939801603
liquidity_to_flow,30,428,-0.019065368056381926
liquidity_to_flow,30,429,-0.019364078953062247
liquidity_to_flow,30,430,-0.020876799903379872
liquidity_to_flow,30,431,-0.017765212708805267
liquidity_to_flow,30,432,-0.02036728485300432
liquidity_to_flow,30,433,-0.01563051531513482
liquidity_to_flow,30,434,-0.020344417043378638
liquidity_to_flow,30,435,-0.01413687061835156
liquidity_to_flow,30,436,-0.017793320812948377
liquidity_to_flow,30,437,-0.012276893287845203
liquidity_to_flow,30,438,-0.01706562792486066
liquidity_to_flow,30,439,-0.017545846906467544
liquidity_to_flow,30,440,-0.021493403879427886
liquidity_to_flow,30,441,-0.014132908838210945
liquidity_to_flow,30,442,-0.019097710514118793
liquidity_to_flow,30,443,-0.017042719614436486
liquidity_to_flow,30,444,-0.017470259462322835
liquidity_to_flow,30,445,-0.014606724990628761
liquidity_to_flow,30,446,-0.016617802488325673
liquidity_to_flow,30,447,-0.016972584515695166
liquidity_to_flow,30,448,-0.022532803326098305
liquidity_to_flow,30,449,-0.018206897572133895
liquidity_to_flow,30,450,-0.014342598452893762
liquidity_to_flow,30,451,-0.01790220707854595
liquidity_to_flow,30,452,-0.014693631793812445
liquidity_to_flow,30,453,-0.0166701158385405
liquidity_to_flow,30,454,-0.02043214973326002
liquidity_to_flow,30,455,-0.015510454336322033
liquidity_to_flow,30,456,-0.018234289363466827
liquidity_to_flow,30,457,-0.02080328794204056
liquidity_to_flow,30,458,-0.01891720030204591
liquidity_to_flow,30,459,-0.014699379190153739
liquidity_to_flow,30,460,-0.014993247150164368
liquidity_to_flow,30,461,-0.014429294624477729
liquidity_to_flow,30,462,-0.020093385580559175
liquidity_to_flow,30,463,-0.019326484534193833
liquidity_to_flow,30,464,-0.01853485315124681
liquidity_to_flow,30,465,-0.01740497123715179
liquidity_to_flow,30,466,-0.018965681580777716
liquidity_to_flow,30,467,-0.015453596835831584
liquidity_to_flow,30,468,-0.017562829926230927
liquidity_to_flow,30,469,-0.017841452212482345
liquidity_to_flow,30,470,-0.01931660094638943
liquidity_to_flow,30,471,-0.015566329605885887
liquidity_to_flow,30,472,-0.013688282154688869
liquidity_to_flow,30,473,-0.012716379522242471
liquidity_to_flow,30,474,-0.019900954928221415
liquidity_to_flow,30,475,-0.01707951877118119
liquidity_to_flow,30,476,-0.016909871243490082
liquidity_to_flow,30,477,-0.01709484888771362
liquidity_to_flow,30,478,-0.023252984647418096
liquidity_to_flow,30,479,-0.015686798561440618
liquidity_to_flow,30,480,-0.01614798725939548
liquidity_to_flow,30,481,-0.015371856489241553
liquidity_to_flow,30,482,-0.014813081030419895
liquidity_to_flow,30,483,-0.01862297889003317
liquidity_to_flow,30,484,-0.017598183986724525
liquidity_to_flow,30,485,-0.01913800859939374
liquidity_to_flow,30,486,-0.017308350932860206
liquidity_to_flow,30,487,-0.018878876438427783
liquidity_to_flow,30,488,-0.019998182174282952
liquidity_to_flow,30,489,-0.017006081855733823
liquidity_to_flow,30,490,-0.0178060810846703
liquidity_to_flow,30,491,-0.015125447570295991
liquidity_to_flow,30,492,-0.019945537531686597
liquidity_to_flow,30,493,-0.01836697074857585
liquidity_to_flow,30,494,-0.016241319713201863
liquidity_to_flow,30,495,-0.014970132800456781
liquidity_to_flow,30,496,-0.01950252583971923
liquidity_to_flow,30,497,-0.016710596387463417
liquidity_to_flow,30,498,-0.015676484749505004
liquidity_to_flow,30,499,-0.018016727514730047
liquidity_to_flow,60,1,-0.023051646580656726
liquidity_to_flow,60,2,-0.01594580365609377
liquidity_to_flow,60,3,-0.01788521301426904
liquidity_to_flow,60,4,-0.017817034074929072
liquidity_to_flow,60,5,-0.018175801271229863
liquidity_to_flow,60,6,-0.019866638902667155
liquidity_to_flow,60,7,-0.015280455100846968
liquidity_to_flow,60,8,-0.021270615982161623
liquidity_to_flow,60,9,-0.015034669327360195
liquidity_to_flow,60,10,-0.01673973804225448
liquidity_to_flow,60,11,-0.015345225772832816
liquidity_to_flow,60,12,-0.014199386260873359
liquidity_to_flow,60,13,-0.015275561731677767
liquidity_to_flow,60,14,-0.017968388123909884
liquidity_to_flow,60,15,-0.018416145289629426
liquidity_to_flow,60,16,-0.014908135684564172
liquidity_to_flow,60,17,-0.01727285147759039
liquidity_to_flow,60,18,-0.014105445745320688
liquidity_to_flow,60,19,-0.016353873200923408
liquidity_to_flow,60,20,-0.014497021568877555
liquidity_to_flow,60,21,-0.015981767185670792
liquidity_to_flow,60,22,-0.01605051779153044
liquidity_to_flow,60,23,-0.018264957492088785
liquidity_to_flow,60,24,-0.01845320337911427
liquidity_to_flow,60,25,-0.015246592767128586
liquidity_to_flow,60,26,-0.016462783705181394
liquidity_to_flow,60,27,-0.015210953178741882
liquidity_to_flow,60,28,-0.015308107608474897
liquidity_to_flow,60,29,-0.01759380804457522
liquidity_to_flow,60,30,-0.01666037943971599
liquidity_to_flow,60,31,-0.020912872243289193
liquidity_to_flow,60,32,-0.01669698124694441
liquidity_to_flow,60,33,-0.015648255637142006
liquidity_to_flow,60,34,-0.018681179185151997
liquidity_to_flow,60,35,-0.014693066217314144
liquidity_to_flow,60,36,-0.015199527472494312
liquidity_to_flow,60,37,-0.01781506661606258
liquidity_to_flow,60,38,-0.013915422891982887
liquidity_to_flow,60,39,-0.01856482466096976
liquidity_to_flow,60,40,-0.014636718004996885
liquidity_to_flow,60,41,-0.014287544238228644
liquidity_to_flow,60,42,-0.017222468985303996
liquidity_to_flow,60,43,-0.018644030754115803
liquidity_to_flow,60,44,-0.020064312345450475
liquidity_to_flow,60,45,-0.01475718008468263
liquidity_to_flow,60,46,-0.0194136121574342
liquidity_to_flow,60,47,-0.015482086155771846
liquidity_to_flow,60,48,-0.018009831170633595
liquidity_to_flow,60,49,-0.017823007384632827
liquidity_to_flow,60,50,-0.016294277150803227
liquidity_to_flow,60,51,-0.01635679123476197
liquidity_to_flow,60,52,-0.016199773796320427
liquidity_to_flow,60,53,-0.014391144500935038
liquidity_to_flow,60,54,-0.02138948653838857
liquidity_to_flow,60,55,-0.01668961012422754
liquidity_to_flow,60,56,-0.014848123242157563
liquidity_to_flow,60,57,-0.016334152594738693
liquidity_to_flow,60,58,-0.014078650219487399
liquidity_to_flow,60,59,-0.01806295091151111
liquidity_to_flow,60,60,-0.014464370262315951
liquidity_to_flow,60,61,-0.01846050112881037
liquidity_to_flow,60,62,-0.014946721540423535
liquidity_to_flow,60,63,-0.014524903096919228
liquidity_to_flow,60,64,-0.013804427685917275
liquidity_to_flow,60,65,-0.016811507618966104
liquidity_to_flow,60,66,-0.017719006084437883
liquidity_to_flow,60,67,-0.014461238614011496
liquidity_to_flow,60,68,-0.019139887378776255
liquidity_to_flow,60,69,-0.015353269802243164
liquidity_to_flow,60,70,-0.018736856657510792
liquidity_to_flow,60,71,-0.015368616966736415
liquidity_to_flow,60,72,-0.01819848158101922
liquidity_to_flow,60,73,-0.017858093950610554
liquidity_to_flow,60,74,-0.019835047971387798
liquidity_to_flow,60,75,-0.01581058478510533
liquidity_to_flow,60,76,-0.012542252987852942
liquidity_to_flow,60,77,-0.016163278450191942
liquidity_to_flow,60,78,-0.015270302282015091
liquidity_to_flow,60,79,-0.018389142669307246
liquidity_to_flow,60,80,-0.01719302748211149
liquidity_to_flow,60,81,-0.015312706752434346
liquidity_to_flow,60,82,-0.012850338371954484
liquidity_to_flow,60,83,-0.016113904968258153
liquidity_to_flow,60,84,-0.013618755655076864
liquidity_to_flow,60,85,-0.01535584159698189
liquidity_to_flow,60,86,-0.017754870412642676
liquidity_to_flow,60,87,-0.014430208495108676
liquidity_to_flow,60,88,-0.017127553857716693
liquidity_to_flow,60,89,-0.014879384111016414
liquidity_to_flow,60,90,-0.01685703625717605
liquidity_to_flow,60,91,-0.017573707060764443
liquidity_to_flow,60,92,-0.01611868018427054
liquidity_to_flow,60,93,-0.019911556039595713
liquidity_to_flow,60,94,-0.014048213661550069
liquidity_to_flow,60,95,-0.01783959871902896
liquidity_to_flow,60,96,-0.016069457031590018
liquidity_to_flow,60,97,-0.014070509556146638
liquidity_to_flow,60,98,-0.018197319330361728
liquidity_to_flow,60,99,-0.01593830304508148
liquidity_to_flow,60,100,-0.013467814630024666
liquidity_to_flow,60,101,-0.016031951656595878
liquidity_to_flow,60,102,-0.020125315729480953
liquidity_to_flow,60,103,-0.01742284258635096
liquidity_to_flow,60,104,-0.01278546034918171
liquidity_to_flow,60,105,-0.014629828034581127
liquidity_to_flow,60,106,-0.01316346503924426
liquidity_to_flow,60,107,-0.014986858784862944
liquidity_to_flow,60,108,-0.0179293337341353
liquidity_to_flow,60,109,-0.012961439697801946
liquidity_to_flow,60,110,-0.018426984187867035
liquidity_to_flow,60,111,-0.01806367253381591
liquidity_to_flow,60,112,-0.020294879985290226
liquidity_to_flow,60,113,-0.01208939321360436
liquidity_to_flow,60,114,-0.016677906357805083
liquidity_to_flow,60,115,-0.01576760888388118
liquidity_to_flow,60,116,-0.015441637815875042
liquidity_to_flow,60,117,-0.014044510781016983
liquidity_to_flow,60,118,-0.017153349001330476
liquidity_to_flow,60,119,-0.016776151665332417
liquidity_to_flow,60,120,-0.014755795734684662
liquidity_to_flow,60,121,-0.015660505255949975
liquidity_to_flow,60,122,-0.01526358235465608
liquidity_to_flow,60,123,-0.016624038738391356
liquidity_to_flow,60,124,-0.013379341354817553
liquidity_to_flow,60,125,-0.017305777171792602
liquidity_to_flow,60,126,-0.014354196229146465
liquidity_to_flow,60,127,-0.014880093714555453
liquidity_to_flow,60,128,-0.018892868942461893
liquidity_to_flow,60,129,-0.014692193684748611
liquidity_to_flow,60,130,-0.015129322981926041
liquidity_to_flow,60,131,-0.02172838819979539
liquidity_to_flow,60,132,-0.015922054460190793
liquidity_to_flow,60,133,-0.019209653467604282
liquidity_to_flow,60,134,-0.01527705381940958
liquidity_to_flow,60,135,-0.012418705558104648
liquidity_to_flow,60,136,-0.016867678008823717
liquidity_to_flow,60,137,-0.013402026600918271
liquidity_to_flow,60,138,-0.015783938607641712
liquidity_to_flow,60,139,-0.017820741439090293
liquidity_to_flow,60,140,-0.01632636115919306
liquidity_to_flow,60,141,-0.01604478385362107
liquidity_to_flow,60,142,-0.018935956571152657
liquidity_to_flow,60,143,-0.01920703976201099
liquidity_to_flow,60,144,-0.01642200954323081
liquidity_to_flow,60,145,-0.014995045986628819
liquidity_to_flow,60,146,-0.016777502955771295
liquidity_to_flow,60,147,-0.017695973548486954
liquidity_to_flow,60,148,-0.01975763554953658
liquidity_to_flow,60,149,-0.015028239082484296
liquidity_to_flow,60,150,-0.01456630130676273
liquidity_to_flow,60,151,-0.016953699354390395
liquidity_to_flow,60,152,-0.01608306524923231
liquidity_to_flow,60,153,-0.014834835104261535
liquidity_to_flow,60,154,-0.01443803762714313
liquidity_to_flow,60,155,-0.016414193234536967
liquidity_to_flow,60,156,-0.012625441725864217
liquidity_to_flow,60,157,-0.013546656161181891
liquidity_to_flow,60,158,-0.01648829115046535
liquidity_to_flow,60,159,-0.013032836173034967
liquidity_to_flow,60,160,-0.018330096761340897
liquidity_to_flow,60,161,-0.013334694002558267
liquidity_to_flow,60,162,-0.014033608723641011
liquidity_to_flow,60,163,-0.017221090032720765
liquidity_to_flow,60,164,-0.0159553940256969
liquidity_to_flow,60,165,-0.018796029257392766
liquidity_to_flow,60,166,-0.020992340039953872
liquidity_to_flow,60,167,-0.012634111094864675
liquidity_to_flow,60,168,-0.016921332209473894
liquidity_to_flow,60,169,-0.01566704510209327
liquidity_to_flow,60,170,-0.018356641272472274
liquidity_to_flow,60,171,-0.01692835277362925
liquidity_to_flow,60,172,-0.014503174028387189
liquidity_to_flow,60,173,-0.01799063606630802
liquidity_to_flow,60,174,-0.01771430760907755
liquidity_to_flow,60,175,-0.018026428261583405
liquidity_to_flow,60,176,-0.01868600746472726
liquidity_to_flow,60,177,-0.021533633072052583
liquidity_to_flow,60,178,-0.015331798476174718
liquidity_to_flow,60,179,-0.015354440069679898
liquidity_to_flow,60,180,-0.01855636541969985
liquidity_to_flow,60,181,-0.0176016952964142
liquidity_to_flow,60,182,-0.01732199671789081
liquidity_to_flow,60,183,-0.017165079735063538
liquidity_to_flow,60,184,-0.017459048632149754
liquidity_to_flow,60,185,-0.01694845904441422
liquidity_to_flow,60,186,-0.016574210410623014
liquidity_to_flow,60,187,-0.01507506050861429
liquidity_to_flow,60,188,-0.014404758598137057
liquidity_to_flow,60,189,-0.013226578348314089
liquidity_to_flow,60,190,-0.013971040091267373
liquidity_to_flow,60,191,-0.016439271801253152
liquidity_to_flow,60,192,-0.014769927519333148
liquidity_to_flow,60,193,-0.01932745535164604
liquidity_to_flow,60,194,-0.017571649718636007
liquidity_to_flow,60,195,-0.012082796592252087
liquidity_to_flow,60,196,-0.018844496681494682
liquidity_to_flow,60,197,-0.014030565645225535
liquidity_to_flow,60,198,-0.01511357445256567
liquidity_to_flow,60,199,-0.01783624490520208
liquidity_to_flow,60,200,-0.01906038351703976
liquidity_to_flow,60,201,-0.0139898403899259
liquidity_to_flow,60,202,-0.016973403999486658
liquidity_to_flow,60,203,-0.016947173368233148
liquidity_to_flow,60,204,-0.013754915992870487
liquidity_to_flow,60,205,-0.018416879419020038
liquidity_to_flow,60,206,-0.018157234951252654
liquidity_to_flow,60,207,-0.015387969533416479
liquidity_to_flow,60,208,-0.019893654354801393
liquidity_to_flow,60,209,-0.01962147614470444
liquidity_to_flow,60,210,-0.0147016367391275
liquidity_to_flow,60,211,-0.013692527329735027
liquidity_to_flow,60,212,-0.019751688625742503
liquidity_to_flow,60,213,-0.015388296693869208
liquidity_to_flow,60,214,-0.01620068531974872
liquidity_to_flow,60,215,-0.016819089847589064
liquidity_to_flow,60,216,-0.014853761328780468
liquidity_to_flow,60,217,-0.012919617429684616
liquidity_to_flow,60,218,-0.015937810423990673
liquidity_to_flow,60,219,-0.01821406944939108
liquidity_to_flow,60,220,-0.01523924869022375
liquidity_to_flow,60,221,-0.014857553969240822
liquidity_to_flow,60,222,-0.015511612663394736
liquidity_to_flow,60,223,-0.015133755941759919
liquidity_to_flow,60,224,-0.014882161803347005
liquidity_to_flow,60,225,-0.019660988788560818
liquidity_to_flow,60,226,-0.016053116596202566
liquidity_to_flow,60,227,-0.015791525166479303
liquidity_to_flow,60,228,-0.01895727031158234
liquidity_to_flow,60,229,-0.012416644812930366
liquidity_to_flow,60,230,-0.012256007053054185
liquidity_to_flow,60,231,-0.016448992738257173
liquidity_to_flow,60,232,-0.017133300212078817
liquidity_to_flow,60,233,-0.01848006944547609
liquidity_to_flow,60,234,-0.01906841866065223
liquidity_to_flow,60,235,-0.016057163905036198
liquidity_to_flow,60,236,-0.020727990793815376
liquidity_to_flow,60,237,-0.017178974126083046
liquidity_to_flow,60,238,-0.016037242210385383
liquidity_to_flow,60,239,-0.015592466956417805
liquidity_to_flow,60,240,-0.01787057617071386
liquidity_to_flow,60,241,-0.015318412660593417
liquidity_to_flow,60,242,-0.016907090623576204
liquidity_to_flow,60,243,-0.017667688910637303
liquidity_to_flow,60,244,-0.015651028672853062
liquidity_to_flow,60,245,-0.015357119813356634
liquidity_to_flow,60,246,-0.014998355686965503
liquidity_to_flow,60,247,-0.01545873594723135
liquidity_to_flow,60,248,-0.01649082762342058
liquidity_to_flow,60,249,-0.018402381210759877
liquidity_to_flow,60,250,-0.017770325464478987
liquidity_to_flow,60,251,-0.015203408555487963
liquidity_to_flow,60,252,-0.017946677939680633
liquidity_to_flow,60,253,-0.02020052778142234
liquidity_to_flow,60,254,-0.01912029528108028
liquidity_to_flow,60,255,-0.018918932627077112
liquidity_to_flow,60,256,-0.01658920947539344
liquidity_to_flow,60,257,-0.016944233282819576
liquidity_to_flow,60,258,-0.015196203897501759
liquidity_to_flow,60,259,-0.011648653193193192
liquidity_to_flow,60,260,-0.017277216760065217
liquidity_to_flow,60,261,-0.015824745679664076
liquidity_to_flow,60,262,-0.014302007075626344
liquidity_to_flow,60,263,-0.014973761102742511
liquidity_to_flow,60,264,-0.01719721984664946
liquidity_to_flow,60,265,-0.01442604101616185
liquidity_to_flow,60,266,-0.016984996394932894
liquidity_to_flow,60,267,-0.017942997291295004
liquidity_to_flow,60,268,-0.014428723555843126
liquidity_to_flow,60,269,-0.015758085124239596
liquidity_to_flow,60,270,-0.015004832015329539
liquidity_to_flow,60,271,-0.013450634376681814
liquidity_to_flow,60,272,-0.01867194346863399
liquidity_to_flow,60,273,-0.017891815124684296
liquidity_to_flow,60,274,-0.017626521621296076
liquidity_to_flow,60,275,-0.014642531342730747
liquidity_to_flow,60,276,-0.012751310686948125
liquidity_to_flow,60,277,-0.01561186465744635
liquidity_to_flow,60,278,-0.015418733445945021
liquidity_to_flow,60,279,-0.014738453585958045
liquidity_to_flow,60,280,-0.015218346968106422
liquidity_to_flow,60,281,-0.019582563677146725
liquidity_to_flow,60,282,-0.016432892047055336
liquidity_to_flow,60,283,-0.016083506527305058
liquidity_to_flow,60,284,-0.017534357016041335
liquidity_to_flow,60,285,-0.01527598261302332
liquidity_to_flow,60,286,-0.01437722339954628
liquidity_to_flow,60,287,-0.013793867459362286
liquidity_to_flow,60,288,-0.01649814846550579
liquidity_to_flow,60,289,-0.018594617852900175
liquidity_to_flow,60,290,-0.015695430091386076
liquidity_to_flow,60,291,-0.014880935566547127
liquidity_to_flow,60,292,-0.012518473903211369
liquidity_to_flow,60,293,-0.016193848633512475
liquidity_to_flow,60,294,-0.016141657412760635
liquidity_to_flow,60,295,-0.01853914680626434
liquidity_to_flow,60,296,-0.01479629896465151
liquidity_to_flow,60,297,-0.017334892709934602
liquidity_to_flow,60,298,-0.018756989146817116
liquidity_to_flow,60,299,-0.01543609534658863
liquidity_to_flow,60,300,-0.016343851976962087
liquidity_to_flow,60,301,-0.015275290838198119
liquidity_to_flow,60,302,-0.017638239270485467
liquidity_to_flow,60,303,-0.016896403277821825
liquidity_to_flow,60,304,-0.01704977560066534
liquidity_to_flow,60,305,-0.01904592319492804
liquidity_to_flow,60,306,-0.016740951407922866
liquidity_to_flow,60,307,-0.0148064198180331
liquidity_to_flow,60,308,-0.01541656667401381
liquidity_to_flow,60,309,-0.017259589607232284
liquidity_to_flow,60,310,-0.017762362029396073
liquidity_to_flow,60,311,-0.014508202727619768
liquidity_to_flow,60,312,-0.018710142022934306
liquidity_to_flow,60,313,-0.013400532851316926
liquidity_to_flow,60,314,-0.015464761794861781
liquidity_to_flow,60,315,-0.019899417357650773
liquidity_to_flow,60,316,-0.01342787309446547
liquidity_to_flow,60,317,-0.021007115833099332
liquidity_to_flow,60,318,-0.014026825628200124
liquidity_to_flow,60,319,-0.01541273140895072
liquidity_to_flow,60,320,-0.014861933916131553
liquidity_to_flow,60,321,-0.01766202180432974
liquidity_to_flow,60,322,-0.016521690058226124
liquidity_to_flow,60,323,-0.01472008171123318
liquidity_to_flow,60,324,-0.02282238404046888
liquidity_to_flow,60,325,-0.020921809192071317
liquidity_to_flow,60,326,-0.017998709533821877
liquidity_to_flow,60,327,-0.019274128619762187
liquidity_to_flow,60,328,-0.014576857584238212
liquidity_to_flow,60,329,-0.013225708064803054
liquidity_to_flow,60,330,-0.018411662218498437
liquidity_to_flow,60,331,-0.017921121599074885
liquidity_to_flow,60,332,-0.01408864348741834
liquidity_to_flow,60,333,-0.014131080060378887
liquidity_to_flow,60,334,-0.015416537182105117
liquidity_to_flow,60,335,-0.017365711579069742
liquidity_to_flow,60,336,-0.016531955891329053
liquidity_to_flow,60,337,-0.017163006371400336
liquidity_to_flow,60,338,-0.015663564671608343
liquidity_to_flow,60,339,-0.01737307740954619
liquidity_to_flow,60,340,-0.014834218866913718
liquidity_to_flow,60,341,-0.014324473016965156
liquidity_to_flow,60,342,-0.014906264521753698
liquidity_to_flow,60,343,-0.016883944624813907
liquidity_to_flow,60,344,-0.015937569099235604
liquidity_to_flow,60,345,-0.015200391731900353
liquidity_to_flow,60,346,-0.01658909504321615
liquidity_to_flow,60,347,-0.012789119507635283
liquidity_to_flow,60,348,-0.0156628390466671
liquidity_to_flow,60,349,-0.023758598775124762
liquidity_to_flow,60,350,-0.014721121643034518
liquidity_to_flow,60,351,-0.01652972854455048
liquidity_to_flow,60,352,-0.0183979502031546
liquidity_to_flow,60,353,-0.017388743386862915
liquidity_to_flow,60,354,-0.016248150311763965
liquidity_to_flow,60,355,-0.016324584741833847
liquidity_to_flow,60,356,-0.019613751901488286
liquidity_to_flow,60,357,-0.019187497583406543
liquidity_to_flow,60,358,-0.013421938192085925
liquidity_to_flow,60,359,-0.012926969743031647
liquidity_to_flow,60,360,-0.014218966491065688
liquidity_to_flow,60,361,-0.01870135263659689
liquidity_to_flow,60,362,-0.01703452372050207
liquidity_to_flow,60,363,-0.017533063978952823
liquidity_to_flow,60,364,-0.017709309745239432
liquidity_to_flow,60,365,-0.019788030530890177
liquidity_to_flow,60,366,-0.01683639455432373
liquidity_to_flow,60,367,-0.018952834383559658
liquidity_to_flow,60,368,-0.014668156203405669
liquidity_to_flow,60,369,-0.009578931144448521
liquidity_to_flow,60,370,-0.016065321694929136
liquidity_to_flow,60,371,-0.016340072039096043
liquidity_to_flow,60,372,-0.01966535182970386
liquidity_to_flow,60,373,-0.019199910508747253
liquidity_to_flow,60,374,-0.015674120656534063
liquidity_to_flow,60,375,-0.015287652643732663
liquidity_to_flow,60,376,-0.014753735624181141
liquidity_to_flow,60,377,-0.015765442807879948
liquidity_to_flow,60,378,-0.01458433740605658
liquidity_to_flow,60,379,-0.014856675736647063
liquidity_to_flow,60,380,-0.017228538597529708
liquidity_to_flow,60,381,-0.017772696813308064
liquidity_to_flow,60,382,-0.016858801039610682
liquidity_to_flow,60,383,-0.01696761116112455
liquidity_to_flow,60,384,-0.014179677315802053
liquidity_to_flow,60,385,-0.018994115601837613
liquidity_to_flow,60,386,-0.016265285523011874
liquidity_to_flow,60,387,-0.01434278244958831
liquidity_to_flow,60,388,-0.018210076587957813
liquidity_to_flow,60,389,-0.022509203650586285
liquidity_to_flow,60,390,-0.015173925771116537
liquidity_to_flow,60,391,-0.01448912180165629
liquidity_to_flow,60,392,-0.016810488399499723
liquidity_to_flow,60,393,-0.017284635054855224
liquidity_to_flow,60,394,-0.015481485478400447
liquidity_to_flow,60,395,-0.015167605672853801
liquidity_to_flow,60,396,-0.014988605651718556
liquidity_to_flow,60,397,-0.017305076989494017
liquidity_to_flow,60,398,-0.01389060267708997
liquidity_to_flow,60,399,-0.015644592125857892
liquidity_to_flow,60,400,-0.017302541007581995
liquidity_to_flow,60,401,-0.01567518634995224
liquidity_to_flow,60,402,-0.016666144684764683
liquidity_to_flow,60,403,-0.014598660608158065
liquidity_to_flow,60,404,-0.014600730500423653
liquidity_to_flow,60,405,-0.015365570073307744
liquidity_to_flow,60,406,-0.018530498833535747
liquidity_to_flow,60,407,-0.015592834142933443
liquidity_to_flow,60,408,-0.015615022636497278
liquidity_to_flow,60,409,-0.01905862921162993
liquidity_to_flow,60,410,-0.015149256292064095
liquidity_to_flow,60,411,-0.019827045783165076
liquidity_to_flow,60,412,-0.014722775935730237
liquidity_to_flow,60,413,-0.016146301108685535
liquidity_to_flow,60,414,-0.01881639775634758
liquidity_to_flow,60,415,-0.016254128108863952
liquidity_to_flow,60,416,-0.013137598888641966
liquidity_to_flow,60,417,-0.01345113213688287
liquidity_to_flow,60,418,-0.01991433025267564
liquidity_to_flow,60,419,-0.018498837187236772
liquidity_to_flow,60,420,-0.014321061126213896
liquidity_to_flow,60,421,-0.01605557037629657
liquidity_to_flow,60,422,-0.015387886179295318
liquidity_to_flow,60,423,-0.015614387733793977
liquidity_to_flow,60,424,-0.015254584595759457
liquidity_to_flow,60,425,-0.016970064540457797
liquidity_to_flow,60,426,-0.016029533840414834
liquidity_to_flow,60,427,-0.02076733918830964
liquidity_to_flow,60,428,-0.01809706546781853
liquidity_to_flow,60,429,-0.012014900016009689
liquidity_to_flow,60,430,-0.017301582388009162
liquidity_to_flow,60,431,-0.016851530200798326
liquidity_to_flow,60,432,-0.019500629977948325
liquidity_to_flow,60,433,-0.012641771070234231
liquidity_to_flow,60,434,-0.019221175584690497
liquidity_to_flow,60,435,-0.017545204239674872
liquidity_to_flow,60,436,-0.016456479774330735
liquidity_to_flow,60,437,-0.017893397727783755
liquidity_to_flow,60,438,-0.0180343658684059
liquidity_to_flow,60,439,-0.017759179077614595
liquidity_to_flow,60,440,-0.016413627031999223
liquidity_to_flow,60,441,-0.0163751127888887
liquidity_to_flow,60,442,-0.018054691988083293
liquidity_to_flow,60,443,-0.016551179484744383
liquidity_to_flow,60,444,-0.015584215960738002
liquidity_to_flow,60,445,-0.017721618268339068
liquidity_to_flow,60,446,-0.013524995559326625
liquidity_to_flow,60,447,-0.012633791034434516
liquidity_to_flow,60,448,-0.017063732557758282
liquidity_to_flow,60,449,-0.014655336593342616
liquidity_to_flow,60,450,-0.016950310327780382
liquidity_to_flow,60,451,-0.019280864961985777
liquidity_to_flow,60,452,-0.02004376620697279
liquidity_to_flow,60,453,-0.018361358183240695
liquidity_to_flow,60,454,-0.014803149932515858
liquidity_to_flow,60,455,-0.012994009138434404
liquidity_to_flow,60,456,-0.015431475319515275
liquidity_to_flow,60,457,-0.014626887761356011
liquidity_to_flow,60,458,-0.01745041385587265
liquidity_to_flow,60,459,-0.016890786266411606
liquidity_to_flow,60,460,-0.016100962813818676
liquidity_to_flow,60,461,-0.012090410215472192
liquidity_to_flow,60,462,-0.019443520920078727
liquidity_to_flow,60,463,-0.013501594072740764
liquidity_to_flow,60,464,-0.01817659589794718
liquidity_to_flow,60,465,-0.017076821148573673
liquidity_to_flow,60,466,-0.015873222594546155
liquidity_to_flow,60,467,-0.01754569622826896
liquidity_to_flow,60,468,-0.015989206276973533
liquidity_to_flow,60,469,-0.017004843262909297
liquidity_to_flow,60,470,-0.01413365458816851
liquidity_to_flow,60,471,-0.015625270639440858
liquidity_to_flow,60,472,-0.012311037512443779
liquidity_to_flow,60,473,-0.013149007542600621
liquidity_to_flow,60,474,-0.015710939870158924
liquidity_to_flow,60,475,-0.018467954234752115
liquidity_to_flow,60,476,-0.017169778467040375
liquidity_to_flow,60,477,-0.012631592486432863
liquidity_to_flow,60,478,-0.014510452706165244
liquidity_to_flow,60,479,-0.019191661363873846
liquidity_to_flow,60,480,-0.01571469825544991
liquidity_to_flow,60,481,-0.01954262504407933
liquidity_to_flow,60,482,-0.01711245368625902
liquidity_to_flow,60,483,-0.015213079436784405
liquidity_to_flow,60,484,-0.01287584693184396
liquidity_to_flow,60,485,-0.018345026638269868
liquidity_to_flow,60,486,-0.020691294642969593
liquidity_to_flow,60,487,-0.019013607748295414
liquidity_to_flow,60,488,-0.01627055216277462
liquidity_to_flow,60,489,-0.017530698128076727
liquidity_to_flow,60,490,-0.015501474826791872
liquidity_to_flow,60,491,-0.016152189724262245
liquidity_to_flow,60,492,-0.013610583521408426
liquidity_to_flow,60,493,-0.016903259830034045
liquidity_to_flow,60,494,-0.02020471944927582
liquidity_to_flow,60,495,-0.014317858259470073
liquidity_to_flow,60,496,-0.016734345029592035
liquidity_to_flow,60,497,-0.02208667210972992
liquidity_to_flow,60,498,-0.018971580446941916
liquidity_to_flow,60,499,-0.01918775723554811
flow_to_liquidity,15,1,0.0020201454388809603
flow_to_liquidity,15,2,0.0023426596157484214
flow_to_liquidity,15,3,0.0019501625583075999
flow_to_liquidity,15,4,0.0025756706199622226
flow_to_liquidity,15,5,0.0008198620554011882
flow_to_liquidity,15,6,0.000808554951217455
flow_to_liquidity,15,7,0.00014408997597414874
flow_to_liquidity,15,8,0.00045748692848412986
flow_to_liquidity,15,9,0.001124016089133817
flow_to_liquidity,15,10,0.0001888929735661682
flow_to_liquidity,15,11,0.0007853265465468384
flow_to_liquidity,15,12,0.0025982957575801935
flow_to_liquidity,15,13,0.001379569416507187
flow_to_liquidity,15,14,0.0008378677214384567
flow_to_liquidity,15,15,0.002124052797174425
flow_to_liquidity,15,16,0.001096313399868265
flow_to_liquidity,15,17,0.0005046802151759122
flow_to_liquidity,15,18,0.0014389461356629774
flow_to_liquidity,15,19,0.0008499809544252335
flow_to_liquidity,15,20,-0.000821221170046238
flow_to_liquidity,15,21,0.001972634493972114
flow_to_liquidity,15,22,0.0005743040062268223
flow_to_liquidity,15,23,-6.131430483136135e-05
flow_to_liquidity,15,24,0.0008106758626298394
flow_to_liquidity,15,25,9.564567677644575e-06
flow_to_liquidity,15,26,0.001725280714894084
flow_to_liquidity,15,27,0.0009999749494163934
flow_to_liquidity,15,28,0.0009205674772266859
flow_to_liquidity,15,29,-0.00011784334902587013
flow_to_liquidity,15,30,0.0011494729952846727
flow_to_liquidity,15,31,0.002200089750710177
flow_to_liquidity,15,32,0.001266186317518292
flow_to_liquidity,15,33,0.0022368614509968854
flow_to_liquidity,15,34,0.0006076937292471829
flow_to_liquidity,15,35,0.0026051528755862696
flow_to_liquidity,15,36,0.0014241351189162588
flow_to_liquidity,15,37,-0.0010218075154631023
flow_to_liquidity,15,38,0.0002951934477566365
flow_to_liquidity,15,39,0.00190169920855221
flow_to_liquidity,15,40,0.0008161660714872676
flow_to_liquidity,15,41,0.0026497615111299444
flow_to_liquidity,15,42,-0.0004459974343689055
flow_to_liquidity,15,43,0.0023673613269737936
flow_to_liquidity,15,44,0.00018356239409988984
flow_to_liquidity,15,45,-0.00034607826105448325
flow_to_liquidity,15,46,0.0018805764257002755
flow_to_liquidity,15,47,0.001840828504712233
flow_to_liquidity,15,48,0.0016233274915210538
flow_to_liquidity,15,49,0.0013521301088027515
flow_to_liquidity,15,50,0.001429599892271649
flow_to_liquidity,15,51,0.0018520639957754215
flow_to_liquidity,15,52,0.0011157283393037343
flow_to_liquidity,15,53,0.0006022364852961148
flow_to_liquidity,15,54,0.001702682097942776
flow_to_liquidity,15,55,0.0008397233365255996
flow_to_liquidity,15,56,0.0009791017230766919
flow_to_liquidity,15,57,6.694347665314737e-06
flow_to_liquidity,15,58,0.0008731523960977539
flow_to_liquidity,15,59,0.0011022666237694434
flow_to_liquidity,15,60,0.0005733322584612344
flow_to_liquidity,15,61,0.00023118587991022288
flow_to_liquidity,15,62,-0.0002780003756408522
flow_to_liquidity,15,63,0.0014951672005939498
flow_to_liquidity,15,64,-0.0005331597744377969
flow_to_liquidity,15,65,0.001061814903055902
flow_to_liquidity,15,66,0.0015155256296117692
flow_to_liquidity,15,67,0.0007504460755948239
flow_to_liquidity,15,68,0.0007531555525026601
flow_to_liquidity,15,69,0.0016547303481113662
flow_to_liquidity,15,70,-0.0001540369154862109
flow_to_liquidity,15,71,0.0009537798140388798
flow_to_liquidity,15,72,0.0017639382991494479
flow_to_liquidity,15,73,0.0033367741611632917
flow_to_liquidity,15,74,-0.0005704281639811182
flow_to_liquidity,15,75,0.0012022856027735784
flow_to_liquidity,15,76,0.001277756510990602
flow_to_liquidity,15,77,-0.0008145773093479747
flow_to_liquidity,15,78,-0.0003347790682817209
flow_to_liquidity,15,79,0.0009354827503347263
flow_to_liquidity,15,80,-0.00018121034510865108
flow_to_liquidity,15,81,0.002110515938671509
flow_to_liquidity,15,82,-0.0009490172073511882
flow_to_liquidity,15,83,0.001153428036332227
flow_to_liquidity,15,84,0.0019380226774035059
flow_to_liquidity,15,85,0.002151213948827002
flow_to_liquidity,15,86,0.0008079256596947859
flow_to_liquidity,15,87,0.0031327419892658304
flow_to_liquidity,15,88,0.0005143841421629824
flow_to_liquidity,15,89,0.00043068306089610875
flow_to_liquidity,15,90,0.001659482374233967
flow_to_liquidity,15,91,0.0008653852686290042
flow_to_liquidity,15,92,0.000528416360110584
flow_to_liquidity,15,93,-0.0005277340825726728
flow_to_liquidity,15,94,-0.00027349198348658454
flow_to_liquidity,15,95,0.000491519779246552
flow_to_liquidity,15,96,0.0014075768795238641
flow_to_liquidity,15,97,0.002213095994966663
flow_to_liquidity,15,98,0.0019969970637832013
flow_to_liquidity,15,99,0.0005193390847071377
flow_to_liquidity,15,100,0.0005053918392811108
flow_to_liquidity,15,101,-0.00016387048376409474
flow_to_liquidity,15,102,0.0010563594908039597
flow_to_liquidity,15,103,0.0015070639210794656
flow_to_liquidity,15,104,0.0005275131412876277
flow_to_liquidity,15,105,-0.0008270746440641741
flow_to_liquidity,15,106,0.00153528198486097
flow_to_liquidity,15,107,0.0008975678294368405
flow_to_liquidity,15,108,-0.00026521672806500973
flow_to_liquidity,15,109,-0.0005197618862538
flow_to_liquidity,15,110,0.0027032292562593208
flow_to_liquidity,15,111,0.002068316468251008
flow_to_liquidity,15,112,0.0017886180163617649
flow_to_liquidity,15,113,0.0010759813485251568
flow_to_liquidity,15,114,0.0010686039459328889
flow_to_liquidity,15,115,0.0011911775986328532
flow_to_liquidity,15,116,0.002100516013085918
flow_to_liquidity,15,117,0.0012711534487640508
flow_to_liquidity,15,118,0.001399502011765863
flow_to_liquidity,15,119,0.0005499703798479416
flow_to_liquidity,15,120,0.001349606723843766
flow_to_liquidity,15,121,9.274828043215333e-05
flow_to_liquidity,15,122,0.0032117918291320047
flow_to_liquidity,15,123,0.0005123134882901725
flow_to_liquidity,15,124,0.0017919264182593153
flow_to_liquidity,15,125,-0.0009040680284573277
flow_to_liquidity,15,126,0.0001561401793812589
flow_to_liquidity,15,127,0.0012308363408611855
flow_to_liquidity,15,128,-2.2946673930768213e-05
flow_to_liquidity,15,129,0.0008234099026482866
flow_to_liquidity,15,130,0.0004976196517074705
flow_to_liquidity,15,131,0.0003249489530889882
flow_to_liquidity,15,132,0.00033225924297719533
flow_to_liquidity,15,133,0.0017864683679782445
flow_to_liquidity,15,134,0.0005752995110618331
flow_to_liquidity,15,135,0.0008469280154940195
flow_to_liquidity,15,136,-9.180080568693683e-05
flow_to_liquidity,15,137,0.0001304355469090579
flow_to_liquidity,15,138,0.0013731309567330818
flow_to_liquidity,15,139,0.0010363755565878652
flow_to_liquidity,15,140,0.0010971329127430485
flow_to_liquidity,15,141,0.0012859750495570754
flow_to_liquidity,15,142,0.0009312569454267283
flow_to_liquidity,15,143,0.0005467177519781208
flow_to_liquidity,15,144,0.0010077838376523207
flow_to_liquidity,15,145,0.0009293819241898982
flow_to_liquidity,15,146,-0.0003905170288021065
flow_to_liquidity,15,147,0.0014538000928566719
flow_to_liquidity,15,148,0.003027253794369744
flow_to_liquidity,15,149,0.0017848406528282457
flow_to_liquidity,15,150,0.0007731576559122377
flow_to_liquidity,15,151,0.0016200627926405975
flow_to_liquidity,15,152,0.0006005030521734067
flow_to_liquidity,15,153,0.0007643280780013084
flow_to_liquidity,15,154,0.0002074605820742148
flow_to_liquidity,15,155,0.000306327977360521
flow_to_liquidity,15,156,0.002375768867173944
flow_to_liquidity,15,157,0.0017518589682450347
flow_to_liquidity,15,158,0.0014415017300536404
flow_to_liquidity,15,159,0.0011761927420648188
flow_to_liquidity,15,160,-5.3612182838946865e-05
flow_to_liquidity,15,161,0.0010208189784012278
flow_to_liquidity,15,162,-0.00033968648305315874
flow_to_liquidity,15,163,0.0011933350006488874
flow_to_liquidity,15,164,-0.0004049104176016005
flow_to_liquidity,15,165,0.0008591672125648486
flow_to_liquidity,15,166,0.0012519367616641297
flow_to_liquidity,15,167,0.002198021961166474
flow_to_liquidity,15,168,0.0011264004555822105
flow_to_liquidity,15,169,0.00211979695274378
flow_to_liquidity,15,170,0.0008004200131024319
flow_to_liquidity,15,171,1.1151135642428756e-05
flow_to_liquidity,15,172,-0.0009921462811679493
flow_to_liquidity,15,173,-5.272194267158525e-06
flow_to_liquidity,15,174,0.0004593645716657324
flow_to_liquidity,15,175,0.0005376875619631516
flow_to_liquidity,15,176,0.00046704419044207857
flow_to_liquidity,15,177,0.0011788245915318463
flow_to_liquidity,15,178,-0.0005884457600071613
flow_to_liquidity,15,179,0.002244284862153778
flow_to_liquidity,15,180,0.0007502489842691196
flow_to_liquidity,15,181,0.0025908247265475914
flow_to_liquidity,15,182,0.00037446400252461043
flow_to_liquidity,15,183,0.0016124807059352264
flow_to_liquidity,15,184,-4.475919564961295e-05
flow_to_liquidity,15,185,0.0007370067158928295
flow_to_liquidity,15,186,-0.0010485988560109405
flow_to_liquidity,15,187,0.0013028651392762436
flow_to_liquidity,15,188,0.0018896522321659726
flow_to_liquidity,15,189,0.0015166399173652811
flow_to_liquidity,15,190,0.0010515012234532106
flow_to_liquidity,15,191,-0.00033585587785567306
flow_to_liquidity,15,192,0.0006419233174946859
flow_to_liquidity,15,193,0.0012665626579994038
flow_to_liquidity,15,194,0.0017829853258592987
flow_to_liquidity,15,195,0.0023568996005807197
flow_to_liquidity,15,196,0.0008120126180205522
flow_to_liquidity,15,197,0.0008865327639840936
flow_to_liquidity,15,198,0.0008187734978392092
flow_to_liquidity,15,199,0.0008907925093228908
flow_to_liquidity,15,200,-2.1457252761925005e-05
flow_to_liquidity,15,201,0.001634968316781893
flow_to_liquidity,15,202,0.0002667562692678649
flow_to_liquidity,15,203,0.0010739137199486937
flow_to_liquidity,15,204,0.00044184659548451855
flow_to_liquidity,15,205,0.0013986616714088962
flow_to_liquidity,15,206,0.0019992080921882316
flow_to_liquidity,15,207,-0.00036462648055524127
flow_to_liquidity,15,208,-4.606037666055052e-05
flow_to_liquidity,15,209,0.0013868146122070213
flow_to_liquidity,15,210,0.0013037068953862807
flow_to_liquidity,15,211,0.002194017899069922
flow_to_liquidity,15,212,0.0017177875239530183
flow_to_liquidity,15,213,0.0008479725512854364
flow_to_liquidity,15,214,0.0014124042016214755
flow_to_liquidity,15,215,0.0005003878968048436
flow_to_liquidity,15,216,-0.0005036846980719378
flow_to_liquidity,15,217,0.0009997068482813232
flow_to_liquidity,15,218,0.00160967453285632
flow_to_liquidity,15,219,0.0019267742077180294
flow_to_liquidity,15,220,0.0006777371130127774
flow_to_liquidity,15,221,0.001823688785777211
flow_to_liquidity,15,222,-0.0003745717049230546
flow_to_liquidity,15,223,0.0005406276436459301
flow_to_liquidity,15,224,0.0004901371155641154
flow_to_liquidity,15,225,0.00027416571876492934
flow_to_liquidity,15,226,0.0003600804383563361
flow_to_liquidity,15,227,0.0019544861163681704
flow_to_liquidity,15,228,0.0007355490233209583
flow_to_liquidity,15,229,0.0012859106111138274
flow_to_liquidity,15,230,0.0006213783476849422
flow_to_liquidity,15,231,0.00022486312624536708
flow_to_liquidity,15,232,0.0005482653650810132
flow_to_liquidity,15,233,0.0033027653244173116
flow_to_liquidity,15,234,0.0017203135966937788
flow_to_liquidity,15,235,0.0011071649105852677
flow_to_liquidity,15,236,0.0023118517362349378
flow_to_liquidity,15,237,0.0004084075994521541
flow_to_liquidity,15,238,0.0023754755190663612
flow_to_liquidity,15,239,0.0009584829647865112
flow_to_liquidity,15,240,-0.0007986619372903903
flow_to_liquidity,15,241,-0.00041329656905553236
flow_to_liquidity,15,242,0.00202247583110049
flow_to_liquidity,15,243,0.0008680085444081609
flow_to_liquidity,15,244,0.0010373152474809633
flow_to_liquidity,15,245,0.000536950556775162
flow_to_liquidity,15,246,0.001300606914029112
flow_to_liquidity,15,247,0.0013717559686905467
flow_to_liquidity,15,248,0.0009626507122187933
flow_to_liquidity,15,249,0.002562035166986054
flow_to_liquidity,15,250,0.0004030520818455452
flow_to_liquidity,15,251,-2.9996542349142175e-05
flow_to_liquidity,15,252,0.0016122288651595484
flow_to_liquidity,15,253,0.0006711687202385352
flow_to_liquidity,15,254,0.0005412180749212459
flow_to_liquidity,15,255,0.0009374930932172232
flow_to_liquidity,15,256,0.0028336627728230424
flow_to_liquidity,15,257,0.0009331681299811212
flow_to_liquidity,15,258,-5.031030585156415e-05
flow_to_liquidity,15,259,0.0008248540243981362
flow_to_liquidity,15,260,0.0018648400088776551
flow_to_liquidity,15,261,0.002026231576527482
flow_to_liquidity,15,262,0.002125763705909667
flow_to_liquidity,15,263,0.0035307356476842466
flow_to_liquidity,15,264,0.0020278306908789734
flow_to_liquidity,15,265,0.00020052597421771345
flow_to_liquidity,15,266,-0.0012127472201128864
flow_to_liquidity,15,267,0.0006707534141858762
flow_to_liquidity,15,268,-0.0006985224671340884
flow_to_liquidity,15,269,0.0015324820737101508
flow_to_liquidity,15,270,0.0015799384465382538
flow_to_liquidity,15,271,-0.0007863754354262564
flow_to_liquidity,15,272,0.0011653924581086494
flow_to_liquidity,15,273,0.001698036478928855
flow_to_liquidity,15,274,-9.790991628144674e-05
flow_to_liquidity,15,275,0.0010878725213571139
flow_to_liquidity,15,276,0.0008754740752394685
flow_to_liquidity,15,277,0.0007419503230857716
flow_to_liquidity,15,278,0.0005499728272614357
flow_to_liquidity,15,279,0.0016732693435185242
flow_to_liquidity,15,280,0.0014699063899938913
flow_to_liquidity,15,281,-9.014004138219178e-05
flow_to_liquidity,15,282,5.6799150888964256e-05
flow_to_liquidity,15,283,0.0024829773803372035
flow_to_liquidity,15,284,0.0004904182162898119
flow_to_liquidity,15,285,0.00024490112144726073
flow_to_liquidity,15,286,0.0017930035473262551
flow_to_liquidity,15,287,-0.00012589724003175817
flow_to_liquidity,15,288,0.0014103639523931344
flow_to_liquidity,15,289,0.0008199575437898288
flow_to_liquidity,15,290,0.0012479668155085388
flow_to_liquidity,15,291,-0.0002506774490622643
flow_to_liquidity,15,292,0.0009035212215524613
flow_to_liquidity,15,293,-0.0010056794477619757
flow_to_liquidity,15,294,0.001653455884999433
flow_to_liquidity,15,295,0.0017474841542441943
flow_to_liquidity,15,296,0.0009303219934958529
flow_to_liquidity,15,297,0.001937217741514008
flow_to_liquidity,15,298,0.0011366137844018853
flow_to_liquidity,15,299,0.0014481838485667087
flow_to_liquidity,15,300,0.001991559885444083
flow_to_liquidity,15,301,0.0020494570727462857
flow_to_liquidity,15,302,0.0009636649611662884
flow_to_liquidity,15,303,0.0012941241597608233
flow_to_liquidity,15,304,0.000925309686334419
flow_to_liquidity,15,305,0.0017294761230055578
flow_to_liquidity,15,306,-0.00042753777962012407
flow_to_liquidity,15,307,0.0012885208196830034
flow_to_liquidity,15,308,0.0009270921122932485
flow_to_liquidity,15,309,-0.0010012436732205199
flow_to_liquidity,15,310,0.0014702275841758095
flow_to_liquidity,15,311,0.0008013952871417374
flow_to_liquidity,15,312,-0.0007259730242912266
flow_to_liquidity,15,313,0.0014956134570621726
flow_to_liquidity,15,314,0.0013561852404935237
flow_to_liquidity,15,315,0.0002879926499997909
flow_to_liquidity,15,316,0.0009751913991433714
flow_to_liquidity,15,317,0.002320321483172738
flow_to_liquidity,15,318,4.8507074271841866e-05
flow_to_liquidity,15,319,0.001645400455648649
flow_to_liquidity,15,320,0.0010199959056642616
flow_to_liquidity,15,321,0.000911120240344454
flow_to_liquidity,15,322,0.0013207956123127973
flow_to_liquidity,15,323,0.001819489871001112
flow_to_liquidity,15,324,0.0034149454402752077
flow_to_liquidity,15,325,-0.00023185393305436008
flow_to_liquidity,15,326,-5.683870333994534e-05
flow_to_liquidity,15,327,-0.0002641772200580039
flow_to_liquidity,15,328,-0.000600114617895553
flow_to_liquidity,15,329,0.0016328061280135309
flow_to_liquidity,15,330,0.001488714818300596
flow_to_liquidity,15,331,0.0015078272796794634
flow_to_liquidity,15,332,0.0014722458971885288
flow_to_liquidity,15,333,0.0012007963182875114
flow_to_liquidity,15,334,0.0006641814439436455
flow_to_liquidity,15,335,0.0008729368102193824
flow_to_liquidity,15,336,0.0003152829139206892
flow_to_liquidity,15,337,0.0007535954796793476
flow_to_liquidity,15,338,0.002190021039827239
flow_to_liquidity,15,339,1.7191211427403097e-05
flow_to_liquidity,15,340,0.0009552461398920631
flow_to_liquidity,15,341,0.0005501280880241266
flow_to_liquidity,15,342,0.0003991050905454152
flow_to_liquidity,15,343,0.0015201405379822175
flow_to_liquidity,15,344,0.0008289304221954508
flow_to_liquidity,15,345,0.00011987237139043927
flow_to_liquidity,15,346,0.0013115279887370157
flow_to_liquidity,15,347,0.0012669079287628282
flow_to_liquidity,15,348,0.001762700482252244
flow_to_liquidity,15,349,0.0012037282448608133
flow_to_liquidity,15,350,0.0012496132706899532
flow_to_liquidity,15,351,0.0017326774947631352
flow_to_liquidity,15,352,0.0009886603720842269
flow_to_liquidity,15,353,0.0009248374783480395
flow_to_liquidity,15,354,0.0013694657393102938
flow_to_liquidity,15,355,0.001541215426257403
flow_to_liquidity,15,356,0.0009497856729683285
flow_to_liquidity,15,357,-0.00037308772378708
flow_to_liquidity,15,358,0.002096432590024788
flow_to_liquidity,15,359,0.0012275457899486586
flow_to_liquidity,15,360,0.0023869859287242168
flow_to_liquidity,15,361,0.00020675875684350586
flow_to_liquidity,15,362,0.0028172757483724276
flow_to_liquidity,15,363,0.0030579231274537877
flow_to_liquidity,15,364,0.0009926854425854614
flow_to_liquidity,15,365,0.0018814794290890058
flow_to_liquidity,15,366,-0.0005906932232329076
flow_to_liquidity,15,367,-0.0015528034043532646
flow_to_liquidity,15,368,0.0012707000161148452
flow_to_liquidity,15,369,0.0018321247588698464
flow_to_liquidity,15,370,0.0016960153327021388
flow_to_liquidity,15,371,-0.00022274288019175081
flow_to_liquidity,15,372,0.0014249827211703092
flow_to_liquidity,15,373,0.0007624338505379802
flow_to_liquidity,15,374,0.0009797766908939964
flow_to_liquidity,15,375,-6.217647274397997e-05
flow_to_liquidity,15,376,0.0006370572502738536
flow_to_liquidity,15,377,0.002149707845517934
flow_to_liquidity,15,378,-0.0007807588100789964
flow_to_liquidity,15,379,0.0007522998073161702
flow_to_liquidity,15,380,-0.0013259493867696648
flow_to_liquidity,15,381,0.0003536452372392418
flow_to_liquidity,15,382,0.0015813486303878355
flow_to_liquidity,15,383,0.0017518303573764715
flow_to_liquidity,15,384,-0.00012115604902374066
flow_to_liquidity,15,385,-0.0004049774370671333
flow_to_liquidity,15,386,0.0026186766364756364
flow_to_liquidity,15,387,0.002804658028724538
flow_to_liquidity,15,388,0.0011159821245789736
flow_to_liquidity,15,389,0.0007653694535449951
flow_to_liquidity,15,390,-0.000556822596438078
flow_to_liquidity,15,391,0.0007075959440239199
flow_to_liquidity,15,392,0.0009506824389916568
flow_to_liquidity,15,393,0.0003571515106248757
flow_to_liquidity,15,394,0.0026334353586033865
flow_to_liquidity,15,395,0.0017784532103434225
flow_to_liquidity,15,396,0.0008989844879065956
flow_to_liquidity,15,397,0.000729004678970302
flow_to_liquidity,15,398,0.0016398368403726105
flow_to_liquidity,15,399,0.0008261928448825007
flow_to_liquidity,15,400,0.00250384247077029
flow_to_liquidity,15,401,0.002505390304319177
flow_to_liquidity,15,402,0.0006405831594954448
flow_to_liquidity,15,403,-0.0002818676473548276
flow_to_liquidity,15,404,0.0012041383982703824
flow_to_liquidity,15,405,0.002981623939178668
flow_to_liquidity,15,406,0.00027639851616456657
flow_to_liquidity,15,407,0.000565038740630186
flow_to_liquidity,15,408,0.0021048133797654245
flow_to_liquidity,15,409,0.0011160519745442299
flow_to_liquidity,15,410,0.0009020462176614341
flow_to_liquidity,15,411,4.473371915991731e-05
flow_to_liquidity,15,412,0.0007608089881212532
flow_to_liquidity,15,413,0.0010028647760897957
flow_to_liquidity,15,414,0.000780051680014493
flow_to_liquidity,15,415,0.0010878773798850272
flow_to_liquidity,15,416,-0.0004697452769208965
flow_to_liquidity,15,417,0.0002139221183828921
flow_to_liquidity,15,418,0.0020176607879143216
flow_to_liquidity,15,419,0.0005110466804736369
flow_to_liquidity,15,420,0.0011319960845100896
flow_to_liquidity,15,421,0.002628122219161866
flow_to_liquidity,15,422,0.0013207035528637334
flow_to_liquidity,15,423,0.000487560344616389
flow_to_liquidity,15,424,0.001164157044157177
flow_to_liquidity,15,425,0.0015899599853054225
flow_to_liquidity,15,426,0.0009240773853594897
flow_to_liquidity,15,427,0.00033820174143706083
flow_to_liquidity,15,428,0.0003528348156436323
flow_to_liquidity,15,429,0.0002379821337957777
flow_to_liquidity,15,430,-0.0012750350750403427
flow_to_liquidity,15,431,0.0015266379311101863
flow_to_liquidity,15,432,0.0020405481084206922
flow_to_liquidity,15,433,-0.000629108076856344
flow_to_liquidity,15,434,0.0009704787115136781
flow_to_liquidity,15,435,0.0007365338896675455
flow_to_liquidity,15,436,0.0018543910960092669
flow_to_liquidity,15,437,0.00017046695428823977
flow_to_liquidity,15,438,-0.0003147446249898156
flow_to_liquidity,15,439,0.000832348136603489
flow_to_liquidity,15,440,0.0006352923434211899
flow_to_liquidity,15,441,0.003862378998355953
flow_to_liquidity,15,442,-0.0005888550102004508
flow_to_liquidity,15,443,0.0018461540562592083
flow_to_liquidity,15,444,0.001272394531494192
flow_to_liquidity,15,445,0.0019763297802852797
flow_to_liquidity,15,446,0.0008447359668847243
flow_to_liquidity,15,447,0.0010615623750651615
flow_to_liquidity,15,448,0.0012772849624391736
flow_to_liquidity,15,449,2.8212117867632003e-05
flow_to_liquidity,15,450,-0.0001604677210960137
flow_to_liquidity,15,451,0.001968900539104812
flow_to_liquidity,15,452,0.0010639639485864327
flow_to_liquidity,15,453,0.0017739617463637947
flow_to_liquidity,15,454,0.003008313670938012
flow_to_liquidity,15,455,0.0007447429937419425
flow_to_liquidity,15,456,0.0002256174669930111
flow_to_liquidity,15,457,0.0025055428694217285
flow_to_liquidity,15,458,0.0017987266757958364
flow_to_liquidity,15,459,0.001115878941969628
flow_to_liquidity,15,460,0.0020212071421784605
flow_to_liquidity,15,461,0.00033724396942225177
flow_to_liquidity,15,462,0.0016362249396737472
flow_to_liquidity,15,463,-0.0004937363612134149
flow_to_liquidity,15,464,0.0009433333091602991
flow_to_liquidity,15,465,0.0007289679738773369
flow_to_liquidity,15,466,-0.0006726601334785531
flow_to_liquidity,15,467,0.0019432745130032458
flow_to_liquidity,15,468,0.0001906048570651242
flow_to_liquidity,15,469,0.000278994309285463
flow_to_liquidity,15,470,0.0014915490427435119
flow_to_liquidity,15,471,0.001450738559652054
flow_to_liquidity,15,472,0.002510565258677544
flow_to_liquidity,15,473,0.0002559865963158714
flow_to_liquidity,15,474,0.0012348785492213299
flow_to_liquidity,15,475,0.0014995148084399057
flow_to_liquidity,15,476,0.0024684656079079215
flow_to_liquidity,15,477,-0.00044200079776102186
flow_to_liquidity,15,478,0.0031107699170577208
flow_to_liquidity,15,479,0.0021927118639171184
flow_to_liquidity,15,480,0.0013333013412986094
flow_to_liquidity,15,481,0.0006842427649994542
flow_to_liquidity,15,482,0.0006238102826818803
flow_to_liquidity,15,483,0.0005934787093139215
flow_to_liquidity,15,484,0.003102800949925877
flow_to_liquidity,15,485,-1.2240303839838873e-05
flow_to_liquidity,15,486,0.0010963913352995958
flow_to_liquidity,15,487,0.00044585439613642475
flow_to_liquidity,15,488,7.762255411769559e-07
flow_to_liquidity,15,489,0.0025817588820048476
flow_to_liquidity,15,490,0.0017143464535126496
flow_to_liquidity,15,491,-0.00022365563831150403
flow_to_liquidity,15,492,0.0018102537239609306
flow_to_liquidity,15,493,0.0003833531435958326
flow_to_liquidity,15,494,-0.0005724408919500767
flow_to_liquidity,15,495,0.0015411025472417128
flow_to_liquidity,15,496,0.0011360046206708718
flow_to_liquidity,15,497,0.00015282348580303307
flow_to_liquidity,15,498,0.0023808122681677757
flow_to_liquidity,15,499,0.0012985681995646425
flow_to_liquidity,30,1,0.0002067615234608855
flow_to_liquidity,30,2,-0.0002058383180312262
flow_to_liquidity,30,3,0.00010638814737173874
flow_to_liquidity,30,4,0.0007070728286625583
flow_to_liquidity,30,5,0.0001515678887334948
flow_to_liquidity,30,6,-0.0002550673039463103
flow_to_liquidity,30,7,-0.0006690474508095345
flow_to_liquidity,30,8,0.00010060214378038168
flow_to_liquidity,30,9,0.00019415427823188391
flow_to_liquidity,30,10,0.0006460234326511882
flow_to_liquidity,30,11,0.0002808271294566511
flow_to_liquidity,30,12,0.00019573129808037049
flow_to_liquidity,30,13,-0.00021034387506291274
flow_to_liquidity,30,14,-2.115713207340164e-05
flow_to_liquidity,30,15,7.7452873336048e-05
flow_to_liquidity,30,16,0.00040174618540878004
flow_to_liquidity,30,17,0.0006378592073748024
flow_to_liquidity,30,18,0.0001638446418372741
flow_to_liquidity,30,19,-0.00016306349480266213
flow_to_liquidity,30,20,-0.00044107166675999565
flow_to_liquidity,30,21,0.0003601997391343703
flow_to_liquidity,30,22,4.4659877586616936e-05
flow_to_liquidity,30,23,0.00019340018937019643
flow_to_liquidity,30,24,0.0009394130043171023
flow_to_liquidity,30,25,0.00025028674420968233
flow_to_liquidity,30,26,0.00013719253513044816
flow_to_liquidity,30,27,-0.00018292114961404593
flow_to_liquidity,30,28,-0.00012257460266629217
flow_to_liquidity,30,29,-0.0001008167489948697
flow_to_liquidity,30,30,0.00017950166837532588
flow_to_liquidity,30,31,0.00023974784913205482
flow_to_liquidity,30,32,-0.00010566566903080776
flow_to_liquidity,30,33,0.00014737436163869688
flow_to_liquidity,30,34,2.0228569382774175e-05
flow_to_liquidity,30,35,-0.00018593993502724615
flow_to_liquidity,30,36,-2.4678792281296325e-05
flow_to_liquidity,30,37,-0.00030091665955156444
flow_to_liquidity,30,38,-7.91176487002776e-05
flow_to_liquidity,30,39,0.0005566891007980912
flow_to_liquidity,30,40,-0.00034774407246707106
flow_to_liquidity,30,41,-3.9116006639972056e-05
flow_to_liquidity,30,42,0.0004543255958960879
flow_to_liquidity,30,43,0.0001119978376548092
flow_to_liquidity,30,44,0.0001663134166245417
flow_to_liquidity,30,45,-0.00027861395181671966
flow_to_liquidity,30,46,0.00036609756664141013
flow_to_liquidity,30,47,0.00036849372444103246
flow_to_liquidity,30,48,0.0003550668016092384
flow_to_liquidity,30,49,-0.00021393949052872507
flow_to_liquidity,30,50,3.1371964900328564e-05
flow_to_liquidity,30,51,-0.0002665152073060284
flow_to_liquidity,30,52,0.00021838772335669443
flow_to_liquidity,30,53,0.0004895733426062421
flow_to_liquidity,30,54,-0.00011809145737884386
flow_to_liquidity,30,55,-0.000252487822681724
flow_to_liquidity,30,56,0.00011224817260024889
flow_to_liquidity,30,57,-0.0003225569813722906
flow_to_liquidity,30,58,0.0001853818057876433
flow_to_liquidity,30,59,-0.0002907472638125075
flow_to_liquidity,30,60,-2.5951617332653498e-05
flow_to_liquidity,30,61,0.00026154290157753834
flow_to_liquidity,30,62,0.0005873292125526675
flow_to_liquidity,30,63,0.0001043025264715336
flow_to_liquidity,30,64,5.847012361059889e-05
flow_to_liquidity,30,65,0.00041562075740531057
flow_to_liquidity,30,66,-0.00022716571148828635
flow_to_liquidity,30,67,0.0004254783076663715
flow_to_liquidity,30,68,-0.00011922000726150017
flow_to_liquidity,30,69,-1.7165775678007478e-05
flow_to_liquidity,30,70,-3.9918786192139066e-05
flow_to_liquidity,30,71,0.00051254275347834
flow_to_liquidity,30,72,4.990850417496695e-05
flow_to_liquidity,30,73,0.0005695734404855823
flow_to_liquidity,30,74,-0.00044938234240121666
flow_to_liquidity,30,75,-0.00015792490676469484
flow_to_liquidity,30,76,-8.586431550083873e-05
flow_to_liquidity,30,77,0.0002317292310813901
flow_to_liquidity,30,78,-3.24523566332946e-05
flow_to_liquidity,30,79,0.00018539922504479112
flow_to_liquidity,30,80,0.00013723997309500469
flow_to_liquidity,30,81,0.0005402677672585732
flow_to_liquidity,30,82,-0.00029412092132519163
flow_to_liquidity,30,83,0.0005784256389187448
flow_to_liquidity,30,84,0.00010841826295937551
flow_to_liquidity,30,85,-9.758159967088176e-05
flow_to_liquidity,30,86,7.046091866813597e-05
flow_to_liquidity,30,87,0.0007795775292425144
flow_to_liquidity,30,88,-2.332147096328896e-06
flow_to_liquidity,30,89,-0.0006114548258600028
flow_to_liquidity,30,90,-0.0002233283707042677
flow_to_liquidity,30,91,0.000686342987277655
flow_to_liquidity,30,92,-0.00011306202012240085
flow_to_liquidity,30,93,0.0001727060304603789
flow_to_liquidity,30,94,0.00027530366360273284
flow_to_liquidity,30,95,9.838443369591943e-05
flow_to_liquidity,30,96,0.00033733803293611864
flow_to_liquidity,30,97,0.00031891220230384487
flow_to_liquidity,30,98,0.00012317163157937738
flow_to_liquidity,30,99,6.735829994108933e-05
flow_to_liquidity,30,100,-7.775072129811988e-05
flow_to_liquidity,30,101,-0.00014163013554813197
flow_to_liquidity,30,102,0.00028451179156496753
flow_to_liquidity,30,103,0.00045261487055781036
flow_to_liquidity,30,104,0.00024183550710921153
flow_to_liquidity,30,105,0.00036277085425362454
flow_to_liquidity,30,106,0.00028429161903875677
flow_to_liquidity,30,107,0.0005291080259669512
flow_to_liquidity,30,108,6.536772719600847e-05
flow_to_liquidity,30,109,-0.00025334198110105177
flow_to_liquidity,30,110,0.0003095993321194923
flow_to_liquidity,30,111,0.00026184172507814907
flow_to_liquidity,30,112,-0.00015135253206488564
flow_to_liquidity,30,113,0.00010854059184239873
flow_to_liquidity,30,114,0.0003709155015488852
flow_to_liquidity,30,115,-0.00018232280819718838
flow_to_liquidity,30,116,-0.0001697024652131951
flow_to_liquidity,30,117,0.00010866018429889213
flow_to_liquidity,30,118,0.00016294582693299198
flow_to_liquidity,30,119,-0.00026196292306690516
flow_to_liquidity,30,120,0.00021358686411976358
flow_to_liquidity,30,121,0.0002829588745728584
flow_to_liquidity,30,122,9.27370547787465e-05
flow_to_liquidity,30,123,-2.7540850212837142e-05
flow_to_liquidity,30,124,-0.00031757160288736763
flow_to_liquidity,30,125,0.0006601340775401754
flow_to_liquidity,30,126,-0.00014791114229395497
flow_to_liquidity,30,127,-0.0005483035790538882
flow_to_liquidity,30,128,7.304838476929199e-05
flow_to_liquidity,30,129,0.00024289455854464848
flow_to_liquidity,30,130,-0.00021545812127654607
flow_to_liquidity,30,131,-0.00033624834070833387
flow_to_liquidity,30,132,-0.0001961290296170759
flow_to_liquidity,30,133,-6.408731866480721e-05
flow_to_liquidity,30,134,0.0006332517336506971
flow_to_liquidity,30,135,-7.324787892160067e-05
flow_to_liquidity,30,136,0.0005874470609789073
flow_to_liquidity,30,137,0.0003931166852262358
flow_to_liquidity,30,138,5.47811483982974e-05
flow_to_liquidity,30,139,0.0003946913510382011
flow_to_liquidity,30,140,0.000375687568025862
flow_to_liquidity,30,141,-0.00026892437533310165
flow_to_liquidity,30,142,2.780735277552182e-05
flow_to_liquidity,30,143,0.00020801946691484385
flow_to_liquidity,30,144,0.0002468411106126833
flow_to_liquidity,30,145,-0.00015525055641374408
flow_to_liquidity,30,146,0.00014607568387270398
flow_to_liquidity,30,147,0.00033102564101350485
flow_to_liquidity,30,148,-0.0003659296366900211
flow_to_liquidity,30,149,-1.0873798994559536e-05
flow_to_liquidity,30,150,5.751937659415063e-05
flow_to_liquidity,30,151,0.0002507790686283595
flow_to_liquidity,30,152,0.000399068359526189
flow_to_liquidity,30,153,0.0003570095851991306
flow_to_liquidity,30,154,-0.0004330741324745091
flow_to_liquidity,30,155,2.142389316583948e-05
flow_to_liquidity,30,156,-0.00020128341538905303
flow_to_liquidity,30,157,0.0006891562362101311
flow_to_liquidity,30,158,-0.00021830439242109811
flow_to_liquidity,30,159,0.0004755379327574527
flow_to_liquidity,30,160,0.0003902133856334977
flow_to_liquidity,30,161,-0.00011549655575815443
flow_to_liquidity,30,162,-0.00027501418271147493
flow_to_liquidity,30,163,0.0002958297403199417
flow_to_liquidity,30,164,-7.000091325748414e-05
flow_to_liquidity,30,165,0.0006487459812148932
flow_to_liquidity,30,166,0.0007405274014378183
flow_to_liquidity,30,167,0.00028198906115239897
flow_to_liquidity,30,168,0.0001724215798214468
flow_to_liquidity,30,169,-8.269509993596991e-05
flow_to_liquidity,30,170,0.00027902536965218605
flow_to_liquidity,30,171,0.00012506048996141494
flow_to_liquidity,30,172,6.146972029741349e-05
flow_to_liquidity,30,173,0.0005213506993926309
flow_to_liquidity,30,174,-0.00047166271121756864
flow_to_liquidity,30,175,-0.00023478332518567235
flow_to_liquidity,30,176,-2.9114859007917104e-05
flow_to_liquidity,30,177,-0.0001827677304764297
flow_to_liquidity,30,178,-0.0004909273519839719
flow_to_liquidity,30,179,-0.0005806672460346718
flow_to_liquidity,30,180,0.0007056288483172635
flow_to_liquidity,30,181,0.000496674782383133
flow_to_liquidity,30,182,2.2168647784925888e-05
flow_to_liquidity,30,183,-0.00019220904208139267
flow_to_liquidity,30,184,0.0006007486918723215
flow_to_liquidity,30,185,-0.00020703650533837603
flow_to_liquidity,30,186,0.0004190718882507438
flow_to_liquidity,30,187,0.0002821024584396259
flow_to_liquidity,30,188,0.00011499366214784423
flow_to_liquidity,30,189,0.00045379589894523065
flow_to_liquidity,30,190,-0.00026745487813339963
flow_to_liquidity,30,191,-0.00026880257882888614
flow_to_liquidity,30,192,-6.156619711683575e-05
flow_to_liquidity,30,193,0.0002644279762367141
flow_to_liquidity,30,194,0.00039420189147798546
flow_to_liquidity,30,195,0.00043515464795751413
flow_to_liquidity,30,196,0.00011184915665951589
flow_to_liquidity,30,197,0.0002543581739478107
flow_to_liquidity,30,198,0.00014943668773625962
flow_to_liquidity,30,199,6.588882497049475e-06
flow_to_liquidity,30,200,-0.0005651458725994818
flow_to_liquidity,30,201,0.0006965957752140817
flow_to_liquidity,30,202,0.0006157172740365313
flow_to_liquidity,30,203,8.835546110053105e-05
flow_to_liquidity,30,204,-0.00018443690032077242
flow_to_liquidity,30,205,0.00038638313767580534
flow_to_liquidity,30,206,-0.0003573534749397034
flow_to_liquidity,30,207,-0.00040707234899595157
flow_to_liquidity,30,208,-0.0004623069178080197
flow_to_liquidity,30,209,0.0003569030227887904
flow_to_liquidity,30,210,0.0011064492684865757
flow_to_liquidity,30,211,0.00029112509619333427
flow_to_liquidity,30,212,-2.906648674327883e-05
flow_to_liquidity,30,213,0.00048093176532060244
flow_to_liquidity,30,214,-0.0006240185498518347
flow_to_liquidity,30,215,4.339662726593474e-05
flow_to_liquidity,30,216,-0.0001168534197919513
flow_to_liquidity,30,217,8.550810482010895e-06
flow_to_liquidity,30,218,-0.00010190679246768752
flow_to_liquidity,30,219,0.0006142090760297148
flow_to_liquidity,30,220,0.0005242154309554881
flow_to_liquidity,30,221,0.00034039288076903595
flow_to_liquidity,30,222,0.0003717590219259881
flow_to_liquidity,30,223,-0.00012147503304760221
flow_to_liquidity,30,224,0.000247108715002331
flow_to_liquidity,30,225,0.0008271431269054608
flow_to_liquidity,30,226,0.00021902575876886488
flow_to_liquidity,30,227,0.0001107180634198901
flow_to_liquidity,30,228,-0.00014353884919660054
flow_to_liquidity,30,229,7.910861275317593e-05
flow_to_liquidity,30,230,0.0001045433771011961
flow_to_liquidity,30,231,0.0005837507276925669
flow_to_liquidity,30,232,2.0273212482435632e-05
flow_to_liquidity,30,233,-0.0002966785689018092
flow_to_liquidity,30,234,-0.0001183089331713294
flow_to_liquidity,30,235,-0.0007330848293185532
flow_to_liquidity,30,236,8.97364432396186e-05
flow_to_liquidity,30,237,0.00012612446089554918
flow_to_liquidity,30,238,-0.00032768198192489884
flow_to_liquidity,30,239,-0.00029677752335666163
flow_to_liquidity,30,240,-0.000626756278577778
flow_to_liquidity,30,241,0.0002092977401418894
flow_to_liquidity,30,242,-0.0006714315987799147
flow_to_liquidity,30,243,0.00010243817571686797
flow_to_liquidity,30,244,0.000750849039535928
flow_to_liquidity,30,245,-0.00012426618791150368
flow_to_liquidity,30,246,-0.00018068182272723554
flow_to_liquidity,30,247,-0.0003672367417342226
flow_to_liquidity,30,248,-0.00024781241919558106
flow_to_liquidity,30,249,2.5795621664381763e-05
flow_to_liquidity,30,250,0.0004964449022921702
flow_to_liquidity,30,251,2.5547150805826924e-05
flow_to_liquidity,30,252,-2.556978017320688e-06
flow_to_liquidity,30,253,0.0001253020701100782
flow_to_liquidity,30,254,0.00030800927044372095
flow_to_liquidity,30,255,-3.670768714103545e-06
flow_to_liquidity,30,256,0.00044728160641049897
flow_to_liquidity,30,257,-4.002929619484341e-05
flow_to_liquidity,30,258,0.0003364541726944559
flow_to_liquidity,30,259,-0.00014445832935638947
flow_to_liquidity,30,260,0.0009507585322564571
flow_to_liquidity,30,261,-0.00011622318584048053
flow_to_liquidity,30,262,0.000437063608886068
flow_to_liquidity,30,263,0.00046245641374365043
flow_to_liquidity,30,264,2.6104317403352617e-05
flow_to_liquidity,30,265,0.00030493888936666824
flow_to_liquidity,30,266,0.00017974177839052974
flow_to_liquidity,30,267,-0.00020373169491527676
flow_to_liquidity,30,268,-0.0005145206097616484
flow_to_liquidity,30,269,0.0005094230364245389
flow_to_liquidity,30,270,-0.00029514950592002265
flow_to_liquidity,30,271,0.0011064226867639748
flow_to_liquidity,30,272,0.0003236908975111641
flow_to_liquidity,30,273,-2.717325358658762e-05
flow_to_liquidity,30,274,0.0003093013166103331
flow_to_liquidity,30,275,-0.00015953727832029863
flow_to_liquidity,30,276,0.000480815533481338
flow_to_liquidity,30,277,-0.00041673665240415936
flow_to_liquidity,30,278,0.00032688612074482926
flow_to_liquidity,30,279,0.00018524957972965161
flow_to_liquidity,30,280,0.0003116879851353671
flow_to_liquidity,30,281,0.00021509202690050966
flow_to_liquidity,30,282,-0.00029887298626096737
flow_to_liquidity,30,283,0.0005010968301460972
flow_to_liquidity,30,284,8.092281538885082e-05
flow_to_liquidity,30,285,-0.00020713316994913633
flow_to_liquidity,30,286,0.0005004954973482079
flow_to_liquidity,30,287,0.0003594825703067128
flow_to_liquidity,30,288,0.0003190308924175822
flow_to_liquidity,30,289,0.00042231812207393915
flow_to_liquidity,30,290,0.00017881007017750417
flow_to_liquidity,30,291,-0.0002439891729610899
flow_to_liquidity,30,292,-0.00036255195828105435
flow_to_liquidity,30,293,0.0006336108139955998
flow_to_liquidity,30,294,-0.00026507997043956344
flow_to_liquidity,30,295,-0.00024123083461713435
flow_to_liquidity,30,296,-0.0002678075107775957
flow_to_liquidity,30,297,1.0658538409202833e-05
flow_to_liquidity,30,298,6.87836807444775e-05
flow_to_liquidity,30,299,-0.00015642621391154243
flow_to_liquidity,30,300,-0.00019367671982961632
flow_to_liquidity,30,301,-0.00027125649593595647
flow_to_liquidity,30,302,-0.000145776146466714
flow_to_liquidity,30,303,-0.0002569647945822595
flow_to_liquidity,30,304,0.00026618419173563
flow_to_liquidity,30,305,0.00017302035115629444
flow_to_liquidity,30,306,-3.6038570687679794e-06
flow_to_liquidity,30,307,-7.016144176086314e-06
flow_to_liquidity,30,308,-0.0005410755140156098
flow_to_liquidity,30,309,0.00027569144956784974
flow_to_liquidity,30,310,-0.00017733131720176765
flow_to_liquidity,30,311,-0.00011203114717450724
flow_to_liquidity,30,312,4.6830497383631986e-05
flow_to_liquidity,30,313,7.777832122823902e-05
flow_to_liquidity,30,314,0.0005731630701656387
flow_to_liquidity,30,315,-0.00017949631184466242
flow_to_liquidity,30,316,0.0001252393645037042
flow_to_liquidity,30,317,0.00020115224745753668
flow_to_liquidity,30,318,5.338023315182294e-05
flow_to_liquidity,30,319,-0.0002038852963244242
flow_to_liquidity,30,320,0.0005724281037460255
flow_to_liquidity,30,321,0.00016639199961843154
flow_to_liquidity,30,322,0.0002137011941034661
flow_to_liquidity,30,323,-0.00016595023253240804
flow_to_liquidity,30,324,-1.6337112296538336e-05
flow_to_liquidity,30,325,-0.0004971847336159296
flow_to_liquidity,30,326,-6.237660965435765e-05
flow_to_liquidity,30,327,-0.00028525127835576924
flow_to_liquidity,30,328,-6.51732411101058e-05
flow_to_liquidity,30,329,-0.00011654604514932387
flow_to_liquidity,30,330,-9.340262227941487e-05
flow_to_liquidity,30,331,-9.29154709239377e-05
flow_to_liquidity,30,332,0.0002697011542260874
flow_to_liquidity,30,333,0.00018634083435142834
flow_to_liquidity,30,334,9.469098730174874e-05
flow_to_liquidity,30,335,0.0005183013805966086
flow_to_liquidity,30,336,-0.00020634615972769943
flow_to_liquidity,30,337,0.00016748983080161484
flow_to_liquidity,30,338,0.0005719766759946232
flow_to_liquidity,30,339,-0.00017817628639504868
flow_to_liquidity,30,340,-0.0002686375339524538
flow_to_liquidity,30,341,-0.0005415075564931815
flow_to_liquidity,30,342,2.687474878060314e-05
flow_to_liquidity,30,343,0.00025127532538538055
flow_to_liquidity,30,344,0.0003341169512232067
flow_to_liquidity,30,345,0.00011896177193781998
flow_to_liquidity,30,346,-0.000142422686679744
flow_to_liquidity,30,347,0.00010444441365753399
flow_to_liquidity,30,348,-0.00020018404104971133
flow_to_liquidity,30,349,-0.00015846953086229298
flow_to_liquidity,30,350,0.00019809928124470133
flow_to_liquidity,30,351,-0.0003283556067830151
flow_to_liquidity,30,352,-0.000430398381667807
flow_to_liquidity,30,353,-0.00020196832624641559
flow_to_liquidity,30,354,0.00010988420496149676
flow_to_liquidity,30,355,0.0005981894222159001
flow_to_liquidity,30,356,0.00027485801649418384
flow_to_liquidity,30,357,0.0002588438134557558
flow_to_liquidity,30,358,-0.0005504690139335189
flow_to_liquidity,30,359,7.068778440821877e-05
flow_to_liquidity,30,360,-0.00032695713746000443
flow_to_liquidity,30,361,0.00010516166758789414
flow_to_liquidity,30,362,5.7663648277084256e-05
flow_to_liquidity,30,363,0.00042541645098681524
flow_to_liquidity,30,364,0.000278845352474133
flow_to_liquidity,30,365,0.0004251604981813095
flow_to_liquidity,30,366,9.561154395332228e-05
flow_to_liquidity,30,367,0.0005666510273600878
flow_to_liquidity,30,368,0.00032321797493639615
flow_to_liquidity,30,369,7.901226605266931e-05
flow_to_liquidity,30,370,-9.043154261423325e-05
flow_to_liquidity,30,371,0.0002785983773008205
flow_to_liquidity,30,372,0.0004539512624238684
flow_to_liquidity,30,373,0.00020369405521536432
flow_to_liquidity,30,374,0.0001829293544061139
flow_to_liquidity,30,375,0.0002238674784477146
flow_to_liquidity,30,376,-0.0003363213811249377
flow_to_liquidity,30,377,-1.3980740568131367e-05
flow_to_liquidity,30,378,0.00032662820627105127
flow_to_liquidity,30,379,-0.0003827860074478995
flow_to_liquidity,30,380,-0.0001713849887279295
flow_to_liquidity,30,381,0.0003448635270555389
flow_to_liquidity,30,382,-0.0003167555633805108
flow_to_liquidity,30,383,-0.00013373140739103562
flow_to_liquidity,30,384,-0.00018589622141229611
flow_to_liquidity,30,385,-2.988158398431473e-05
flow_to_liquidity,30,386,-8.708060244821958e-05
flow_to_liquidity,30,387,0.0004952014124823823
flow_to_liquidity,30,388,1.5482417137224758e-05
flow_to_liquidity,30,389,0.0003244257887130564
flow_to_liquidity,30,390,0.000572419528103052
flow_to_liquidity,30,391,0.0003965024717087484
flow_to_liquidity,30,392,5.375018162256939e-05
flow_to_liquidity,30,393,-9.794184315126131e-06
flow_to_liquidity,30,394,0.00013272969625532927
flow_to_liquidity,30,395,0.0002747846237843854
flow_to_liquidity,30,396,0.0007892253094931023
flow_to_liquidity,30,397,-0.00010733647177874062
flow_to_liquidity,30,398,-0.0001631147991536519
flow_to_liquidity,30,399,-0.0004619302139339254
flow_to_liquidity,30,400,0.00022540647155722127
flow_to_liquidity,30,401,-0.00023867676459654596
flow_to_liquidity,30,402,-0.0002529673465720972
flow_to_liquidity,30,403,-0.000268556748718618
flow_to_liquidity,30,404,0.0003124766137260204
flow_to_liquidity,30,405,0.0005569213383711524
flow_to_liquidity,30,406,-0.00046756915231305207
flow_to_liquidity,30,407,-0.00024348666214990544
flow_to_liquidity,30,408,0.00024492490240968223
flow_to_liquidity,30,409,0.00036108564152415035
flow_to_liquidity,30,410,0.00010315171611163798
flow_to_liquidity,30,411,-0.00023062995815581466
flow_to_liquidity,30,412,5.511933291291182e-05
flow_to_liquidity,30,413,0.00048731331842166714
flow_to_liquidity,30,414,0.00017180855596599098
flow_to_liquidity,30,415,0.00045785007051812876
flow_to_liquidity,30,416,5.399054254340285e-06
flow_to_liquidity,30,417,-5.5584205654879426e-05
flow_to_liquidity,30,418,0.00022562911636669902
flow_to_liquidity,30,419,0.0001304861014799208
flow_to_liquidity,30,420,-3.105712956719131e-05
flow_to_liquidity,30,421,0.0003686185294305977
flow_to_liquidity,30,422,0.00011582237545604279
flow_to_liquidity,30,423,0.00019371786378297173
flow_to_liquidity,30,424,0.0002183851790860114
flow_to_liquidity,30,425,9.764636258513537e-05
flow_to_liquidity,30,426,0.00031511265089301244
flow_to_liquidity,30,427,1.5078245729660544e-05
flow_to_liquidity,30,428,-0.00018423195471806153
flow_to_liquidity,30,429,-0.0005876837711649152
flow_to_liquidity,30,430,0.00021988949374718292
flow_to_liquidity,30,431,0.000433835151700257
flow_to_liquidity,30,432,4.2946742580984854e-05
flow_to_liquidity,30,433,-2.6585917123789216e-05
flow_to_liquidity,30,434,-0.00041195444723007846
flow_to_liquidity,30,435,0.0005982507411473881
flow_to_liquidity,30,436,-2.965971495760833e-05
flow_to_liquidity,30,437,-0.00021092175127379598
flow_to_liquidity,30,438,0.0002927794800808847
flow_to_liquidity,30,439,5.926967255687199e-05
flow_to_liquidity,30,440,0.000880748838995471
flow_to_liquidity,30,441,2.6165350701878864e-05
flow_to_liquidity,30,442,-9.297871607971686e-05
flow_to_liquidity,30,443,-0.00021458159904397256
flow_to_liquidity,30,444,0.0009262725256699023
flow_to_liquidity,30,445,7.918606014734042e-05
flow_to_liquidity,30,446,-0.0005703204687832475
flow_to_liquidity,30,447,-7.363793789050277e-05
flow_to_liquidity,30,448,0.0001561572267496647
flow_to_liquidity,30,449,0.0003719881057084873
flow_to_liquidity,30,450,0.0002368166670964067
flow_to_liquidity,30,451,0.00013415113180381688
flow_to_liquidity,30,452,-9.025329428102857e-05
flow_to_liquidity,30,453,0.00011157437228681566
flow_to_liquidity,30,454,-0.0004506612769388241
flow_to_liquidity,30,455,0.0002570144527619389
flow_to_liquidity,30,456,0.0005170247213230894
flow_to_liquidity,30,457,0.0002214083267637612
flow_to_liquidity,30,458,0.0003338926272660192
flow_to_liquidity,30,459,0.0002725381432864271
flow_to_liquidity,30,460,-6.81935560902236e-05
flow_to_liquidity,30,461,0.0004231753120076398
flow_to_liquidity,30,462,0.0003671108782848931
flow_to_liquidity,30,463,-0.0002964093524118194
flow_to_liquidity,30,464,0.0001449172962983969
flow_to_liquidity,30,465,0.0003357745442518212
flow_to_liquidity,30,466,0.0003348234058303534
flow_to_liquidity,30,467,2.339265803130708e-05
flow_to_liquidity,30,468,-0.0004408105357898151
flow_to_liquidity,30,469,-0.0001561416011730543
flow_to_liquidity,30,470,0.0003967811612811678
flow_to_liquidity,30,471,0.0002283021961883014
flow_to_liquidity,30,472,-0.00020213763147891584
flow_to_liquidity,30,473,0.00011171374049501193
flow_to_liquidity,30,474,0.00035242596073414845
flow_to_liquidity,30,475,-0.0001309835451128727
flow_to_liquidity,30,476,0.00023558983674754064
flow_to_liquidity,30,477,0.0006906372676430683
flow_to_liquidity,30,478,-0.0004714119968380892
flow_to_liquidity,30,479,-0.0001653510857915208
flow_to_liquidity,30,480,-0.00033598479741825393
flow_to_liquidity,30,481,-0.00011082834491760174
flow_to_liquidity,30,482,3.541730165268486e-05
flow_to_liquidity,30,483,0.0005164636309821224
flow_to_liquidity,30,484,0.00010767246446419243
flow_to_liquidity,30,485,0.00018945257271074656
flow_to_liquidity,30,486,0.0003780069297349975
flow_to_liquidity,30,487,-0.0001666869908081292
flow_to_liquidity,30,488,0.00023587745121800285
flow_to_liquidity,30,489,0.000428956982564066
flow_to_liquidity,30,490,0.00021091622773661278
flow_to_liquidity,30,491,-1.4407082216116862e-06
flow_to_liquidity,30,492,-0.0006837671358086439
flow_to_liquidity,30,493,8.60894425875891e-05
flow_to_liquidity,30,494,-5.4221700430678865e-05
flow_to_liquidity,30,495,0.00027667379394824554
flow_to_liquidity,30,496,0.00019882173925356295
flow_to_liquidity,30,497,-0.00013626799646115906
flow_to_liquidity,30,498,-0.00035507969116488347
flow_to_liquidity,30,499,-9.460693998253333e-05
flow_to_liquidity,60,1,-0.0006496802394566625
flow_to_liquidity,60,2,-0.0004169891158722905
flow_to_liquidity,60,3,-0.00032681491366615134
flow_to_liquidity,60,4,-0.0004132219597672293
flow_to_liquidity,60,5,-0.0004653551850890558
flow_to_liquidity,60,6,-0.0002470759155954738
flow_to_liquidity,60,7,-0.0003120608083990728
flow_to_liquidity,60,8,-0.0005098316367642131
flow_to_liquidity,60,9,-0.00045879327261011404
flow_to_liquidity,60,10,-0.0004112717707784874
flow_to_liquidity,60,11,-0.0006522191107125597
flow_to_liquidity,60,12,-0.00030379711801020726
flow_to_liquidity,60,13,-0.00044782868803761033
flow_to_liquidity,60,14,-0.00020237890919627688
flow_to_liquidity,60,15,-0.000563210612117615
flow_to_liquidity,60,16,-0.00032497481977400433
flow_to_liquidity,60,17,-0.0005831780636249562
flow_to_liquidity,60,18,-0.0005294052826370077
flow_to_liquidity,60,19,-0.0004637163398664157
flow_to_liquidity,60,20,-0.0003865564932263865
flow_to_liquidity,60,21,-0.0005717783008947208
flow_to_liquidity,60,22,-0.0003396603494094652
flow_to_liquidity,60,23,-0.0003430868443381474
flow_to_liquidity,60,24,-0.0005196691344822035
flow_to_liquidity,60,25,-0.000518788786748603
flow_to_liquidity,60,26,-0.00019098176697540659
flow_to_liquidity,60,27,-0.00037662443879860064
flow_to_liquidity,60,28,-0.0004512743006073183
flow_to_liquidity,60,29,-0.0003687111689356648
flow_to_liquidity,60,30,-0.0006345273685370856
flow_to_liquidity,60,31,-0.0005955470171956634
flow_to_liquidity,60,32,-0.0002469274195417981
flow_to_liquidity,60,33,-0.0002520699730981235
flow_to_liquidity,60,34,-0.0006729509006717649
flow_to_liquidity,60,35,-0.0005048792525650381
flow_to_liquidity,60,36,-0.0006019388554925342
flow_to_liquidity,60,37,-0.0004899919278371634
flow_to_liquidity,60,38,-0.0005193617696090946
flow_to_liquidity,60,39,-0.00048338320146879
flow_to_liquidity,60,40,-0.000552298923953698
flow_to_liquidity,60,41,-0.0005940249275537823
flow_to_liquidity,60,42,-0.000369617230083108
flow_to_liquidity,60,43,-0.0002157543074070567
flow_to_liquidity,60,44,-0.00017196220416493269
flow_to_liquidity,60,45,-0.00038651294846547835
flow_to_liquidity,60,46,-0.0006030787801019066
flow_to_liquidity,60,47,-0.00048342498860010075
flow_to_liquidity,60,48,-0.0003638315846945517
flow_to_liquidity,60,49,-0.0006219146743187132
flow_to_liquidity,60,50,-0.0005100385477978531
flow_to_liquidity,60,51,-0.0003800219347804834
flow_to_liquidity,60,52,-0.0005110342189365014
flow_to_liquidity,60,53,-0.0005498855925394341
flow_to_liquidity,60,54,-0.00024098787079229744
flow_to_liquidity,60,55,-0.0004477675235008416
flow_to_liquidity,60,56,-0.00044017490403236437
flow_to_liquidity,60,57,-0.00038069207354518575
flow_to_liquidity,60,58,-0.00043082251463300025
flow_to_liquidity,60,59,-0.00047483348372012735
flow_to_liquidity,60,60,-0.0005065346023591655
flow_to_liquidity,60,61,-0.0002882168956210851
flow_to_liquidity,60,62,-0.0004527941861369733
flow_to_liquidity,60,63,-0.00037013685037368127
flow_to_liquidity,60,64,-0.00046043557488939513
flow_to_liquidity,60,65,-0.00032024765604354855
flow_to_liquidity,60,66,-0.0005268733807348713
flow_to_liquidity,60,67,-0.00045768605473162083
flow_to_liquidity,60,68,-0.0005327725175159337
flow_to_liquidity,60,69,-0.00029154391437691274
flow_to_liquidity,60,70,-0.0002361516539604036
flow_to_liquidity,60,71,-0.00037356261609633457
flow_to_liquidity,60,72,-0.0008031090698750187
flow_to_liquidity,60,73,-0.0003077621683753584
flow_to_liquidity,60,74,-0.00035526033116117794
flow_to_liquidity,60,75,-0.00040302896499877505
flow_to_liquidity,60,76,-0.0004254640378911212
flow_to_liquidity,60,77,-0.00038928826719630827
flow_to_liquidity,60,78,-0.0005342049294783102
flow_to_liquidity,60,79,-0.00028013450688235686
flow_to_liquidity,60,80,-0.000812169425969067
flow_to_liquidity,60,81,-0.00043652812641292726
flow_to_liquidity,60,82,-0.0006863272077299865
flow_to_liquidity,60,83,-0.00030704933910663534
flow_to_liquidity,60,84,-0.0003138688875590212
flow_to_liquidity,60,85,-0.0005255760435711743
flow_to_liquidity,60,86,-0.0005150628193812956
flow_to_liquidity,60,87,-0.00045242434495817996
flow_to_liquidity,60,88,-0.000491899526133599
flow_to_liquidity,60,89,-0.00031312031975572197
flow_to_liquidity,60,90,-0.00039976046329526227
flow_to_liquidity,60,91,-0.00031301697608165924
flow_to_liquidity,60,92,-0.0006632348247674891
flow_to_liquidity,60,93,-0.0008091154023412983
flow_to_liquidity,60,94,-0.0004422015215241881
flow_to_liquidity,60,95,-0.0005627281150477614
flow_to_liquidity,60,96,-0.0002532389694309689
flow_to_liquidity,60,97,-0.00036812711618150473
flow_to_liquidity,60,98,-0.000548733537585333
flow_to_liquidity,60,99,-0.0005472559236556762
flow_to_liquidity,60,100,-0.0004920812268895958
flow_to_liquidity,60,101,-0.0005097223632761771
flow_to_liquidity,60,102,-0.00021276399134073642
flow_to_liquidity,60,103,-0.0005702419823829796
flow_to_liquidity,60,104,-0.0003997909340063277
flow_to_liquidity,60,105,-0.0002118139230398164
flow_to_liquidity,60,106,-0.0004790426894076827
flow_to_liquidity,60,107,-0.000474878763495834
flow_to_liquidity,60,108,-0.0003917175072116752
flow_to_liquidity,60,109,-0.0006612709750253298
flow_to_liquidity,60,110,-0.000499216425817961
flow_to_liquidity,60,111,-0.0002823474023301298
flow_to_liquidity,60,112,-0.0003888976165713487
flow_to_liquidity,60,113,-0.0006770328834710959
flow_to_liquidity,60,114,-0.00048397534046773494
flow_to_liquidity,60,115,-0.00034898143811679105
flow_to_liquidity,60,116,-0.00042098014839120346
flow_to_liquidity,60,117,-0.0007337826001450054
flow_to_liquidity,60,118,-0.0003570863389648071
flow_to_liquidity,60,119,-0.0005944281351561997
flow_to_liquidity,60,120,-0.0005000441977747183
flow_to_liquidity,60,121,-0.0006601938359938053
flow_to_liquidity,60,122,-0.0005307694376959216
flow_to_liquidity,60,123,-0.0002676147300910703
flow_to_liquidity,60,124,-0.00027426926370943683
flow_to_liquidity,60,125,-0.0005339714591821032
flow_to_liquidity,60,126,-0.0002825113596078843
flow_to_liquidity,60,127,-0.0005732739053589953
flow_to_liquidity,60,128,-0.0004362867813441085
flow_to_liquidity,60,129,-0.00018259529553277254
flow_to_liquidity,60,130,-0.0003984197364026443
flow_to_liquidity,60,131,-0.00021997942352403044
flow_to_liquidity,60,132,-0.0004825055884360996
flow_to_liquidity,60,133,-0.0008212316051430246
flow_to_liquidity,60,134,-0.0003330744732723545
flow_to_liquidity,60,135,-0.0005658138748869668
flow_to_liquidity,60,136,-0.00026032882550008907
flow_to_liquidity,60,137,-0.0004653341752522966
flow_to_liquidity,60,138,-0.0006408979578353957
flow_to_liquidity,60,139,-0.00019928689082138185
flow_to_liquidity,60,140,-0.0002853983717523434
flow_to_liquidity,60,141,-0.0005161702598561746
flow_to_liquidity,60,142,-0.0006420320534474833
flow_to_liquidity,60,143,-0.0004812741166297929
flow_to_liquidity,60,144,-0.00031861857223103307
flow_to_liquidity,60,145,-0.0004420571118239902
flow_to_liquidity,60,146,-0.0003590051883415324
flow_to_liquidity,60,147,-0.00039888088981920866
flow_to_liquidity,60,148,-0.0003707092200468942
flow_to_liquidity,60,149,-0.000695607063303294
flow_to_liquidity,60,150,-0.000585266037832044
flow_to_liquidity,60,151,-0.0005042725898800615
flow_to_liquidity,60,152,-0.00043011567221395985
flow_to_liquidity,60,153,-0.0004024097313342079
flow_to_liquidity,60,154,-0.0006352693719928748
flow_to_liquidity,60,155,-0.0005338223728992286
flow_to_liquidity,60,156,-0.00026836335111068976
flow_to_liquidity,60,157,-0.0005425286113966976
flow_to_liquidity,60,158,-0.0002536683836791287
flow_to_liquidity,60,159,-0.0007178796302631518
flow_to_liquidity,60,160,-0.00023202981582226556
flow_to_liquidity,60,161,-0.00046527114189043317
flow_to_liquidity,60,162,-0.0002990603950709936
flow_to_liquidity,60,163,-0.0004972069003958968
flow_to_liquidity,60,164,-0.0005537198543197341
flow_to_liquidity,60,165,-0.0005051921448646635
flow_to_liquidity,60,166,-0.00045312624386983913
flow_to_liquidity,60,167,-0.0004006455111960072
flow_to_liquidity,60,168,-0.0004406865504418267
flow_to_liquidity,60,169,-0.0005273656682085459
flow_to_liquidity,60,170,-0.00040832577202087883
flow_to_liquidity,60,171,-0.00043503188364257817
flow_to_liquidity,60,172,-0.00033989975968595765
flow_to_liquidity,60,173,-0.0005369455480690455
flow_to_liquidity,60,174,-0.000678511801556203
flow_to_liquidity,60,175,-0.0006163138653323408
flow_to_liquidity,60,176,-0.0004527078147682495
flow_to_liquidity,60,177,-0.0004520372129495076
flow_to_liquidity,60,178,-0.0006076940945867193
flow_to_liquidity,60,179,-0.0006152131903867097
flow_to_liquidity,60,180,-0.000477784952490401
flow_to_liquidity,60,181,-0.00036365222241907524
flow_to_liquidity,60,182,-0.0002814223927178894
flow_to_liquidity,60,183,-0.0003779142046178574
flow_to_liquidity,60,184,-0.00026705123906145545
flow_to_liquidity,60,185,-0.0004546487252612419
flow_to_liquidity,60,186,-0.0003952140228948853
flow_to_liquidity,60,187,-0.0003030839582298661
flow_to_liquidity,60,188,-0.0004636359309408977
flow_to_liquidity,60,189,-0.0004380054510877418
flow_to_liquidity,60,190,-0.0003910053970608285
flow_to_liquidity,60,191,-0.00033996762208277076
flow_to_liquidity,60,192,-0.00038629965265446486
flow_to_liquidity,60,193,-0.0003224837515740653
flow_to_liquidity,60,194,-0.00041462315564899654
flow_to_liquidity,60,195,-0.00032300187548606196
flow_to_liquidity,60,196,-0.0001485957202296273
flow_to_liquidity,60,197,-0.00024613753824298534
flow_to_liquidity,60,198,-0.0002659513677862879
flow_to_liquidity,60,199,-0.0002982954422825479
flow_to_liquidity,60,200,-0.0004790596578430062
flow_to_liquidity,60,201,-0.000658248905762937
flow_to_liquidity,60,202,-0.00048466874142638616
flow_to_liquidity,60,203,-0.0005541903236012669
flow_to_liquidity,60,204,-0.0004128736128132804
flow_to_liquidity,60,205,-0.0004587663124253627
flow_to_liquidity,60,206,-0.0004444746979459513
flow_to_liquidity,60,207,-0.00034237914098023126
flow_to_liquidity,60,208,-0.0004676191762535975
flow_to_liquidity,60,209,-0.00044985942566744264
flow_to_liquidity,60,210,-0.0006479517626909459
flow_to_liquidity,60,211,-0.0004974883739676805
flow_to_liquidity,60,212,-0.0007778348555720349
flow_to_liquidity,60,213,-0.00017831970682746778
flow_to_liquidity,60,214,-0.0002959047227211187
flow_to_liquidity,60,215,-0.00044386666304840894
flow_to_liquidity,60,216,-0.0003271945945324539
flow_to_liquidity,60,217,-0.000505980714501586
flow_to_liquidity,60,218,-0.0004918378169149751
flow_to_liquidity,60,219,-0.0004982999486129458
flow_to_liquidity,60,220,-0.0005619416939099953
flow_to_liquidity,60,221,-0.000391696971840938
flow_to_liquidity,60,222,-0.0005130451838626371
flow_to_liquidity,60,223,-0.00061386662234586
flow_to_liquidity,60,224,-0.0002917045450741007
flow_to_liquidity,60,225,-0.000587097295075667
flow_to_liquidity,60,226,-0.00023565922990775867
flow_to_liquidity,60,227,-0.0003213695077186607
flow_to_liquidity,60,228,-0.0003208358095092567
flow_to_liquidity,60,229,-0.00042834975006300624
flow_to_liquidity,60,230,-0.0004575424605364198
flow_to_liquidity,60,231,-0.0003639303002758165
flow_to_liquidity,60,232,-0.000540000532236018
flow_to_liquidity,60,233,-0.0005259879231689357
flow_to_liquidity,60,234,-0.0004202911616721927
flow_to_liquidity,60,235,-0.000297567209778693
flow_to_liquidity,60,236,-0.000316026167237915
flow_to_liquidity,60,237,-0.0004960531198969775
flow_to_liquidity,60,238,-0.0005257652150545411
flow_to_liquidity,60,239,-0.00046171844184494937
flow_to_liquidity,60,240,-0.0005174669733414294
flow_to_liquidity,60,241,-0.0002978163621591978
flow_to_liquidity,60,242,-0.0001522448657340636
flow_to_liquidity,60,243,-0.0005525420316783158
flow_to_liquidity,60,244,-0.00033079412792358376
flow_to_liquidity,60,245,-0.0005939115952215968
flow_to_liquidity,60,246,-0.00037015948563556833
flow_to_liquidity,60,247,-0.0003273451255572102
flow_to_liquidity,60,248,-0.0004941395989206399
flow_to_liquidity,60,249,-0.0005015026549333168
flow_to_liquidity,60,250,-0.00039385481380049825
flow_to_liquidity,60,251,-0.0004981606860821053
flow_to_liquidity,60,252,-0.00035233153107627757
flow_to_liquidity,60,253,-0.00041399548055554014
flow_to_liquidity,60,254,-0.0005040247402599007
flow_to_liquidity,60,255,-0.0004284495878019712
flow_to_liquidity,60,256,-0.00050265662832083
flow_to_liquidity,60,257,-0.0003614217152432264
flow_to_liquidity,60,258,-0.0007668143803269967
flow_to_liquidity,60,259,-0.0004622430182295023
flow_to_liquidity,60,260,-0.00032162315118200446
flow_to_liquidity,60,261,-0.0006048821870772159
flow_to_liquidity,60,262,-0.0003012840098473024
flow_to_liquidity,60,263,-0.0004081539381066701
flow_to_liquidity,60,264,-0.00035782918679072573
flow_to_liquidity,60,265,-0.00027180967709306003
flow_to_liquidity,60,266,-0.00026038733041611195
flow_to_liquidity,60,267,-0.0005025856013669561
flow_to_liquidity,60,268,-0.00026014867654877705
flow_to_liquidity,60,269,-0.0004932354347180201
flow_to_liquidity,60,270,-0.0003004829779749141
flow_to_liquidity,60,271,-0.00040870751302812813
flow_to_liquidity,60,272,-0.00022306675729000247
flow_to_liquidity,60,273,-0.0006420851098136726
flow_to_liquidity,60,274,-0.0005117785324837421
flow_to_liquidity,60,275,-0.0005159160912082683
flow_to_liquidity,60,276,-0.000132496188453457
flow_to_liquidity,60,277,-0.0003981053959178915
flow_to_liquidity,60,278,-0.0004815479499951092
flow_to_liquidity,60,279,-0.0005782189426555284
flow_to_liquidity,60,280,-0.00043686545293408763
flow_to_liquidity,60,281,-0.0004269915767300958
flow_to_liquidity,60,282,-0.0002687500658276054
flow_to_liquidity,60,283,-0.0005207096852872795
flow_to_liquidity,60,284,-0.0006156406687019
flow_to_liquidity,60,285,-0.0001293231416059637
flow_to_liquidity,60,286,-0.0002995407946186912
flow_to_liquidity,60,287,-0.0006391948367268085
flow_to_liquidity,60,288,-0.000356679912172142
flow_to_liquidity,60,289,-0.0006048542032066617
flow_to_liquidity,60,290,-0.0003616812075644127
flow_to_liquidity,60,291,-0.0005348418149186962
flow_to_liquidity,60,292,-0.0004970287501431248
flow_to_liquidity,60,293,-0.00015085020189986587
flow_to_liquidity,60,294,-0.00031667751221986506
flow_to_liquidity,60,295,-0.0005792942944782276
flow_to_liquidity,60,296,-0.0004309092851593199
flow_to_liquidity,60,297,-0.0004446543394922564
flow_to_liquidity,60,298,-0.0003263424789889946
flow_to_liquidity,60,299,-0.0003484923078718172
flow_to_liquidity,60,300,-0.0004875049247661245
flow_to_liquidity,60,301,-0.00040978823769610706
flow_to_liquidity,60,302,-0.0004459336075104403
flow_to_liquidity,60,303,-0.0004777758518104136
flow_to_liquidity,60,304,-0.00042799973662344115
flow_to_liquidity,60,305,-0.00048226433529885426
flow_to_liquidity,60,306,-0.00039575462768137726
flow_to_liquidity,60,307,-0.0005545365567853899
flow_to_liquidity,60,308,-0.000621683449471222
flow_to_liquidity,60,309,-0.000528421314284433
flow_to_liquidity,60,310,-0.0005875696456114632
flow_to_liquidity,60,311,-0.0005297109647723897
flow_to_liquidity,60,312,-0.0005123443567867092
flow_to_liquidity,60,313,-0.00044363138431902094
flow_to_liquidity,60,314,-0.00037506488942939953
flow_to_liquidity,60,315,-0.000546621794036195
flow_to_liquidity,60,316,-0.0005140256606281923
flow_to_liquidity,60,317,-0.00034948922494137946
flow_to_liquidity,60,318,-0.0003604270418322564
flow_to_liquidity,60,319,-0.0006227479454936624
flow_to_liquidity,60,320,-0.0005031310806375977
flow_to_liquidity,60,321,-0.0003385307273511273
flow_to_liquidity,60,322,-0.00014944560446839006
flow_to_liquidity,60,323,-0.0005191021235655402
flow_to_liquidity,60,324,-0.00038883051956029036
flow_to_liquidity,60,325,-0.0002591586534639312
flow_to_liquidity,60,326,-0.00047076939723056377
flow_to_liquidity,60,327,-0.0004825199117819423
flow_to_liquidity,60,328,-0.0002757383713332118
flow_to_liquidity,60,329,-0.0004173781713507907
flow_to_liquidity,60,330,-0.0005222712292822784
flow_to_liquidity,60,331,-0.00036934985997505443
flow_to_liquidity,60,332,-0.0004655314980008818
flow_to_liquidity,60,333,-0.00036821797849295734
flow_to_liquidity,60,334,-0.00033513701652587713
flow_to_liquidity,60,335,-0.0002426448666217329
flow_to_liquidity,60,336,-0.00034874096385006936
flow_to_liquidity,60,337,-0.0005409662129953752
flow_to_liquidity,60,338,-0.00047954978002984205
flow_to_liquidity,60,339,-0.000609816598766022
flow_to_liquidity,60,340,-0.0005894071316956406
flow_to_liquidity,60,341,-0.0005812075240578807
flow_to_liquidity,60,342,-0.000575575550558538
flow_to_liquidity,60,343,-0.0003049273775697081
flow_to_liquidity,60,344,-0.000469396464329197
flow_to_liquidity,60,345,-0.0006799129318639796
flow_to_liquidity,60,346,-0.0003089817119863447
flow_to_liquidity,60,347,-0.0005562593892907142
flow_to_liquidity,60,348,-0.0003179996878917013
flow_to_liquidity,60,349,-0.00043474075820970626
flow_to_liquidity,60,350,-0.0005667123278676467
flow_to_liquidity,60,351,-0.0006222138179401426
flow_to_liquidity,60,352,-0.0005509882528738075
flow_to_liquidity,60,353,-0.0007328043322620825
flow_to_liquidity,60,354,-0.0003048275714847559
flow_to_liquidity,60,355,-0.00042970799421726547
flow_to_liquidity,60,356,-0.00011100748820291884
flow_to_liquidity,60,357,-0.0004970079743589206
flow_to_liquidity,60,358,-0.0004115898741110513
flow_to_liquidity,60,359,-0.00042003744052987457
flow_to_liquidity,60,360,-0.0004686949015324515
flow_to_liquidity,60,361,-0.0003012012746945736
flow_to_liquidity,60,362,-0.0005334467143629507
flow_to_liquidity,60,363,-0.0005303381026295906
flow_to_liquidity,60,364,-0.00046546672845271253
flow_to_liquidity,60,365,-0.0003013073279469758
flow_to_liquidity,60,366,-0.0005280316215305891
flow_to_liquidity,60,367,-0.000443279474863445
flow_to_liquidity,60,368,-0.0004337127518390105
flow_to_liquidity,60,369,-0.00041666266827689036
flow_to_liquidity,60,370,-0.00040367891922810095
flow_to_liquidity,60,371,-0.0005588446725057761
flow_to_liquidity,60,372,-0.0005673303116675577
flow_to_liquidity,60,373,-0.0001291015538742446
flow_to_liquidity,60,374,-0.0004058415808674276
flow_to_liquidity,60,375,-0.0005197101480973743
flow_to_liquidity,60,376,-0.000594275311557313
flow_to_liquidity,60,377,-0.00045968630178538916
flow_to_liquidity,60,378,-0.0006299694669122946
flow_to_liquidity,60,379,-0.00042243409038444923
flow_to_liquidity,60,380,-0.00013264654955214006
flow_to_liquidity,60,381,-0.00047581952965591867
flow_to_liquidity,60,382,-0.0003272811254544372
flow_to_liquidity,60,383,-0.0005902713996961406
flow_to_liquidity,60,384,-0.0004782940609653341
flow_to_liquidity,60,385,-0.00035561291863839273
flow_to_liquidity,60,386,-0.00047731349121704625
flow_to_liquidity,60,387,-0.0004067259034048476
flow_to_liquidity,60,388,-0.00035465298469250506
flow_to_liquidity,60,389,-0.0004195002511746537
flow_to_liquidity,60,390,-0.00037740207736902676
flow_to_liquidity,60,391,-0.0002544674972440042
flow_to_liquidity,60,392,-0.0004976254966022609
flow_to_liquidity,60,393,-0.00043232065898157757
flow_to_liquidity,60,394,-0.0005587250760745732
flow_to_liquidity,60,395,-0.0004477696594198388
flow_to_liquidity,60,396,-0.0001854438113229051
flow_to_liquidity,60,397,-0.0004110753070587503
flow_to_liquidity,60,398,-0.00043294679865479857
flow_to_liquidity,60,399,-0.00021493859334231757
flow_to_liquidity,60,400,-0.00021810856199211415
flow_to_liquidity,60,401,-0.00031670912302517173
flow_to_liquidity,60,402,-0.00039685803687627974
flow_to_liquidity,60,403,-0.0005110144089328639
flow_to_liquidity,60,404,-0.00046679150700534855
flow_to_liquidity,60,405,-0.0005244830056889693
flow_to_liquidity,60,406,-0.0005594792034224749
flow_to_liquidity,60,407,-0.0004651646191875525
flow_to_liquidity,60,408,-0.00047764362872038113
flow_to_liquidity,60,409,-0.0002523745979103875
flow_to_liquidity,60,410,-0.00036500184451115913
flow_to_liquidity,60,411,-0.00035417731032127975
flow_to_liquidity,60,412,-0.0003441090631031152
flow_to_liquidity,60,413,-0.00040355519068779877
flow_to_liquidity,60,414,-0.0004924663643137706
flow_to_liquidity,60,415,-0.0003212195307917831
flow_to_liquidity,60,416,-0.000594919943234018
flow_to_liquidity,60,417,-0.00037138052789509324
flow_to_liquidity,60,418,-0.00027021813913585824
flow_to_liquidity,60,419,-0.00033802323693898906
flow_to_liquidity,60,420,-0.0003294258267665384
flow_to_liquidity,60,421,-0.00034403397083160314
flow_to_liquidity,60,422,-0.0004706931191651442
flow_to_liquidity,60,423,-0.0003579872592252009
flow_to_liquidity,60,424,-0.00044112690540765165
flow_to_liquidity,60,425,-0.00032630612047479524
flow_to_liquidity,60,426,-0.0005490714356226611
flow_to_liquidity,60,427,-0.0006567425458636755
flow_to_liquidity,60,428,-0.00037179151715327485
flow_to_liquidity,60,429,-0.000779037855106246
flow_to_liquidity,60,430,-0.0004361037929148104
flow_to_liquidity,60,431,-0.00038094421341483553
flow_to_liquidity,60,432,-0.00044604133597769824
flow_to_liquidity,60,433,-0.0006356199277421926
flow_to_liquidity,60,434,-0.0005149365360921365
flow_to_liquidity,60,435,-0.00013925648605339624
flow_to_liquidity,60,436,-0.00030474265996338623
flow_to_liquidity,60,437,-0.0004529781669959654
flow_to_liquidity,60,438,-0.0006818638437466884
flow_to_liquidity,60,439,-0.0006278737961482594
flow_to_liquidity,60,440,-0.0004325943936203114
flow_to_liquidity,60,441,-0.000562545407964743
flow_to_liquidity,60,442,-0.0003207681036874188
flow_to_liquidity,60,443,-0.00030761370872389726
flow_to_liquidity,60,444,-0.00048625401991597705
flow_to_liquidity,60,445,-0.00047564101531860636
flow_to_liquidity,60,446,-0.00030447724877125104
flow_to_liquidity,60,447,-0.0005968664285955771
flow_to_liquidity,60,448,-0.00045011818760087863
flow_to_liquidity,60,449,-0.0004761946827673835
flow_to_liquidity,60,450,-0.0003891046093436046
flow_to_liquidity,60,451,-0.0006243579889171347
flow_to_liquidity,60,452,-0.0007066959815988927
flow_to_liquidity,60,453,-0.0003054894992797763
flow_to_liquidity,60,454,-0.0003433650082322881
flow_to_liquidity,60,455,-0.0004290374205608849
flow_to_liquidity,60,456,-0.0001316233768644537
flow_to_liquidity,60,457,-0.0005172335516150373
flow_to_liquidity,60,458,-0.0005828070432933874
flow_to_liquidity,60,459,-0.00039649782220796403
flow_to_liquidity,60,460,-0.0006960447696728878
flow_to_liquidity,60,461,-0.0004153709284506757
flow_to_liquidity,60,462,-0.0004864214059536742
flow_to_liquidity,60,463,-0.0005397478193134297
flow_to_liquidity,60,464,-0.0004238518295536231
flow_to_liquidity,60,465,-0.000407975383229342
flow_to_liquidity,60,466,-0.000536931276286623
flow_to_liquidity,60,467,-0.0004979584148154803
flow_to_liquidity,60,468,-0.000467033402667294
flow_to_liquidity,60,469,-0.000500914584114831
flow_to_liquidity,60,470,-0.0004086277593264853
flow_to_liquidity,60,471,-0.0004638694663570142
flow_to_liquidity,60,472,-0.0005672022321403514
flow_to_liquidity,60,473,-0.00044204111522661016
flow_to_liquidity,60,474,-0.00027185174151633795
flow_to_liquidity,60,475,-0.0002366936219080351
flow_to_liquidity,60,476,-0.0008224675037027396
flow_to_liquidity,60,477,-0.0005216407338510809
flow_to_liquidity,60,478,-0.0006094320305707335
flow_to_liquidity,60,479,-0.00031476396249763283
flow_to_liquidity,60,480,-0.000493361207758225
flow_to_liquidity,60,481,-0.0003636375790616597
flow_to_liquidity,60,482,-0.00038367305777131655
flow_to_liquidity,60,483,-0.0006142909592599111
flow_to_liquidity,60,484,-0.0005797693972304785
flow_to_liquidity,60,485,-0.0004218767436412474
flow_to_liquidity,60,486,-0.00043085954641441937
flow_to_liquidity,60,487,-0.0005988848894444843
flow_to_liquidity,60,488,-0.00028733570760230975
flow_to_liquidity,60,489,-0.00045318424597229345
flow_to_liquidity,60,490,-0.00018245542921757618
flow_to_liquidity,60,491,-0.0001913594370677174
flow_to_liquidity,60,492,-0.00042994374420213255
flow_to_liquidity,60,493,-0.00043645459822916344
flow_to_liquidity,60,494,-0.0005498178421039501
flow_to_liquidity,60,495,-0.00016700830416449541
flow_to_liquidity,60,496,-0.0004570345332941539
flow_to_liquidity,60,497,-0.00031956648914199803
flow_to_liquidity,60,498,-0.0003444167240203022
flow_to_liquidity,60,499,-0.0003251527946410704
